delta,status,nonunique,kind,player,state,target,prob,stay,accept_prob,effective,free_exit,voters,gain,proposed_by
0.5,PURE,False,propose,CHN,"{CHN,EUR,USA}","{CHN,EUR,USA}",1.0,True,1.0,1.0,False,,,
0.5,PURE,False,propose,CHN,"{CHN,EUR}+{USA}","{CHN,EUR}+{USA}",1.0,True,1.0,1.0,False,,,
0.5,PURE,False,propose,CHN,"{CHN,USA}+{EUR}","{CHN,USA}+{EUR}",1.0,True,1.0,1.0,False,,,
0.5,PURE,False,propose,CHN,"{CHN}+{EUR,USA}","{CHN,EUR,USA}",1.0,False,1.0,1.0,False,"EUR,USA",,
0.5,PURE,False,propose,CHN,{CHN}+{EUR}+{USA},"{CHN,USA}+{EUR}",1.0,False,1.0,1.0,False,USA,,
0.5,PURE,False,propose,EUR,"{CHN,EUR,USA}","{CHN,USA}+{EUR}",1.0,False,1.0,1.0,True,,,
0.5,PURE,False,propose,EUR,"{CHN,EUR}+{USA}","{CHN,EUR}+{USA}",1.0,True,1.0,1.0,False,,,
0.5,PURE,False,propose,EUR,"{CHN,USA}+{EUR}","{CHN,USA}+{EUR}",1.0,True,1.0,1.0,False,,,
0.5,PURE,False,propose,EUR,"{CHN}+{EUR,USA}","{CHN,EUR,USA}",1.0,False,1.0,1.0,False,"CHN,USA",,
0.5,PURE,False,propose,EUR,{CHN}+{EUR}+{USA},"{CHN,USA}+{EUR}",1.0,False,1.0,1.0,False,"CHN,USA",,
0.5,PURE,False,propose,USA,"{CHN,EUR,USA}","{CHN,EUR}+{USA}",1.0,False,1.0,1.0,True,,,
0.5,PURE,False,propose,USA,"{CHN,EUR}+{USA}","{CHN,EUR}+{USA}",1.0,True,1.0,1.0,False,,,
0.5,PURE,False,propose,USA,"{CHN,USA}+{EUR}","{CHN,USA}+{EUR}",1.0,True,1.0,1.0,False,,,
0.5,PURE,False,propose,USA,"{CHN}+{EUR,USA}","{CHN,EUR,USA}",1.0,False,1.0,1.0,False,"CHN,EUR",,
0.5,PURE,False,propose,USA,{CHN}+{EUR}+{USA},"{CHN,EUR}+{USA}",1.0,False,1.0,1.0,False,"CHN,EUR",,
0.5,PURE,False,accept,CHN,"{CHN,EUR,USA}","{CHN,EUR}+{USA}",0.0,,,,,,-7.205441208846253e-05,
0.5,PURE,False,accept,CHN,"{CHN,EUR,USA}","{CHN,USA}+{EUR}",1.0,,,,,,2.141640678132717e-05,
0.5,PURE,False,accept,CHN,"{CHN,EUR,USA}","{CHN}+{EUR,USA}",0.0,,,,,,-0.00014413657658352008,
0.5,PURE,False,accept,CHN,"{CHN,EUR,USA}",{CHN}+{EUR}+{USA},0.0,,,,,,-0.0019046335694401506,
0.5,PURE,False,accept,CHN,"{CHN,EUR}+{USA}","{CHN,EUR,USA}",1.0,,,,,,7.205441208846253e-05,
0.5,PURE,False,accept,CHN,"{CHN,EUR}+{USA}","{CHN,USA}+{EUR}",1.0,,,,,,9.34708188697897e-05,
0.5,PURE,False,accept,CHN,"{CHN,EUR}+{USA}","{CHN}+{EUR,USA}",0.0,,,,,,-7.208216449505755e-05,
0.5,PURE,False,accept,CHN,"{CHN,EUR}+{USA}",{CHN}+{EUR}+{USA},0.0,,,,,,-0.001832579157351688,
0.5,PURE,False,accept,CHN,"{CHN,USA}+{EUR}","{CHN,EUR,USA}",0.0,,,,,,-2.141640678132717e-05,
0.5,PURE,False,accept,CHN,"{CHN,USA}+{EUR}","{CHN,EUR}+{USA}",0.0,,,,,,-9.34708188697897e-05,
0.5,PURE,False,accept,CHN,"{CHN,USA}+{EUR}","{CHN}+{EUR,USA}",0.0,,,,,,-0.00016555298336484725,
0.5,PURE,False,accept,CHN,"{CHN,USA}+{EUR}",{CHN}+{EUR}+{USA},0.0,,,,,,-0.0019260499762214778,
0.5,PURE,False,accept,CHN,"{CHN}+{EUR,USA}","{CHN,EUR,USA}",1.0,,,,,,0.00014413657658352008,"EUR,USA"
0.5,PURE,False,accept,CHN,"{CHN}+{EUR,USA}","{CHN,EUR}+{USA}",1.0,,,,,,7.208216449505755e-05,
0.5,PURE,False,accept,CHN,"{CHN}+{EUR,USA}","{CHN,USA}+{EUR}",1.0,,,,,,0.00016555298336484725,
0.5,PURE,False,accept,CHN,{CHN}+{EUR}+{USA},"{CHN,EUR,USA}",1.0,,,,,,0.0019046335694401506,
0.5,PURE,False,accept,CHN,{CHN}+{EUR}+{USA},"{CHN,EUR}+{USA}",1.0,,,,,,0.001832579157351688,USA
0.5,PURE,False,accept,CHN,{CHN}+{EUR}+{USA},"{CHN,USA}+{EUR}",1.0,,,,,,0.0019260499762214778,EUR
0.5,PURE,False,accept,EUR,"{CHN,EUR,USA}","{CHN,EUR}+{USA}",0.0,,,,,,-2.011986685213074e-05,
0.5,PURE,False,accept,EUR,"{CHN,EUR,USA}","{CHN,USA}+{EUR}",1.0,,,,,,6.878727873615986e-05,
0.5,PURE,False,accept,EUR,"{CHN,EUR,USA}","{CHN}+{EUR,USA}",0.0,,,,,,-7.545314324453045e-06,
0.5,PURE,False,accept,EUR,"{CHN,EUR,USA}",{CHN}+{EUR}+{USA},0.0,,,,,,-0.00028682385882561334,
0.5,PURE,False,accept,EUR,"{CHN,EUR}+{USA}","{CHN,EUR,USA}",1.0,,,,,,2.011986685213074e-05,
0.5,PURE,False,accept,EUR,"{CHN,EUR}+{USA}","{CHN,USA}+{EUR}",1.0,,,,,,8.89071455882906e-05,
0.5,PURE,False,accept,EUR,"{CHN,EUR}+{USA}","{CHN}+{EUR,USA}",1.0,,,,,,1.2574552527677696e-05,
0.5,PURE,False,accept,EUR,"{CHN,EUR}+{USA}",{CHN}+{EUR}+{USA},0.0,,,,,,-0.0002667039919734826,
0.5,PURE,False,accept,EUR,"{CHN,USA}+{EUR}","{CHN,EUR,USA}",0.0,,,,,,-6.878727873615986e-05,
0.5,PURE,False,accept,EUR,"{CHN,USA}+{EUR}","{CHN,EUR}+{USA}",0.0,,,,,,-8.89071455882906e-05,
0.5,PURE,False,accept,EUR,"{CHN,USA}+{EUR}","{CHN}+{EUR,USA}",0.0,,,,,,-7.633259306061291e-05,
0.5,PURE,False,accept,EUR,"{CHN}+{EUR,USA}","{CHN,EUR,USA}",1.0,,,,,,7.545314324453045e-06,"CHN,USA"
0.5,PURE,False,accept,EUR,"{CHN}+{EUR,USA}","{CHN,EUR}+{USA}",0.0,,,,,,-1.2574552527677696e-05,
0.5,PURE,False,accept,EUR,"{CHN}+{EUR,USA}","{CHN,USA}+{EUR}",1.0,,,,,,7.633259306061291e-05,
0.5,PURE,False,accept,EUR,"{CHN}+{EUR,USA}",{CHN}+{EUR}+{USA},0.0,,,,,,-0.0002792785445011603,
0.5,PURE,False,accept,EUR,{CHN}+{EUR}+{USA},"{CHN,EUR,USA}",1.0,,,,,,0.00028682385882561334,
0.5,PURE,False,accept,EUR,{CHN}+{EUR}+{USA},"{CHN,EUR}+{USA}",1.0,,,,,,0.0002667039919734826,USA
0.5,PURE,False,accept,EUR,{CHN}+{EUR}+{USA},"{CHN}+{EUR,USA}",1.0,,,,,,0.0002792785445011603,
0.5,PURE,False,accept,USA,"{CHN,EUR,USA}","{CHN,EUR}+{USA}",1.0,,,,,,5.690221892340475e-06,
0.5,PURE,False,accept,USA,"{CHN,EUR,USA}","{CHN,USA}+{EUR}",0.0,,,,,,-9.048069999151309e-05,
0.5,PURE,False,accept,USA,"{CHN,EUR,USA}","{CHN}+{EUR,USA}",0.0,,,,,,-1.1663170822906466e-05,
0.5,PURE,False,accept,USA,"{CHN,EUR,USA}",{CHN}+{EUR}+{USA},0.0,,,,,,-0.00045352949812738075,
0.5,PURE,False,accept,USA,"{CHN,EUR}+{USA}","{CHN,EUR,USA}",0.0,,,,,,-5.690221892340475e-06,
0.5,PURE,False,accept,USA,"{CHN,EUR}+{USA}","{CHN,USA}+{EUR}",0.0,,,,,,-9.617092188385357e-05,
0.5,PURE,False,accept,USA,"{CHN,EUR}+{USA}","{CHN}+{EUR,USA}",0.0,,,,,,-1.735339271524694e-05,
0.5,PURE,False,accept,USA,"{CHN,USA}+{EUR}","{CHN,EUR,USA}",1.0,,,,,,9.048069999151309e-05,
0.5,PURE,False,accept,USA,"{CHN,USA}+{EUR}","{CHN,EUR}+{USA}",1.0,,,,,,9.617092188385357e-05,
0.5,PURE,False,accept,USA,"{CHN,USA}+{EUR}","{CHN}+{EUR,USA}",1.0,,,,,,7.881752916860663e-05,
0.5,PURE,False,accept,USA,"{CHN,USA}+{EUR}",{CHN}+{EUR}+{USA},0.0,,,,,,-0.00036304879813586766,
0.5,PURE,False,accept,USA,"{CHN}+{EUR,USA}","{CHN,EUR,USA}",1.0,,,,,,1.1663170822906466e-05,"CHN,EUR"
0.5,PURE,False,accept,USA,"{CHN}+{EUR,USA}","{CHN,EUR}+{USA}",1.0,,,,,,1.735339271524694e-05,
0.5,PURE,False,accept,USA,"{CHN}+{EUR,USA}","{CHN,USA}+{EUR}",0.0,,,,,,-7.881752916860663e-05,
0.5,PURE,False,accept,USA,"{CHN}+{EUR,USA}",{CHN}+{EUR}+{USA},0.0,,,,,,-0.0004418663273044743,
0.5,PURE,False,accept,USA,{CHN}+{EUR}+{USA},"{CHN,EUR,USA}",1.0,,,,,,0.00045352949812738075,
0.5,PURE,False,accept,USA,{CHN}+{EUR}+{USA},"{CHN,USA}+{EUR}",1.0,,,,,,0.00036304879813586766,"CHN,EUR"
0.5,PURE,False,accept,USA,{CHN}+{EUR}+{USA},"{CHN}+{EUR,USA}",1.0,,,,,,0.0004418663273044743,
0.7,PURE,False,propose,CHN,"{CHN,EUR,USA}","{CHN,EUR,USA}",1.0,True,1.0,1.0,False,,,
0.7,PURE,False,propose,CHN,"{CHN,EUR}+{USA}","{CHN,EUR}+{USA}",1.0,True,1.0,1.0,False,,,
0.7,PURE,False,propose,CHN,"{CHN,USA}+{EUR}","{CHN,USA}+{EUR}",1.0,True,1.0,1.0,False,,,
0.7,PURE,False,propose,CHN,"{CHN}+{EUR,USA}","{CHN,EUR,USA}",1.0,False,1.0,1.0,False,"EUR,USA",,
0.7,PURE,False,propose,CHN,{CHN}+{EUR}+{USA},"{CHN,USA}+{EUR}",1.0,False,1.0,1.0,False,USA,,
0.7,PURE,False,propose,EUR,"{CHN,EUR,USA}","{CHN,USA}+{EUR}",1.0,False,1.0,1.0,True,,,
0.7,PURE,False,propose,EUR,"{CHN,EUR}+{USA}","{CHN,EUR}+{USA}",1.0,True,1.0,1.0,False,,,
0.7,PURE,False,propose,EUR,"{CHN,USA}+{EUR}","{CHN,USA}+{EUR}",1.0,True,1.0,1.0,False,,,
0.7,PURE,False,propose,EUR,"{CHN}+{EUR,USA}","{CHN,EUR,USA}",1.0,False,1.0,1.0,False,"CHN,USA",,
0.7,PURE,False,propose,EUR,{CHN}+{EUR}+{USA},"{CHN,USA}+{EUR}",1.0,False,1.0,1.0,False,"CHN,USA",,
0.7,PURE,False,propose,USA,"{CHN,EUR,USA}","{CHN,EUR}+{USA}",1.0,False,1.0,1.0,True,,,
0.7,PURE,False,propose,USA,"{CHN,EUR}+{USA}","{CHN,EUR}+{USA}",1.0,True,1.0,1.0,False,,,
0.7,PURE,False,propose,USA,"{CHN,USA}+{EUR}","{CHN,USA}+{EUR}",1.0,True,1.0,1.0,False,,,
0.7,PURE,False,propose,USA,"{CHN}+{EUR,USA}","{CHN,EUR,USA}",1.0,False,1.0,1.0,False,"CHN,EUR",,
0.7,PURE,False,propose,USA,{CHN}+{EUR}+{USA},"{CHN,EUR}+{USA}",1.0,False,1.0,1.0,False,"CHN,EUR",,
0.7,PURE,False,accept,CHN,"{CHN,EUR,USA}","{CHN,EUR}+{USA}",0.0,,,,,,-6.324780247091155e-05,
0.7,PURE,False,accept,CHN,"{CHN,EUR,USA}","{CHN,USA}+{EUR}",1.0,,,,,,3.0223016398878144e-05,
0.7,PURE,False,accept,CHN,"{CHN,EUR,USA}","{CHN}+{EUR,USA}",0.0,,,,,,-8.383996306626784e-05,
0.7,PURE,False,accept,CHN,"{CHN,EUR,USA}",{CHN}+{EUR}+{USA},0.0,,,,,,-0.0011378697451824848,
0.7,PURE,False,accept,CHN,"{CHN,EUR}+{USA}","{CHN,EUR,USA}",1.0,,,,,,6.324780247091155e-05,
0.7,PURE,False,accept,CHN,"{CHN,EUR}+{USA}","{CHN,USA}+{EUR}",1.0,,,,,,9.34708188697897e-05,
0.7,PURE,False,accept,CHN,"{CHN,EUR}+{USA}","{CHN}+{EUR,USA}",0.0,,,,,,-2.059216059535629e-05,
0.7,PURE,False,accept,CHN,"{CHN,EUR}+{USA}",{CHN}+{EUR}+{USA},0.0,,,,,,-0.0010746219427115733,
0.7,PURE,False,accept,CHN,"{CHN,USA}+{EUR}","{CHN,EUR,USA}",0.0,,,,,,-3.0223016398878144e-05,
0.7,PURE,False,accept,CHN,"{CHN,USA}+{EUR}","{CHN,EUR}+{USA}",0.0,,,,,,-9.34708188697897e-05,
0.7,PURE,False,accept,CHN,"{CHN,USA}+{EUR}","{CHN}+{EUR,USA}",0.0,,,,,,-0.00011406297946514599,
0.7,PURE,False,accept,CHN,"{CHN,USA}+{EUR}",{CHN}+{EUR}+{USA},0.0,,,,,,-0.001168092761581363,
0.7,PURE,False,accept,CHN,"{CHN}+{EUR,USA}","{CHN,EUR,USA}",1.0,,,,,,8.383996306626784e-05,"EUR,USA"
0.7,PURE,False,accept,CHN,"{CHN}+{EUR,USA}","{CHN,EUR}+{USA}",1.0,,,,,,2.059216059535629e-05,
0.7,PURE,False,accept,CHN,"{CHN}+{EUR,USA}","{CHN,USA}+{EUR}",1.0,,,,,,0.00011406297946514599,
0.7,PURE,False,accept,CHN,{CHN}+{EUR}+{USA},"{CHN,EUR,USA}",1.0,,,,,,0.0011378697451824848,
0.7,PURE,False,accept,CHN,{CHN}+{EUR}+{USA},"{CHN,EUR}+{USA}",1.0,,,,,,0.0010746219427115733,USA
0.7,PURE,False,accept,CHN,{CHN}+{EUR}+{USA},"{CHN,USA}+{EUR}",1.0,,,,,,0.001168092761581363,EUR
0.7,PURE,False,accept,EUR,"{CHN,EUR,USA}","{CHN,EUR}+{USA}",0.0,,,,,,-2.8583764570822012e-05,
0.7,PURE,False,accept,EUR,"{CHN,EUR,USA}","{CHN,USA}+{EUR}",1.0,,,,,,6.032338101746859e-05,
0.7,PURE,False,accept,EUR,"{CHN,EUR,USA}","{CHN}+{EUR,USA}",0.0,,,,,,-7.066357909923937e-06,
0.7,PURE,False,accept,EUR,"{CHN,EUR,USA}",{CHN}+{EUR}+{USA},0.0,,,,,,-0.00016489758759785644,
0.7,PURE,False,accept,EUR,"{CHN,EUR}+{USA}","{CHN,EUR,USA}",1.0,,,,,,2.8583764570822012e-05,
0.7,PURE,False,accept,EUR,"{CHN,EUR}+{USA}","{CHN,USA}+{EUR}",1.0,,,,,,8.89071455882906e-05,
0.7,PURE,False,accept,EUR,"{CHN,EUR}+{USA}","{CHN}+{EUR,USA}",1.0,,,,,,2.1517406660898075e-05,
0.7,PURE,False,accept,EUR,"{CHN,EUR}+{USA}",{CHN}+{EUR}+{USA},0.0,,,,,,-0.00013631382302703443,
0.7,PURE,False,accept,EUR,"{CHN,USA}+{EUR}","{CHN,EUR,USA}",0.0,,,,,,-6.032338101746859e-05,
0.7,PURE,False,accept,EUR,"{CHN,USA}+{EUR}","{CHN,EUR}+{USA}",0.0,,,,,,-8.89071455882906e-05,
0.7,PURE,False,accept,EUR,"{CHN,USA}+{EUR}","{CHN}+{EUR,USA}",0.0,,,,,,-6.738973892739253e-05,
0.7,PURE,False,accept,EUR,"{CHN}+{EUR,USA}","{CHN,EUR,USA}",1.0,,,,,,7.066357909923937e-06,"CHN,USA"
0.7,PURE,False,accept,EUR,"{CHN}+{EUR,USA}","{CHN,EUR}+{USA}",0.0,,,,,,-2.1517406660898075e-05,
0.7,PURE,False,accept,EUR,"{CHN}+{EUR,USA}","{CHN,USA}+{EUR}",1.0,,,,,,6.738973892739253e-05,
0.7,PURE,False,accept,EUR,"{CHN}+{EUR,USA}",{CHN}+{EUR}+{USA},0.0,,,,,,-0.0001578312296879325,
0.7,PURE,False,accept,EUR,{CHN}+{EUR}+{USA},"{CHN,EUR,USA}",1.0,,,,,,0.00016489758759785644,
0.7,PURE,False,accept,EUR,{CHN}+{EUR}+{USA},"{CHN,EUR}+{USA}",1.0,,,,,,0.00013631382302703443,USA
0.7,PURE,False,accept,EUR,{CHN}+{EUR}+{USA},"{CHN}+{EUR,USA}",1.0,,,,,,0.0001578312296879325,
0.7,PURE,False,accept,USA,"{CHN,EUR,USA}","{CHN,EUR}+{USA}",1.0,,,,,,2.0436391996447867e-05,
0.7,PURE,False,accept,USA,"{CHN,EUR,USA}","{CHN,USA}+{EUR}",0.0,,,,,,-7.57345298874057e-05,
0.7,PURE,False,accept,USA,"{CHN,EUR,USA}","{CHN}+{EUR,USA}",0.0,,,,,,-2.5740514626448885e-06,
0.7,PURE,False,accept,USA,"{CHN,EUR,USA}",{CHN}+{EUR}+{USA},0.0,,,,,,-0.00028074101918429406,
0.7,PURE,False,accept,USA,"{CHN,EUR}+{USA}","{CHN,EUR,USA}",0.0,,,,,,-2.0436391996447867e-05,
0.7,PURE,False,accept,USA,"{CHN,EUR}+{USA}","{CHN,USA}+{EUR}",0.0,,,,,,-9.617092188385357e-05,
0.7,PURE,False,accept,USA,"{CHN,EUR}+{USA}","{CHN}+{EUR,USA}",0.0,,,,,,-2.3010443459092755e-05,
0.7,PURE,False,accept,USA,"{CHN,USA}+{EUR}","{CHN,EUR,USA}",1.0,,,,,,7.57345298874057e-05,
0.7,PURE,False,accept,USA,"{CHN,USA}+{EUR}","{CHN,EUR}+{USA}",1.0,,,,,,9.617092188385357e-05,
0.7,PURE,False,accept,USA,"{CHN,USA}+{EUR}","{CHN}+{EUR,USA}",1.0,,,,,,7.316047842476081e-05,
0.7,PURE,False,accept,USA,"{CHN,USA}+{EUR}",{CHN}+{EUR}+{USA},0.0,,,,,,-0.00020500648929688836,
0.7,PURE,False,accept,USA,"{CHN}+{EUR,USA}","{CHN,EUR,USA}",1.0,,,,,,2.5740514626448885e-06,"CHN,EUR"
0.7,PURE,False,accept,USA,"{CHN}+{EUR,USA}","{CHN,EUR}+{USA}",1.0,,,,,,2.3010443459092755e-05,
0.7,PURE,False,accept,USA,"{CHN}+{EUR,USA}","{CHN,USA}+{EUR}",0.0,,,,,,-7.316047842476081e-05,
0.7,PURE,False,accept,USA,"{CHN}+{EUR,USA}",{CHN}+{EUR}+{USA},0.0,,,,,,-0.00027816696772164917,
0.7,PURE,False,accept,USA,{CHN}+{EUR}+{USA},"{CHN,EUR,USA}",1.0,,,,,,0.00028074101918429406,
0.7,PURE,False,accept,USA,{CHN}+{EUR}+{USA},"{CHN,USA}+{EUR}",1.0,,,,,,0.00020500648929688836,"CHN,EUR"
0.7,PURE,False,accept,USA,{CHN}+{EUR}+{USA},"{CHN}+{EUR,USA}",1.0,,,,,,0.00027816696772164917,
0.8,PURE,False,propose,CHN,"{CHN,EUR,USA}","{CHN,EUR,USA}",1.0,True,1.0,1.0,False,,,
0.8,PURE,False,propose,CHN,"{CHN,EUR}+{USA}","{CHN,EUR}+{USA}",1.0,True,1.0,1.0,False,,,
0.8,PURE,False,propose,CHN,"{CHN,USA}+{EUR}","{CHN,USA}+{EUR}",1.0,True,1.0,1.0,False,,,
0.8,PURE,False,propose,CHN,"{CHN}+{EUR,USA}","{CHN,EUR,USA}",1.0,False,1.0,1.0,False,"EUR,USA",,
0.8,PURE,False,propose,CHN,{CHN}+{EUR}+{USA},"{CHN,USA}+{EUR}",1.0,False,1.0,1.0,False,USA,,
0.8,PURE,False,propose,EUR,"{CHN,EUR,USA}","{CHN,USA}+{EUR}",1.0,False,1.0,1.0,True,,,
0.8,PURE,False,propose,EUR,"{CHN,EUR}+{USA}","{CHN,EUR}+{USA}",1.0,True,1.0,1.0,False,,,
0.8,PURE,False,propose,EUR,"{CHN,USA}+{EUR}","{CHN,USA}+{EUR}",1.0,True,1.0,1.0,False,,,
0.8,PURE,False,propose,EUR,"{CHN}+{EUR,USA}","{CHN,EUR,USA}",1.0,False,1.0,1.0,False,"CHN,USA",,
0.8,PURE,False,propose,EUR,{CHN}+{EUR}+{USA},"{CHN,USA}+{EUR}",1.0,False,1.0,1.0,False,"CHN,USA",,
0.8,PURE,False,propose,USA,"{CHN,EUR,USA}","{CHN,EUR}+{USA}",1.0,False,1.0,1.0,True,,,
0.8,PURE,False,propose,USA,"{CHN,EUR}+{USA}","{CHN,EUR}+{USA}",1.0,True,1.0,1.0,False,,,
0.8,PURE,False,propose,USA,"{CHN,USA}+{EUR}","{CHN,USA}+{EUR}",1.0,True,1.0,1.0,False,,,
0.8,PURE,False,propose,USA,"{CHN}+{EUR,USA}","{CHN,EUR,USA}",1.0,False,1.0,1.0,False,"CHN,EUR",,
0.8,PURE,False,propose,USA,{CHN}+{EUR}+{USA},"{CHN,EUR}+{USA}",1.0,False,1.0,1.0,False,"CHN,EUR",,
0.8,PURE,False,accept,CHN,"{CHN,EUR,USA}","{CHN,EUR}+{USA}",0.0,,,,,,-5.824404700405239e-05,
0.8,PURE,False,accept,CHN,"{CHN,EUR,USA}","{CHN,USA}+{EUR}",1.0,,,,,,3.5226771865737305e-05,
0.8,PURE,False,accept,CHN,"{CHN,EUR,USA}","{CHN}+{EUR,USA}",0.0,,,,,,-5.489255761581546e-05,
0.8,PURE,False,accept,CHN,"{CHN,EUR,USA}",{CHN}+{EUR}+{USA},0.0,,,,,,-0.0007538873823964565,
0.8,PURE,False,accept,CHN,"{CHN,EUR}+{USA}","{CHN,EUR,USA}",1.0,,,,,,5.824404700405239e-05,
0.8,PURE,False,accept,CHN,"{CHN,EUR}+{USA}","{CHN,USA}+{EUR}",1.0,,,,,,9.34708188697897e-05,
0.8,PURE,False,accept,CHN,"{CHN,EUR}+{USA}","{CHN}+{EUR,USA}",1.0,,,,,,3.351489388236928e-06,
0.8,PURE,False,accept,CHN,"{CHN,EUR}+{USA}",{CHN}+{EUR}+{USA},0.0,,,,,,-0.0006956433353924041,
0.8,PURE,False,accept,CHN,"{CHN,USA}+{EUR}","{CHN,EUR,USA}",0.0,,,,,,-3.5226771865737305e-05,
0.8,PURE,False,accept,CHN,"{CHN,USA}+{EUR}","{CHN,EUR}+{USA}",0.0,,,,,,-9.34708188697897e-05,
0.8,PURE,False,accept,CHN,"{CHN,USA}+{EUR}","{CHN}+{EUR,USA}",0.0,,,,,,-9.011932948155277e-05,
0.8,PURE,False,accept,CHN,"{CHN,USA}+{EUR}",{CHN}+{EUR}+{USA},0.0,,,,,,-0.0007891141542621938,
0.8,PURE,False,accept,CHN,"{CHN}+{EUR,USA}","{CHN,EUR,USA}",1.0,,,,,,5.489255761581546e-05,"EUR,USA"
0.8,PURE,False,accept,CHN,"{CHN}+{EUR,USA}","{CHN,EUR}+{USA}",0.0,,,,,,-3.351489388236928e-06,
0.8,PURE,False,accept,CHN,"{CHN}+{EUR,USA}","{CHN,USA}+{EUR}",1.0,,,,,,9.011932948155277e-05,
0.8,PURE,False,accept,CHN,{CHN}+{EUR}+{USA},"{CHN,EUR,USA}",1.0,,,,,,0.0007538873823964565,
0.8,PURE,False,accept,CHN,{CHN}+{EUR}+{USA},"{CHN,EUR}+{USA}",1.0,,,,,,0.0006956433353924041,USA
0.8,PURE,False,accept,CHN,{CHN}+{EUR}+{USA},"{CHN,USA}+{EUR}",1.0,,,,,,0.0007891141542621938,EUR
0.8,PURE,False,accept,EUR,"{CHN,EUR,USA}","{CHN,EUR}+{USA}",0.0,,,,,,-3.3392797365916493e-05,
0.8,PURE,False,accept,EUR,"{CHN,EUR,USA}","{CHN,USA}+{EUR}",1.0,,,,,,5.551434822237411e-05,
0.8,PURE,False,accept,EUR,"{CHN,EUR,USA}","{CHN}+{EUR,USA}",0.0,,,,,,-5.672711832716004e-06,
0.8,PURE,False,accept,EUR,"{CHN,EUR,USA}",{CHN}+{EUR}+{USA},0.0,,,,,,-0.00010451153591972684,
0.8,PURE,False,accept,EUR,"{CHN,EUR}+{USA}","{CHN,EUR,USA}",1.0,,,,,,3.3392797365916493e-05,
0.8,PURE,False,accept,EUR,"{CHN,EUR}+{USA}","{CHN,USA}+{EUR}",1.0,,,,,,8.89071455882906e-05,
0.8,PURE,False,accept,EUR,"{CHN,EUR}+{USA}","{CHN}+{EUR,USA}",1.0,,,,,,2.772008553320049e-05,
0.8,PURE,False,accept,EUR,"{CHN,EUR}+{USA}",{CHN}+{EUR}+{USA},0.0,,,,,,-7.111873855381035e-05,
0.8,PURE,False,accept,EUR,"{CHN,USA}+{EUR}","{CHN,EUR,USA}",0.0,,,,,,-5.551434822237411e-05,
0.8,PURE,False,accept,EUR,"{CHN,USA}+{EUR}","{CHN,EUR}+{USA}",0.0,,,,,,-8.89071455882906e-05,
0.8,PURE,False,accept,EUR,"{CHN,USA}+{EUR}","{CHN}+{EUR,USA}",0.0,,,,,,-6.118706005509011e-05,
0.8,PURE,False,accept,EUR,"{CHN}+{EUR,USA}","{CHN,EUR,USA}",1.0,,,,,,5.672711832716004e-06,"CHN,USA"
0.8,PURE,False,accept,EUR,"{CHN}+{EUR,USA}","{CHN,EUR}+{USA}",0.0,,,,,,-2.772008553320049e-05,
0.8,PURE,False,accept,EUR,"{CHN}+{EUR,USA}","{CHN,USA}+{EUR}",1.0,,,,,,6.118706005509011e-05,
0.8,PURE,False,accept,EUR,"{CHN}+{EUR,USA}",{CHN}+{EUR}+{USA},0.0,,,,,,-9.883882408701083e-05,
0.8,PURE,False,accept,EUR,{CHN}+{EUR}+{USA},"{CHN,EUR,USA}",1.0,,,,,,0.00010451153591972684,
0.8,PURE,False,accept,EUR,{CHN}+{EUR}+{USA},"{CHN,EUR}+{USA}",1.0,,,,,,7.111873855381035e-05,USA
0.8,PURE,False,accept,EUR,{CHN}+{EUR}+{USA},"{CHN}+{EUR,USA}",1.0,,,,,,9.883882408701083e-05,
0.8,PURE,False,accept,USA,"{CHN,EUR,USA}","{CHN,EUR}+{USA}",1.0,,,,,,2.8814897737650114e-05,
0.8,PURE,False,accept,USA,"{CHN,EUR,USA}","{CHN,USA}+{EUR}",0.0,,,,,,-6.735602414620345e-05,
0.8,PURE,False,accept,USA,"{CHN,EUR,USA}","{CHN}+{EUR,USA}",0.0,,,,,,-4.0333159923022777e-08,
0.8,PURE,False,accept,USA,"{CHN,EUR,USA}",{CHN}+{EUR}+{USA},0.0,,,,,,-0.00019334135902360217,
0.8,PURE,False,accept,USA,"{CHN,EUR}+{USA}","{CHN,EUR,USA}",0.0,,,,,,-2.8814897737650114e-05,
0.8,PURE,False,accept,USA,"{CHN,EUR}+{USA}","{CHN,USA}+{EUR}",0.0,,,,,,-9.617092188385357e-05,
0.8,PURE,False,accept,USA,"{CHN,EUR}+{USA}","{CHN}+{EUR,USA}",0.0,,,,,,-2.8855230897573136e-05,
0.8,PURE,False,accept,USA,"{CHN,USA}+{EUR}","{CHN,EUR,USA}",1.0,,,,,,6.735602414620345e-05,
0.8,PURE,False,accept,USA,"{CHN,USA}+{EUR}","{CHN,EUR}+{USA}",1.0,,,,,,9.617092188385357e-05,
0.8,PURE,False,accept,USA,"{CHN,USA}+{EUR}","{CHN}+{EUR,USA}",1.0,,,,,,6.731569098628043e-05,
0.8,PURE,False,accept,USA,"{CHN,USA}+{EUR}",{CHN}+{EUR}+{USA},0.0,,,,,,-0.00012598533487739871,
0.8,PURE,False,accept,USA,"{CHN}+{EUR,USA}","{CHN,EUR,USA}",1.0,,,,,,4.0333159923022777e-08,"CHN,EUR"
0.8,PURE,False,accept,USA,"{CHN}+{EUR,USA}","{CHN,EUR}+{USA}",1.0,,,,,,2.8855230897573136e-05,
0.8,PURE,False,accept,USA,"{CHN}+{EUR,USA}","{CHN,USA}+{EUR}",0.0,,,,,,-6.731569098628043e-05,
0.8,PURE,False,accept,USA,"{CHN}+{EUR,USA}",{CHN}+{EUR}+{USA},0.0,,,,,,-0.00019330102586367914,
0.8,PURE,False,accept,USA,{CHN}+{EUR}+{USA},"{CHN,EUR,USA}",1.0,,,,,,0.00019334135902360217,
0.8,PURE,False,accept,USA,{CHN}+{EUR}+{USA},"{CHN,USA}+{EUR}",1.0,,,,,,0.00012598533487739871,"CHN,EUR"
0.8,PURE,False,accept,USA,{CHN}+{EUR}+{USA},"{CHN}+{EUR,USA}",1.0,,,,,,0.00019330102586367914,
0.82,PURE,False,propose,CHN,"{CHN,EUR,USA}","{CHN,EUR,USA}",1.0,True,1.0,1.0,False,,,
0.82,PURE,False,propose,CHN,"{CHN,EUR}+{USA}","{CHN,EUR}+{USA}",1.0,True,1.0,1.0,False,,,
0.82,PURE,False,propose,CHN,"{CHN,USA}+{EUR}","{CHN,USA}+{EUR}",1.0,True,1.0,1.0,False,,,
0.82,PURE,False,propose,CHN,"{CHN}+{EUR,USA}","{CHN}+{EUR,USA}",1.0,True,1.0,1.0,False,,,
0.82,PURE,False,propose,CHN,{CHN}+{EUR}+{USA},"{CHN,USA}+{EUR}",1.0,False,1.0,1.0,False,USA,,
0.82,PURE,False,propose,EUR,"{CHN,EUR,USA}","{CHN,USA}+{EUR}",1.0,False,1.0,1.0,True,,,
0.82,PURE,False,propose,EUR,"{CHN,EUR}+{USA}","{CHN,EUR}+{USA}",1.0,True,1.0,1.0,False,,,
0.82,PURE,False,propose,EUR,"{CHN,USA}+{EUR}","{CHN,USA}+{EUR}",1.0,True,1.0,1.0,False,,,
0.82,PURE,False,propose,EUR,"{CHN}+{EUR,USA}","{CHN}+{EUR,USA}",1.0,True,1.0,1.0,False,,,
0.82,PURE,False,propose,EUR,{CHN}+{EUR}+{USA},"{CHN,USA}+{EUR}",1.0,False,1.0,1.0,False,"CHN,USA",,
0.82,PURE,False,propose,USA,"{CHN,EUR,USA}","{CHN,EUR}+{USA}",1.0,False,1.0,1.0,True,,,
0.82,PURE,False,propose,USA,"{CHN,EUR}+{USA}","{CHN,EUR}+{USA}",1.0,True,1.0,1.0,False,,,
0.82,PURE,False,propose,USA,"{CHN,USA}+{EUR}","{CHN,USA}+{EUR}",1.0,True,1.0,1.0,False,,,
0.82,PURE,False,propose,USA,"{CHN}+{EUR,USA}","{CHN}+{EUR,USA}",1.0,True,1.0,1.0,False,,,
0.82,PURE,False,propose,USA,{CHN}+{EUR}+{USA},"{CHN,EUR}+{USA}",1.0,False,1.0,1.0,False,"CHN,EUR",,
0.82,PURE,False,accept,CHN,"{CHN,EUR,USA}","{CHN,EUR}+{USA}",0.0,,,,,,-5.7188208694824993e-05,
0.82,PURE,False,accept,CHN,"{CHN,EUR,USA}","{CHN,USA}+{EUR}",1.0,,,,,,3.62826101749647e-05,
0.82,PURE,False,accept,CHN,"{CHN,EUR,USA}","{CHN}+{EUR,USA}",0.0,,,,,,-0.00027340694977340263,
0.82,PURE,False,accept,CHN,"{CHN,EUR,USA}",{CHN}+{EUR}+{USA},0.0,,,,,,-0.0006770358226226847,
0.82,PURE,False,accept,CHN,"{CHN,EUR}+{USA}","{CHN,EUR,USA}",1.0,,,,,,5.7188208694824993e-05,
0.82,PURE,False,accept,CHN,"{CHN,EUR}+{USA}","{CHN,USA}+{EUR}",1.0,,,,,,9.34708188697897e-05,
0.82,PURE,False,accept,CHN,"{CHN,EUR}+{USA}","{CHN}+{EUR,USA}",0.0,,,,,,-0.00021621874107857764,
0.82,PURE,False,accept,CHN,"{CHN,EUR}+{USA}",{CHN}+{EUR}+{USA},0.0,,,,,,-0.0006198476139278597,
0.82,PURE,False,accept,CHN,"{CHN,USA}+{EUR}","{CHN,EUR,USA}",0.0,,,,,,-3.62826101749647e-05,
0.82,PURE,False,accept,CHN,"{CHN,USA}+{EUR}","{CHN,EUR}+{USA}",0.0,,,,,,-9.34708188697897e-05,
0.82,PURE,False,accept,CHN,"{CHN,USA}+{EUR}","{CHN}+{EUR,USA}",0.0,,,,,,-0.00030968955994836733,
0.82,PURE,False,accept,CHN,"{CHN,USA}+{EUR}",{CHN}+{EUR}+{USA},0.0,,,,,,-0.0007133184327976494,
0.82,PURE,False,accept,CHN,"{CHN}+{EUR,USA}","{CHN,EUR,USA}",1.0,,,,,,0.00027340694977340263,
0.82,PURE,False,accept,CHN,"{CHN}+{EUR,USA}","{CHN,EUR}+{USA}",1.0,,,,,,0.00021621874107857764,
0.82,PURE,False,accept,CHN,"{CHN}+{EUR,USA}","{CHN,USA}+{EUR}",1.0,,,,,,0.00030968955994836733,
0.82,PURE,False,accept,CHN,{CHN}+{EUR}+{USA},"{CHN,EUR,USA}",1.0,,,,,,0.0006770358226226847,
0.82,PURE,False,accept,CHN,{CHN}+{EUR}+{USA},"{CHN,EUR}+{USA}",1.0,,,,,,0.0006198476139278597,USA
0.82,PURE,False,accept,CHN,{CHN}+{EUR}+{USA},"{CHN,USA}+{EUR}",1.0,,,,,,0.0007133184327976494,EUR
0.82,PURE,False,accept,EUR,"{CHN,EUR,USA}","{CHN,EUR}+{USA}",0.0,,,,,,-3.4407547405024275e-05,
0.82,PURE,False,accept,EUR,"{CHN,EUR,USA}","{CHN,USA}+{EUR}",1.0,,,,,,5.449959818326633e-05,
0.82,PURE,False,accept,EUR,"{CHN,EUR,USA}","{CHN}+{EUR,USA}",0.0,,,,,,-2.9378309201799624e-05,
0.82,PURE,False,accept,EUR,"{CHN,EUR,USA}",{CHN}+{EUR}+{USA},0.0,,,,,,-9.24872690641898e-05,
0.82,PURE,False,accept,EUR,"{CHN,EUR}+{USA}","{CHN,EUR,USA}",1.0,,,,,,3.4407547405024275e-05,
0.82,PURE,False,accept,EUR,"{CHN,EUR}+{USA}","{CHN,USA}+{EUR}",1.0,,,,,,8.89071455882906e-05,
0.82,PURE,False,accept,EUR,"{CHN,EUR}+{USA}","{CHN}+{EUR,USA}",1.0,,,,,,5.029238203224651e-06,
0.82,PURE,False,accept,EUR,"{CHN,EUR}+{USA}",{CHN}+{EUR}+{USA},0.0,,,,,,-5.807972165916553e-05,
0.82,PURE,False,accept,EUR,"{CHN,USA}+{EUR}","{CHN,EUR,USA}",0.0,,,,,,-5.449959818326633e-05,
0.82,PURE,False,accept,EUR,"{CHN,USA}+{EUR}","{CHN,EUR}+{USA}",0.0,,,,,,-8.89071455882906e-05,
0.82,PURE,False,accept,EUR,"{CHN,USA}+{EUR}","{CHN}+{EUR,USA}",0.0,,,,,,-8.387790738506595e-05,
0.82,PURE,False,accept,EUR,"{CHN}+{EUR,USA}","{CHN,EUR,USA}",1.0,,,,,,2.9378309201799624e-05,
0.82,PURE,False,accept,EUR,"{CHN}+{EUR,USA}","{CHN,EUR}+{USA}",0.0,,,,,,-5.029238203224651e-06,
0.82,PURE,False,accept,EUR,"{CHN}+{EUR,USA}","{CHN,USA}+{EUR}",1.0,,,,,,8.387790738506595e-05,
0.82,PURE,False,accept,EUR,"{CHN}+{EUR,USA}",{CHN}+{EUR}+{USA},0.0,,,,,,-6.310895986239018e-05,
0.82,PURE,False,accept,EUR,{CHN}+{EUR}+{USA},"{CHN,EUR,USA}",1.0,,,,,,9.24872690641898e-05,
0.82,PURE,False,accept,EUR,{CHN}+{EUR}+{USA},"{CHN,EUR}+{USA}",1.0,,,,,,5.807972165916553e-05,USA
0.82,PURE,False,accept,EUR,{CHN}+{EUR}+{USA},"{CHN}+{EUR,USA}",1.0,,,,,,6.310895986239018e-05,
0.82,PURE,False,accept,USA,"{CHN,EUR,USA}","{CHN,EUR}+{USA}",1.0,,,,,,3.058283931611783e-05,
0.82,PURE,False,accept,USA,"{CHN,EUR,USA}","{CHN,USA}+{EUR}",0.0,,,,,,-6.558808256773574e-05,
0.82,PURE,False,accept,USA,"{CHN,EUR,USA}","{CHN}+{EUR,USA}",1.0,,,,,,1.5662757784085102e-06,
0.82,PURE,False,accept,USA,"{CHN,EUR,USA}",{CHN}+{EUR}+{USA},0.0,,,,,,-0.0001757691865615918,
0.82,PURE,False,accept,USA,"{CHN,EUR}+{USA}","{CHN,EUR,USA}",0.0,,,,,,-3.058283931611783e-05,
0.82,PURE,False,accept,USA,"{CHN,EUR}+{USA}","{CHN,USA}+{EUR}",0.0,,,,,,-9.617092188385357e-05,
0.82,PURE,False,accept,USA,"{CHN,EUR}+{USA}","{CHN}+{EUR,USA}",0.0,,,,,,-2.9016563537709317e-05,
0.82,PURE,False,accept,USA,"{CHN,USA}+{EUR}","{CHN,EUR,USA}",1.0,,,,,,6.558808256773574e-05,
0.82,PURE,False,accept,USA,"{CHN,USA}+{EUR}","{CHN,EUR}+{USA}",1.0,,,,,,9.617092188385357e-05,
0.82,PURE,False,accept,USA,"{CHN,USA}+{EUR}","{CHN}+{EUR,USA}",1.0,,,,,,6.715435834614425e-05,
0.82,PURE,False,accept,USA,"{CHN,USA}+{EUR}",{CHN}+{EUR}+{USA},0.0,,,,,,-0.00011018110399385606,
0.82,PURE,False,accept,USA,"{CHN}+{EUR,USA}","{CHN,EUR,USA}",0.0,,,,,,-1.5662757784085102e-06,
0.82,PURE,False,accept,USA,"{CHN}+{EUR,USA}","{CHN,EUR}+{USA}",1.0,,,,,,2.9016563537709317e-05,
0.82,PURE,False,accept,USA,"{CHN}+{EUR,USA}","{CHN,USA}+{EUR}",0.0,,,,,,-6.715435834614425e-05,
0.82,PURE,False,accept,USA,"{CHN}+{EUR,USA}",{CHN}+{EUR}+{USA},0.0,,,,,,-0.0001773354623400003,
0.82,PURE,False,accept,USA,{CHN}+{EUR}+{USA},"{CHN,EUR,USA}",1.0,,,,,,0.0001757691865615918,
0.82,PURE,False,accept,USA,{CHN}+{EUR}+{USA},"{CHN,USA}+{EUR}",1.0,,,,,,0.00011018110399385606,"CHN,EUR"
0.82,PURE,False,accept,USA,{CHN}+{EUR}+{USA},"{CHN}+{EUR,USA}",1.0,,,,,,0.0001773354623400003,
0.84,PURE,False,propose,CHN,"{CHN,EUR,USA}","{CHN,EUR,USA}",1.0,True,1.0,1.0,False,,,
0.84,PURE,False,propose,CHN,"{CHN,EUR}+{USA}","{CHN,EUR}+{USA}",1.0,True,1.0,1.0,False,,,
0.84,PURE,False,propose,CHN,"{CHN,USA}+{EUR}","{CHN,USA}+{EUR}",1.0,True,1.0,1.0,False,,,
0.84,PURE,False,propose,CHN,"{CHN}+{EUR,USA}","{CHN}+{EUR,USA}",1.0,True,1.0,1.0,False,,,
0.84,PURE,False,propose,CHN,{CHN}+{EUR}+{USA},"{CHN,USA}+{EUR}",1.0,False,1.0,1.0,False,USA,,
0.84,PURE,False,propose,EUR,"{CHN,EUR,USA}","{CHN,USA}+{EUR}",1.0,False,1.0,1.0,True,,,
0.84,PURE,False,propose,EUR,"{CHN,EUR}+{USA}","{CHN,EUR}+{USA}",1.0,True,1.0,1.0,False,,,
0.84,PURE,False,propose,EUR,"{CHN,USA}+{EUR}","{CHN,USA}+{EUR}",1.0,True,1.0,1.0,False,,,
0.84,PURE,False,propose,EUR,"{CHN}+{EUR,USA}","{CHN}+{EUR,USA}",1.0,True,1.0,1.0,False,,,
0.84,PURE,False,propose,EUR,{CHN}+{EUR}+{USA},"{CHN,USA}+{EUR}",1.0,False,1.0,1.0,False,"CHN,USA",,
0.84,PURE,False,propose,USA,"{CHN,EUR,USA}","{CHN,EUR}+{USA}",1.0,False,1.0,1.0,True,,,
0.84,PURE,False,propose,USA,"{CHN,EUR}+{USA}","{CHN,EUR}+{USA}",1.0,True,1.0,1.0,False,,,
0.84,PURE,False,propose,USA,"{CHN,USA}+{EUR}","{CHN,USA}+{EUR}",1.0,True,1.0,1.0,False,,,
0.84,PURE,False,propose,USA,"{CHN}+{EUR,USA}","{CHN}+{EUR,USA}",1.0,True,1.0,1.0,False,,,
0.84,PURE,False,propose,USA,{CHN}+{EUR}+{USA},"{CHN,EUR}+{USA}",1.0,False,1.0,1.0,False,"CHN,EUR",,
0.84,PURE,False,accept,CHN,"{CHN,EUR,USA}","{CHN,EUR}+{USA}",0.0,,,,,,-5.6112817825137995e-05,
0.84,PURE,False,accept,CHN,"{CHN,EUR,USA}","{CHN,USA}+{EUR}",1.0,,,,,,3.73580010446517e-05,
0.84,PURE,False,accept,CHN,"{CHN,EUR,USA}","{CHN}+{EUR,USA}",0.0,,,,,,-0.00027233155890371563,
0.84,PURE,False,accept,CHN,"{CHN,EUR,USA}",{CHN}+{EUR}+{USA},0.0,,,,,,-0.0006001647102902297,
0.84,PURE,False,accept,CHN,"{CHN,EUR}+{USA}","{CHN,EUR,USA}",1.0,,,,,,5.6112817825137995e-05,
0.84,PURE,False,accept,CHN,"{CHN,EUR}+{USA}","{CHN,USA}+{EUR}",1.0,,,,,,9.34708188697897e-05,
0.84,PURE,False,accept,CHN,"{CHN,EUR}+{USA}","{CHN}+{EUR,USA}",0.0,,,,,,-0.00021621874107857764,
0.84,PURE,False,accept,CHN,"{CHN,EUR}+{USA}",{CHN}+{EUR}+{USA},0.0,,,,,,-0.0005440518924650917,
0.84,PURE,False,accept,CHN,"{CHN,USA}+{EUR}","{CHN,EUR,USA}",0.0,,,,,,-3.73580010446517e-05,
0.84,PURE,False,accept,CHN,"{CHN,USA}+{EUR}","{CHN,EUR}+{USA}",0.0,,,,,,-9.34708188697897e-05,
0.84,PURE,False,accept,CHN,"{CHN,USA}+{EUR}","{CHN}+{EUR,USA}",0.0,,,,,,-0.00030968955994836733,
0.84,PURE,False,accept,CHN,"{CHN,USA}+{EUR}",{CHN}+{EUR}+{USA},0.0,,,,,,-0.0006375227113348814,
0.84,PURE,False,accept,CHN,"{CHN}+{EUR,USA}","{CHN,EUR,USA}",1.0,,,,,,0.00027233155890371563,
0.84,PURE,False,accept,CHN,"{CHN}+{EUR,USA}","{CHN,EUR}+{USA}",1.0,,,,,,0.00021621874107857764,
0.84,PURE,False,accept,CHN,"{CHN}+{EUR,USA}","{CHN,USA}+{EUR}",1.0,,,,,,0.00030968955994836733,
0.84,PURE,False,accept,CHN,{CHN}+{EUR}+{USA},"{CHN,EUR,USA}",1.0,,,,,,0.0006001647102902297,
0.84,PURE,False,accept,CHN,{CHN}+{EUR}+{USA},"{CHN,EUR}+{USA}",1.0,,,,,,0.0005440518924650917,USA
0.84,PURE,False,accept,CHN,{CHN}+{EUR}+{USA},"{CHN,USA}+{EUR}",1.0,,,,,,0.0006375227113348814,EUR
0.84,PURE,False,accept,EUR,"{CHN,EUR,USA}","{CHN,EUR}+{USA}",0.0,,,,,,-3.544108911190946e-05,
0.84,PURE,False,accept,EUR,"{CHN,EUR,USA}","{CHN,USA}+{EUR}",1.0,,,,,,5.346605647638114e-05,
0.84,PURE,False,accept,EUR,"{CHN,EUR,USA}","{CHN}+{EUR,USA}",0.0,,,,,,-3.0411850908684812e-05,
0.84,PURE,False,accept,EUR,"{CHN,EUR,USA}",{CHN}+{EUR}+{USA},0.0,,,,,,-8.048179387687426e-05,
0.84,PURE,False,accept,EUR,"{CHN,EUR}+{USA}","{CHN,EUR,USA}",1.0,,,,,,3.544108911190946e-05,
0.84,PURE,False,accept,EUR,"{CHN,EUR}+{USA}","{CHN,USA}+{EUR}",1.0,,,,,,8.89071455882906e-05,
0.84,PURE,False,accept,EUR,"{CHN,EUR}+{USA}","{CHN}+{EUR,USA}",1.0,,,,,,5.029238203224651e-06,
0.84,PURE,False,accept,EUR,"{CHN,EUR}+{USA}",{CHN}+{EUR}+{USA},0.0,,,,,,-4.50407047649648e-05,
0.84,PURE,False,accept,EUR,"{CHN,USA}+{EUR}","{CHN,EUR,USA}",0.0,,,,,,-5.346605647638114e-05,
0.84,PURE,False,accept,EUR,"{CHN,USA}+{EUR}","{CHN,EUR}+{USA}",0.0,,,,,,-8.89071455882906e-05,
0.84,PURE,False,accept,EUR,"{CHN,USA}+{EUR}","{CHN}+{EUR,USA}",0.0,,,,,,-8.387790738506595e-05,
0.84,PURE,False,accept,EUR,"{CHN}+{EUR,USA}","{CHN,EUR,USA}",1.0,,,,,,3.0411850908684812e-05,
0.84,PURE,False,accept,EUR,"{CHN}+{EUR,USA}","{CHN,EUR}+{USA}",0.0,,,,,,-5.029238203224651e-06,
0.84,PURE,False,accept,EUR,"{CHN}+{EUR,USA}","{CHN,USA}+{EUR}",1.0,,,,,,8.387790738506595e-05,
0.84,PURE,False,accept,EUR,"{CHN}+{EUR,USA}",{CHN}+{EUR}+{USA},0.0,,,,,,-5.006994296818945e-05,
0.84,PURE,False,accept,EUR,{CHN}+{EUR}+{USA},"{CHN,EUR,USA}",1.0,,,,,,8.048179387687426e-05,
0.84,PURE,False,accept,EUR,{CHN}+{EUR}+{USA},"{CHN,EUR}+{USA}",1.0,,,,,,4.50407047649648e-05,USA
0.84,PURE,False,accept,EUR,{CHN}+{EUR}+{USA},"{CHN}+{EUR,USA}",1.0,,,,,,5.006994296818945e-05,
0.84,PURE,False,accept,USA,"{CHN,EUR,USA}","{CHN,EUR}+{USA}",1.0,,,,,,3.238352055312532e-05,
0.84,PURE,False,accept,USA,"{CHN,EUR,USA}","{CHN,USA}+{EUR}",0.0,,,,,,-6.378740133072824e-05,
0.84,PURE,False,accept,USA,"{CHN,EUR,USA}","{CHN}+{EUR,USA}",1.0,,,,,,3.3669570154160056e-06,
0.84,PURE,False,accept,USA,"{CHN,EUR,USA}",{CHN}+{EUR}+{USA},0.0,,,,,,-0.00015816427444059755,
0.84,PURE,False,accept,USA,"{CHN,EUR}+{USA}","{CHN,EUR,USA}",0.0,,,,,,-3.238352055312532e-05,
0.84,PURE,False,accept,USA,"{CHN,EUR}+{USA}","{CHN,USA}+{EUR}",0.0,,,,,,-9.617092188385357e-05,
0.84,PURE,False,accept,USA,"{CHN,EUR}+{USA}","{CHN}+{EUR,USA}",0.0,,,,,,-2.9016563537709317e-05,
0.84,PURE,False,accept,USA,"{CHN,USA}+{EUR}","{CHN,EUR,USA}",1.0,,,,,,6.378740133072824e-05,
0.84,PURE,False,accept,USA,"{CHN,USA}+{EUR}","{CHN,EUR}+{USA}",1.0,,,,,,9.617092188385357e-05,
0.84,PURE,False,accept,USA,"{CHN,USA}+{EUR}","{CHN}+{EUR,USA}",1.0,,,,,,6.715435834614425e-05,
0.84,PURE,False,accept,USA,"{CHN,USA}+{EUR}",{CHN}+{EUR}+{USA},0.0,,,,,,-9.437687310986931e-05,
0.84,PURE,False,accept,USA,"{CHN}+{EUR,USA}","{CHN,EUR,USA}",0.0,,,,,,-3.3669570154160056e-06,
0.84,PURE,False,accept,USA,"{CHN}+{EUR,USA}","{CHN,EUR}+{USA}",1.0,,,,,,2.9016563537709317e-05,
0.84,PURE,False,accept,USA,"{CHN}+{EUR,USA}","{CHN,USA}+{EUR}",0.0,,,,,,-6.715435834614425e-05,
0.84,PURE,False,accept,USA,"{CHN}+{EUR,USA}",{CHN}+{EUR}+{USA},0.0,,,,,,-0.00016153123145601356,
0.84,PURE,False,accept,USA,{CHN}+{EUR}+{USA},"{CHN,EUR,USA}",1.0,,,,,,0.00015816427444059755,
0.84,PURE,False,accept,USA,{CHN}+{EUR}+{USA},"{CHN,USA}+{EUR}",1.0,,,,,,9.437687310986931e-05,"CHN,EUR"
0.84,PURE,False,accept,USA,{CHN}+{EUR}+{USA},"{CHN}+{EUR,USA}",1.0,,,,,,0.00016153123145601356,
0.86,PURE,False,propose,CHN,"{CHN,EUR,USA}","{CHN,EUR,USA}",1.0,True,1.0,1.0,False,,,
0.86,PURE,False,propose,CHN,"{CHN,EUR}+{USA}","{CHN,EUR}+{USA}",1.0,True,1.0,1.0,False,,,
0.86,PURE,False,propose,CHN,"{CHN,USA}+{EUR}","{CHN,USA}+{EUR}",1.0,True,1.0,1.0,False,,,
0.86,PURE,False,propose,CHN,"{CHN}+{EUR,USA}","{CHN}+{EUR,USA}",1.0,True,1.0,1.0,False,,,
0.86,PURE,False,propose,CHN,{CHN}+{EUR}+{USA},"{CHN,USA}+{EUR}",1.0,False,1.0,1.0,False,USA,,
0.86,PURE,False,propose,EUR,"{CHN,EUR,USA}","{CHN,USA}+{EUR}",1.0,False,1.0,1.0,True,,,
0.86,PURE,False,propose,EUR,"{CHN,EUR}+{USA}","{CHN,EUR}+{USA}",1.0,True,1.0,1.0,False,,,
0.86,PURE,False,propose,EUR,"{CHN,USA}+{EUR}","{CHN,USA}+{EUR}",1.0,True,1.0,1.0,False,,,
0.86,PURE,False,propose,EUR,"{CHN}+{EUR,USA}","{CHN}+{EUR,USA}",1.0,True,1.0,1.0,False,,,
0.86,PURE,False,propose,EUR,{CHN}+{EUR}+{USA},"{CHN,USA}+{EUR}",1.0,False,1.0,1.0,False,"CHN,USA",,
0.86,PURE,False,propose,USA,"{CHN,EUR,USA}","{CHN,EUR}+{USA}",1.0,False,1.0,1.0,True,,,
0.86,PURE,False,propose,USA,"{CHN,EUR}+{USA}","{CHN,EUR}+{USA}",1.0,True,1.0,1.0,False,,,
0.86,PURE,False,propose,USA,"{CHN,USA}+{EUR}","{CHN,USA}+{EUR}",1.0,True,1.0,1.0,False,,,
0.86,PURE,False,propose,USA,"{CHN}+{EUR,USA}","{CHN}+{EUR,USA}",1.0,True,1.0,1.0,False,,,
0.86,PURE,False,propose,USA,{CHN}+{EUR}+{USA},"{CHN,EUR}+{USA}",1.0,False,1.0,1.0,False,"CHN,EUR",,
0.86,PURE,False,accept,CHN,"{CHN,EUR,USA}","{CHN,EUR}+{USA}",0.0,,,,,,-5.501732619173083e-05,
0.86,PURE,False,accept,CHN,"{CHN,EUR,USA}","{CHN,USA}+{EUR}",1.0,,,,,,3.8453492678058865e-05,
0.86,PURE,False,accept,CHN,"{CHN,EUR,USA}","{CHN}+{EUR,USA}",0.0,,,,,,-0.00027123606727030847,
0.86,PURE,False,accept,CHN,"{CHN,EUR,USA}",{CHN}+{EUR}+{USA},0.0,,,,,,-0.0005232734971922781,
0.86,PURE,False,accept,CHN,"{CHN,EUR}+{USA}","{CHN,EUR,USA}",1.0,,,,,,5.501732619173083e-05,
0.86,PURE,False,accept,CHN,"{CHN,EUR}+{USA}","{CHN,USA}+{EUR}",1.0,,,,,,9.34708188697897e-05,
0.86,PURE,False,accept,CHN,"{CHN,EUR}+{USA}","{CHN}+{EUR,USA}",0.0,,,,,,-0.00021621874107857764,
0.86,PURE,False,accept,CHN,"{CHN,EUR}+{USA}",{CHN}+{EUR}+{USA},0.0,,,,,,-0.0004682561710005473,
0.86,PURE,False,accept,CHN,"{CHN,USA}+{EUR}","{CHN,EUR,USA}",0.0,,,,,,-3.8453492678058865e-05,
0.86,PURE,False,accept,CHN,"{CHN,USA}+{EUR}","{CHN,EUR}+{USA}",0.0,,,,,,-9.34708188697897e-05,
0.86,PURE,False,accept,CHN,"{CHN,USA}+{EUR}","{CHN}+{EUR,USA}",0.0,,,,,,-0.00030968955994836733,
0.86,PURE,False,accept,CHN,"{CHN,USA}+{EUR}",{CHN}+{EUR}+{USA},0.0,,,,,,-0.000561726989870337,
0.86,PURE,False,accept,CHN,"{CHN}+{EUR,USA}","{CHN,EUR,USA}",1.0,,,,,,0.00027123606727030847,
0.86,PURE,False,accept,CHN,"{CHN}+{EUR,USA}","{CHN,EUR}+{USA}",1.0,,,,,,0.00021621874107857764,
0.86,PURE,False,accept,CHN,"{CHN}+{EUR,USA}","{CHN,USA}+{EUR}",1.0,,,,,,0.00030968955994836733,
0.86,PURE,False,accept,CHN,{CHN}+{EUR}+{USA},"{CHN,EUR,USA}",1.0,,,,,,0.0005232734971922781,
0.86,PURE,False,accept,CHN,{CHN}+{EUR}+{USA},"{CHN,EUR}+{USA}",1.0,,,,,,0.0004682561710005473,USA
0.86,PURE,False,accept,CHN,{CHN}+{EUR}+{USA},"{CHN,USA}+{EUR}",1.0,,,,,,0.000561726989870337,EUR
0.86,PURE,False,accept,EUR,"{CHN,EUR,USA}","{CHN,EUR}+{USA}",0.0,,,,,,-3.649394935534289e-05,
0.86,PURE,False,accept,EUR,"{CHN,EUR,USA}","{CHN,USA}+{EUR}",1.0,,,,,,5.241319623294771e-05,
0.86,PURE,False,accept,EUR,"{CHN,EUR,USA}","{CHN}+{EUR,USA}",0.0,,,,,,-3.146471115211824e-05,
0.86,PURE,False,accept,EUR,"{CHN,EUR,USA}",{CHN}+{EUR}+{USA},0.0,,,,,,-6.849563722566288e-05,
0.86,PURE,False,accept,EUR,"{CHN,EUR}+{USA}","{CHN,EUR,USA}",1.0,,,,,,3.649394935534289e-05,
0.86,PURE,False,accept,EUR,"{CHN,EUR}+{USA}","{CHN,USA}+{EUR}",1.0,,,,,,8.89071455882906e-05,
0.86,PURE,False,accept,EUR,"{CHN,EUR}+{USA}","{CHN}+{EUR,USA}",1.0,,,,,,5.029238203224651e-06,
0.86,PURE,False,accept,EUR,"{CHN,EUR}+{USA}",{CHN}+{EUR}+{USA},0.0,,,,,,-3.2001687870319984e-05,
0.86,PURE,False,accept,EUR,"{CHN,USA}+{EUR}","{CHN,EUR,USA}",0.0,,,,,,-5.241319623294771e-05,
0.86,PURE,False,accept,EUR,"{CHN,USA}+{EUR}","{CHN,EUR}+{USA}",0.0,,,,,,-8.89071455882906e-05,
0.86,PURE,False,accept,EUR,"{CHN,USA}+{EUR}","{CHN}+{EUR,USA}",0.0,,,,,,-8.387790738506595e-05,
0.86,PURE,False,accept,EUR,"{CHN}+{EUR,USA}","{CHN,EUR,USA}",1.0,,,,,,3.146471115211824e-05,
0.86,PURE,False,accept,EUR,"{CHN}+{EUR,USA}","{CHN,EUR}+{USA}",0.0,,,,,,-5.029238203224651e-06,
0.86,PURE,False,accept,EUR,"{CHN}+{EUR,USA}","{CHN,USA}+{EUR}",1.0,,,,,,8.387790738506595e-05,
0.86,PURE,False,accept,EUR,"{CHN}+{EUR,USA}",{CHN}+{EUR}+{USA},0.0,,,,,,-3.7030926073544634e-05,
0.86,PURE,False,accept,EUR,{CHN}+{EUR}+{USA},"{CHN,EUR,USA}",1.0,,,,,,6.849563722566288e-05,
0.86,PURE,False,accept,EUR,{CHN}+{EUR}+{USA},"{CHN,EUR}+{USA}",1.0,,,,,,3.2001687870319984e-05,USA
0.86,PURE,False,accept,EUR,{CHN}+{EUR}+{USA},"{CHN}+{EUR,USA}",1.0,,,,,,3.7030926073544634e-05,
0.86,PURE,False,accept,USA,"{CHN,EUR,USA}","{CHN,EUR}+{USA}",1.0,,,,,,3.4217859383733895e-05,
0.86,PURE,False,accept,USA,"{CHN,EUR,USA}","{CHN,USA}+{EUR}",0.0,,,,,,-6.195306250011967e-05,
0.86,PURE,False,accept,USA,"{CHN,EUR,USA}","{CHN}+{EUR,USA}",1.0,,,,,,5.201295846024578e-06,
0.86,PURE,False,accept,USA,"{CHN,EUR,USA}",{CHN}+{EUR}+{USA},0.0,,,,,,-0.00014052570472600223,
0.86,PURE,False,accept,USA,"{CHN,EUR}+{USA}","{CHN,EUR,USA}",0.0,,,,,,-3.4217859383733895e-05,
0.86,PURE,False,accept,USA,"{CHN,EUR}+{USA}","{CHN,USA}+{EUR}",0.0,,,,,,-9.617092188385357e-05,
0.86,PURE,False,accept,USA,"{CHN,EUR}+{USA}","{CHN}+{EUR,USA}",0.0,,,,,,-2.9016563537709317e-05,
0.86,PURE,False,accept,USA,"{CHN,USA}+{EUR}","{CHN,EUR,USA}",1.0,,,,,,6.195306250011967e-05,
0.86,PURE,False,accept,USA,"{CHN,USA}+{EUR}","{CHN,EUR}+{USA}",1.0,,,,,,9.617092188385357e-05,
0.86,PURE,False,accept,USA,"{CHN,USA}+{EUR}","{CHN}+{EUR,USA}",1.0,,,,,,6.715435834614425e-05,
0.86,PURE,False,accept,USA,"{CHN,USA}+{EUR}",{CHN}+{EUR}+{USA},0.0,,,,,,-7.857264222588256e-05,
0.86,PURE,False,accept,USA,"{CHN}+{EUR,USA}","{CHN,EUR,USA}",0.0,,,,,,-5.201295846024578e-06,
0.86,PURE,False,accept,USA,"{CHN}+{EUR,USA}","{CHN,EUR}+{USA}",1.0,,,,,,2.9016563537709317e-05,
0.86,PURE,False,accept,USA,"{CHN}+{EUR,USA}","{CHN,USA}+{EUR}",0.0,,,,,,-6.715435834614425e-05,
0.86,PURE,False,accept,USA,"{CHN}+{EUR,USA}",{CHN}+{EUR}+{USA},0.0,,,,,,-0.0001457270005720268,
0.86,PURE,False,accept,USA,{CHN}+{EUR}+{USA},"{CHN,EUR,USA}",1.0,,,,,,0.00014052570472600223,
0.86,PURE,False,accept,USA,{CHN}+{EUR}+{USA},"{CHN,USA}+{EUR}",1.0,,,,,,7.857264222588256e-05,"CHN,EUR"
0.86,PURE,False,accept,USA,{CHN}+{EUR}+{USA},"{CHN}+{EUR,USA}",1.0,,,,,,0.0001457270005720268,
0.88,PURE,False,propose,CHN,"{CHN,EUR,USA}","{CHN,EUR,USA}",1.0,True,1.0,1.0,False,,,
0.88,PURE,False,propose,CHN,"{CHN,EUR}+{USA}","{CHN,EUR}+{USA}",1.0,True,1.0,1.0,False,,,
0.88,PURE,False,propose,CHN,"{CHN,USA}+{EUR}","{CHN,USA}+{EUR}",1.0,True,1.0,1.0,False,,,
0.88,PURE,False,propose,CHN,"{CHN}+{EUR,USA}","{CHN}+{EUR,USA}",1.0,True,1.0,1.0,False,,,
0.88,PURE,False,propose,CHN,{CHN}+{EUR}+{USA},"{CHN,USA}+{EUR}",1.0,False,1.0,1.0,False,USA,,
0.88,PURE,False,propose,EUR,"{CHN,EUR,USA}","{CHN,USA}+{EUR}",1.0,False,1.0,1.0,True,,,
0.88,PURE,False,propose,EUR,"{CHN,EUR}+{USA}","{CHN,EUR}+{USA}",1.0,True,1.0,1.0,False,,,
0.88,PURE,False,propose,EUR,"{CHN,USA}+{EUR}","{CHN,USA}+{EUR}",1.0,True,1.0,1.0,False,,,
0.88,PURE,False,propose,EUR,"{CHN}+{EUR,USA}","{CHN}+{EUR,USA}",1.0,True,1.0,1.0,False,,,
0.88,PURE,False,propose,EUR,{CHN}+{EUR}+{USA},"{CHN,USA}+{EUR}",1.0,False,1.0,1.0,False,"CHN,USA",,
0.88,PURE,False,propose,USA,"{CHN,EUR,USA}","{CHN,EUR}+{USA}",1.0,False,1.0,1.0,True,,,
0.88,PURE,False,propose,USA,"{CHN,EUR}+{USA}","{CHN,EUR}+{USA}",1.0,True,1.0,1.0,False,,,
0.88,PURE,False,propose,USA,"{CHN,USA}+{EUR}","{CHN,USA}+{EUR}",1.0,True,1.0,1.0,False,,,
0.88,PURE,False,propose,USA,"{CHN}+{EUR,USA}","{CHN}+{EUR,USA}",1.0,True,1.0,1.0,False,,,
0.88,PURE,False,propose,USA,{CHN}+{EUR}+{USA},"{CHN,EUR}+{USA}",1.0,False,1.0,1.0,False,"CHN,EUR",,
0.88,PURE,False,accept,CHN,"{CHN,EUR,USA}","{CHN,EUR}+{USA}",0.0,,,,,,-5.390116490211483e-05,
0.88,PURE,False,accept,CHN,"{CHN,EUR,USA}","{CHN,USA}+{EUR}",1.0,,,,,,3.956965396767487e-05,
0.88,PURE,False,accept,CHN,"{CHN,EUR,USA}","{CHN}+{EUR,USA}",0.0,,,,,,-0.00027011990598069247,
0.88,PURE,False,accept,CHN,"{CHN,EUR,USA}",{CHN}+{EUR}+{USA},0.0,,,,,,-0.0004463616144398941,
0.88,PURE,False,accept,CHN,"{CHN,EUR}+{USA}","{CHN,EUR,USA}",1.0,,,,,,5.390116490211483e-05,
0.88,PURE,False,accept,CHN,"{CHN,EUR}+{USA}","{CHN,USA}+{EUR}",1.0,,,,,,9.34708188697897e-05,
0.88,PURE,False,accept,CHN,"{CHN,EUR}+{USA}","{CHN}+{EUR,USA}",0.0,,,,,,-0.00021621874107857764,
0.88,PURE,False,accept,CHN,"{CHN,EUR}+{USA}",{CHN}+{EUR}+{USA},0.0,,,,,,-0.00039246044953777925,
0.88,PURE,False,accept,CHN,"{CHN,USA}+{EUR}","{CHN,EUR,USA}",0.0,,,,,,-3.956965396767487e-05,
0.88,PURE,False,accept,CHN,"{CHN,USA}+{EUR}","{CHN,EUR}+{USA}",0.0,,,,,,-9.34708188697897e-05,
0.88,PURE,False,accept,CHN,"{CHN,USA}+{EUR}","{CHN}+{EUR,USA}",0.0,,,,,,-0.00030968955994836733,
0.88,PURE,False,accept,CHN,"{CHN,USA}+{EUR}",{CHN}+{EUR}+{USA},0.0,,,,,,-0.00048593126840756895,
0.88,PURE,False,accept,CHN,"{CHN}+{EUR,USA}","{CHN,EUR,USA}",1.0,,,,,,0.00027011990598069247,
0.88,PURE,False,accept,CHN,"{CHN}+{EUR,USA}","{CHN,EUR}+{USA}",1.0,,,,,,0.00021621874107857764,
0.88,PURE,False,accept,CHN,"{CHN}+{EUR,USA}","{CHN,USA}+{EUR}",1.0,,,,,,0.00030968955994836733,
0.88,PURE,False,accept,CHN,{CHN}+{EUR}+{USA},"{CHN,EUR,USA}",1.0,,,,,,0.0004463616144398941,
0.88,PURE,False,accept,CHN,{CHN}+{EUR}+{USA},"{CHN,EUR}+{USA}",1.0,,,,,,0.00039246044953777925,USA
0.88,PURE,False,accept,CHN,{CHN}+{EUR}+{USA},"{CHN,USA}+{EUR}",1.0,,,,,,0.00048593126840756895,EUR
0.88,PURE,False,accept,EUR,"{CHN,EUR,USA}","{CHN,EUR}+{USA}",0.0,,,,,,-3.756667488596932e-05,
0.88,PURE,False,accept,EUR,"{CHN,EUR,USA}","{CHN,USA}+{EUR}",1.0,,,,,,5.1340470702321284e-05,
0.88,PURE,False,accept,EUR,"{CHN,EUR,USA}","{CHN}+{EUR,USA}",0.0,,,,,,-3.253743668274467e-05,
0.88,PURE,False,accept,EUR,"{CHN,EUR,USA}",{CHN}+{EUR}+{USA},0.0,,,,,,-5.6529345861644487e-05,
0.88,PURE,False,accept,EUR,"{CHN,EUR}+{USA}","{CHN,EUR,USA}",1.0,,,,,,3.756667488596932e-05,
0.88,PURE,False,accept,EUR,"{CHN,EUR}+{USA}","{CHN,USA}+{EUR}",1.0,,,,,,8.89071455882906e-05,
0.88,PURE,False,accept,EUR,"{CHN,EUR}+{USA}","{CHN}+{EUR,USA}",1.0,,,,,,5.029238203224651e-06,
0.88,PURE,False,accept,EUR,"{CHN,EUR}+{USA}",{CHN}+{EUR}+{USA},0.0,,,,,,-1.8962670975675167e-05,
0.88,PURE,False,accept,EUR,"{CHN,USA}+{EUR}","{CHN,EUR,USA}",0.0,,,,,,-5.1340470702321284e-05,
0.88,PURE,False,accept,EUR,"{CHN,USA}+{EUR}","{CHN,EUR}+{USA}",0.0,,,,,,-8.89071455882906e-05,
0.88,PURE,False,accept,EUR,"{CHN,USA}+{EUR}","{CHN}+{EUR,USA}",0.0,,,,,,-8.387790738506595e-05,
0.88,PURE,False,accept,EUR,"{CHN}+{EUR,USA}","{CHN,EUR,USA}",1.0,,,,,,3.253743668274467e-05,
0.88,PURE,False,accept,EUR,"{CHN}+{EUR,USA}","{CHN,EUR}+{USA}",0.0,,,,,,-5.029238203224651e-06,
0.88,PURE,False,accept,EUR,"{CHN}+{EUR,USA}","{CHN,USA}+{EUR}",1.0,,,,,,8.387790738506595e-05,
0.88,PURE,False,accept,EUR,"{CHN}+{EUR,USA}",{CHN}+{EUR}+{USA},0.0,,,,,,-2.3991909178899817e-05,
0.88,PURE,False,accept,EUR,{CHN}+{EUR}+{USA},"{CHN,EUR,USA}",1.0,,,,,,5.6529345861644487e-05,
0.88,PURE,False,accept,EUR,{CHN}+{EUR}+{USA},"{CHN,EUR}+{USA}",1.0,,,,,,1.8962670975675167e-05,USA
0.88,PURE,False,accept,EUR,{CHN}+{EUR}+{USA},"{CHN}+{EUR,USA}",1.0,,,,,,2.3991909178899817e-05,
0.88,PURE,False,accept,USA,"{CHN,EUR,USA}","{CHN,EUR}+{USA}",1.0,,,,,,3.608680838063094e-05,
0.88,PURE,False,accept,USA,"{CHN,EUR,USA}","{CHN,USA}+{EUR}",0.0,,,,,,-6.0084113503222625e-05,
0.88,PURE,False,accept,USA,"{CHN,EUR,USA}","{CHN}+{EUR,USA}",1.0,,,,,,7.070244842921625e-06,
0.88,PURE,False,accept,USA,"{CHN,EUR,USA}",{CHN}+{EUR}+{USA},0.0,,,,,,-0.00012285252484511844,
0.88,PURE,False,accept,USA,"{CHN,EUR}+{USA}","{CHN,EUR,USA}",0.0,,,,,,-3.608680838063094e-05,
0.88,PURE,False,accept,USA,"{CHN,EUR}+{USA}","{CHN,USA}+{EUR}",0.0,,,,,,-9.617092188385357e-05,
0.88,PURE,False,accept,USA,"{CHN,EUR}+{USA}","{CHN}+{EUR,USA}",0.0,,,,,,-2.9016563537709317e-05,
0.88,PURE,False,accept,USA,"{CHN,USA}+{EUR}","{CHN,EUR,USA}",1.0,,,,,,6.0084113503222625e-05,
0.88,PURE,False,accept,USA,"{CHN,USA}+{EUR}","{CHN,EUR}+{USA}",1.0,,,,,,9.617092188385357e-05,
0.88,PURE,False,accept,USA,"{CHN,USA}+{EUR}","{CHN}+{EUR,USA}",1.0,,,,,,6.715435834614425e-05,
0.88,PURE,False,accept,USA,"{CHN,USA}+{EUR}",{CHN}+{EUR}+{USA},0.0,,,,,,-6.276841134189581e-05,
0.88,PURE,False,accept,USA,"{CHN}+{EUR,USA}","{CHN,EUR,USA}",0.0,,,,,,-7.070244842921625e-06,
0.88,PURE,False,accept,USA,"{CHN}+{EUR,USA}","{CHN,EUR}+{USA}",1.0,,,,,,2.9016563537709317e-05,
0.88,PURE,False,accept,USA,"{CHN}+{EUR,USA}","{CHN,USA}+{EUR}",0.0,,,,,,-6.715435834614425e-05,
0.88,PURE,False,accept,USA,"{CHN}+{EUR,USA}",{CHN}+{EUR}+{USA},0.0,,,,,,-0.00012992276968804006,
0.88,PURE,False,accept,USA,{CHN}+{EUR}+{USA},"{CHN,EUR,USA}",1.0,,,,,,0.00012285252484511844,
0.88,PURE,False,accept,USA,{CHN}+{EUR}+{USA},"{CHN,USA}+{EUR}",1.0,,,,,,6.276841134189581e-05,"CHN,EUR"
0.88,PURE,False,accept,USA,{CHN}+{EUR}+{USA},"{CHN}+{EUR,USA}",1.0,,,,,,0.00012992276968804006,
0.9,PURE,False,propose,CHN,"{CHN,EUR,USA}","{CHN,EUR,USA}",1.0,True,1.0,1.0,False,,,
0.9,PURE,False,propose,CHN,"{CHN,EUR}+{USA}","{CHN,EUR}+{USA}",1.0,True,1.0,1.0,False,,,
0.9,PURE,False,propose,CHN,"{CHN,USA}+{EUR}","{CHN,USA}+{EUR}",1.0,True,1.0,1.0,False,,,
0.9,PURE,False,propose,CHN,"{CHN}+{EUR,USA}","{CHN}+{EUR,USA}",1.0,True,1.0,1.0,False,,,
0.9,PURE,False,propose,CHN,{CHN}+{EUR}+{USA},"{CHN,USA}+{EUR}",1.0,False,1.0,1.0,False,USA,,
0.9,PURE,False,propose,EUR,"{CHN,EUR,USA}","{CHN,USA}+{EUR}",1.0,False,1.0,1.0,True,,,
0.9,PURE,False,propose,EUR,"{CHN,EUR}+{USA}","{CHN,EUR}+{USA}",1.0,True,1.0,1.0,False,,,
0.9,PURE,False,propose,EUR,"{CHN,USA}+{EUR}","{CHN,USA}+{EUR}",1.0,True,1.0,1.0,False,,,
0.9,PURE,False,propose,EUR,"{CHN}+{EUR,USA}","{CHN}+{EUR,USA}",1.0,True,1.0,1.0,False,,,
0.9,PURE,False,propose,EUR,{CHN}+{EUR}+{USA},"{CHN,USA}+{EUR}",1.0,False,1.0,1.0,False,"CHN,USA",,
0.9,PURE,False,propose,USA,"{CHN,EUR,USA}","{CHN,EUR}+{USA}",1.0,False,1.0,1.0,True,,,
0.9,PURE,False,propose,USA,"{CHN,EUR}+{USA}","{CHN,EUR}+{USA}",1.0,True,1.0,1.0,False,,,
0.9,PURE,False,propose,USA,"{CHN,USA}+{EUR}","{CHN,USA}+{EUR}",1.0,True,1.0,1.0,False,,,
0.9,PURE,False,propose,USA,"{CHN}+{EUR,USA}","{CHN}+{EUR,USA}",1.0,True,1.0,1.0,False,,,
0.9,PURE,False,propose,USA,{CHN}+{EUR}+{USA},"{CHN,EUR}+{USA}",1.0,False,1.0,1.0,False,"CHN,EUR",,
0.9,PURE,False,accept,CHN,"{CHN,EUR,USA}","{CHN,EUR}+{USA}",0.0,,,,,,-5.27637433993533e-05,
0.9,PURE,False,accept,CHN,"{CHN,EUR,USA}","{CHN,USA}+{EUR}",1.0,,,,,,4.0707075470436394e-05,
0.9,PURE,False,accept,CHN,"{CHN,EUR,USA}","{CHN}+{EUR,USA}",0.0,,,,,,-0.00026898248447793094,
0.9,PURE,False,accept,CHN,"{CHN,EUR,USA}",{CHN}+{EUR}+{USA},0.0,,,,,,-0.00036942847147258817,
0.9,PURE,False,accept,CHN,"{CHN,EUR}+{USA}","{CHN,EUR,USA}",1.0,,,,,,5.27637433993533e-05,
0.9,PURE,False,accept,CHN,"{CHN,EUR}+{USA}","{CHN,USA}+{EUR}",1.0,,,,,,9.34708188697897e-05,
0.9,PURE,False,accept,CHN,"{CHN,EUR}+{USA}","{CHN}+{EUR,USA}",0.0,,,,,,-0.00021621874107857764,
0.9,PURE,False,accept,CHN,"{CHN,EUR}+{USA}",{CHN}+{EUR}+{USA},0.0,,,,,,-0.00031666472807323487,
0.9,PURE,False,accept,CHN,"{CHN,USA}+{EUR}","{CHN,EUR,USA}",0.0,,,,,,-4.0707075470436394e-05,
0.9,PURE,False,accept,CHN,"{CHN,USA}+{EUR}","{CHN,EUR}+{USA}",0.0,,,,,,-9.34708188697897e-05,
0.9,PURE,False,accept,CHN,"{CHN,USA}+{EUR}","{CHN}+{EUR,USA}",0.0,,,,,,-0.00030968955994836733,
0.9,PURE,False,accept,CHN,"{CHN,USA}+{EUR}",{CHN}+{EUR}+{USA},0.0,,,,,,-0.00041013554694302456,
0.9,PURE,False,accept,CHN,"{CHN}+{EUR,USA}","{CHN,EUR,USA}",1.0,,,,,,0.00026898248447793094,
0.9,PURE,False,accept,CHN,"{CHN}+{EUR,USA}","{CHN,EUR}+{USA}",1.0,,,,,,0.00021621874107857764,
0.9,PURE,False,accept,CHN,"{CHN}+{EUR,USA}","{CHN,USA}+{EUR}",1.0,,,,,,0.00030968955994836733,
0.9,PURE,False,accept,CHN,{CHN}+{EUR}+{USA},"{CHN,EUR,USA}",1.0,,,,,,0.00036942847147258817,
0.9,PURE,False,accept,CHN,{CHN}+{EUR}+{USA},"{CHN,EUR}+{USA}",1.0,,,,,,0.00031666472807323487,USA
0.9,PURE,False,accept,CHN,{CHN}+{EUR}+{USA},"{CHN,USA}+{EUR}",1.0,,,,,,0.00041013554694302456,EUR
0.9,PURE,False,accept,EUR,"{CHN,EUR,USA}","{CHN,EUR}+{USA}",0.0,,,,,,-3.8659833283993805e-05,
0.9,PURE,False,accept,EUR,"{CHN,EUR,USA}","{CHN,USA}+{EUR}",1.0,,,,,,5.02473123042968e-05,
0.9,PURE,False,accept,EUR,"{CHN,EUR,USA}","{CHN}+{EUR,USA}",0.0,,,,,,-3.3630595080769154e-05,
0.9,PURE,False,accept,EUR,"{CHN,EUR,USA}",{CHN}+{EUR}+{USA},0.0,,,,,,-4.4583487365024155e-05,
0.9,PURE,False,accept,EUR,"{CHN,EUR}+{USA}","{CHN,EUR,USA}",1.0,,,,,,3.8659833283993805e-05,
0.9,PURE,False,accept,EUR,"{CHN,EUR}+{USA}","{CHN,USA}+{EUR}",1.0,,,,,,8.89071455882906e-05,
0.9,PURE,False,accept,EUR,"{CHN,EUR}+{USA}","{CHN}+{EUR,USA}",1.0,,,,,,5.029238203224651e-06,
0.9,PURE,False,accept,EUR,"{CHN,EUR}+{USA}",{CHN}+{EUR}+{USA},0.0,,,,,,-5.9236540810303495e-06,
0.9,PURE,False,accept,EUR,"{CHN,USA}+{EUR}","{CHN,EUR,USA}",0.0,,,,,,-5.02473123042968e-05,
0.9,PURE,False,accept,EUR,"{CHN,USA}+{EUR}","{CHN,EUR}+{USA}",0.0,,,,,,-8.89071455882906e-05,
0.9,PURE,False,accept,EUR,"{CHN,USA}+{EUR}","{CHN}+{EUR,USA}",0.0,,,,,,-8.387790738506595e-05,
0.9,PURE,False,accept,EUR,"{CHN}+{EUR,USA}","{CHN,EUR,USA}",1.0,,,,,,3.3630595080769154e-05,
0.9,PURE,False,accept,EUR,"{CHN}+{EUR,USA}","{CHN,EUR}+{USA}",0.0,,,,,,-5.029238203224651e-06,
0.9,PURE,False,accept,EUR,"{CHN}+{EUR,USA}","{CHN,USA}+{EUR}",1.0,,,,,,8.387790738506595e-05,
0.9,PURE,False,accept,EUR,"{CHN}+{EUR,USA}",{CHN}+{EUR}+{USA},0.0,,,,,,-1.0952892284255e-05,
0.9,PURE,False,accept,EUR,{CHN}+{EUR}+{USA},"{CHN,EUR,USA}",1.0,,,,,,4.4583487365024155e-05,
0.9,PURE,False,accept,EUR,{CHN}+{EUR}+{USA},"{CHN,EUR}+{USA}",1.0,,,,,,5.9236540810303495e-06,USA
0.9,PURE,False,accept,EUR,{CHN}+{EUR}+{USA},"{CHN}+{EUR,USA}",1.0,,,,,,1.0952892284255e-05,
0.9,PURE,False,accept,USA,"{CHN,EUR,USA}","{CHN,EUR}+{USA}",1.0,,,,,,3.799135640614182e-05,
0.9,PURE,False,accept,USA,"{CHN,EUR,USA}","{CHN,USA}+{EUR}",0.0,,,,,,-5.817956547771175e-05,
0.9,PURE,False,accept,USA,"{CHN,EUR,USA}","{CHN}+{EUR,USA}",1.0,,,,,,8.974792868432502e-06,
0.9,PURE,False,accept,USA,"{CHN,EUR,USA}",{CHN}+{EUR}+{USA},0.0,,,,,,-0.00010514374593562081,
0.9,PURE,False,accept,USA,"{CHN,EUR}+{USA}","{CHN,EUR,USA}",0.0,,,,,,-3.799135640614182e-05,
0.9,PURE,False,accept,USA,"{CHN,EUR}+{USA}","{CHN,USA}+{EUR}",0.0,,,,,,-9.617092188385357e-05,
0.9,PURE,False,accept,USA,"{CHN,EUR}+{USA}","{CHN}+{EUR,USA}",0.0,,,,,,-2.9016563537709317e-05,
0.9,PURE,False,accept,USA,"{CHN,USA}+{EUR}","{CHN,EUR,USA}",1.0,,,,,,5.817956547771175e-05,
0.9,PURE,False,accept,USA,"{CHN,USA}+{EUR}","{CHN,EUR}+{USA}",1.0,,,,,,9.617092188385357e-05,
0.9,PURE,False,accept,USA,"{CHN,USA}+{EUR}","{CHN}+{EUR,USA}",1.0,,,,,,6.715435834614425e-05,
0.9,PURE,False,accept,USA,"{CHN,USA}+{EUR}",{CHN}+{EUR}+{USA},0.0,,,,,,-4.6964180457909066e-05,
0.9,PURE,False,accept,USA,"{CHN}+{EUR,USA}","{CHN,EUR,USA}",0.0,,,,,,-8.974792868432502e-06,
0.9,PURE,False,accept,USA,"{CHN}+{EUR,USA}","{CHN,EUR}+{USA}",1.0,,,,,,2.9016563537709317e-05,
0.9,PURE,False,accept,USA,"{CHN}+{EUR,USA}","{CHN,USA}+{EUR}",0.0,,,,,,-6.715435834614425e-05,
0.9,PURE,False,accept,USA,"{CHN}+{EUR,USA}",{CHN}+{EUR}+{USA},0.0,,,,,,-0.00011411853880405332,
0.9,PURE,False,accept,USA,{CHN}+{EUR}+{USA},"{CHN,EUR,USA}",1.0,,,,,,0.00010514374593562081,
0.9,PURE,False,accept,USA,{CHN}+{EUR}+{USA},"{CHN,USA}+{EUR}",1.0,,,,,,4.6964180457909066e-05,"CHN,EUR"
0.9,PURE,False,accept,USA,{CHN}+{EUR}+{USA},"{CHN}+{EUR,USA}",1.0,,,,,,0.00011411853880405332,
0.92,MIXED_NONUNIQUE,True,propose,CHN,"{CHN,EUR,USA}","{CHN,EUR,USA}",1.0,True,1.0,1.0,False,,,
0.92,MIXED_NONUNIQUE,True,propose,CHN,"{CHN,EUR}+{USA}","{CHN,EUR,USA}",1.0,False,0.0740715381211458,0.0740715381211458,False,"EUR,USA",,
0.92,MIXED_NONUNIQUE,True,propose,CHN,"{CHN,USA}+{EUR}","{CHN,USA}+{EUR}",1.0,True,1.0,1.0,False,,,
0.92,MIXED_NONUNIQUE,True,propose,CHN,"{CHN}+{EUR,USA}","{CHN,EUR,USA}",1.0,False,0.055500123734246565,0.055500123734246565,False,"EUR,USA",,
0.92,MIXED_NONUNIQUE,True,propose,CHN,{CHN}+{EUR}+{USA},"{CHN,USA}+{EUR}",1.0,False,1.0,1.0,False,USA,,
0.92,MIXED_NONUNIQUE,True,propose,EUR,"{CHN,EUR,USA}","{CHN,USA}+{EUR}",1.0,False,1.0,1.0,True,,,
0.92,MIXED_NONUNIQUE,True,propose,EUR,"{CHN,EUR}+{USA}","{CHN,EUR,USA}",0.7595566642853655,False,0.0740715381211458,0.05626153041378379,False,"CHN,USA",,
0.92,MIXED_NONUNIQUE,True,propose,EUR,"{CHN,EUR}+{USA}",{CHN}+{EUR}+{USA},0.2404433357146345,False,1.0,0.2404433357146345,True,,,
0.92,MIXED_NONUNIQUE,True,propose,EUR,"{CHN,USA}+{EUR}","{CHN,USA}+{EUR}",1.0,True,1.0,1.0,False,,,
0.92,MIXED_NONUNIQUE,True,propose,EUR,"{CHN}+{EUR,USA}","{CHN,EUR,USA}",0.8569942569093083,False,0.055500123734246565,0.0475632872980053,False,"CHN,USA",,
0.92,MIXED_NONUNIQUE,True,propose,EUR,"{CHN}+{EUR,USA}",{CHN}+{EUR}+{USA},0.1430057430906917,False,1.0,0.1430057430906917,True,,,
0.92,MIXED_NONUNIQUE,True,propose,EUR,{CHN}+{EUR}+{USA},"{CHN,USA}+{EUR}",1.0,False,1.0,1.0,False,"CHN,USA",,
0.92,MIXED_NONUNIQUE,True,propose,USA,"{CHN,EUR,USA}","{CHN,EUR,USA}",0.1936385519924777,True,1.0,0.1936385519924777,False,,,
0.92,MIXED_NONUNIQUE,True,propose,USA,"{CHN,EUR,USA}","{CHN,EUR}+{USA}",0.8063614480075223,False,1.0,0.8063614480075223,True,,,
0.92,MIXED_NONUNIQUE,True,propose,USA,"{CHN,EUR}+{USA}","{CHN,EUR,USA}",0.02597120309346289,False,1.0,0.02597120309346289,False,"CHN,EUR",,
0.92,MIXED_NONUNIQUE,True,propose,USA,"{CHN,EUR}+{USA}","{CHN,EUR}+{USA}",0.9740287969065371,True,1.0,0.9740287969065371,False,,,
0.92,MIXED_NONUNIQUE,True,propose,USA,"{CHN,USA}+{EUR}","{CHN,USA}+{EUR}",1.0,True,1.0,1.0,False,,,
0.92,MIXED_NONUNIQUE,True,propose,USA,"{CHN}+{EUR,USA}","{CHN,EUR,USA}",0.0285486386813,False,1.0,0.0285486386813,False,"CHN,EUR",,
0.92,MIXED_NONUNIQUE,True,propose,USA,"{CHN}+{EUR,USA}","{CHN}+{EUR,USA}",0.9714513613187,True,1.0,0.9714513613187,False,,,
0.92,MIXED_NONUNIQUE,True,propose,USA,{CHN}+{EUR}+{USA},"{CHN,EUR,USA}",1.0,False,1.0,1.0,False,"CHN,EUR",,
0.92,MIXED_NONUNIQUE,True,accept,CHN,"{CHN,EUR,USA}","{CHN,EUR}+{USA}",0.0,,,,,,-0.00010469729390649718,
0.92,MIXED_NONUNIQUE,True,accept,CHN,"{CHN,EUR,USA}","{CHN,USA}+{EUR}",1.0,,,,,,6.78955601696174e-05,
0.92,MIXED_NONUNIQUE,True,accept,CHN,"{CHN,EUR,USA}","{CHN}+{EUR,USA}",0.0,,,,,,-0.00018685436520549104,
0.92,MIXED_NONUNIQUE,True,accept,CHN,"{CHN,EUR,USA}",{CHN}+{EUR}+{USA},0.0,,,,,,-0.0002586011859744275,
0.92,MIXED_NONUNIQUE,True,accept,CHN,"{CHN,EUR}+{USA}","{CHN,EUR,USA}",1.0,,,,,,0.00010469729390649718,"EUR,USA"
0.92,MIXED_NONUNIQUE,True,accept,CHN,"{CHN,EUR}+{USA}","{CHN,USA}+{EUR}",1.0,,,,,,0.00017259285407611458,
0.92,MIXED_NONUNIQUE,True,accept,CHN,"{CHN,EUR}+{USA}","{CHN}+{EUR,USA}",0.0,,,,,,-8.215707129899386e-05,
0.92,MIXED_NONUNIQUE,True,accept,CHN,"{CHN,EUR}+{USA}",{CHN}+{EUR}+{USA},0.0,,,,,,-0.00015390389206793031,
0.92,MIXED_NONUNIQUE,True,accept,CHN,"{CHN,USA}+{EUR}","{CHN,EUR,USA}",0.0,,,,,,-6.78955601696174e-05,
0.92,MIXED_NONUNIQUE,True,accept,CHN,"{CHN,USA}+{EUR}","{CHN,EUR}+{USA}",0.0,,,,,,-0.00017259285407611458,
0.92,MIXED_NONUNIQUE,True,accept,CHN,"{CHN,USA}+{EUR}","{CHN}+{EUR,USA}",0.0,,,,,,-0.00025474992537510843,
0.92,MIXED_NONUNIQUE,True,accept,CHN,"{CHN,USA}+{EUR}",{CHN}+{EUR}+{USA},0.0,,,,,,-0.0003264967461440449,
0.92,MIXED_NONUNIQUE,True,accept,CHN,"{CHN}+{EUR,USA}","{CHN,EUR,USA}",1.0,,,,,,0.00018685436520549104,"EUR,USA"
0.92,MIXED_NONUNIQUE,True,accept,CHN,"{CHN}+{EUR,USA}","{CHN,EUR}+{USA}",1.0,,,,,,8.215707129899386e-05,
0.92,MIXED_NONUNIQUE,True,accept,CHN,"{CHN}+{EUR,USA}","{CHN,USA}+{EUR}",1.0,,,,,,0.00025474992537510843,
0.92,MIXED_NONUNIQUE,True,accept,CHN,{CHN}+{EUR}+{USA},"{CHN,EUR,USA}",1.0,,,,,,0.0002586011859744275,USA
0.92,MIXED_NONUNIQUE,True,accept,CHN,{CHN}+{EUR}+{USA},"{CHN,EUR}+{USA}",1.0,,,,,,0.00015390389206793031,
0.92,MIXED_NONUNIQUE,True,accept,CHN,{CHN}+{EUR}+{USA},"{CHN,USA}+{EUR}",1.0,,,,,,0.0003264967461440449,EUR
0.92,MIXED_NONUNIQUE,True,accept,EUR,"{CHN,EUR,USA}","{CHN,EUR}+{USA}",0.0,,,,,,-3.09145943213629e-05,
0.92,MIXED_NONUNIQUE,True,accept,EUR,"{CHN,EUR,USA}","{CHN,USA}+{EUR}",1.0,,,,,,3.735897407386446e-05,
0.92,MIXED_NONUNIQUE,True,accept,EUR,"{CHN,EUR,USA}","{CHN}+{EUR,USA}",0.0,,,,,,-3.030673003667772e-05,
0.92,MIXED_NONUNIQUE,True,accept,EUR,"{CHN,EUR,USA}",{CHN}+{EUR}+{USA},0.0,,,,,,-2.8624702769430854e-05,
0.92,MIXED_NONUNIQUE,True,accept,EUR,"{CHN,EUR}+{USA}","{CHN,EUR,USA}",1.0,,,,,,3.09145943213629e-05,"CHN,USA"
0.92,MIXED_NONUNIQUE,True,accept,EUR,"{CHN,EUR}+{USA}","{CHN,USA}+{EUR}",1.0,,,,,,6.827356839522736e-05,
0.92,MIXED_NONUNIQUE,True,accept,EUR,"{CHN,EUR}+{USA}","{CHN}+{EUR,USA}",1.0,,,,,,6.078642846851778e-07,
0.92,MIXED_NONUNIQUE,True,accept,EUR,"{CHN,EUR}+{USA}",{CHN}+{EUR}+{USA},1.0,,,,,,2.289891551932044e-06,
0.92,MIXED_NONUNIQUE,True,accept,EUR,"{CHN,USA}+{EUR}","{CHN,EUR,USA}",0.0,,,,,,-3.735897407386446e-05,
0.92,MIXED_NONUNIQUE,True,accept,EUR,"{CHN,USA}+{EUR}","{CHN,EUR}+{USA}",0.0,,,,,,-6.827356839522736e-05,
0.92,MIXED_NONUNIQUE,True,accept,EUR,"{CHN,USA}+{EUR}","{CHN}+{EUR,USA}",0.0,,,,,,-6.766570411054218e-05,
0.92,MIXED_NONUNIQUE,True,accept,EUR,"{CHN}+{EUR,USA}","{CHN,EUR,USA}",1.0,,,,,,3.030673003667772e-05,"CHN,USA"
0.92,MIXED_NONUNIQUE,True,accept,EUR,"{CHN}+{EUR,USA}","{CHN,EUR}+{USA}",0.0,,,,,,-6.078642846851778e-07,
0.92,MIXED_NONUNIQUE,True,accept,EUR,"{CHN}+{EUR,USA}","{CHN,USA}+{EUR}",1.0,,,,,,6.766570411054218e-05,
0.92,MIXED_NONUNIQUE,True,accept,EUR,"{CHN}+{EUR,USA}",{CHN}+{EUR}+{USA},1.0,,,,,,1.6820272672468661e-06,
0.92,MIXED_NONUNIQUE,True,accept,EUR,{CHN}+{EUR}+{USA},"{CHN,EUR,USA}",1.0,,,,,,2.8624702769430854e-05,USA
0.92,MIXED_NONUNIQUE,True,accept,EUR,{CHN}+{EUR}+{USA},"{CHN,EUR}+{USA}",0.0,,,,,,-2.289891551932044e-06,
0.92,MIXED_NONUNIQUE,True,accept,EUR,{CHN}+{EUR}+{USA},"{CHN}+{EUR,USA}",0.0,,,,,,-1.6820272672468661e-06,
0.92,MIXED_NONUNIQUE,True,accept,USA,"{CHN,EUR,USA}","{CHN,EUR}+{USA}",0.9258858379922144,,,,,,0.0,
0.92,MIXED_NONUNIQUE,True,accept,USA,"{CHN,EUR,USA}","{CHN,USA}+{EUR}",0.0,,,,,,-2.4567764004945758e-05,
0.92,MIXED_NONUNIQUE,True,accept,USA,"{CHN,EUR,USA}","{CHN}+{EUR,USA}",0.9444438661343757,,,,,,0.0,
0.92,MIXED_NONUNIQUE,True,accept,USA,"{CHN,EUR,USA}",{CHN}+{EUR}+{USA},0.0,,,,,,-7.76860153286485e-05,
0.92,MIXED_NONUNIQUE,True,accept,USA,"{CHN,EUR}+{USA}","{CHN,EUR,USA}",0.0740715381211458,,,,,,0.0,"CHN,EUR"
0.92,MIXED_NONUNIQUE,True,accept,USA,"{CHN,EUR}+{USA}","{CHN,USA}+{EUR}",0.0,,,,,,-2.4567764004945758e-05,
0.92,MIXED_NONUNIQUE,True,accept,USA,"{CHN,EUR}+{USA}","{CHN}+{EUR,USA}",0.5764111738666472,,,,,,0.0,
0.92,MIXED_NONUNIQUE,True,accept,USA,"{CHN,USA}+{EUR}","{CHN,EUR,USA}",1.0,,,,,,2.4567764004945758e-05,
0.92,MIXED_NONUNIQUE,True,accept,USA,"{CHN,USA}+{EUR}","{CHN,EUR}+{USA}",1.0,,,,,,2.4567764004945758e-05,
0.92,MIXED_NONUNIQUE,True,accept,USA,"{CHN,USA}+{EUR}","{CHN}+{EUR,USA}",1.0,,,,,,2.4567764004945758e-05,
0.92,MIXED_NONUNIQUE,True,accept,USA,"{CHN,USA}+{EUR}",{CHN}+{EUR}+{USA},0.0,,,,,,-5.3118251323702736e-05,
0.92,MIXED_NONUNIQUE,True,accept,USA,"{CHN}+{EUR,USA}","{CHN,EUR,USA}",0.055500123734246565,,,,,,0.0,"CHN,EUR"
0.92,MIXED_NONUNIQUE,True,accept,USA,"{CHN}+{EUR,USA}","{CHN,EUR}+{USA}",0.42358882613335286,,,,,,0.0,
0.92,MIXED_NONUNIQUE,True,accept,USA,"{CHN}+{EUR,USA}","{CHN,USA}+{EUR}",0.0,,,,,,-2.4567764004945758e-05,
0.92,MIXED_NONUNIQUE,True,accept,USA,"{CHN}+{EUR,USA}",{CHN}+{EUR}+{USA},0.0,,,,,,-7.76860153286485e-05,
0.92,MIXED_NONUNIQUE,True,accept,USA,{CHN}+{EUR}+{USA},"{CHN,EUR,USA}",1.0,,,,,,7.76860153286485e-05,
0.92,MIXED_NONUNIQUE,True,accept,USA,{CHN}+{EUR}+{USA},"{CHN,USA}+{EUR}",1.0,,,,,,5.3118251323702736e-05,"CHN,EUR"
0.92,MIXED_NONUNIQUE,True,accept,USA,{CHN}+{EUR}+{USA},"{CHN}+{EUR,USA}",1.0,,,,,,7.76860153286485e-05,
0.94,MIXED_NONUNIQUE,True,propose,CHN,"{CHN,EUR,USA}","{CHN,EUR,USA}",1.0,True,1.0,1.0,False,,,
0.94,MIXED_NONUNIQUE,True,propose,CHN,"{CHN,EUR}+{USA}","{CHN,EUR,USA}",1.0,False,0.023805292954587012,0.023805292954587012,False,"EUR,USA",,
0.94,MIXED_NONUNIQUE,True,propose,CHN,"{CHN,USA}+{EUR}","{CHN,USA}+{EUR}",1.0,True,1.0,1.0,False,,,
0.94,MIXED_NONUNIQUE,True,propose,CHN,"{CHN}+{EUR,USA}","{CHN,EUR,USA}",1.0,False,0.0,0.0,False,"EUR,USA",,
0.94,MIXED_NONUNIQUE,True,propose,CHN,{CHN}+{EUR}+{USA},"{CHN,USA}+{EUR}",1.0,False,1.0,1.0,False,USA,,
0.94,MIXED_NONUNIQUE,True,propose,EUR,"{CHN,EUR,USA}","{CHN,USA}+{EUR}",1.0,False,1.0,1.0,True,,,
0.94,MIXED_NONUNIQUE,True,propose,EUR,"{CHN,EUR}+{USA}","{CHN,EUR,USA}",0.7480721275367048,False,0.023805292954587012,0.017808076147172437,False,"CHN,USA",,
0.94,MIXED_NONUNIQUE,True,propose,EUR,"{CHN,EUR}+{USA}",{CHN}+{EUR}+{USA},0.2519278724632952,False,1.0,0.2519278724632952,True,,,
0.94,MIXED_NONUNIQUE,True,propose,EUR,"{CHN,USA}+{EUR}","{CHN,USA}+{EUR}",1.0,True,1.0,1.0,False,,,
0.94,MIXED_NONUNIQUE,True,propose,EUR,"{CHN}+{EUR,USA}","{CHN,EUR,USA}",0.8429010599846386,False,0.0,0.0,False,"CHN,USA",,
0.94,MIXED_NONUNIQUE,True,propose,EUR,"{CHN}+{EUR,USA}",{CHN}+{EUR}+{USA},0.1570989400153614,False,1.0,0.1570989400153614,True,,,
0.94,MIXED_NONUNIQUE,True,propose,EUR,{CHN}+{EUR}+{USA},"{CHN,USA}+{EUR}",1.0,False,1.0,1.0,False,"CHN,USA",,
0.94,MIXED_NONUNIQUE,True,propose,USA,"{CHN,EUR,USA}","{CHN,EUR}+{USA}",1.0,False,1.0,1.0,True,,,
0.94,MIXED_NONUNIQUE,True,propose,USA,"{CHN,EUR}+{USA}","{CHN,EUR,USA}",0.3100153205649193,False,1.0,0.3100153205649193,False,"CHN,EUR",,
0.94,MIXED_NONUNIQUE,True,propose,USA,"{CHN,EUR}+{USA}","{CHN,EUR}+{USA}",0.6899846794350807,True,1.0,0.6899846794350807,False,,,
0.94,MIXED_NONUNIQUE,True,propose,USA,"{CHN,USA}+{EUR}","{CHN,USA}+{EUR}",1.0,True,1.0,1.0,False,,,
0.94,MIXED_NONUNIQUE,True,propose,USA,"{CHN}+{EUR,USA}","{CHN,EUR,USA}",0.3224157739690244,False,1.0,0.3224157739690244,False,"CHN,EUR",,
0.94,MIXED_NONUNIQUE,True,propose,USA,"{CHN}+{EUR,USA}","{CHN}+{EUR,USA}",0.6775842260309757,True,1.0,0.6775842260309757,False,,,
0.94,MIXED_NONUNIQUE,True,propose,USA,{CHN}+{EUR}+{USA},"{CHN,EUR,USA}",1.0,False,1.0,1.0,False,"CHN,EUR",,
0.94,MIXED_NONUNIQUE,True,accept,CHN,"{CHN,EUR,USA}","{CHN,EUR}+{USA}",0.0,,,,,,-6.847641992635545e-05,
0.94,MIXED_NONUNIQUE,True,accept,CHN,"{CHN,EUR,USA}","{CHN,USA}+{EUR}",1.0,,,,,,5.8200453242562844e-05,
0.94,MIXED_NONUNIQUE,True,accept,CHN,"{CHN,EUR,USA}","{CHN}+{EUR,USA}",0.0,,,,,,-0.0001160873774672666,
0.94,MIXED_NONUNIQUE,True,accept,CHN,"{CHN,EUR,USA}",{CHN}+{EUR}+{USA},0.0,,,,,,-0.0001892922695425625,
0.94,MIXED_NONUNIQUE,True,accept,CHN,"{CHN,EUR}+{USA}","{CHN,EUR,USA}",1.0,,,,,,6.847641992635545e-05,"EUR,USA"
0.94,MIXED_NONUNIQUE,True,accept,CHN,"{CHN,EUR}+{USA}","{CHN,USA}+{EUR}",1.0,,,,,,0.0001266768731689183,
0.94,MIXED_NONUNIQUE,True,accept,CHN,"{CHN,EUR}+{USA}","{CHN}+{EUR,USA}",0.0,,,,,,-4.761095754091116e-05,
0.94,MIXED_NONUNIQUE,True,accept,CHN,"{CHN,EUR}+{USA}",{CHN}+{EUR}+{USA},0.0,,,,,,-0.00012081584961620706,
0.94,MIXED_NONUNIQUE,True,accept,CHN,"{CHN,USA}+{EUR}","{CHN,EUR,USA}",0.0,,,,,,-5.8200453242562844e-05,
0.94,MIXED_NONUNIQUE,True,accept,CHN,"{CHN,USA}+{EUR}","{CHN,EUR}+{USA}",0.0,,,,,,-0.0001266768731689183,
0.94,MIXED_NONUNIQUE,True,accept,CHN,"{CHN,USA}+{EUR}","{CHN}+{EUR,USA}",0.0,,,,,,-0.00017428783070982945,
0.94,MIXED_NONUNIQUE,True,accept,CHN,"{CHN,USA}+{EUR}",{CHN}+{EUR}+{USA},0.0,,,,,,-0.00024749272278512535,
0.94,MIXED_NONUNIQUE,True,accept,CHN,"{CHN}+{EUR,USA}","{CHN,EUR,USA}",1.0,,,,,,0.0001160873774672666,"EUR,USA"
0.94,MIXED_NONUNIQUE,True,accept,CHN,"{CHN}+{EUR,USA}","{CHN,EUR}+{USA}",1.0,,,,,,4.761095754091116e-05,
0.94,MIXED_NONUNIQUE,True,accept,CHN,"{CHN}+{EUR,USA}","{CHN,USA}+{EUR}",1.0,,,,,,0.00017428783070982945,
0.94,MIXED_NONUNIQUE,True,accept,CHN,{CHN}+{EUR}+{USA},"{CHN,EUR,USA}",1.0,,,,,,0.0001892922695425625,USA
0.94,MIXED_NONUNIQUE,True,accept,CHN,{CHN}+{EUR}+{USA},"{CHN,EUR}+{USA}",1.0,,,,,,0.00012081584961620706,
0.94,MIXED_NONUNIQUE,True,accept,CHN,{CHN}+{EUR}+{USA},"{CHN,USA}+{EUR}",1.0,,,,,,0.00024749272278512535,EUR
0.94,MIXED_NONUNIQUE,True,accept,EUR,"{CHN,EUR,USA}","{CHN,EUR}+{USA}",0.0,,,,,,-2.0298663227169556e-05,
0.94,MIXED_NONUNIQUE,True,accept,EUR,"{CHN,EUR,USA}","{CHN,USA}+{EUR}",1.0,,,,,,3.0698659213346247e-05,
0.94,MIXED_NONUNIQUE,True,accept,EUR,"{CHN,EUR,USA}","{CHN}+{EUR,USA}",0.0,,,,,,-1.981544760187859e-05,
0.94,MIXED_NONUNIQUE,True,accept,EUR,"{CHN,EUR,USA}",{CHN}+{EUR}+{USA},0.0,,,,,,-1.9815447602322678e-05,
0.94,MIXED_NONUNIQUE,True,accept,EUR,"{CHN,EUR}+{USA}","{CHN,EUR,USA}",1.0,,,,,,2.0298663227169556e-05,"CHN,USA"
0.94,MIXED_NONUNIQUE,True,accept,EUR,"{CHN,EUR}+{USA}","{CHN,USA}+{EUR}",1.0,,,,,,5.09973224405158e-05,
0.94,MIXED_NONUNIQUE,True,accept,EUR,"{CHN,EUR}+{USA}","{CHN}+{EUR,USA}",1.0,,,,,,4.83215625290967e-07,
0.94,MIXED_NONUNIQUE,True,accept,EUR,"{CHN,EUR}+{USA}",{CHN}+{EUR}+{USA},1.0,,,,,,4.832156248468777e-07,
0.94,MIXED_NONUNIQUE,True,accept,EUR,"{CHN,USA}+{EUR}","{CHN,EUR,USA}",0.0,,,,,,-3.0698659213346247e-05,
0.94,MIXED_NONUNIQUE,True,accept,EUR,"{CHN,USA}+{EUR}","{CHN,EUR}+{USA}",0.0,,,,,,-5.09973224405158e-05,
0.94,MIXED_NONUNIQUE,True,accept,EUR,"{CHN,USA}+{EUR}","{CHN}+{EUR,USA}",0.0,,,,,,-5.0514106815224835e-05,
0.94,MIXED_NONUNIQUE,True,accept,EUR,"{CHN}+{EUR,USA}","{CHN,EUR,USA}",1.0,,,,,,1.981544760187859e-05,"CHN,USA"
0.94,MIXED_NONUNIQUE,True,accept,EUR,"{CHN}+{EUR,USA}","{CHN,EUR}+{USA}",0.0,,,,,,-4.83215625290967e-07,
0.94,MIXED_NONUNIQUE,True,accept,EUR,"{CHN}+{EUR,USA}","{CHN,USA}+{EUR}",1.0,,,,,,5.0514106815224835e-05,
0.94,MIXED_NONUNIQUE,True,accept,EUR,"{CHN}+{EUR,USA}",{CHN}+{EUR}+{USA},1.0,,,,,,-4.440892098500626e-16,
0.94,MIXED_NONUNIQUE,True,accept,EUR,{CHN}+{EUR}+{USA},"{CHN,EUR,USA}",1.0,,,,,,1.9815447602322678e-05,USA
0.94,MIXED_NONUNIQUE,True,accept,EUR,{CHN}+{EUR}+{USA},"{CHN,EUR}+{USA}",0.0,,,,,,-4.832156248468777e-07,
0.94,MIXED_NONUNIQUE,True,accept,EUR,{CHN}+{EUR}+{USA},"{CHN}+{EUR,USA}",1.0,,,,,,4.440892098500626e-16,
0.94,MIXED_NONUNIQUE,True,accept,USA,"{CHN,EUR,USA}","{CHN,EUR}+{USA}",0.49999999999999983,,,,,,0.0,
0.94,MIXED_NONUNIQUE,True,accept,USA,"{CHN,EUR,USA}","{CHN,USA}+{EUR}",0.0,,,,,,-1.90838881111155e-05,
0.94,MIXED_NONUNIQUE,True,accept,USA,"{CHN,EUR,USA}","{CHN}+{EUR,USA}",0.4999999999999998,,,,,,0.0,
0.94,MIXED_NONUNIQUE,True,accept,USA,"{CHN,EUR,USA}",{CHN}+{EUR}+{USA},0.0,,,,,,-5.859354405046702e-05,
0.94,MIXED_NONUNIQUE,True,accept,USA,"{CHN,EUR}+{USA}","{CHN,EUR,USA}",0.023805292954587012,,,,,,0.0,"CHN,EUR"
0.94,MIXED_NONUNIQUE,True,accept,USA,"{CHN,EUR}+{USA}","{CHN,USA}+{EUR}",0.0,,,,,,-1.90838881111155e-05,
0.94,MIXED_NONUNIQUE,True,accept,USA,"{CHN,EUR}+{USA}","{CHN}+{EUR,USA}",0.5,,,,,,0.0,
0.94,MIXED_NONUNIQUE,True,accept,USA,"{CHN,USA}+{EUR}","{CHN,EUR,USA}",1.0,,,,,,1.90838881111155e-05,
0.94,MIXED_NONUNIQUE,True,accept,USA,"{CHN,USA}+{EUR}","{CHN,EUR}+{USA}",1.0,,,,,,1.90838881111155e-05,
0.94,MIXED_NONUNIQUE,True,accept,USA,"{CHN,USA}+{EUR}","{CHN}+{EUR,USA}",1.0,,,,,,1.90838881111155e-05,
0.94,MIXED_NONUNIQUE,True,accept,USA,"{CHN,USA}+{EUR}",{CHN}+{EUR}+{USA},0.0,,,,,,-3.950965593935152e-05,
0.94,MIXED_NONUNIQUE,True,accept,USA,"{CHN}+{EUR,USA}","{CHN,EUR,USA}",0.0,,,,,,0.0,"CHN,EUR"
0.94,MIXED_NONUNIQUE,True,accept,USA,"{CHN}+{EUR,USA}","{CHN,EUR}+{USA}",0.5,,,,,,0.0,
0.94,MIXED_NONUNIQUE,True,accept,USA,"{CHN}+{EUR,USA}","{CHN,USA}+{EUR}",0.0,,,,,,-1.90838881111155e-05,
0.94,MIXED_NONUNIQUE,True,accept,USA,"{CHN}+{EUR,USA}",{CHN}+{EUR}+{USA},0.0,,,,,,-5.859354405046702e-05,
0.94,MIXED_NONUNIQUE,True,accept,USA,{CHN}+{EUR}+{USA},"{CHN,EUR,USA}",1.0,,,,,,5.859354405046702e-05,
0.94,MIXED_NONUNIQUE,True,accept,USA,{CHN}+{EUR}+{USA},"{CHN,USA}+{EUR}",1.0,,,,,,3.950965593935152e-05,"CHN,EUR"
0.94,MIXED_NONUNIQUE,True,accept,USA,{CHN}+{EUR}+{USA},"{CHN}+{EUR,USA}",1.0,,,,,,5.859354405046702e-05,
0.95,MIXED_NONUNIQUE,True,propose,CHN,"{CHN,EUR,USA}","{CHN,EUR,USA}",1.0,True,1.0,1.0,False,,,
0.95,MIXED_NONUNIQUE,True,propose,CHN,"{CHN,EUR}+{USA}","{CHN,EUR,USA}",1.0,False,0.04771155675530288,0.04771155675530288,False,"EUR,USA",,
0.95,MIXED_NONUNIQUE,True,propose,CHN,"{CHN,USA}+{EUR}","{CHN,USA}+{EUR}",1.0,True,1.0,1.0,False,,,
0.95,MIXED_NONUNIQUE,True,propose,CHN,"{CHN}+{EUR,USA}","{CHN,EUR,USA}",1.0,False,0.0,0.0,False,"EUR,USA",,
0.95,MIXED_NONUNIQUE,True,propose,CHN,{CHN}+{EUR}+{USA},"{CHN,USA}+{EUR}",1.0,False,1.0,1.0,False,USA,,
0.95,MIXED_NONUNIQUE,True,propose,EUR,"{CHN,EUR,USA}","{CHN,USA}+{EUR}",1.0,False,1.0,1.0,True,,,
0.95,MIXED_NONUNIQUE,True,propose,EUR,"{CHN,EUR}+{USA}","{CHN,EUR,USA}",0.7421372818425371,False,0.04771155675530288,0.035408525042856416,False,"CHN,USA",,
0.95,MIXED_NONUNIQUE,True,propose,EUR,"{CHN,EUR}+{USA}",{CHN}+{EUR}+{USA},0.25786271815746287,False,1.0,0.25786271815746287,True,,,
0.95,MIXED_NONUNIQUE,True,propose,EUR,"{CHN,USA}+{EUR}","{CHN,USA}+{EUR}",1.0,True,1.0,1.0,False,,,
0.95,MIXED_NONUNIQUE,True,propose,EUR,"{CHN}+{EUR,USA}","{CHN,EUR,USA}",0.8356910113370353,False,0.0,0.0,False,"CHN,USA",,
0.95,MIXED_NONUNIQUE,True,propose,EUR,"{CHN}+{EUR,USA}",{CHN}+{EUR}+{USA},0.16430898866296473,False,1.0,0.16430898866296473,True,,,
0.95,MIXED_NONUNIQUE,True,propose,EUR,{CHN}+{EUR}+{USA},"{CHN,USA}+{EUR}",1.0,False,1.0,1.0,False,"CHN,USA",,
0.95,MIXED_NONUNIQUE,True,propose,USA,"{CHN,EUR,USA}","{CHN,EUR}+{USA}",1.0,False,1.0,1.0,True,,,
0.95,MIXED_NONUNIQUE,True,propose,USA,"{CHN,EUR}+{USA}","{CHN,EUR,USA}",0.33015723597129054,False,1.0,0.33015723597129054,False,"CHN,EUR",,
0.95,MIXED_NONUNIQUE,True,propose,USA,"{CHN,EUR}+{USA}","{CHN,EUR}+{USA}",0.6698427640287095,True,1.0,0.6698427640287095,False,,,
0.95,MIXED_NONUNIQUE,True,propose,USA,"{CHN,USA}+{EUR}","{CHN,USA}+{EUR}",1.0,True,1.0,1.0,False,,,
0.95,MIXED_NONUNIQUE,True,propose,USA,"{CHN}+{EUR,USA}","{CHN,EUR,USA}",0.40564300185257424,False,1.0,0.40564300185257424,False,"CHN,EUR",,
0.95,MIXED_NONUNIQUE,True,propose,USA,"{CHN}+{EUR,USA}","{CHN}+{EUR,USA}",0.5943569981474257,True,1.0,0.5943569981474257,False,,,
0.95,MIXED_NONUNIQUE,True,propose,USA,{CHN}+{EUR}+{USA},"{CHN,EUR,USA}",1.0,False,1.0,1.0,False,"CHN,EUR",,
0.95,MIXED_NONUNIQUE,True,accept,CHN,"{CHN,EUR,USA}","{CHN,EUR}+{USA}",0.0,,,,,,-5.710193749308701e-05,
0.95,MIXED_NONUNIQUE,True,accept,CHN,"{CHN,EUR,USA}","{CHN,USA}+{EUR}",1.0,,,,,,4.993400124497782e-05,
0.95,MIXED_NONUNIQUE,True,accept,CHN,"{CHN,EUR,USA}","{CHN}+{EUR,USA}",0.0,,,,,,-9.17752556031104e-05,
0.95,MIXED_NONUNIQUE,True,accept,CHN,"{CHN,EUR,USA}",{CHN}+{EUR}+{USA},0.0,,,,,,-0.0001569255831235239,
0.95,MIXED_NONUNIQUE,True,accept,CHN,"{CHN,EUR}+{USA}","{CHN,EUR,USA}",1.0,,,,,,5.710193749308701e-05,"EUR,USA"
0.95,MIXED_NONUNIQUE,True,accept,CHN,"{CHN,EUR}+{USA}","{CHN,USA}+{EUR}",1.0,,,,,,0.00010703593873806483,
0.95,MIXED_NONUNIQUE,True,accept,CHN,"{CHN,EUR}+{USA}","{CHN}+{EUR,USA}",0.0,,,,,,-3.467331811002339e-05,
0.95,MIXED_NONUNIQUE,True,accept,CHN,"{CHN,EUR}+{USA}",{CHN}+{EUR}+{USA},0.0,,,,,,-9.982364563043689e-05,
0.95,MIXED_NONUNIQUE,True,accept,CHN,"{CHN,USA}+{EUR}","{CHN,EUR,USA}",0.0,,,,,,-4.993400124497782e-05,
0.95,MIXED_NONUNIQUE,True,accept,CHN,"{CHN,USA}+{EUR}","{CHN,EUR}+{USA}",0.0,,,,,,-0.00010703593873806483,
0.95,MIXED_NONUNIQUE,True,accept,CHN,"{CHN,USA}+{EUR}","{CHN}+{EUR,USA}",0.0,,,,,,-0.00014170925684808822,
0.95,MIXED_NONUNIQUE,True,accept,CHN,"{CHN,USA}+{EUR}",{CHN}+{EUR}+{USA},0.0,,,,,,-0.00020685958436850171,
0.95,MIXED_NONUNIQUE,True,accept,CHN,"{CHN}+{EUR,USA}","{CHN,EUR,USA}",1.0,,,,,,9.17752556031104e-05,"EUR,USA"
0.95,MIXED_NONUNIQUE,True,accept,CHN,"{CHN}+{EUR,USA}","{CHN,EUR}+{USA}",1.0,,,,,,3.467331811002339e-05,
0.95,MIXED_NONUNIQUE,True,accept,CHN,"{CHN}+{EUR,USA}","{CHN,USA}+{EUR}",1.0,,,,,,0.00014170925684808822,
0.95,MIXED_NONUNIQUE,True,accept,CHN,{CHN}+{EUR}+{USA},"{CHN,EUR,USA}",1.0,,,,,,0.0001569255831235239,USA
0.95,MIXED_NONUNIQUE,True,accept,CHN,{CHN}+{EUR}+{USA},"{CHN,EUR}+{USA}",1.0,,,,,,9.982364563043689e-05,
0.95,MIXED_NONUNIQUE,True,accept,CHN,{CHN}+{EUR}+{USA},"{CHN,USA}+{EUR}",1.0,,,,,,0.00020685958436850171,EUR
0.95,MIXED_NONUNIQUE,True,accept,EUR,"{CHN,EUR,USA}","{CHN,EUR}+{USA}",0.0,,,,,,-1.6958822186108335e-05,
0.95,MIXED_NONUNIQUE,True,accept,EUR,"{CHN,EUR,USA}","{CHN,USA}+{EUR}",1.0,,,,,,2.623849407434875e-05,
0.95,MIXED_NONUNIQUE,True,accept,EUR,"{CHN,EUR,USA}","{CHN}+{EUR,USA}",0.0,,,,,,-1.6149690378330916e-05,
0.95,MIXED_NONUNIQUE,True,accept,EUR,"{CHN,EUR,USA}",{CHN}+{EUR}+{USA},0.0,,,,,,-1.6149690378775006e-05,
0.95,MIXED_NONUNIQUE,True,accept,EUR,"{CHN,EUR}+{USA}","{CHN,EUR,USA}",1.0,,,,,,1.6958822186108335e-05,"CHN,USA"
0.95,MIXED_NONUNIQUE,True,accept,EUR,"{CHN,EUR}+{USA}","{CHN,USA}+{EUR}",1.0,,,,,,4.3197316260457086e-05,
0.95,MIXED_NONUNIQUE,True,accept,EUR,"{CHN,EUR}+{USA}","{CHN}+{EUR,USA}",1.0,,,,,,8.09131807777419e-07,
0.95,MIXED_NONUNIQUE,True,accept,EUR,"{CHN,EUR}+{USA}",{CHN}+{EUR}+{USA},1.0,,,,,,8.091318073333298e-07,
0.95,MIXED_NONUNIQUE,True,accept,EUR,"{CHN,USA}+{EUR}","{CHN,EUR,USA}",0.0,,,,,,-2.623849407434875e-05,
0.95,MIXED_NONUNIQUE,True,accept,EUR,"{CHN,USA}+{EUR}","{CHN,EUR}+{USA}",0.0,,,,,,-4.3197316260457086e-05,
0.95,MIXED_NONUNIQUE,True,accept,EUR,"{CHN,USA}+{EUR}","{CHN}+{EUR,USA}",0.0,,,,,,-4.238818445267967e-05,
0.95,MIXED_NONUNIQUE,True,accept,EUR,"{CHN}+{EUR,USA}","{CHN,EUR,USA}",1.0,,,,,,1.6149690378330916e-05,"CHN,USA"
0.95,MIXED_NONUNIQUE,True,accept,EUR,"{CHN}+{EUR,USA}","{CHN,EUR}+{USA}",0.0,,,,,,-8.09131807777419e-07,
0.95,MIXED_NONUNIQUE,True,accept,EUR,"{CHN}+{EUR,USA}","{CHN,USA}+{EUR}",1.0,,,,,,4.238818445267967e-05,
0.95,MIXED_NONUNIQUE,True,accept,EUR,"{CHN}+{EUR,USA}",{CHN}+{EUR}+{USA},1.0,,,,,,-4.440892098500626e-16,
0.95,MIXED_NONUNIQUE,True,accept,EUR,{CHN}+{EUR}+{USA},"{CHN,EUR,USA}",1.0,,,,,,1.6149690378775006e-05,USA
0.95,MIXED_NONUNIQUE,True,accept,EUR,{CHN}+{EUR}+{USA},"{CHN,EUR}+{USA}",0.0,,,,,,-8.091318073333298e-07,
0.95,MIXED_NONUNIQUE,True,accept,EUR,{CHN}+{EUR}+{USA},"{CHN}+{EUR,USA}",1.0,,,,,,4.440892098500626e-16,
0.95,MIXED_NONUNIQUE,True,accept,USA,"{CHN,EUR,USA}","{CHN,EUR}+{USA}",0.5000000000000001,,,,,,0.0,
0.95,MIXED_NONUNIQUE,True,accept,USA,"{CHN,EUR,USA}","{CHN,USA}+{EUR}",0.0,,,,,,-1.6192389912461636e-05,
0.95,MIXED_NONUNIQUE,True,accept,USA,"{CHN,EUR,USA}","{CHN}+{EUR,USA}",0.4999999999999997,,,,,,0.0,
0.95,MIXED_NONUNIQUE,True,accept,USA,"{CHN,EUR,USA}",{CHN}+{EUR}+{USA},0.0,,,,,,-4.897252828506282e-05,
0.95,MIXED_NONUNIQUE,True,accept,USA,"{CHN,EUR}+{USA}","{CHN,EUR,USA}",0.04771155675530288,,,,,,0.0,"CHN,EUR"
0.95,MIXED_NONUNIQUE,True,accept,USA,"{CHN,EUR}+{USA}","{CHN,USA}+{EUR}",0.0,,,,,,-1.6192389912461636e-05,
0.95,MIXED_NONUNIQUE,True,accept,USA,"{CHN,EUR}+{USA}","{CHN}+{EUR,USA}",0.5,,,,,,0.0,
0.95,MIXED_NONUNIQUE,True,accept,USA,"{CHN,USA}+{EUR}","{CHN,EUR,USA}",1.0,,,,,,1.6192389912461636e-05,
0.95,MIXED_NONUNIQUE,True,accept,USA,"{CHN,USA}+{EUR}","{CHN,EUR}+{USA}",1.0,,,,,,1.6192389912461636e-05,
0.95,MIXED_NONUNIQUE,True,accept,USA,"{CHN,USA}+{EUR}","{CHN}+{EUR,USA}",1.0,,,,,,1.6192389912461636e-05,
0.95,MIXED_NONUNIQUE,True,accept,USA,"{CHN,USA}+{EUR}",{CHN}+{EUR}+{USA},0.0,,,,,,-3.2780138372601186e-05,
0.95,MIXED_NONUNIQUE,True,accept,USA,"{CHN}+{EUR,USA}","{CHN,EUR,USA}",0.0,,,,,,0.0,"CHN,EUR"
0.95,MIXED_NONUNIQUE,True,accept,USA,"{CHN}+{EUR,USA}","{CHN,EUR}+{USA}",0.5,,,,,,0.0,
0.95,MIXED_NONUNIQUE,True,accept,USA,"{CHN}+{EUR,USA}","{CHN,USA}+{EUR}",0.0,,,,,,-1.6192389912461636e-05,
0.95,MIXED_NONUNIQUE,True,accept,USA,"{CHN}+{EUR,USA}",{CHN}+{EUR}+{USA},0.0,,,,,,-4.897252828506282e-05,
0.95,MIXED_NONUNIQUE,True,accept,USA,{CHN}+{EUR}+{USA},"{CHN,EUR,USA}",1.0,,,,,,4.897252828506282e-05,
0.95,MIXED_NONUNIQUE,True,accept,USA,{CHN}+{EUR}+{USA},"{CHN,USA}+{EUR}",1.0,,,,,,3.2780138372601186e-05,"CHN,EUR"
0.95,MIXED_NONUNIQUE,True,accept,USA,{CHN}+{EUR}+{USA},"{CHN}+{EUR,USA}",1.0,,,,,,4.897252828506282e-05,
0.96,MIXED_NONUNIQUE,True,propose,CHN,"{CHN,EUR,USA}","{CHN,EUR,USA}",1.0,True,1.0,1.0,False,,,
0.96,MIXED_NONUNIQUE,True,propose,CHN,"{CHN,EUR}+{USA}","{CHN,EUR,USA}",1.0,False,0.07187404492229123,0.07187404492229123,False,"EUR,USA",,
0.96,MIXED_NONUNIQUE,True,propose,CHN,"{CHN,USA}+{EUR}","{CHN,USA}+{EUR}",1.0,True,1.0,1.0,False,,,
0.96,MIXED_NONUNIQUE,True,propose,CHN,"{CHN}+{EUR,USA}","{CHN,EUR,USA}",1.0,False,0.011696288146431102,0.011696288146431102,False,"EUR,USA",,
0.96,MIXED_NONUNIQUE,True,propose,CHN,{CHN}+{EUR}+{USA},"{CHN,USA}+{EUR}",1.0,False,1.0,1.0,False,USA,,
0.96,MIXED_NONUNIQUE,True,propose,EUR,"{CHN,EUR,USA}","{CHN,USA}+{EUR}",1.0,False,1.0,1.0,True,,,
0.96,MIXED_NONUNIQUE,True,propose,EUR,"{CHN,EUR}+{USA}","{CHN,EUR,USA}",0.7360641955581085,False,0.07187404492229123,0.052903911057233646,False,"CHN,USA",,
0.96,MIXED_NONUNIQUE,True,propose,EUR,"{CHN,EUR}+{USA}",{CHN}+{EUR}+{USA},0.26393580444189146,False,1.0,0.26393580444189146,True,,,
0.96,MIXED_NONUNIQUE,True,propose,EUR,"{CHN,USA}+{EUR}","{CHN,USA}+{EUR}",1.0,True,1.0,1.0,False,,,
0.96,MIXED_NONUNIQUE,True,propose,EUR,"{CHN}+{EUR,USA}","{CHN,EUR,USA}",0.8283608405927502,False,0.011696288146431102,0.009688747080792688,False,"CHN,USA",,
0.96,MIXED_NONUNIQUE,True,propose,EUR,"{CHN}+{EUR,USA}",{CHN}+{EUR}+{USA},0.17163915940724983,False,1.0,0.17163915940724983,True,,,
0.96,MIXED_NONUNIQUE,True,propose,EUR,{CHN}+{EUR}+{USA},"{CHN,USA}+{EUR}",1.0,False,1.0,1.0,False,"CHN,USA",,
0.96,MIXED_NONUNIQUE,True,propose,USA,"{CHN,EUR,USA}","{CHN,EUR,USA}",0.0005096385789006352,True,1.0,0.0005096385789006352,False,,,
0.96,MIXED_NONUNIQUE,True,propose,USA,"{CHN,EUR,USA}","{CHN,EUR}+{USA}",0.9994903614210994,False,1.0,0.9994903614210994,True,,,
0.96,MIXED_NONUNIQUE,True,propose,USA,"{CHN,EUR}+{USA}","{CHN,EUR,USA}",0.35048235560140295,False,1.0,0.35048235560140295,False,"CHN,EUR",,
0.96,MIXED_NONUNIQUE,True,propose,USA,"{CHN,EUR}+{USA}","{CHN,EUR}+{USA}",0.649517644398597,True,1.0,0.649517644398597,False,,,
0.96,MIXED_NONUNIQUE,True,propose,USA,"{CHN,USA}+{EUR}","{CHN,USA}+{EUR}",1.0,True,1.0,1.0,False,,,
0.96,MIXED_NONUNIQUE,True,propose,USA,"{CHN}+{EUR,USA}","{CHN,EUR,USA}",0.4617698588115194,False,1.0,0.4617698588115194,False,"CHN,EUR",,
0.96,MIXED_NONUNIQUE,True,propose,USA,"{CHN}+{EUR,USA}","{CHN}+{EUR,USA}",0.5382301411884807,True,1.0,0.5382301411884807,False,,,
0.96,MIXED_NONUNIQUE,True,propose,USA,{CHN}+{EUR}+{USA},"{CHN,EUR,USA}",1.0,False,1.0,1.0,False,"CHN,EUR",,
0.96,MIXED_NONUNIQUE,True,accept,CHN,"{CHN,EUR,USA}","{CHN,EUR}+{USA}",0.0,,,,,,-4.5712110535944817e-05,
0.96,MIXED_NONUNIQUE,True,accept,CHN,"{CHN,EUR,USA}","{CHN,USA}+{EUR}",1.0,,,,,,4.1116398081797456e-05,
0.96,MIXED_NONUNIQUE,True,accept,CHN,"{CHN,EUR,USA}","{CHN}+{EUR,USA}",0.0,,,,,,-7.053875025242462e-05,
0.96,MIXED_NONUNIQUE,True,accept,CHN,"{CHN,EUR,USA}",{CHN}+{EUR}+{USA},0.0,,,,,,-0.0001248785698173549,
0.96,MIXED_NONUNIQUE,True,accept,CHN,"{CHN,EUR}+{USA}","{CHN,EUR,USA}",1.0,,,,,,4.5712110535944817e-05,"EUR,USA"
0.96,MIXED_NONUNIQUE,True,accept,CHN,"{CHN,EUR}+{USA}","{CHN,USA}+{EUR}",1.0,,,,,,8.682850861774227e-05,
0.96,MIXED_NONUNIQUE,True,accept,CHN,"{CHN,EUR}+{USA}","{CHN}+{EUR,USA}",0.0,,,,,,-2.4826639716479804e-05,
0.96,MIXED_NONUNIQUE,True,accept,CHN,"{CHN,EUR}+{USA}",{CHN}+{EUR}+{USA},0.0,,,,,,-7.916645928141008e-05,
0.96,MIXED_NONUNIQUE,True,accept,CHN,"{CHN,USA}+{EUR}","{CHN,EUR,USA}",0.0,,,,,,-4.1116398081797456e-05,
0.96,MIXED_NONUNIQUE,True,accept,CHN,"{CHN,USA}+{EUR}","{CHN,EUR}+{USA}",0.0,,,,,,-8.682850861774227e-05,
0.96,MIXED_NONUNIQUE,True,accept,CHN,"{CHN,USA}+{EUR}","{CHN}+{EUR,USA}",0.0,,,,,,-0.00011165514833422208,
0.96,MIXED_NONUNIQUE,True,accept,CHN,"{CHN,USA}+{EUR}",{CHN}+{EUR}+{USA},0.0,,,,,,-0.00016599496789915236,
0.96,MIXED_NONUNIQUE,True,accept,CHN,"{CHN}+{EUR,USA}","{CHN,EUR,USA}",1.0,,,,,,7.053875025242462e-05,"EUR,USA"
0.96,MIXED_NONUNIQUE,True,accept,CHN,"{CHN}+{EUR,USA}","{CHN,EUR}+{USA}",1.0,,,,,,2.4826639716479804e-05,
0.96,MIXED_NONUNIQUE,True,accept,CHN,"{CHN}+{EUR,USA}","{CHN,USA}+{EUR}",1.0,,,,,,0.00011165514833422208,
0.96,MIXED_NONUNIQUE,True,accept,CHN,{CHN}+{EUR}+{USA},"{CHN,EUR,USA}",1.0,,,,,,0.0001248785698173549,USA
0.96,MIXED_NONUNIQUE,True,accept,CHN,{CHN}+{EUR}+{USA},"{CHN,EUR}+{USA}",1.0,,,,,,7.916645928141008e-05,
0.96,MIXED_NONUNIQUE,True,accept,CHN,{CHN}+{EUR}+{USA},"{CHN,USA}+{EUR}",1.0,,,,,,0.00016599496789915236,EUR
0.96,MIXED_NONUNIQUE,True,accept,EUR,"{CHN,EUR,USA}","{CHN,EUR}+{USA}",0.0,,,,,,-1.3601132689888829e-05,
0.96,MIXED_NONUNIQUE,True,accept,EUR,"{CHN,EUR,USA}","{CHN,USA}+{EUR}",1.0,,,,,,2.152926195453375e-05,
0.96,MIXED_NONUNIQUE,True,accept,EUR,"{CHN,EUR,USA}","{CHN}+{EUR,USA}",0.0,,,,,,-1.277296049417842e-05,
0.96,MIXED_NONUNIQUE,True,accept,EUR,"{CHN,EUR,USA}",{CHN}+{EUR}+{USA},0.0,,,,,,-1.2623564268121612e-05,
0.96,MIXED_NONUNIQUE,True,accept,EUR,"{CHN,EUR}+{USA}","{CHN,EUR,USA}",1.0,,,,,,1.3601132689888829e-05,"CHN,USA"
0.96,MIXED_NONUNIQUE,True,accept,EUR,"{CHN,EUR}+{USA}","{CHN,USA}+{EUR}",1.0,,,,,,3.513039464442258e-05,
0.96,MIXED_NONUNIQUE,True,accept,EUR,"{CHN,EUR}+{USA}","{CHN}+{EUR,USA}",1.0,,,,,,8.281721957104082e-07,
0.96,MIXED_NONUNIQUE,True,accept,EUR,"{CHN,EUR}+{USA}",{CHN}+{EUR}+{USA},1.0,,,,,,9.775684217672165e-07,
0.96,MIXED_NONUNIQUE,True,accept,EUR,"{CHN,USA}+{EUR}","{CHN,EUR,USA}",0.0,,,,,,-2.152926195453375e-05,
0.96,MIXED_NONUNIQUE,True,accept,EUR,"{CHN,USA}+{EUR}","{CHN,EUR}+{USA}",0.0,,,,,,-3.513039464442258e-05,
0.96,MIXED_NONUNIQUE,True,accept,EUR,"{CHN,USA}+{EUR}","{CHN}+{EUR,USA}",0.0,,,,,,-3.430222244871217e-05,
0.96,MIXED_NONUNIQUE,True,accept,EUR,"{CHN}+{EUR,USA}","{CHN,EUR,USA}",1.0,,,,,,1.277296049417842e-05,"CHN,USA"
0.96,MIXED_NONUNIQUE,True,accept,EUR,"{CHN}+{EUR,USA}","{CHN,EUR}+{USA}",0.0,,,,,,-8.281721957104082e-07,
0.96,MIXED_NONUNIQUE,True,accept,EUR,"{CHN}+{EUR,USA}","{CHN,USA}+{EUR}",1.0,,,,,,3.430222244871217e-05,
0.96,MIXED_NONUNIQUE,True,accept,EUR,"{CHN}+{EUR,USA}",{CHN}+{EUR}+{USA},1.0,,,,,,1.4939622605680825e-07,
0.96,MIXED_NONUNIQUE,True,accept,EUR,{CHN}+{EUR}+{USA},"{CHN,EUR,USA}",1.0,,,,,,1.2623564268121612e-05,USA
0.96,MIXED_NONUNIQUE,True,accept,EUR,{CHN}+{EUR}+{USA},"{CHN,EUR}+{USA}",0.0,,,,,,-9.775684217672165e-07,
0.96,MIXED_NONUNIQUE,True,accept,EUR,{CHN}+{EUR}+{USA},"{CHN}+{EUR,USA}",0.0,,,,,,-1.4939622605680825e-07,
0.96,MIXED_NONUNIQUE,True,accept,USA,"{CHN,EUR,USA}","{CHN,EUR}+{USA}",0.5,,,,,,0.0,
0.96,MIXED_NONUNIQUE,True,accept,USA,"{CHN,EUR,USA}","{CHN,USA}+{EUR}",0.0,,,,,,-1.3193799187849464e-05,
0.96,MIXED_NONUNIQUE,True,accept,USA,"{CHN,EUR,USA}","{CHN}+{EUR,USA}",0.5,,,,,,0.0,
0.96,MIXED_NONUNIQUE,True,accept,USA,"{CHN,EUR,USA}",{CHN}+{EUR}+{USA},0.0,,,,,,-3.929796625712356e-05,
0.96,MIXED_NONUNIQUE,True,accept,USA,"{CHN,EUR}+{USA}","{CHN,EUR,USA}",0.07187404492229123,,,,,,0.0,"CHN,EUR"
0.96,MIXED_NONUNIQUE,True,accept,USA,"{CHN,EUR}+{USA}","{CHN,USA}+{EUR}",0.0,,,,,,-1.3193799187849464e-05,
0.96,MIXED_NONUNIQUE,True,accept,USA,"{CHN,EUR}+{USA}","{CHN}+{EUR,USA}",0.5,,,,,,0.0,
0.96,MIXED_NONUNIQUE,True,accept,USA,"{CHN,USA}+{EUR}","{CHN,EUR,USA}",1.0,,,,,,1.3193799187849464e-05,
0.96,MIXED_NONUNIQUE,True,accept,USA,"{CHN,USA}+{EUR}","{CHN,EUR}+{USA}",1.0,,,,,,1.3193799187849464e-05,
0.96,MIXED_NONUNIQUE,True,accept,USA,"{CHN,USA}+{EUR}","{CHN}+{EUR,USA}",1.0,,,,,,1.3193799187849464e-05,
0.96,MIXED_NONUNIQUE,True,accept,USA,"{CHN,USA}+{EUR}",{CHN}+{EUR}+{USA},0.0,,,,,,-2.6104167069274098e-05,
0.96,MIXED_NONUNIQUE,True,accept,USA,"{CHN}+{EUR,USA}","{CHN,EUR,USA}",0.011696288146431102,,,,,,0.0,"CHN,EUR"
0.96,MIXED_NONUNIQUE,True,accept,USA,"{CHN}+{EUR,USA}","{CHN,EUR}+{USA}",0.5,,,,,,0.0,
0.96,MIXED_NONUNIQUE,True,accept,USA,"{CHN}+{EUR,USA}","{CHN,USA}+{EUR}",0.0,,,,,,-1.3193799187849464e-05,
0.96,MIXED_NONUNIQUE,True,accept,USA,"{CHN}+{EUR,USA}",{CHN}+{EUR}+{USA},0.0,,,,,,-3.929796625712356e-05,
0.96,MIXED_NONUNIQUE,True,accept,USA,{CHN}+{EUR}+{USA},"{CHN,EUR,USA}",1.0,,,,,,3.929796625712356e-05,
0.96,MIXED_NONUNIQUE,True,accept,USA,{CHN}+{EUR}+{USA},"{CHN,USA}+{EUR}",1.0,,,,,,2.6104167069274098e-05,"CHN,EUR"
0.96,MIXED_NONUNIQUE,True,accept,USA,{CHN}+{EUR}+{USA},"{CHN}+{EUR,USA}",1.0,,,,,,3.929796625712356e-05,
0.97,MIXED_NONUNIQUE,True,propose,CHN,"{CHN,EUR,USA}","{CHN,EUR,USA}",1.0,True,1.0,1.0,False,,,
0.97,MIXED_NONUNIQUE,True,propose,CHN,"{CHN,EUR}+{USA}","{CHN,EUR,USA}",1.0,False,0.09693198017704531,0.09693198017704531,False,"EUR,USA",,
0.97,MIXED_NONUNIQUE,True,propose,CHN,"{CHN,USA}+{EUR}","{CHN,USA}+{EUR}",1.0,True,1.0,1.0,False,,,
0.97,MIXED_NONUNIQUE,True,propose,CHN,"{CHN}+{EUR,USA}","{CHN,EUR,USA}",1.0,False,0.04017694756494589,0.04017694756494589,False,"EUR,USA",,
0.97,MIXED_NONUNIQUE,True,propose,CHN,{CHN}+{EUR}+{USA},"{CHN,USA}+{EUR}",1.0,False,1.0,1.0,False,USA,,
0.97,MIXED_NONUNIQUE,True,propose,EUR,"{CHN,EUR,USA}","{CHN,USA}+{EUR}",1.0,False,1.0,1.0,True,,,
0.97,MIXED_NONUNIQUE,True,propose,EUR,"{CHN,EUR}+{USA}","{CHN,EUR,USA}",0.7298449747142446,False,0.09693198017704531,0.07074531862131729,False,"CHN,USA",,
0.97,MIXED_NONUNIQUE,True,propose,EUR,"{CHN,EUR}+{USA}",{CHN}+{EUR}+{USA},0.2701550252857554,False,1.0,0.2701550252857554,True,,,
0.97,MIXED_NONUNIQUE,True,propose,EUR,"{CHN,USA}+{EUR}","{CHN,USA}+{EUR}",1.0,True,1.0,1.0,False,,,
0.97,MIXED_NONUNIQUE,True,propose,EUR,"{CHN}+{EUR,USA}","{CHN,EUR,USA}",0.8209017008358002,False,0.04017694756494589,0.032981324590454844,False,"CHN,USA",,
0.97,MIXED_NONUNIQUE,True,propose,EUR,"{CHN}+{EUR,USA}",{CHN}+{EUR}+{USA},0.17909829916419984,False,1.0,0.17909829916419984,True,,,
0.97,MIXED_NONUNIQUE,True,propose,EUR,{CHN}+{EUR}+{USA},"{CHN,USA}+{EUR}",1.0,False,1.0,1.0,False,"CHN,USA",,
0.97,MIXED_NONUNIQUE,True,propose,USA,"{CHN,EUR,USA}","{CHN,EUR,USA}",0.0023829966208361642,True,1.0,0.0023829966208361642,False,,,
0.97,MIXED_NONUNIQUE,True,propose,USA,"{CHN,EUR,USA}","{CHN,EUR}+{USA}",0.9976170033791638,False,1.0,0.9976170033791638,True,,,
0.97,MIXED_NONUNIQUE,True,propose,USA,"{CHN,EUR}+{USA}","{CHN,EUR,USA}",0.3692795169889684,False,1.0,0.3692795169889684,False,"CHN,EUR",,
0.97,MIXED_NONUNIQUE,True,propose,USA,"{CHN,EUR}+{USA}","{CHN,EUR}+{USA}",0.6307204830110316,True,1.0,0.6307204830110316,False,,,
0.97,MIXED_NONUNIQUE,True,propose,USA,"{CHN,USA}+{EUR}","{CHN,USA}+{EUR}",1.0,True,1.0,1.0,False,,,
0.97,MIXED_NONUNIQUE,True,propose,USA,"{CHN}+{EUR,USA}","{CHN,EUR,USA}",0.47554970564426996,False,1.0,0.47554970564426996,False,"CHN,EUR",,
0.97,MIXED_NONUNIQUE,True,propose,USA,"{CHN}+{EUR,USA}","{CHN}+{EUR,USA}",0.5244502943557301,True,1.0,0.5244502943557301,False,,,
0.97,MIXED_NONUNIQUE,True,propose,USA,{CHN}+{EUR}+{USA},"{CHN,EUR,USA}",1.0,False,1.0,1.0,False,"CHN,EUR",,
0.97,MIXED_NONUNIQUE,True,accept,CHN,"{CHN,EUR,USA}","{CHN,EUR}+{USA}",0.0,,,,,,-3.433291629129087e-05,
0.97,MIXED_NONUNIQUE,True,accept,CHN,"{CHN,EUR,USA}","{CHN,USA}+{EUR}",1.0,,,,,,3.1728211782322546e-05,
0.97,MIXED_NONUNIQUE,True,accept,CHN,"{CHN,EUR,USA}","{CHN}+{EUR,USA}",0.0,,,,,,-5.1761335262412445e-05,
0.97,MIXED_NONUNIQUE,True,accept,CHN,"{CHN,EUR,USA}",{CHN}+{EUR}+{USA},0.0,,,,,,-9.315886707739196e-05,
0.97,MIXED_NONUNIQUE,True,accept,CHN,"{CHN,EUR}+{USA}","{CHN,EUR,USA}",1.0,,,,,,3.433291629129087e-05,"EUR,USA"
0.97,MIXED_NONUNIQUE,True,accept,CHN,"{CHN,EUR}+{USA}","{CHN,USA}+{EUR}",1.0,,,,,,6.606112807361342e-05,
0.97,MIXED_NONUNIQUE,True,accept,CHN,"{CHN,EUR}+{USA}","{CHN}+{EUR,USA}",0.0,,,,,,-1.7428418971121573e-05,
0.97,MIXED_NONUNIQUE,True,accept,CHN,"{CHN,EUR}+{USA}",{CHN}+{EUR}+{USA},0.0,,,,,,-5.882595078610109e-05,
0.97,MIXED_NONUNIQUE,True,accept,CHN,"{CHN,USA}+{EUR}","{CHN,EUR,USA}",0.0,,,,,,-3.1728211782322546e-05,
0.97,MIXED_NONUNIQUE,True,accept,CHN,"{CHN,USA}+{EUR}","{CHN,EUR}+{USA}",0.0,,,,,,-6.606112807361342e-05,
0.97,MIXED_NONUNIQUE,True,accept,CHN,"{CHN,USA}+{EUR}","{CHN}+{EUR,USA}",0.0,,,,,,-8.348954704473499e-05,
0.97,MIXED_NONUNIQUE,True,accept,CHN,"{CHN,USA}+{EUR}",{CHN}+{EUR}+{USA},0.0,,,,,,-0.0001248870788597145,
0.97,MIXED_NONUNIQUE,True,accept,CHN,"{CHN}+{EUR,USA}","{CHN,EUR,USA}",1.0,,,,,,5.1761335262412445e-05,"EUR,USA"
0.97,MIXED_NONUNIQUE,True,accept,CHN,"{CHN}+{EUR,USA}","{CHN,EUR}+{USA}",1.0,,,,,,1.7428418971121573e-05,
0.97,MIXED_NONUNIQUE,True,accept,CHN,"{CHN}+{EUR,USA}","{CHN,USA}+{EUR}",1.0,,,,,,8.348954704473499e-05,
0.97,MIXED_NONUNIQUE,True,accept,CHN,{CHN}+{EUR}+{USA},"{CHN,EUR,USA}",1.0,,,,,,9.315886707739196e-05,USA
0.97,MIXED_NONUNIQUE,True,accept,CHN,{CHN}+{EUR}+{USA},"{CHN,EUR}+{USA}",1.0,,,,,,5.882595078610109e-05,
0.97,MIXED_NONUNIQUE,True,accept,CHN,{CHN}+{EUR}+{USA},"{CHN,USA}+{EUR}",1.0,,,,,,0.0001248870788597145,EUR
0.97,MIXED_NONUNIQUE,True,accept,EUR,"{CHN,EUR,USA}","{CHN,EUR}+{USA}",0.0,,,,,,-1.0233746658983023e-05,
0.97,MIXED_NONUNIQUE,True,accept,EUR,"{CHN,EUR,USA}","{CHN,USA}+{EUR}",1.0,,,,,,1.656033615837771e-05,
0.97,MIXED_NONUNIQUE,True,accept,EUR,"{CHN,EUR,USA}","{CHN}+{EUR,USA}",0.0,,,,,,-9.628617803070227e-06,
0.97,MIXED_NONUNIQUE,True,accept,EUR,"{CHN,EUR,USA}",{CHN}+{EUR}+{USA},0.0,,,,,,-9.24176933070342e-06,
0.97,MIXED_NONUNIQUE,True,accept,EUR,"{CHN,EUR}+{USA}","{CHN,EUR,USA}",1.0,,,,,,1.0233746658983023e-05,"CHN,USA"
0.97,MIXED_NONUNIQUE,True,accept,EUR,"{CHN,EUR}+{USA}","{CHN,USA}+{EUR}",1.0,,,,,,2.679408281736073e-05,
0.97,MIXED_NONUNIQUE,True,accept,EUR,"{CHN,EUR}+{USA}","{CHN}+{EUR,USA}",1.0,,,,,,6.051288559127954e-07,
0.97,MIXED_NONUNIQUE,True,accept,EUR,"{CHN,EUR}+{USA}",{CHN}+{EUR}+{USA},1.0,,,,,,9.91977328279603e-07,
0.97,MIXED_NONUNIQUE,True,accept,EUR,"{CHN,USA}+{EUR}","{CHN,EUR,USA}",0.0,,,,,,-1.656033615837771e-05,
0.97,MIXED_NONUNIQUE,True,accept,EUR,"{CHN,USA}+{EUR}","{CHN,EUR}+{USA}",0.0,,,,,,-2.679408281736073e-05,
0.97,MIXED_NONUNIQUE,True,accept,EUR,"{CHN,USA}+{EUR}","{CHN}+{EUR,USA}",0.0,,,,,,-2.6188953961447936e-05,
0.97,MIXED_NONUNIQUE,True,accept,EUR,"{CHN}+{EUR,USA}","{CHN,EUR,USA}",1.0,,,,,,9.628617803070227e-06,"CHN,USA"
0.97,MIXED_NONUNIQUE,True,accept,EUR,"{CHN}+{EUR,USA}","{CHN,EUR}+{USA}",0.0,,,,,,-6.051288559127954e-07,
0.97,MIXED_NONUNIQUE,True,accept,EUR,"{CHN}+{EUR,USA}","{CHN,USA}+{EUR}",1.0,,,,,,2.6188953961447936e-05,
0.97,MIXED_NONUNIQUE,True,accept,EUR,"{CHN}+{EUR,USA}",{CHN}+{EUR}+{USA},1.0,,,,,,3.8684847236680753e-07,
0.97,MIXED_NONUNIQUE,True,accept,EUR,{CHN}+{EUR}+{USA},"{CHN,EUR,USA}",1.0,,,,,,9.24176933070342e-06,USA
0.97,MIXED_NONUNIQUE,True,accept,EUR,{CHN}+{EUR}+{USA},"{CHN,EUR}+{USA}",0.0,,,,,,-9.91977328279603e-07,
0.97,MIXED_NONUNIQUE,True,accept,EUR,{CHN}+{EUR}+{USA},"{CHN}+{EUR,USA}",0.0,,,,,,-3.8684847236680753e-07,
0.97,MIXED_NONUNIQUE,True,accept,USA,"{CHN,EUR,USA}","{CHN,EUR}+{USA}",0.4999999999999989,,,,,,0.0,
0.97,MIXED_NONUNIQUE,True,accept,USA,"{CHN,EUR,USA}","{CHN,USA}+{EUR}",0.0,,,,,,-1.0082054096471893e-05,
0.97,MIXED_NONUNIQUE,True,accept,USA,"{CHN,EUR,USA}","{CHN}+{EUR,USA}",0.5000000000000006,,,,,,0.0,
0.97,MIXED_NONUNIQUE,True,accept,USA,"{CHN,EUR,USA}",{CHN}+{EUR}+{USA},0.0,,,,,,-2.9566827045801602e-05,
0.97,MIXED_NONUNIQUE,True,accept,USA,"{CHN,EUR}+{USA}","{CHN,EUR,USA}",0.09693198017704531,,,,,,0.0,"CHN,EUR"
0.97,MIXED_NONUNIQUE,True,accept,USA,"{CHN,EUR}+{USA}","{CHN,USA}+{EUR}",0.0,,,,,,-1.0082054096471893e-05,
0.97,MIXED_NONUNIQUE,True,accept,USA,"{CHN,EUR}+{USA}","{CHN}+{EUR,USA}",0.5,,,,,,0.0,
0.97,MIXED_NONUNIQUE,True,accept,USA,"{CHN,USA}+{EUR}","{CHN,EUR,USA}",1.0,,,,,,1.0082054096471893e-05,
0.97,MIXED_NONUNIQUE,True,accept,USA,"{CHN,USA}+{EUR}","{CHN,EUR}+{USA}",1.0,,,,,,1.0082054096471893e-05,
0.97,MIXED_NONUNIQUE,True,accept,USA,"{CHN,USA}+{EUR}","{CHN}+{EUR,USA}",1.0,,,,,,1.0082054096471893e-05,
0.97,MIXED_NONUNIQUE,True,accept,USA,"{CHN,USA}+{EUR}",{CHN}+{EUR}+{USA},0.0,,,,,,-1.948477294932971e-05,
0.97,MIXED_NONUNIQUE,True,accept,USA,"{CHN}+{EUR,USA}","{CHN,EUR,USA}",0.04017694756494589,,,,,,0.0,"CHN,EUR"
0.97,MIXED_NONUNIQUE,True,accept,USA,"{CHN}+{EUR,USA}","{CHN,EUR}+{USA}",0.5,,,,,,0.0,
0.97,MIXED_NONUNIQUE,True,accept,USA,"{CHN}+{EUR,USA}","{CHN,USA}+{EUR}",0.0,,,,,,-1.0082054096471893e-05,
0.97,MIXED_NONUNIQUE,True,accept,USA,"{CHN}+{EUR,USA}",{CHN}+{EUR}+{USA},0.0,,,,,,-2.9566827045801602e-05,
0.97,MIXED_NONUNIQUE,True,accept,USA,{CHN}+{EUR}+{USA},"{CHN,EUR,USA}",1.0,,,,,,2.9566827045801602e-05,
0.97,MIXED_NONUNIQUE,True,accept,USA,{CHN}+{EUR}+{USA},"{CHN,USA}+{EUR}",1.0,,,,,,1.948477294932971e-05,"CHN,EUR"
0.97,MIXED_NONUNIQUE,True,accept,USA,{CHN}+{EUR}+{USA},"{CHN}+{EUR,USA}",1.0,,,,,,2.9566827045801602e-05,
0.98,MIXED_NONUNIQUE,True,propose,CHN,"{CHN,EUR,USA}","{CHN,EUR,USA}",1.0,True,1.0,1.0,False,,,
0.98,MIXED_NONUNIQUE,True,propose,CHN,"{CHN,EUR}+{USA}","{CHN,EUR,USA}",1.0,False,0.12200121546111849,0.12200121546111849,False,"EUR,USA",,
0.98,MIXED_NONUNIQUE,True,propose,CHN,"{CHN,USA}+{EUR}","{CHN,USA}+{EUR}",1.0,True,1.0,1.0,False,,,
0.98,MIXED_NONUNIQUE,True,propose,CHN,"{CHN}+{EUR,USA}","{CHN,EUR,USA}",1.0,False,0.06877710883459653,0.06877710883459653,False,"EUR,USA",,
0.98,MIXED_NONUNIQUE,True,propose,CHN,{CHN}+{EUR}+{USA},"{CHN,USA}+{EUR}",1.0,False,1.0,1.0,False,USA,,
0.98,MIXED_NONUNIQUE,True,propose,EUR,"{CHN,EUR,USA}","{CHN,USA}+{EUR}",1.0,False,1.0,1.0,True,,,
0.98,MIXED_NONUNIQUE,True,propose,EUR,"{CHN,EUR}+{USA}","{CHN,EUR,USA}",0.7234712814716853,False,0.12200121546111849,0.08826437569075857,False,"CHN,USA",,
0.98,MIXED_NONUNIQUE,True,propose,EUR,"{CHN,EUR}+{USA}",{CHN}+{EUR}+{USA},0.27652871852831473,False,1.0,0.27652871852831473,True,,,
0.98,MIXED_NONUNIQUE,True,propose,EUR,"{CHN,USA}+{EUR}","{CHN,USA}+{EUR}",1.0,True,1.0,1.0,False,,,
0.98,MIXED_NONUNIQUE,True,propose,EUR,"{CHN}+{EUR,USA}","{CHN,EUR,USA}",0.8133043154637729,False,0.06877710883459653,0.055936719420298944,False,"CHN,USA",,
0.98,MIXED_NONUNIQUE,True,propose,EUR,"{CHN}+{EUR,USA}",{CHN}+{EUR}+{USA},0.1866956845362271,False,1.0,0.1866956845362271,True,,,
0.98,MIXED_NONUNIQUE,True,propose,EUR,{CHN}+{EUR}+{USA},"{CHN,USA}+{EUR}",1.0,False,1.0,1.0,False,"CHN,USA",,
0.98,MIXED_NONUNIQUE,True,propose,USA,"{CHN,EUR,USA}","{CHN,EUR,USA}",0.0052655263133364535,True,1.0,0.0052655263133364535,False,,,
0.98,MIXED_NONUNIQUE,True,propose,USA,"{CHN,EUR,USA}","{CHN,EUR}+{USA}",0.9947344736866636,False,1.0,0.9947344736866636,True,,,
0.98,MIXED_NONUNIQUE,True,propose,USA,"{CHN,EUR}+{USA}","{CHN,EUR,USA}",0.3887881402153331,False,1.0,0.3887881402153331,False,"CHN,EUR",,
0.98,MIXED_NONUNIQUE,True,propose,USA,"{CHN,EUR}+{USA}","{CHN,EUR}+{USA}",0.611211859784667,True,1.0,0.611211859784667,False,,,
0.98,MIXED_NONUNIQUE,True,propose,USA,"{CHN,USA}+{EUR}","{CHN,USA}+{EUR}",1.0,True,1.0,1.0,False,,,
0.98,MIXED_NONUNIQUE,True,propose,USA,"{CHN}+{EUR,USA}","{CHN,EUR,USA}",0.4895938508710113,False,1.0,0.4895938508710113,False,"CHN,EUR",,
0.98,MIXED_NONUNIQUE,True,propose,USA,"{CHN}+{EUR,USA}","{CHN}+{EUR,USA}",0.5104061491289886,True,1.0,0.5104061491289886,False,,,
0.98,MIXED_NONUNIQUE,True,propose,USA,{CHN}+{EUR}+{USA},"{CHN,EUR,USA}",1.0,False,1.0,1.0,False,"CHN,EUR",,
0.98,MIXED_NONUNIQUE,True,accept,CHN,"{CHN,EUR,USA}","{CHN,EUR}+{USA}",0.0,,,,,,-2.292236159995298e-05,
0.98,MIXED_NONUNIQUE,True,accept,CHN,"{CHN,EUR,USA}","{CHN,USA}+{EUR}",1.0,,,,,,2.174793686116061e-05,
0.98,MIXED_NONUNIQUE,True,accept,CHN,"{CHN,EUR,USA}","{CHN}+{EUR,USA}",0.0,,,,,,-3.3821977948989e-05,
0.98,MIXED_NONUNIQUE,True,accept,CHN,"{CHN,EUR,USA}",{CHN}+{EUR}+{USA},0.0,,,,,,-6.177524943673518e-05,
0.98,MIXED_NONUNIQUE,True,accept,CHN,"{CHN,EUR}+{USA}","{CHN,EUR,USA}",1.0,,,,,,2.292236159995298e-05,"EUR,USA"
0.98,MIXED_NONUNIQUE,True,accept,CHN,"{CHN,EUR}+{USA}","{CHN,USA}+{EUR}",1.0,,,,,,4.467029846111359e-05,
0.98,MIXED_NONUNIQUE,True,accept,CHN,"{CHN,EUR}+{USA}","{CHN}+{EUR,USA}",0.0,,,,,,-1.0899616349036023e-05,
0.98,MIXED_NONUNIQUE,True,accept,CHN,"{CHN,EUR}+{USA}",{CHN}+{EUR}+{USA},0.0,,,,,,-3.88528878367822e-05,
0.98,MIXED_NONUNIQUE,True,accept,CHN,"{CHN,USA}+{EUR}","{CHN,EUR,USA}",0.0,,,,,,-2.174793686116061e-05,
0.98,MIXED_NONUNIQUE,True,accept,CHN,"{CHN,USA}+{EUR}","{CHN,EUR}+{USA}",0.0,,,,,,-4.467029846111359e-05,
0.98,MIXED_NONUNIQUE,True,accept,CHN,"{CHN,USA}+{EUR}","{CHN}+{EUR,USA}",0.0,,,,,,-5.556991481014961e-05,
0.98,MIXED_NONUNIQUE,True,accept,CHN,"{CHN,USA}+{EUR}",{CHN}+{EUR}+{USA},0.0,,,,,,-8.352318629789579e-05,
0.98,MIXED_NONUNIQUE,True,accept,CHN,"{CHN}+{EUR,USA}","{CHN,EUR,USA}",1.0,,,,,,3.3821977948989e-05,"EUR,USA"
0.98,MIXED_NONUNIQUE,True,accept,CHN,"{CHN}+{EUR,USA}","{CHN,EUR}+{USA}",1.0,,,,,,1.0899616349036023e-05,
0.98,MIXED_NONUNIQUE,True,accept,CHN,"{CHN}+{EUR,USA}","{CHN,USA}+{EUR}",1.0,,,,,,5.556991481014961e-05,
0.98,MIXED_NONUNIQUE,True,accept,CHN,{CHN}+{EUR}+{USA},"{CHN,EUR,USA}",1.0,,,,,,6.177524943673518e-05,USA
0.98,MIXED_NONUNIQUE,True,accept,CHN,{CHN}+{EUR}+{USA},"{CHN,EUR}+{USA}",1.0,,,,,,3.88528878367822e-05,
0.98,MIXED_NONUNIQUE,True,accept,CHN,{CHN}+{EUR}+{USA},"{CHN,USA}+{EUR}",1.0,,,,,,8.352318629789579e-05,EUR
0.98,MIXED_NONUNIQUE,True,accept,EUR,"{CHN,EUR,USA}","{CHN,EUR}+{USA}",0.0,,,,,,-6.844557030483145e-06,
0.98,MIXED_NONUNIQUE,True,accept,EUR,"{CHN,EUR,USA}","{CHN,USA}+{EUR}",1.0,,,,,,1.1320126403813191e-05,
0.98,MIXED_NONUNIQUE,True,accept,EUR,"{CHN,EUR,USA}","{CHN}+{EUR,USA}",0.0,,,,,,-6.453355915425618e-06,
0.98,MIXED_NONUNIQUE,True,accept,EUR,"{CHN,EUR,USA}",{CHN}+{EUR}+{USA},0.0,,,,,,-6.009512753202273e-06,
0.98,MIXED_NONUNIQUE,True,accept,EUR,"{CHN,EUR}+{USA}","{CHN,EUR,USA}",1.0,,,,,,6.844557030483145e-06,"CHN,USA"
0.98,MIXED_NONUNIQUE,True,accept,EUR,"{CHN,EUR}+{USA}","{CHN,USA}+{EUR}",1.0,,,,,,1.8164683434296336e-05,
0.98,MIXED_NONUNIQUE,True,accept,EUR,"{CHN,EUR}+{USA}","{CHN}+{EUR,USA}",1.0,,,,,,3.9120111505752675e-07,
0.98,MIXED_NONUNIQUE,True,accept,EUR,"{CHN,EUR}+{USA}",{CHN}+{EUR}+{USA},1.0,,,,,,8.350442772808719e-07,
0.98,MIXED_NONUNIQUE,True,accept,EUR,"{CHN,USA}+{EUR}","{CHN,EUR,USA}",0.0,,,,,,-1.1320126403813191e-05,
0.98,MIXED_NONUNIQUE,True,accept,EUR,"{CHN,USA}+{EUR}","{CHN,EUR}+{USA}",0.0,,,,,,-1.8164683434296336e-05,
0.98,MIXED_NONUNIQUE,True,accept,EUR,"{CHN,USA}+{EUR}","{CHN}+{EUR,USA}",0.0,,,,,,-1.777348231923881e-05,
0.98,MIXED_NONUNIQUE,True,accept,EUR,"{CHN}+{EUR,USA}","{CHN,EUR,USA}",1.0,,,,,,6.453355915425618e-06,"CHN,USA"
0.98,MIXED_NONUNIQUE,True,accept,EUR,"{CHN}+{EUR,USA}","{CHN,EUR}+{USA}",0.0,,,,,,-3.9120111505752675e-07,
0.98,MIXED_NONUNIQUE,True,accept,EUR,"{CHN}+{EUR,USA}","{CHN,USA}+{EUR}",1.0,,,,,,1.777348231923881e-05,
0.98,MIXED_NONUNIQUE,True,accept,EUR,"{CHN}+{EUR,USA}",{CHN}+{EUR}+{USA},1.0,,,,,,4.438431622233452e-07,
0.98,MIXED_NONUNIQUE,True,accept,EUR,{CHN}+{EUR}+{USA},"{CHN,EUR,USA}",1.0,,,,,,6.009512753202273e-06,USA
0.98,MIXED_NONUNIQUE,True,accept,EUR,{CHN}+{EUR}+{USA},"{CHN,EUR}+{USA}",0.0,,,,,,-8.350442772808719e-07,
0.98,MIXED_NONUNIQUE,True,accept,EUR,{CHN}+{EUR}+{USA},"{CHN}+{EUR,USA}",0.0,,,,,,-4.438431622233452e-07,
0.98,MIXED_NONUNIQUE,True,accept,USA,"{CHN,EUR,USA}","{CHN,EUR}+{USA}",0.5000000000000002,,,,,,0.0,
0.98,MIXED_NONUNIQUE,True,accept,USA,"{CHN,EUR,USA}","{CHN,USA}+{EUR}",0.0,,,,,,-6.850626501631041e-06,
0.98,MIXED_NONUNIQUE,True,accept,USA,"{CHN,EUR,USA}","{CHN}+{EUR,USA}",0.4999999999999998,,,,,,0.0,
0.98,MIXED_NONUNIQUE,True,accept,USA,"{CHN,EUR,USA}",{CHN}+{EUR}+{USA},0.0,,,,,,-1.9775846582525958e-05,
0.98,MIXED_NONUNIQUE,True,accept,USA,"{CHN,EUR}+{USA}","{CHN,EUR,USA}",0.12200121546111849,,,,,,0.0,"CHN,EUR"
0.98,MIXED_NONUNIQUE,True,accept,USA,"{CHN,EUR}+{USA}","{CHN,USA}+{EUR}",0.0,,,,,,-6.850626501631041e-06,
0.98,MIXED_NONUNIQUE,True,accept,USA,"{CHN,EUR}+{USA}","{CHN}+{EUR,USA}",0.5,,,,,,0.0,
0.98,MIXED_NONUNIQUE,True,accept,USA,"{CHN,USA}+{EUR}","{CHN,EUR,USA}",1.0,,,,,,6.850626501631041e-06,
0.98,MIXED_NONUNIQUE,True,accept,USA,"{CHN,USA}+{EUR}","{CHN,EUR}+{USA}",1.0,,,,,,6.850626501631041e-06,
0.98,MIXED_NONUNIQUE,True,accept,USA,"{CHN,USA}+{EUR}","{CHN}+{EUR,USA}",1.0,,,,,,6.850626501631041e-06,
0.98,MIXED_NONUNIQUE,True,accept,USA,"{CHN,USA}+{EUR}",{CHN}+{EUR}+{USA},0.0,,,,,,-1.2925220080894917e-05,
0.98,MIXED_NONUNIQUE,True,accept,USA,"{CHN}+{EUR,USA}","{CHN,EUR,USA}",0.06877710883459653,,,,,,0.0,"CHN,EUR"
0.98,MIXED_NONUNIQUE,True,accept,USA,"{CHN}+{EUR,USA}","{CHN,EUR}+{USA}",0.5,,,,,,0.0,
0.98,MIXED_NONUNIQUE,True,accept,USA,"{CHN}+{EUR,USA}","{CHN,USA}+{EUR}",0.0,,,,,,-6.850626501631041e-06,
0.98,MIXED_NONUNIQUE,True,accept,USA,"{CHN}+{EUR,USA}",{CHN}+{EUR}+{USA},0.0,,,,,,-1.9775846582525958e-05,
0.98,MIXED_NONUNIQUE,True,accept,USA,{CHN}+{EUR}+{USA},"{CHN,EUR,USA}",1.0,,,,,,1.9775846582525958e-05,
0.98,MIXED_NONUNIQUE,True,accept,USA,{CHN}+{EUR}+{USA},"{CHN,USA}+{EUR}",1.0,,,,,,1.2925220080894917e-05,"CHN,EUR"
0.98,MIXED_NONUNIQUE,True,accept,USA,{CHN}+{EUR}+{USA},"{CHN}+{EUR,USA}",1.0,,,,,,1.9775846582525958e-05,
0.99,MIXED_NONUNIQUE,True,propose,CHN,"{CHN,EUR,USA}","{CHN,EUR,USA}",1.0,True,1.0,1.0,False,,,
0.99,MIXED_NONUNIQUE,True,propose,CHN,"{CHN,EUR}+{USA}","{CHN,EUR,USA}",1.0,False,0.13203764252959196,0.13203764252959196,False,"EUR,USA",,
0.99,MIXED_NONUNIQUE,True,propose,CHN,"{CHN,USA}+{EUR}","{CHN,USA}+{EUR}",1.0,True,1.0,1.0,False,,,
0.99,MIXED_NONUNIQUE,True,propose,CHN,"{CHN}+{EUR,USA}","{CHN,EUR,USA}",1.0,False,0.0921091441826313,0.0921091441826313,False,"EUR,USA",,
0.99,MIXED_NONUNIQUE,True,propose,CHN,{CHN}+{EUR}+{USA},"{CHN,USA}+{EUR}",1.0,False,1.0,1.0,False,USA,,
0.99,MIXED_NONUNIQUE,True,propose,EUR,"{CHN,EUR,USA}","{CHN,USA}+{EUR}",1.0,False,1.0,1.0,True,,,
0.99,MIXED_NONUNIQUE,True,propose,EUR,"{CHN,EUR}+{USA}","{CHN,EUR,USA}",0.7169342952799341,False,0.13203764252959196,0.09466231419737688,False,"CHN,USA",,
0.99,MIXED_NONUNIQUE,True,propose,EUR,"{CHN,EUR}+{USA}",{CHN}+{EUR}+{USA},0.28306570472006587,False,1.0,0.28306570472006587,True,,,
0.99,MIXED_NONUNIQUE,True,propose,EUR,"{CHN,USA}+{EUR}","{CHN,USA}+{EUR}",1.0,True,1.0,1.0,False,,,
0.99,MIXED_NONUNIQUE,True,propose,EUR,"{CHN}+{EUR,USA}","{CHN,EUR,USA}",0.805558936656194,False,0.0921091441826313,0.07419934424407254,False,"CHN,USA",,
0.99,MIXED_NONUNIQUE,True,propose,EUR,"{CHN}+{EUR,USA}",{CHN}+{EUR}+{USA},0.19444106334380595,False,1.0,0.19444106334380595,True,,,
0.99,MIXED_NONUNIQUE,True,propose,EUR,{CHN}+{EUR}+{USA},"{CHN,USA}+{EUR}",1.0,False,1.0,1.0,False,"CHN,USA",,
0.99,MIXED_NONUNIQUE,True,propose,USA,"{CHN,EUR,USA}","{CHN,EUR,USA}",0.2015763462625577,True,1.0,0.2015763462625577,False,,,
0.99,MIXED_NONUNIQUE,True,propose,USA,"{CHN,EUR,USA}","{CHN,EUR}+{USA}",0.7984236537374423,False,1.0,0.7984236537374423,True,,,
0.99,MIXED_NONUNIQUE,True,propose,USA,"{CHN,EUR}+{USA}","{CHN,EUR,USA}",0.38869164162391756,False,1.0,0.38869164162391756,False,"CHN,EUR",,
0.99,MIXED_NONUNIQUE,True,propose,USA,"{CHN,EUR}+{USA}","{CHN,EUR}+{USA}",0.6113083583760824,True,1.0,0.6113083583760824,False,,,
0.99,MIXED_NONUNIQUE,True,propose,USA,"{CHN,USA}+{EUR}","{CHN,USA}+{EUR}",1.0,True,1.0,1.0,False,,,
0.99,MIXED_NONUNIQUE,True,propose,USA,"{CHN}+{EUR,USA}","{CHN,EUR,USA}",0.45695546615956073,False,1.0,0.45695546615956073,False,"CHN,EUR",,
0.99,MIXED_NONUNIQUE,True,propose,USA,"{CHN}+{EUR,USA}","{CHN}+{EUR,USA}",0.5430445338404393,True,1.0,0.5430445338404393,False,,,
0.99,MIXED_NONUNIQUE,True,propose,USA,{CHN}+{EUR}+{USA},"{CHN,EUR,USA}",1.0,False,1.0,1.0,False,"CHN,EUR",,
0.99,MIXED_NONUNIQUE,True,accept,CHN,"{CHN,EUR,USA}","{CHN,EUR}+{USA}",0.0,,,,,,-1.2389649988620022e-05,
0.99,MIXED_NONUNIQUE,True,accept,CHN,"{CHN,EUR,USA}","{CHN,USA}+{EUR}",1.0,,,,,,9.73468614162698e-06,
0.99,MIXED_NONUNIQUE,True,accept,CHN,"{CHN,EUR,USA}","{CHN}+{EUR,USA}",0.0,,,,,,-1.798430175448118e-05,
0.99,MIXED_NONUNIQUE,True,accept,CHN,"{CHN,EUR,USA}",{CHN}+{EUR}+{USA},0.0,,,,,,-3.168719041291013e-05,
0.99,MIXED_NONUNIQUE,True,accept,CHN,"{CHN,EUR}+{USA}","{CHN,EUR,USA}",1.0,,,,,,1.2389649988620022e-05,"EUR,USA"
0.99,MIXED_NONUNIQUE,True,accept,CHN,"{CHN,EUR}+{USA}","{CHN,USA}+{EUR}",1.0,,,,,,2.2124336130247002e-05,
0.99,MIXED_NONUNIQUE,True,accept,CHN,"{CHN,EUR}+{USA}","{CHN}+{EUR,USA}",0.0,,,,,,-5.594651765861158e-06,
0.99,MIXED_NONUNIQUE,True,accept,CHN,"{CHN,EUR}+{USA}",{CHN}+{EUR}+{USA},0.0,,,,,,-1.9297540424290105e-05,
0.99,MIXED_NONUNIQUE,True,accept,CHN,"{CHN,USA}+{EUR}","{CHN,EUR,USA}",0.0,,,,,,-9.73468614162698e-06,
0.99,MIXED_NONUNIQUE,True,accept,CHN,"{CHN,USA}+{EUR}","{CHN,EUR}+{USA}",0.0,,,,,,-2.2124336130247002e-05,
0.99,MIXED_NONUNIQUE,True,accept,CHN,"{CHN,USA}+{EUR}","{CHN}+{EUR,USA}",0.0,,,,,,-2.771898789610816e-05,
0.99,MIXED_NONUNIQUE,True,accept,CHN,"{CHN,USA}+{EUR}",{CHN}+{EUR}+{USA},0.0,,,,,,-4.142187655453711e-05,
0.99,MIXED_NONUNIQUE,True,accept,CHN,"{CHN}+{EUR,USA}","{CHN,EUR,USA}",1.0,,,,,,1.798430175448118e-05,"EUR,USA"
0.99,MIXED_NONUNIQUE,True,accept,CHN,"{CHN}+{EUR,USA}","{CHN,EUR}+{USA}",1.0,,,,,,5.594651765861158e-06,
0.99,MIXED_NONUNIQUE,True,accept,CHN,"{CHN}+{EUR,USA}","{CHN,USA}+{EUR}",1.0,,,,,,2.771898789610816e-05,
0.99,MIXED_NONUNIQUE,True,accept,CHN,{CHN}+{EUR}+{USA},"{CHN,EUR,USA}",1.0,,,,,,3.168719041291013e-05,USA
0.99,MIXED_NONUNIQUE,True,accept,CHN,{CHN}+{EUR}+{USA},"{CHN,EUR}+{USA}",1.0,,,,,,1.9297540424290105e-05,
0.99,MIXED_NONUNIQUE,True,accept,CHN,{CHN}+{EUR}+{USA},"{CHN,USA}+{EUR}",1.0,,,,,,4.142187655453711e-05,EUR
0.99,MIXED_NONUNIQUE,True,accept,EUR,"{CHN,EUR,USA}","{CHN,EUR}+{USA}",0.0,,,,,,-3.7058644446474887e-06,
0.99,MIXED_NONUNIQUE,True,accept,EUR,"{CHN,EUR,USA}","{CHN,USA}+{EUR}",1.0,,,,,,5.372111581358752e-06,
0.99,MIXED_NONUNIQUE,True,accept,EUR,"{CHN,EUR,USA}","{CHN}+{EUR,USA}",0.0,,,,,,-3.542882736518038e-06,
0.99,MIXED_NONUNIQUE,True,accept,EUR,"{CHN,EUR,USA}",{CHN}+{EUR}+{USA},0.0,,,,,,-3.2165508399017995e-06,
0.99,MIXED_NONUNIQUE,True,accept,EUR,"{CHN,EUR}+{USA}","{CHN,EUR,USA}",1.0,,,,,,3.7058644446474887e-06,"CHN,USA"
0.99,MIXED_NONUNIQUE,True,accept,EUR,"{CHN,EUR}+{USA}","{CHN,USA}+{EUR}",1.0,,,,,,9.07797602600624e-06,
0.99,MIXED_NONUNIQUE,True,accept,EUR,"{CHN,EUR}+{USA}","{CHN}+{EUR,USA}",1.0,,,,,,1.6298170812945045e-07,
0.99,MIXED_NONUNIQUE,True,accept,EUR,"{CHN,EUR}+{USA}",{CHN}+{EUR}+{USA},1.0,,,,,,4.893136047456892e-07,
0.99,MIXED_NONUNIQUE,True,accept,EUR,"{CHN,USA}+{EUR}","{CHN,EUR,USA}",0.0,,,,,,-5.372111581358752e-06,
0.99,MIXED_NONUNIQUE,True,accept,EUR,"{CHN,USA}+{EUR}","{CHN,EUR}+{USA}",0.0,,,,,,-9.07797602600624e-06,
0.99,MIXED_NONUNIQUE,True,accept,EUR,"{CHN,USA}+{EUR}","{CHN}+{EUR,USA}",0.0,,,,,,-8.91499431787679e-06,
0.99,MIXED_NONUNIQUE,True,accept,EUR,"{CHN}+{EUR,USA}","{CHN,EUR,USA}",1.0,,,,,,3.542882736518038e-06,"CHN,USA"
0.99,MIXED_NONUNIQUE,True,accept,EUR,"{CHN}+{EUR,USA}","{CHN,EUR}+{USA}",0.0,,,,,,-1.6298170812945045e-07,
0.99,MIXED_NONUNIQUE,True,accept,EUR,"{CHN}+{EUR,USA}","{CHN,USA}+{EUR}",1.0,,,,,,8.91499431787679e-06,
0.99,MIXED_NONUNIQUE,True,accept,EUR,"{CHN}+{EUR,USA}",{CHN}+{EUR}+{USA},1.0,,,,,,3.2633189661623874e-07,
0.99,MIXED_NONUNIQUE,True,accept,EUR,{CHN}+{EUR}+{USA},"{CHN,EUR,USA}",1.0,,,,,,3.2165508399017995e-06,USA
0.99,MIXED_NONUNIQUE,True,accept,EUR,{CHN}+{EUR}+{USA},"{CHN,EUR}+{USA}",0.0,,,,,,-4.893136047456892e-07,
0.99,MIXED_NONUNIQUE,True,accept,EUR,{CHN}+{EUR}+{USA},"{CHN}+{EUR,USA}",0.0,,,,,,-3.2633189661623874e-07,
0.99,MIXED_NONUNIQUE,True,accept,USA,"{CHN,EUR,USA}","{CHN,EUR}+{USA}",0.5000000000000004,,,,,,0.0,
0.99,MIXED_NONUNIQUE,True,accept,USA,"{CHN,EUR,USA}","{CHN,USA}+{EUR}",0.0,,,,,,-3.492476255750887e-06,
0.99,MIXED_NONUNIQUE,True,accept,USA,"{CHN,EUR,USA}","{CHN}+{EUR,USA}",0.49999999999999967,,,,,,0.0,
0.99,MIXED_NONUNIQUE,True,accept,USA,"{CHN,EUR,USA}",{CHN}+{EUR}+{USA},0.0,,,,,,-9.921504793730662e-06,
0.99,MIXED_NONUNIQUE,True,accept,USA,"{CHN,EUR}+{USA}","{CHN,EUR,USA}",0.13203764252959196,,,,,,0.0,"CHN,EUR"
0.99,MIXED_NONUNIQUE,True,accept,USA,"{CHN,EUR}+{USA}","{CHN,USA}+{EUR}",0.0,,,,,,-3.492476255750887e-06,
0.99,MIXED_NONUNIQUE,True,accept,USA,"{CHN,EUR}+{USA}","{CHN}+{EUR,USA}",0.5,,,,,,0.0,
0.99,MIXED_NONUNIQUE,True,accept,USA,"{CHN,USA}+{EUR}","{CHN,EUR,USA}",1.0,,,,,,3.492476255750887e-06,
0.99,MIXED_NONUNIQUE,True,accept,USA,"{CHN,USA}+{EUR}","{CHN,EUR}+{USA}",1.0,,,,,,3.492476255750887e-06,
0.99,MIXED_NONUNIQUE,True,accept,USA,"{CHN,USA}+{EUR}","{CHN}+{EUR,USA}",1.0,,,,,,3.492476255750887e-06,
0.99,MIXED_NONUNIQUE,True,accept,USA,"{CHN,USA}+{EUR}",{CHN}+{EUR}+{USA},0.0,,,,,,-6.429028537979775e-06,
0.99,MIXED_NONUNIQUE,True,accept,USA,"{CHN}+{EUR,USA}","{CHN,EUR,USA}",0.0921091441826313,,,,,,0.0,"CHN,EUR"
0.99,MIXED_NONUNIQUE,True,accept,USA,"{CHN}+{EUR,USA}","{CHN,EUR}+{USA}",0.5,,,,,,0.0,
0.99,MIXED_NONUNIQUE,True,accept,USA,"{CHN}+{EUR,USA}","{CHN,USA}+{EUR}",0.0,,,,,,-3.492476255750887e-06,
0.99,MIXED_NONUNIQUE,True,accept,USA,"{CHN}+{EUR,USA}",{CHN}+{EUR}+{USA},0.0,,,,,,-9.921504793730662e-06,
0.99,MIXED_NONUNIQUE,True,accept,USA,{CHN}+{EUR}+{USA},"{CHN,EUR,USA}",1.0,,,,,,9.921504793730662e-06,
0.99,MIXED_NONUNIQUE,True,accept,USA,{CHN}+{EUR}+{USA},"{CHN,USA}+{EUR}",1.0,,,,,,6.429028537979775e-06,"CHN,EUR"
0.99,MIXED_NONUNIQUE,True,accept,USA,{CHN}+{EUR}+{USA},"{CHN}+{EUR,USA}",1.0,,,,,,9.921504793730662e-06,
0.995,MIXED_NONUNIQUE,True,propose,CHN,"{CHN,EUR,USA}","{CHN,EUR,USA}",1.0,True,1.0,1.0,False,,,
0.995,MIXED_NONUNIQUE,True,propose,CHN,"{CHN,EUR}+{USA}","{CHN,EUR,USA}",1.0,False,0.1454436164606784,0.1454436164606784,False,"EUR,USA",,
0.995,MIXED_NONUNIQUE,True,propose,CHN,"{CHN,USA}+{EUR}","{CHN,USA}+{EUR}",1.0,True,1.0,1.0,False,,,
0.995,MIXED_NONUNIQUE,True,propose,CHN,"{CHN}+{EUR,USA}","{CHN,EUR,USA}",1.0,False,0.1065244130904292,0.1065244130904292,False,"EUR,USA",,
0.995,MIXED_NONUNIQUE,True,propose,CHN,{CHN}+{EUR}+{USA},"{CHN,USA}+{EUR}",1.0,False,1.0,1.0,False,USA,,
0.995,MIXED_NONUNIQUE,True,propose,EUR,"{CHN,EUR,USA}","{CHN,USA}+{EUR}",1.0,False,1.0,1.0,True,,,
0.995,MIXED_NONUNIQUE,True,propose,EUR,"{CHN,EUR}+{USA}","{CHN,EUR,USA}",0.7136016685362218,False,0.1454436164606784,0.1037888073842824,False,"CHN,USA",,
0.995,MIXED_NONUNIQUE,True,propose,EUR,"{CHN,EUR}+{USA}",{CHN}+{EUR}+{USA},0.28639833146377824,False,1.0,0.28639833146377824,True,,,
0.995,MIXED_NONUNIQUE,True,propose,EUR,"{CHN,USA}+{EUR}","{CHN,USA}+{EUR}",1.0,True,1.0,1.0,False,,,
0.995,MIXED_NONUNIQUE,True,propose,EUR,"{CHN}+{EUR,USA}","{CHN,EUR,USA}",0.8016275636171681,False,0.1065244130904292,0.08539290573142953,False,"CHN,USA",,
0.995,MIXED_NONUNIQUE,True,propose,EUR,"{CHN}+{EUR,USA}",{CHN}+{EUR}+{USA},0.19837243638283186,False,1.0,0.19837243638283186,True,,,
0.995,MIXED_NONUNIQUE,True,propose,EUR,{CHN}+{EUR}+{USA},"{CHN,USA}+{EUR}",1.0,False,1.0,1.0,False,"CHN,USA",,
0.995,MIXED_NONUNIQUE,True,propose,USA,"{CHN,EUR,USA}","{CHN,EUR,USA}",0.20933969311696904,True,1.0,0.20933969311696904,False,,,
0.995,MIXED_NONUNIQUE,True,propose,USA,"{CHN,EUR,USA}","{CHN,EUR}+{USA}",0.7906603068830309,False,1.0,0.7906603068830309,True,,,
0.995,MIXED_NONUNIQUE,True,propose,USA,"{CHN,EUR}+{USA}","{CHN,EUR,USA}",0.39088510033286095,False,1.0,0.39088510033286095,False,"CHN,EUR",,
0.995,MIXED_NONUNIQUE,True,propose,USA,"{CHN,EUR}+{USA}","{CHN,EUR}+{USA}",0.609114899667139,True,1.0,0.609114899667139,False,,,
0.995,MIXED_NONUNIQUE,True,propose,USA,"{CHN,USA}+{EUR}","{CHN,USA}+{EUR}",1.0,True,1.0,1.0,False,,,
0.995,MIXED_NONUNIQUE,True,propose,USA,"{CHN}+{EUR,USA}","{CHN,EUR,USA}",0.45794791464246115,False,1.0,0.45794791464246115,False,"CHN,EUR",,
0.995,MIXED_NONUNIQUE,True,propose,USA,"{CHN}+{EUR,USA}","{CHN}+{EUR,USA}",0.5420520853575388,True,1.0,0.5420520853575388,False,,,
0.995,MIXED_NONUNIQUE,True,propose,USA,{CHN}+{EUR}+{USA},"{CHN,EUR,USA}",1.0,False,1.0,1.0,False,"CHN,EUR",,
0.995,MIXED_NONUNIQUE,True,accept,CHN,"{CHN,EUR,USA}","{CHN,EUR}+{USA}",0.0,,,,,,-6.2287652582426745e-06,
0.995,MIXED_NONUNIQUE,True,accept,CHN,"{CHN,EUR,USA}","{CHN,USA}+{EUR}",1.0,,,,,,4.919078552489964e-06,
0.995,MIXED_NONUNIQUE,True,accept,CHN,"{CHN,EUR,USA}","{CHN}+{EUR,USA}",0.0,,,,,,-8.956441343244137e-06,
0.995,MIXED_NONUNIQUE,True,accept,CHN,"{CHN,EUR,USA}",{CHN}+{EUR}+{USA},0.0,,,,,,-1.5817130897488596e-05,
0.995,MIXED_NONUNIQUE,True,accept,CHN,"{CHN,EUR}+{USA}","{CHN,EUR,USA}",1.0,,,,,,6.2287652582426745e-06,"EUR,USA"
0.995,MIXED_NONUNIQUE,True,accept,CHN,"{CHN,EUR}+{USA}","{CHN,USA}+{EUR}",1.0,,,,,,1.1147843810732638e-05,
0.995,MIXED_NONUNIQUE,True,accept,CHN,"{CHN,EUR}+{USA}","{CHN}+{EUR,USA}",0.0,,,,,,-2.7276760850014625e-06,
0.995,MIXED_NONUNIQUE,True,accept,CHN,"{CHN,EUR}+{USA}",{CHN}+{EUR}+{USA},0.0,,,,,,-9.588365639245922e-06,
0.995,MIXED_NONUNIQUE,True,accept,CHN,"{CHN,USA}+{EUR}","{CHN,EUR,USA}",0.0,,,,,,-4.919078552489964e-06,
0.995,MIXED_NONUNIQUE,True,accept,CHN,"{CHN,USA}+{EUR}","{CHN,EUR}+{USA}",0.0,,,,,,-1.1147843810732638e-05,
0.995,MIXED_NONUNIQUE,True,accept,CHN,"{CHN,USA}+{EUR}","{CHN}+{EUR,USA}",0.0,,,,,,-1.38755198957341e-05,
0.995,MIXED_NONUNIQUE,True,accept,CHN,"{CHN,USA}+{EUR}",{CHN}+{EUR}+{USA},0.0,,,,,,-2.073620944997856e-05,
0.995,MIXED_NONUNIQUE,True,accept,CHN,"{CHN}+{EUR,USA}","{CHN,EUR,USA}",1.0,,,,,,8.956441343244137e-06,"EUR,USA"
0.995,MIXED_NONUNIQUE,True,accept,CHN,"{CHN}+{EUR,USA}","{CHN,EUR}+{USA}",1.0,,,,,,2.7276760850014625e-06,
0.995,MIXED_NONUNIQUE,True,accept,CHN,"{CHN}+{EUR,USA}","{CHN,USA}+{EUR}",1.0,,,,,,1.38755198957341e-05,
0.995,MIXED_NONUNIQUE,True,accept,CHN,{CHN}+{EUR}+{USA},"{CHN,EUR,USA}",1.0,,,,,,1.5817130897488596e-05,USA
0.995,MIXED_NONUNIQUE,True,accept,CHN,{CHN}+{EUR}+{USA},"{CHN,EUR}+{USA}",1.0,,,,,,9.588365639245922e-06,
0.995,MIXED_NONUNIQUE,True,accept,CHN,{CHN}+{EUR}+{USA},"{CHN,USA}+{EUR}",1.0,,,,,,2.073620944997856e-05,EUR
0.995,MIXED_NONUNIQUE,True,accept,EUR,"{CHN,EUR,USA}","{CHN,EUR}+{USA}",0.0,,,,,,-1.8646543034073204e-06,
0.995,MIXED_NONUNIQUE,True,accept,EUR,"{CHN,EUR,USA}","{CHN,USA}+{EUR}",1.0,,,,,,2.7149335086740223e-06,
0.995,MIXED_NONUNIQUE,True,accept,EUR,"{CHN,EUR,USA}","{CHN}+{EUR,USA}",0.0,,,,,,-1.7834312000530872e-06,
0.995,MIXED_NONUNIQUE,True,accept,EUR,"{CHN,EUR,USA}",{CHN}+{EUR}+{USA},0.0,,,,,,-1.5934522381577665e-06,
0.995,MIXED_NONUNIQUE,True,accept,EUR,"{CHN,EUR}+{USA}","{CHN,EUR,USA}",1.0,,,,,,1.8646543034073204e-06,"CHN,USA"
0.995,MIXED_NONUNIQUE,True,accept,EUR,"{CHN,EUR}+{USA}","{CHN,USA}+{EUR}",1.0,,,,,,4.579587812081343e-06,
0.995,MIXED_NONUNIQUE,True,accept,EUR,"{CHN,EUR}+{USA}","{CHN}+{EUR,USA}",1.0,,,,,,8.122310335423322e-08,
0.995,MIXED_NONUNIQUE,True,accept,EUR,"{CHN,EUR}+{USA}",{CHN}+{EUR}+{USA},1.0,,,,,,2.712020652495539e-07,
0.995,MIXED_NONUNIQUE,True,accept,EUR,"{CHN,USA}+{EUR}","{CHN,EUR,USA}",0.0,,,,,,-2.7149335086740223e-06,
0.995,MIXED_NONUNIQUE,True,accept,EUR,"{CHN,USA}+{EUR}","{CHN,EUR}+{USA}",0.0,,,,,,-4.579587812081343e-06,
0.995,MIXED_NONUNIQUE,True,accept,EUR,"{CHN,USA}+{EUR}","{CHN}+{EUR,USA}",0.0,,,,,,-4.4983647087271095e-06,
0.995,MIXED_NONUNIQUE,True,accept,EUR,"{CHN}+{EUR,USA}","{CHN,EUR,USA}",1.0,,,,,,1.7834312000530872e-06,"CHN,USA"
0.995,MIXED_NONUNIQUE,True,accept,EUR,"{CHN}+{EUR,USA}","{CHN,EUR}+{USA}",0.0,,,,,,-8.122310335423322e-08,
0.995,MIXED_NONUNIQUE,True,accept,EUR,"{CHN}+{EUR,USA}","{CHN,USA}+{EUR}",1.0,,,,,,4.4983647087271095e-06,
0.995,MIXED_NONUNIQUE,True,accept,EUR,"{CHN}+{EUR,USA}",{CHN}+{EUR}+{USA},1.0,,,,,,1.899789618953207e-07,
0.995,MIXED_NONUNIQUE,True,accept,EUR,{CHN}+{EUR}+{USA},"{CHN,EUR,USA}",1.0,,,,,,1.5934522381577665e-06,USA
0.995,MIXED_NONUNIQUE,True,accept,EUR,{CHN}+{EUR}+{USA},"{CHN,EUR}+{USA}",0.0,,,,,,-2.712020652495539e-07,
0.995,MIXED_NONUNIQUE,True,accept,EUR,{CHN}+{EUR}+{USA},"{CHN}+{EUR,USA}",0.0,,,,,,-1.899789618953207e-07,
0.995,MIXED_NONUNIQUE,True,accept,USA,"{CHN,EUR,USA}","{CHN,EUR}+{USA}",0.5000000000000021,,,,,,0.0,
0.995,MIXED_NONUNIQUE,True,accept,USA,"{CHN,EUR,USA}","{CHN,USA}+{EUR}",0.0,,,,,,-1.7635276141625411e-06,
0.995,MIXED_NONUNIQUE,True,accept,USA,"{CHN,EUR,USA}","{CHN}+{EUR,USA}",0.49999999999999944,,,,,,0.0,
0.995,MIXED_NONUNIQUE,True,accept,USA,"{CHN,EUR,USA}",{CHN}+{EUR}+{USA},0.0,,,,,,-4.96939714000888e-06,
0.995,MIXED_NONUNIQUE,True,accept,USA,"{CHN,EUR}+{USA}","{CHN,EUR,USA}",0.1454436164606784,,,,,,0.0,"CHN,EUR"
0.995,MIXED_NONUNIQUE,True,accept,USA,"{CHN,EUR}+{USA}","{CHN,USA}+{EUR}",0.0,,,,,,-1.7635276141625411e-06,
0.995,MIXED_NONUNIQUE,True,accept,USA,"{CHN,EUR}+{USA}","{CHN}+{EUR,USA}",0.5,,,,,,0.0,
0.995,MIXED_NONUNIQUE,True,accept,USA,"{CHN,USA}+{EUR}","{CHN,EUR,USA}",1.0,,,,,,1.7635276141625411e-06,
0.995,MIXED_NONUNIQUE,True,accept,USA,"{CHN,USA}+{EUR}","{CHN,EUR}+{USA}",1.0,,,,,,1.7635276141625411e-06,
0.995,MIXED_NONUNIQUE,True,accept,USA,"{CHN,USA}+{EUR}","{CHN}+{EUR,USA}",1.0,,,,,,1.7635276141625411e-06,
0.995,MIXED_NONUNIQUE,True,accept,USA,"{CHN,USA}+{EUR}",{CHN}+{EUR}+{USA},0.0,,,,,,-3.2058695258463388e-06,
0.995,MIXED_NONUNIQUE,True,accept,USA,"{CHN}+{EUR,USA}","{CHN,EUR,USA}",0.1065244130904292,,,,,,0.0,"CHN,EUR"
0.995,MIXED_NONUNIQUE,True,accept,USA,"{CHN}+{EUR,USA}","{CHN,EUR}+{USA}",0.5,,,,,,0.0,
0.995,MIXED_NONUNIQUE,True,accept,USA,"{CHN}+{EUR,USA}","{CHN,USA}+{EUR}",0.0,,,,,,-1.7635276141625411e-06,
0.995,MIXED_NONUNIQUE,True,accept,USA,"{CHN}+{EUR,USA}",{CHN}+{EUR}+{USA},0.0,,,,,,-4.96939714000888e-06,
0.995,MIXED_NONUNIQUE,True,accept,USA,{CHN}+{EUR}+{USA},"{CHN,EUR,USA}",1.0,,,,,,4.96939714000888e-06,
0.995,MIXED_NONUNIQUE,True,accept,USA,{CHN}+{EUR}+{USA},"{CHN,USA}+{EUR}",1.0,,,,,,3.2058695258463388e-06,"CHN,EUR"
0.995,MIXED_NONUNIQUE,True,accept,USA,{CHN}+{EUR}+{USA},"{CHN}+{EUR,USA}",1.0,,,,,,4.96939714000888e-06,
0.997,MIXED_NONUNIQUE,True,propose,CHN,"{CHN,EUR,USA}","{CHN,EUR,USA}",1.0,True,1.0,1.0,False,,,
0.997,MIXED_NONUNIQUE,True,propose,CHN,"{CHN,EUR}+{USA}","{CHN,EUR,USA}",1.0,False,0.15078453280662557,0.15078453280662557,False,"EUR,USA",,
0.997,MIXED_NONUNIQUE,True,propose,CHN,"{CHN,USA}+{EUR}","{CHN,USA}+{EUR}",1.0,True,1.0,1.0,False,,,
0.997,MIXED_NONUNIQUE,True,propose,CHN,"{CHN}+{EUR,USA}","{CHN,EUR,USA}",1.0,False,0.11226791798112415,0.11226791798112415,False,"EUR,USA",,
0.997,MIXED_NONUNIQUE,True,propose,CHN,{CHN}+{EUR}+{USA},"{CHN,USA}+{EUR}",1.0,False,1.0,1.0,False,USA,,
0.997,MIXED_NONUNIQUE,True,propose,EUR,"{CHN,EUR,USA}","{CHN,USA}+{EUR}",1.0,False,1.0,1.0,True,,,
0.997,MIXED_NONUNIQUE,True,propose,EUR,"{CHN,EUR}+{USA}","{CHN,EUR,USA}",0.7122562634344701,False,0.15078453280662557,0.1073972279205594,False,"CHN,USA",,
0.997,MIXED_NONUNIQUE,True,propose,EUR,"{CHN,EUR}+{USA}",{CHN}+{EUR}+{USA},0.2877437365655299,False,1.0,0.2877437365655299,True,,,
0.997,MIXED_NONUNIQUE,True,propose,EUR,"{CHN,USA}+{EUR}","{CHN,USA}+{EUR}",1.0,True,1.0,1.0,False,,,
0.997,MIXED_NONUNIQUE,True,propose,EUR,"{CHN}+{EUR,USA}","{CHN,EUR,USA}",0.8000436410527929,False,0.11226791798112415,0.08981923387503489,False,"CHN,USA",,
0.997,MIXED_NONUNIQUE,True,propose,EUR,"{CHN}+{EUR,USA}",{CHN}+{EUR}+{USA},0.1999563589472071,False,1.0,0.1999563589472071,True,,,
0.997,MIXED_NONUNIQUE,True,propose,EUR,{CHN}+{EUR}+{USA},"{CHN,USA}+{EUR}",1.0,False,1.0,1.0,False,"CHN,USA",,
0.997,MIXED_NONUNIQUE,True,propose,USA,"{CHN,EUR,USA}","{CHN,EUR,USA}",0.21244759016464748,True,1.0,0.21244759016464748,False,,,
0.997,MIXED_NONUNIQUE,True,propose,USA,"{CHN,EUR,USA}","{CHN,EUR}+{USA}",0.7875524098353526,False,1.0,0.7875524098353526,True,,,
0.997,MIXED_NONUNIQUE,True,propose,USA,"{CHN,EUR}+{USA}","{CHN,EUR,USA}",0.39178952617347873,False,1.0,0.39178952617347873,False,"CHN,EUR",,
0.997,MIXED_NONUNIQUE,True,propose,USA,"{CHN,EUR}+{USA}","{CHN,EUR}+{USA}",0.6082104738265213,True,1.0,0.6082104738265213,False,,,
0.997,MIXED_NONUNIQUE,True,propose,USA,"{CHN,USA}+{EUR}","{CHN,USA}+{EUR}",1.0,True,1.0,1.0,False,,,
0.997,MIXED_NONUNIQUE,True,propose,USA,"{CHN}+{EUR,USA}","{CHN,EUR,USA}",0.4583671078190455,False,1.0,0.4583671078190455,False,"CHN,EUR",,
0.997,MIXED_NONUNIQUE,True,propose,USA,"{CHN}+{EUR,USA}","{CHN}+{EUR,USA}",0.5416328921809546,True,1.0,0.5416328921809546,False,,,
0.997,MIXED_NONUNIQUE,True,propose,USA,{CHN}+{EUR}+{USA},"{CHN,EUR,USA}",1.0,False,1.0,1.0,False,"CHN,EUR",,
0.997,MIXED_NONUNIQUE,True,accept,CHN,"{CHN,EUR,USA}","{CHN,EUR}+{USA}",0.0,,,,,,-3.745424839607381e-06,
0.997,MIXED_NONUNIQUE,True,accept,CHN,"{CHN,EUR,USA}","{CHN,USA}+{EUR}",1.0,,,,,,2.963919332188425e-06,
0.997,MIXED_NONUNIQUE,True,accept,CHN,"{CHN,EUR,USA}","{CHN}+{EUR,USA}",0.0,,,,,,-5.365775109567039e-06,
0.997,MIXED_NONUNIQUE,True,accept,CHN,"{CHN,EUR,USA}",{CHN}+{EUR}+{USA},0.0,,,,,,-9.483918898212096e-06,
0.997,MIXED_NONUNIQUE,True,accept,CHN,"{CHN,EUR}+{USA}","{CHN,EUR,USA}",1.0,,,,,,3.745424839607381e-06,"EUR,USA"
0.997,MIXED_NONUNIQUE,True,accept,CHN,"{CHN,EUR}+{USA}","{CHN,USA}+{EUR}",1.0,,,,,,6.709344171795806e-06,
0.997,MIXED_NONUNIQUE,True,accept,CHN,"{CHN,EUR}+{USA}","{CHN}+{EUR,USA}",0.0,,,,,,-1.6203502699596584e-06,
0.997,MIXED_NONUNIQUE,True,accept,CHN,"{CHN,EUR}+{USA}",{CHN}+{EUR}+{USA},0.0,,,,,,-5.738494058604715e-06,
0.997,MIXED_NONUNIQUE,True,accept,CHN,"{CHN,USA}+{EUR}","{CHN,EUR,USA}",0.0,,,,,,-2.963919332188425e-06,
0.997,MIXED_NONUNIQUE,True,accept,CHN,"{CHN,USA}+{EUR}","{CHN,EUR}+{USA}",0.0,,,,,,-6.709344171795806e-06,
0.997,MIXED_NONUNIQUE,True,accept,CHN,"{CHN,USA}+{EUR}","{CHN}+{EUR,USA}",0.0,,,,,,-8.329694441755464e-06,
0.997,MIXED_NONUNIQUE,True,accept,CHN,"{CHN,USA}+{EUR}",{CHN}+{EUR}+{USA},0.0,,,,,,-1.244783823040052e-05,
0.997,MIXED_NONUNIQUE,True,accept,CHN,"{CHN}+{EUR,USA}","{CHN,EUR,USA}",1.0,,,,,,5.365775109567039e-06,"EUR,USA"
0.997,MIXED_NONUNIQUE,True,accept,CHN,"{CHN}+{EUR,USA}","{CHN,EUR}+{USA}",1.0,,,,,,1.6203502699596584e-06,
0.997,MIXED_NONUNIQUE,True,accept,CHN,"{CHN}+{EUR,USA}","{CHN,USA}+{EUR}",1.0,,,,,,8.329694441755464e-06,
0.997,MIXED_NONUNIQUE,True,accept,CHN,{CHN}+{EUR}+{USA},"{CHN,EUR,USA}",1.0,,,,,,9.483918898212096e-06,USA
0.997,MIXED_NONUNIQUE,True,accept,CHN,{CHN}+{EUR}+{USA},"{CHN,EUR}+{USA}",1.0,,,,,,5.738494058604715e-06,
0.997,MIXED_NONUNIQUE,True,accept,CHN,{CHN}+{EUR}+{USA},"{CHN,USA}+{EUR}",1.0,,,,,,1.244783823040052e-05,EUR
0.997,MIXED_NONUNIQUE,True,accept,EUR,"{CHN,EUR,USA}","{CHN,EUR}+{USA}",0.0,,,,,,-1.121611958421198e-06,
0.997,MIXED_NONUNIQUE,True,accept,EUR,"{CHN,EUR,USA}","{CHN,USA}+{EUR}",1.0,,,,,,1.6359502592599995e-06,
0.997,MIXED_NONUNIQUE,True,accept,EUR,"{CHN,EUR,USA}","{CHN}+{EUR,USA}",0.0,,,,,,-1.0729478439053253e-06,
0.997,MIXED_NONUNIQUE,True,accept,EUR,"{CHN,EUR,USA}",{CHN}+{EUR}+{USA},0.0,,,,,,-9.524902231383692e-07,
0.997,MIXED_NONUNIQUE,True,accept,EUR,"{CHN,EUR}+{USA}","{CHN,EUR,USA}",1.0,,,,,,1.121611958421198e-06,"CHN,USA"
0.997,MIXED_NONUNIQUE,True,accept,EUR,"{CHN,EUR}+{USA}","{CHN,USA}+{EUR}",1.0,,,,,,2.7575622176811976e-06,
0.997,MIXED_NONUNIQUE,True,accept,EUR,"{CHN,EUR}+{USA}","{CHN}+{EUR,USA}",1.0,,,,,,4.8664114515872825e-08,
0.997,MIXED_NONUNIQUE,True,accept,EUR,"{CHN,EUR}+{USA}",{CHN}+{EUR}+{USA},1.0,,,,,,1.6912173528282892e-07,
0.997,MIXED_NONUNIQUE,True,accept,EUR,"{CHN,USA}+{EUR}","{CHN,EUR,USA}",0.0,,,,,,-1.6359502592599995e-06,
0.997,MIXED_NONUNIQUE,True,accept,EUR,"{CHN,USA}+{EUR}","{CHN,EUR}+{USA}",0.0,,,,,,-2.7575622176811976e-06,
0.997,MIXED_NONUNIQUE,True,accept,EUR,"{CHN,USA}+{EUR}","{CHN}+{EUR,USA}",0.0,,,,,,-2.7088981031653248e-06,
0.997,MIXED_NONUNIQUE,True,accept,EUR,"{CHN}+{EUR,USA}","{CHN,EUR,USA}",1.0,,,,,,1.0729478439053253e-06,"CHN,USA"
0.997,MIXED_NONUNIQUE,True,accept,EUR,"{CHN}+{EUR,USA}","{CHN,EUR}+{USA}",0.0,,,,,,-4.8664114515872825e-08,
0.997,MIXED_NONUNIQUE,True,accept,EUR,"{CHN}+{EUR,USA}","{CHN,USA}+{EUR}",1.0,,,,,,2.7088981031653248e-06,
0.997,MIXED_NONUNIQUE,True,accept,EUR,"{CHN}+{EUR,USA}",{CHN}+{EUR}+{USA},1.0,,,,,,1.204576207669561e-07,
0.997,MIXED_NONUNIQUE,True,accept,EUR,{CHN}+{EUR}+{USA},"{CHN,EUR,USA}",1.0,,,,,,9.524902231383692e-07,USA
0.997,MIXED_NONUNIQUE,True,accept,EUR,{CHN}+{EUR}+{USA},"{CHN,EUR}+{USA}",0.0,,,,,,-1.6912173528282892e-07,
0.997,MIXED_NONUNIQUE,True,accept,EUR,{CHN}+{EUR}+{USA},"{CHN}+{EUR,USA}",0.0,,,,,,-1.204576207669561e-07,
0.997,MIXED_NONUNIQUE,True,accept,USA,"{CHN,EUR,USA}","{CHN,EUR}+{USA}",0.5,,,,,,0.0,
0.997,MIXED_NONUNIQUE,True,accept,USA,"{CHN,EUR,USA}","{CHN,USA}+{EUR}",0.0,,,,,,-1.062323791600761e-06,
0.997,MIXED_NONUNIQUE,True,accept,USA,"{CHN,EUR,USA}","{CHN}+{EUR,USA}",0.49999999999999994,,,,,,0.0,
0.997,MIXED_NONUNIQUE,True,accept,USA,"{CHN,EUR,USA}",{CHN}+{EUR}+{USA},0.0,,,,,,-2.9837418957789907e-06,
0.997,MIXED_NONUNIQUE,True,accept,USA,"{CHN,EUR}+{USA}","{CHN,EUR,USA}",0.15078453280662557,,,,,,0.0,"CHN,EUR"
0.997,MIXED_NONUNIQUE,True,accept,USA,"{CHN,EUR}+{USA}","{CHN,USA}+{EUR}",0.0,,,,,,-1.062323791600761e-06,
0.997,MIXED_NONUNIQUE,True,accept,USA,"{CHN,EUR}+{USA}","{CHN}+{EUR,USA}",0.5,,,,,,0.0,
0.997,MIXED_NONUNIQUE,True,accept,USA,"{CHN,USA}+{EUR}","{CHN,EUR,USA}",1.0,,,,,,1.062323791600761e-06,
0.997,MIXED_NONUNIQUE,True,accept,USA,"{CHN,USA}+{EUR}","{CHN,EUR}+{USA}",1.0,,,,,,1.062323791600761e-06,
0.997,MIXED_NONUNIQUE,True,accept,USA,"{CHN,USA}+{EUR}","{CHN}+{EUR,USA}",1.0,,,,,,1.062323791600761e-06,
0.997,MIXED_NONUNIQUE,True,accept,USA,"{CHN,USA}+{EUR}",{CHN}+{EUR}+{USA},0.0,,,,,,-1.9214181041782297e-06,
0.997,MIXED_NONUNIQUE,True,accept,USA,"{CHN}+{EUR,USA}","{CHN,EUR,USA}",0.11226791798112415,,,,,,0.0,"CHN,EUR"
0.997,MIXED_NONUNIQUE,True,accept,USA,"{CHN}+{EUR,USA}","{CHN,EUR}+{USA}",0.5,,,,,,0.0,
0.997,MIXED_NONUNIQUE,True,accept,USA,"{CHN}+{EUR,USA}","{CHN,USA}+{EUR}",0.0,,,,,,-1.062323791600761e-06,
0.997,MIXED_NONUNIQUE,True,accept,USA,"{CHN}+{EUR,USA}",{CHN}+{EUR}+{USA},0.0,,,,,,-2.9837418957789907e-06,
0.997,MIXED_NONUNIQUE,True,accept,USA,{CHN}+{EUR}+{USA},"{CHN,EUR,USA}",1.0,,,,,,2.9837418957789907e-06,
0.997,MIXED_NONUNIQUE,True,accept,USA,{CHN}+{EUR}+{USA},"{CHN,USA}+{EUR}",1.0,,,,,,1.9214181041782297e-06,"CHN,EUR"
0.997,MIXED_NONUNIQUE,True,accept,USA,{CHN}+{EUR}+{USA},"{CHN}+{EUR,USA}",1.0,,,,,,2.9837418957789907e-06,
0.999,MIXED_NONUNIQUE,True,propose,CHN,"{CHN,EUR,USA}","{CHN,EUR,USA}",1.0,True,1.0,1.0,False,,,
0.999,MIXED_NONUNIQUE,True,propose,CHN,"{CHN,EUR}+{USA}","{CHN,EUR,USA}",1.0,False,0.1561132217245558,0.1561132217245558,False,"EUR,USA",,
0.999,MIXED_NONUNIQUE,True,propose,CHN,"{CHN,USA}+{EUR}","{CHN,USA}+{EUR}",1.0,True,1.0,1.0,False,,,
0.999,MIXED_NONUNIQUE,True,propose,CHN,"{CHN}+{EUR,USA}","{CHN,EUR,USA}",1.0,False,0.11799866252223563,0.11799866252223563,False,"EUR,USA",,
0.999,MIXED_NONUNIQUE,True,propose,CHN,{CHN}+{EUR}+{USA},"{CHN,USA}+{EUR}",1.0,False,1.0,1.0,False,USA,,
0.999,MIXED_NONUNIQUE,True,propose,EUR,"{CHN,EUR,USA}","{CHN,USA}+{EUR}",1.0,False,1.0,1.0,True,,,
0.999,MIXED_NONUNIQUE,True,propose,EUR,"{CHN,EUR}+{USA}","{CHN,EUR,USA}",0.7109036795535212,False,0.1561132217245558,0.11098146375094142,False,"CHN,USA",,
0.999,MIXED_NONUNIQUE,True,propose,EUR,"{CHN,EUR}+{USA}",{CHN}+{EUR}+{USA},0.2890963204464788,False,1.0,0.2890963204464788,True,,,
0.999,MIXED_NONUNIQUE,True,propose,EUR,"{CHN,USA}+{EUR}","{CHN,USA}+{EUR}",1.0,True,1.0,1.0,False,,,
0.999,MIXED_NONUNIQUE,True,propose,EUR,"{CHN}+{EUR,USA}","{CHN,EUR,USA}",0.798453089367396,False,0.11799866252223563,0.09421639663209981,False,"CHN,USA",,
0.999,MIXED_NONUNIQUE,True,propose,EUR,"{CHN}+{EUR,USA}",{CHN}+{EUR}+{USA},0.201546910632604,False,1.0,0.201546910632604,True,,,
0.999,MIXED_NONUNIQUE,True,propose,EUR,{CHN}+{EUR}+{USA},"{CHN,USA}+{EUR}",1.0,False,1.0,1.0,False,"CHN,USA",,
0.999,MIXED_NONUNIQUE,True,propose,USA,"{CHN,EUR,USA}","{CHN,EUR,USA}",0.21555777170456272,True,1.0,0.21555777170456272,False,,,
0.999,MIXED_NONUNIQUE,True,propose,USA,"{CHN,EUR,USA}","{CHN,EUR}+{USA}",0.7844422282954373,False,1.0,0.7844422282954373,True,,,
0.999,MIXED_NONUNIQUE,True,propose,USA,"{CHN,EUR}+{USA}","{CHN,EUR,USA}",0.39270950339632105,False,1.0,0.39270950339632105,False,"CHN,EUR",,
0.999,MIXED_NONUNIQUE,True,propose,USA,"{CHN,EUR}+{USA}","{CHN,EUR}+{USA}",0.607290496603679,True,1.0,0.607290496603679,False,,,
0.999,MIXED_NONUNIQUE,True,propose,USA,"{CHN,USA}+{EUR}","{CHN,USA}+{EUR}",1.0,True,1.0,1.0,False,,,
0.999,MIXED_NONUNIQUE,True,propose,USA,"{CHN}+{EUR,USA}","{CHN,EUR,USA}",0.45879870175690673,False,1.0,0.45879870175690673,False,"CHN,EUR",,
0.999,MIXED_NONUNIQUE,True,propose,USA,"{CHN}+{EUR,USA}","{CHN}+{EUR,USA}",0.5412012982430933,True,1.0,0.5412012982430933,False,,,
0.999,MIXED_NONUNIQUE,True,propose,USA,{CHN}+{EUR}+{USA},"{CHN,EUR,USA}",1.0,False,1.0,1.0,False,"CHN,EUR",,
0.999,MIXED_NONUNIQUE,True,accept,CHN,"{CHN,EUR,USA}","{CHN,EUR}+{USA}",0.0,,,,,,-1.2512009988085993e-06,
0.999,MIXED_NONUNIQUE,True,accept,CHN,"{CHN,EUR,USA}","{CHN,USA}+{EUR}",1.0,,,,,,9.921403396617734e-07,
0.999,MIXED_NONUNIQUE,True,accept,CHN,"{CHN,EUR,USA}","{CHN}+{EUR,USA}",0.0,,,,,,-1.7859847112333682e-06,
0.999,MIXED_NONUNIQUE,True,accept,CHN,"{CHN,EUR,USA}",{CHN}+{EUR}+{USA},0.0,,,,,,-3.159185405721132e-06,
0.999,MIXED_NONUNIQUE,True,accept,CHN,"{CHN,EUR}+{USA}","{CHN,EUR,USA}",1.0,,,,,,1.2512009988085993e-06,"EUR,USA"
0.999,MIXED_NONUNIQUE,True,accept,CHN,"{CHN,EUR}+{USA}","{CHN,USA}+{EUR}",1.0,,,,,,2.2433413384703726e-06,
0.999,MIXED_NONUNIQUE,True,accept,CHN,"{CHN,EUR}+{USA}","{CHN}+{EUR,USA}",0.0,,,,,,-5.34783712424769e-07,
0.999,MIXED_NONUNIQUE,True,accept,CHN,"{CHN,EUR}+{USA}",{CHN}+{EUR}+{USA},0.0,,,,,,-1.907984406912533e-06,
0.999,MIXED_NONUNIQUE,True,accept,CHN,"{CHN,USA}+{EUR}","{CHN,EUR,USA}",0.0,,,,,,-9.921403396617734e-07,
0.999,MIXED_NONUNIQUE,True,accept,CHN,"{CHN,USA}+{EUR}","{CHN,EUR}+{USA}",0.0,,,,,,-2.2433413384703726e-06,
0.999,MIXED_NONUNIQUE,True,accept,CHN,"{CHN,USA}+{EUR}","{CHN}+{EUR,USA}",0.0,,,,,,-2.7781250508951416e-06,
0.999,MIXED_NONUNIQUE,True,accept,CHN,"{CHN,USA}+{EUR}",{CHN}+{EUR}+{USA},0.0,,,,,,-4.1513257453829056e-06,
0.999,MIXED_NONUNIQUE,True,accept,CHN,"{CHN}+{EUR,USA}","{CHN,EUR,USA}",1.0,,,,,,1.7859847112333682e-06,"EUR,USA"
0.999,MIXED_NONUNIQUE,True,accept,CHN,"{CHN}+{EUR,USA}","{CHN,EUR}+{USA}",1.0,,,,,,5.34783712424769e-07,
0.999,MIXED_NONUNIQUE,True,accept,CHN,"{CHN}+{EUR,USA}","{CHN,USA}+{EUR}",1.0,,,,,,2.7781250508951416e-06,
0.999,MIXED_NONUNIQUE,True,accept,CHN,{CHN}+{EUR}+{USA},"{CHN,EUR,USA}",1.0,,,,,,3.159185405721132e-06,USA
0.999,MIXED_NONUNIQUE,True,accept,CHN,{CHN}+{EUR}+{USA},"{CHN,EUR}+{USA}",1.0,,,,,,1.907984406912533e-06,
0.999,MIXED_NONUNIQUE,True,accept,CHN,{CHN}+{EUR}+{USA},"{CHN,USA}+{EUR}",1.0,,,,,,4.1513257453829056e-06,EUR
0.999,MIXED_NONUNIQUE,True,accept,EUR,"{CHN,EUR,USA}","{CHN,EUR}+{USA}",0.0,,,,,,-3.7481170744868564e-07,
0.999,MIXED_NONUNIQUE,True,accept,EUR,"{CHN,EUR,USA}","{CHN,USA}+{EUR}",1.0,,,,,,5.476580446917012e-07,
0.999,MIXED_NONUNIQUE,True,accept,EUR,"{CHN,EUR,USA}","{CHN}+{EUR,USA}",0.0,,,,,,-3.586146988254768e-07,
0.999,MIXED_NONUNIQUE,True,accept,EUR,"{CHN,EUR,USA}",{CHN}+{EUR}+{USA},0.0,,,,,,-3.162986441651583e-07,
0.999,MIXED_NONUNIQUE,True,accept,EUR,"{CHN,EUR}+{USA}","{CHN,EUR,USA}",1.0,,,,,,3.7481170744868564e-07,"CHN,USA"
0.999,MIXED_NONUNIQUE,True,accept,EUR,"{CHN,EUR}+{USA}","{CHN,USA}+{EUR}",1.0,,,,,,9.224697521403868e-07,
0.999,MIXED_NONUNIQUE,True,accept,EUR,"{CHN,EUR}+{USA}","{CHN}+{EUR,USA}",1.0,,,,,,1.619700862320883e-08,
0.999,MIXED_NONUNIQUE,True,accept,EUR,"{CHN,EUR}+{USA}",{CHN}+{EUR}+{USA},1.0,,,,,,5.8513063283527345e-08,
0.999,MIXED_NONUNIQUE,True,accept,EUR,"{CHN,USA}+{EUR}","{CHN,EUR,USA}",0.0,,,,,,-5.476580446917012e-07,
0.999,MIXED_NONUNIQUE,True,accept,EUR,"{CHN,USA}+{EUR}","{CHN,EUR}+{USA}",0.0,,,,,,-9.224697521403868e-07,
0.999,MIXED_NONUNIQUE,True,accept,EUR,"{CHN,USA}+{EUR}","{CHN}+{EUR,USA}",0.0,,,,,,-9.06272743517178e-07,
0.999,MIXED_NONUNIQUE,True,accept,EUR,"{CHN}+{EUR,USA}","{CHN,EUR,USA}",1.0,,,,,,3.586146988254768e-07,"CHN,USA"
0.999,MIXED_NONUNIQUE,True,accept,EUR,"{CHN}+{EUR,USA}","{CHN,EUR}+{USA}",0.0,,,,,,-1.619700862320883e-08,
0.999,MIXED_NONUNIQUE,True,accept,EUR,"{CHN}+{EUR,USA}","{CHN,USA}+{EUR}",1.0,,,,,,9.06272743517178e-07,
0.999,MIXED_NONUNIQUE,True,accept,EUR,"{CHN}+{EUR,USA}",{CHN}+{EUR}+{USA},1.0,,,,,,4.2316054660318514e-08,
0.999,MIXED_NONUNIQUE,True,accept,EUR,{CHN}+{EUR}+{USA},"{CHN,EUR,USA}",1.0,,,,,,3.162986441651583e-07,USA
0.999,MIXED_NONUNIQUE,True,accept,EUR,{CHN}+{EUR}+{USA},"{CHN,EUR}+{USA}",0.0,,,,,,-5.8513063283527345e-08,
0.999,MIXED_NONUNIQUE,True,accept,EUR,{CHN}+{EUR}+{USA},"{CHN}+{EUR,USA}",0.0,,,,,,-4.2316054660318514e-08,
0.999,MIXED_NONUNIQUE,True,accept,USA,"{CHN,EUR,USA}","{CHN,EUR}+{USA}",0.5,,,,,,0.0,
0.999,MIXED_NONUNIQUE,True,accept,USA,"{CHN,EUR,USA}","{CHN,USA}+{EUR}",0.0,,,,,,-3.555215348782781e-07,
0.999,MIXED_NONUNIQUE,True,accept,USA,"{CHN,EUR,USA}","{CHN}+{EUR,USA}",0.5000000000000001,,,,,,0.0,
0.999,MIXED_NONUNIQUE,True,accept,USA,"{CHN,EUR,USA}",{CHN}+{EUR}+{USA},0.0,,,,,,-9.952874338026163e-07,
0.999,MIXED_NONUNIQUE,True,accept,USA,"{CHN,EUR}+{USA}","{CHN,EUR,USA}",0.1561132217245558,,,,,,0.0,"CHN,EUR"
0.999,MIXED_NONUNIQUE,True,accept,USA,"{CHN,EUR}+{USA}","{CHN,USA}+{EUR}",0.0,,,,,,-3.555215348782781e-07,
0.999,MIXED_NONUNIQUE,True,accept,USA,"{CHN,EUR}+{USA}","{CHN}+{EUR,USA}",0.5,,,,,,0.0,
0.999,MIXED_NONUNIQUE,True,accept,USA,"{CHN,USA}+{EUR}","{CHN,EUR,USA}",1.0,,,,,,3.555215348782781e-07,
0.999,MIXED_NONUNIQUE,True,accept,USA,"{CHN,USA}+{EUR}","{CHN,EUR}+{USA}",1.0,,,,,,3.555215348782781e-07,
0.999,MIXED_NONUNIQUE,True,accept,USA,"{CHN,USA}+{EUR}","{CHN}+{EUR,USA}",1.0,,,,,,3.555215348782781e-07,
0.999,MIXED_NONUNIQUE,True,accept,USA,"{CHN,USA}+{EUR}",{CHN}+{EUR}+{USA},0.0,,,,,,-6.397658989243382e-07,
0.999,MIXED_NONUNIQUE,True,accept,USA,"{CHN}+{EUR,USA}","{CHN,EUR,USA}",0.11799866252223563,,,,,,0.0,"CHN,EUR"
0.999,MIXED_NONUNIQUE,True,accept,USA,"{CHN}+{EUR,USA}","{CHN,EUR}+{USA}",0.5,,,,,,0.0,
0.999,MIXED_NONUNIQUE,True,accept,USA,"{CHN}+{EUR,USA}","{CHN,USA}+{EUR}",0.0,,,,,,-3.555215348782781e-07,
0.999,MIXED_NONUNIQUE,True,accept,USA,"{CHN}+{EUR,USA}",{CHN}+{EUR}+{USA},0.0,,,,,,-9.952874338026163e-07,
0.999,MIXED_NONUNIQUE,True,accept,USA,{CHN}+{EUR}+{USA},"{CHN,EUR,USA}",1.0,,,,,,9.952874338026163e-07,
0.999,MIXED_NONUNIQUE,True,accept,USA,{CHN}+{EUR}+{USA},"{CHN,USA}+{EUR}",1.0,,,,,,6.397658989243382e-07,"CHN,EUR"
0.999,MIXED_NONUNIQUE,True,accept,USA,{CHN}+{EUR}+{USA},"{CHN}+{EUR,USA}",1.0,,,,,,9.952874338026163e-07,
