delta,status,nonunique,kind,player,state,target,prob,stay,accept_prob,effective,free_exit,voters,gain,proposed_by
0.5,PURE,False,propose,CHN,"{CHN,EUR,RUS}","{CHN,EUR,RUS}",1.0,True,1.0,1.0,False,,,
0.5,PURE,False,propose,CHN,"{CHN,EUR}+{RUS}","{CHN,EUR}+{RUS}",1.0,True,1.0,1.0,False,,,
0.5,PURE,False,propose,CHN,"{CHN,RUS}+{EUR}","{CHN,RUS}+{EUR}",1.0,True,1.0,1.0,False,,,
0.5,PURE,False,propose,CHN,"{CHN}+{EUR,RUS}","{CHN}+{EUR,RUS}",1.0,True,1.0,1.0,False,,,
0.5,PURE,False,propose,CHN,{CHN}+{EUR}+{RUS},"{CHN,EUR}+{RUS}",1.0,False,1.0,1.0,False,EUR,,
0.5,PURE,False,propose,EUR,"{CHN,EUR,RUS}","{CHN,EUR,RUS}",1.0,True,1.0,1.0,False,,,
0.5,PURE,False,propose,EUR,"{CHN,EUR}+{RUS}","{CHN,EUR}+{RUS}",1.0,True,1.0,1.0,False,,,
0.5,PURE,False,propose,EUR,"{CHN,RUS}+{EUR}","{CHN,RUS}+{EUR}",1.0,True,1.0,1.0,False,,,
0.5,PURE,False,propose,EUR,"{CHN}+{EUR,RUS}","{CHN}+{EUR,RUS}",1.0,True,1.0,1.0,False,,,
0.5,PURE,False,propose,EUR,{CHN}+{EUR}+{RUS},"{CHN,EUR}+{RUS}",1.0,False,1.0,1.0,False,CHN,,
0.5,PURE,False,propose,RUS,"{CHN,EUR,RUS}","{CHN,EUR,RUS}",1.0,True,1.0,1.0,False,,,
0.5,PURE,False,propose,RUS,"{CHN,EUR}+{RUS}","{CHN,EUR}+{RUS}",1.0,True,1.0,1.0,False,,,
0.5,PURE,False,propose,RUS,"{CHN,RUS}+{EUR}",{CHN}+{EUR}+{RUS},1.0,False,1.0,1.0,True,,,
0.5,PURE,False,propose,RUS,"{CHN}+{EUR,RUS}","{CHN}+{EUR,RUS}",1.0,True,1.0,1.0,False,,,
0.5,PURE,False,propose,RUS,{CHN}+{EUR}+{RUS},"{CHN}+{EUR,RUS}",1.0,False,1.0,1.0,False,EUR,,
0.5,PURE,False,accept,CHN,"{CHN,EUR,RUS}","{CHN,EUR}+{RUS}",1.0,,,,,,7.664559581854746e-05,
0.5,PURE,False,accept,CHN,"{CHN,EUR,RUS}","{CHN,RUS}+{EUR}",0.0,,,,,,-0.0007691640500198105,
0.5,PURE,False,accept,CHN,"{CHN,EUR,RUS}","{CHN}+{EUR,RUS}",0.0,,,,,,-0.0010834703747608643,
0.5,PURE,False,accept,CHN,"{CHN,EUR,RUS}",{CHN}+{EUR}+{RUS},0.0,,,,,,-0.001980443162919343,
0.5,PURE,False,accept,CHN,"{CHN,EUR}+{RUS}","{CHN,EUR,RUS}",0.0,,,,,,-7.664559581854746e-05,
0.5,PURE,False,accept,CHN,"{CHN,EUR}+{RUS}","{CHN,RUS}+{EUR}",0.0,,,,,,-0.0008458096458383579,
0.5,PURE,False,accept,CHN,"{CHN,EUR}+{RUS}","{CHN}+{EUR,RUS}",0.0,,,,,,-0.0011601159705794117,
0.5,PURE,False,accept,CHN,"{CHN,EUR}+{RUS}",{CHN}+{EUR}+{RUS},0.0,,,,,,-0.0020570887587378905,
0.5,PURE,False,accept,CHN,"{CHN,RUS}+{EUR}","{CHN,EUR,RUS}",1.0,,,,,,0.0007691640500198105,
0.5,PURE,False,accept,CHN,"{CHN,RUS}+{EUR}","{CHN,EUR}+{RUS}",1.0,,,,,,0.0008458096458383579,
0.5,PURE,False,accept,CHN,"{CHN,RUS}+{EUR}","{CHN}+{EUR,RUS}",0.0,,,,,,-0.0003143063247410538,
0.5,PURE,False,accept,CHN,"{CHN,RUS}+{EUR}",{CHN}+{EUR}+{RUS},0.0,,,,,,-0.0012112791128995326,
0.5,PURE,False,accept,CHN,"{CHN}+{EUR,RUS}","{CHN,EUR,RUS}",1.0,,,,,,0.0010834703747608643,
0.5,PURE,False,accept,CHN,"{CHN}+{EUR,RUS}","{CHN,EUR}+{RUS}",1.0,,,,,,0.0011601159705794117,
0.5,PURE,False,accept,CHN,"{CHN}+{EUR,RUS}","{CHN,RUS}+{EUR}",1.0,,,,,,0.0003143063247410538,
0.5,PURE,False,accept,CHN,{CHN}+{EUR}+{RUS},"{CHN,EUR,RUS}",1.0,,,,,,0.001980443162919343,
0.5,PURE,False,accept,CHN,{CHN}+{EUR}+{RUS},"{CHN,EUR}+{RUS}",1.0,,,,,,0.0020570887587378905,EUR
0.5,PURE,False,accept,CHN,{CHN}+{EUR}+{RUS},"{CHN,RUS}+{EUR}",1.0,,,,,,0.0012112791128995326,
0.5,PURE,False,accept,EUR,"{CHN,EUR,RUS}","{CHN,EUR}+{RUS}",1.0,,,,,,9.73964811024075e-07,
0.5,PURE,False,accept,EUR,"{CHN,EUR,RUS}","{CHN,RUS}+{EUR}",0.0,,,,,,-1.6379794450571694e-05,
0.5,PURE,False,accept,EUR,"{CHN,EUR,RUS}","{CHN}+{EUR,RUS}",0.0,,,,,,-9.714152928097519e-05,
0.5,PURE,False,accept,EUR,"{CHN,EUR,RUS}",{CHN}+{EUR}+{RUS},0.0,,,,,,-0.00031171832470677785,
0.5,PURE,False,accept,EUR,"{CHN,EUR}+{RUS}","{CHN,EUR,RUS}",0.0,,,,,,-9.73964811024075e-07,
0.5,PURE,False,accept,EUR,"{CHN,EUR}+{RUS}","{CHN,RUS}+{EUR}",0.0,,,,,,-1.735375926159577e-05,
0.5,PURE,False,accept,EUR,"{CHN,EUR}+{RUS}","{CHN}+{EUR,RUS}",0.0,,,,,,-9.811549409199927e-05,
0.5,PURE,False,accept,EUR,"{CHN,EUR}+{RUS}",{CHN}+{EUR}+{RUS},0.0,,,,,,-0.0003126922895178019,
0.5,PURE,False,accept,EUR,"{CHN,RUS}+{EUR}","{CHN,EUR,RUS}",1.0,,,,,,1.6379794450571694e-05,
0.5,PURE,False,accept,EUR,"{CHN,RUS}+{EUR}","{CHN,EUR}+{RUS}",1.0,,,,,,1.735375926159577e-05,
0.5,PURE,False,accept,EUR,"{CHN,RUS}+{EUR}","{CHN}+{EUR,RUS}",0.0,,,,,,-8.07617348304035e-05,
0.5,PURE,False,accept,EUR,"{CHN}+{EUR,RUS}","{CHN,EUR,RUS}",1.0,,,,,,9.714152928097519e-05,
0.5,PURE,False,accept,EUR,"{CHN}+{EUR,RUS}","{CHN,EUR}+{RUS}",1.0,,,,,,9.811549409199927e-05,
0.5,PURE,False,accept,EUR,"{CHN}+{EUR,RUS}","{CHN,RUS}+{EUR}",1.0,,,,,,8.07617348304035e-05,
0.5,PURE,False,accept,EUR,"{CHN}+{EUR,RUS}",{CHN}+{EUR}+{RUS},0.0,,,,,,-0.00021457679542580266,
0.5,PURE,False,accept,EUR,{CHN}+{EUR}+{RUS},"{CHN,EUR,RUS}",1.0,,,,,,0.00031171832470677785,
0.5,PURE,False,accept,EUR,{CHN}+{EUR}+{RUS},"{CHN,EUR}+{RUS}",1.0,,,,,,0.0003126922895178019,CHN
0.5,PURE,False,accept,EUR,{CHN}+{EUR}+{RUS},"{CHN}+{EUR,RUS}",1.0,,,,,,0.00021457679542580266,RUS
0.5,PURE,False,accept,RUS,"{CHN,EUR,RUS}","{CHN,EUR}+{RUS}",0.0,,,,,,-1.0314033383806986e-05,
0.5,PURE,False,accept,RUS,"{CHN,EUR,RUS}","{CHN,RUS}+{EUR}",1.0,,,,,,2.814964101816031e-06,
0.5,PURE,False,accept,RUS,"{CHN,EUR,RUS}","{CHN}+{EUR,RUS}",1.0,,,,,,6.785705696299438e-05,
0.5,PURE,False,accept,RUS,"{CHN,EUR,RUS}",{CHN}+{EUR}+{RUS},1.0,,,,,,2.5993306019822526e-05,
0.5,PURE,False,accept,RUS,"{CHN,EUR}+{RUS}","{CHN,EUR,RUS}",1.0,,,,,,1.0314033383806986e-05,
0.5,PURE,False,accept,RUS,"{CHN,EUR}+{RUS}","{CHN,RUS}+{EUR}",1.0,,,,,,1.3128997485623017e-05,
0.5,PURE,False,accept,RUS,"{CHN,EUR}+{RUS}","{CHN}+{EUR,RUS}",1.0,,,,,,7.817109034680136e-05,
0.5,PURE,False,accept,RUS,"{CHN,RUS}+{EUR}","{CHN,EUR,RUS}",0.0,,,,,,-2.814964101816031e-06,
0.5,PURE,False,accept,RUS,"{CHN,RUS}+{EUR}","{CHN,EUR}+{RUS}",0.0,,,,,,-1.3128997485623017e-05,
0.5,PURE,False,accept,RUS,"{CHN,RUS}+{EUR}","{CHN}+{EUR,RUS}",1.0,,,,,,6.504209286117835e-05,
0.5,PURE,False,accept,RUS,"{CHN,RUS}+{EUR}",{CHN}+{EUR}+{RUS},1.0,,,,,,2.3178341918006495e-05,
0.5,PURE,False,accept,RUS,"{CHN}+{EUR,RUS}","{CHN,EUR,RUS}",0.0,,,,,,-6.785705696299438e-05,
0.5,PURE,False,accept,RUS,"{CHN}+{EUR,RUS}","{CHN,EUR}+{RUS}",0.0,,,,,,-7.817109034680136e-05,
0.5,PURE,False,accept,RUS,"{CHN}+{EUR,RUS}","{CHN,RUS}+{EUR}",0.0,,,,,,-6.504209286117835e-05,
0.5,PURE,False,accept,RUS,"{CHN}+{EUR,RUS}",{CHN}+{EUR}+{RUS},0.0,,,,,,-4.186375094317185e-05,
0.5,PURE,False,accept,RUS,{CHN}+{EUR}+{RUS},"{CHN,EUR,RUS}",0.0,,,,,,-2.5993306019822526e-05,
0.5,PURE,False,accept,RUS,{CHN}+{EUR}+{RUS},"{CHN,RUS}+{EUR}",0.0,,,,,,-2.3178341918006495e-05,
0.5,PURE,False,accept,RUS,{CHN}+{EUR}+{RUS},"{CHN}+{EUR,RUS}",1.0,,,,,,4.186375094317185e-05,
0.7,PURE,False,propose,CHN,"{CHN,EUR,RUS}","{CHN,EUR,RUS}",1.0,True,1.0,1.0,False,,,
0.7,PURE,False,propose,CHN,"{CHN,EUR}+{RUS}","{CHN,EUR}+{RUS}",1.0,True,1.0,1.0,False,,,
0.7,PURE,False,propose,CHN,"{CHN,RUS}+{EUR}","{CHN,RUS}+{EUR}",1.0,True,1.0,1.0,False,,,
0.7,PURE,False,propose,CHN,"{CHN}+{EUR,RUS}","{CHN}+{EUR,RUS}",1.0,True,1.0,1.0,False,,,
0.7,PURE,False,propose,CHN,{CHN}+{EUR}+{RUS},"{CHN,EUR}+{RUS}",1.0,False,1.0,1.0,False,EUR,,
0.7,PURE,False,propose,EUR,"{CHN,EUR,RUS}","{CHN,EUR,RUS}",1.0,True,1.0,1.0,False,,,
0.7,PURE,False,propose,EUR,"{CHN,EUR}+{RUS}","{CHN,EUR}+{RUS}",1.0,True,1.0,1.0,False,,,
0.7,PURE,False,propose,EUR,"{CHN,RUS}+{EUR}","{CHN,RUS}+{EUR}",1.0,True,1.0,1.0,False,,,
0.7,PURE,False,propose,EUR,"{CHN}+{EUR,RUS}","{CHN}+{EUR,RUS}",1.0,True,1.0,1.0,False,,,
0.7,PURE,False,propose,EUR,{CHN}+{EUR}+{RUS},"{CHN,EUR}+{RUS}",1.0,False,1.0,1.0,False,CHN,,
0.7,PURE,False,propose,RUS,"{CHN,EUR,RUS}","{CHN,EUR,RUS}",1.0,True,1.0,1.0,False,,,
0.7,PURE,False,propose,RUS,"{CHN,EUR}+{RUS}","{CHN,EUR}+{RUS}",1.0,True,1.0,1.0,False,,,
0.7,PURE,False,propose,RUS,"{CHN,RUS}+{EUR}",{CHN}+{EUR}+{RUS},1.0,False,1.0,1.0,True,,,
0.7,PURE,False,propose,RUS,"{CHN}+{EUR,RUS}","{CHN}+{EUR,RUS}",1.0,True,1.0,1.0,False,,,
0.7,PURE,False,propose,RUS,{CHN}+{EUR}+{RUS},"{CHN}+{EUR,RUS}",1.0,False,1.0,1.0,False,EUR,,
0.7,PURE,False,accept,CHN,"{CHN,EUR,RUS}","{CHN,EUR}+{RUS}",1.0,,,,,,7.664559581854746e-05,
0.7,PURE,False,accept,CHN,"{CHN,EUR,RUS}","{CHN,RUS}+{EUR}",0.0,,,,,,-0.0007796667270820734,
0.7,PURE,False,accept,CHN,"{CHN,EUR,RUS}","{CHN}+{EUR,RUS}",0.0,,,,,,-0.0010834703747608643,
0.7,PURE,False,accept,CHN,"{CHN,EUR,RUS}",{CHN}+{EUR}+{RUS},0.0,,,,,,-0.0013122897888351304,
0.7,PURE,False,accept,CHN,"{CHN,EUR}+{RUS}","{CHN,EUR,RUS}",0.0,,,,,,-7.664559581854746e-05,
0.7,PURE,False,accept,CHN,"{CHN,EUR}+{RUS}","{CHN,RUS}+{EUR}",0.0,,,,,,-0.0008563123229006209,
0.7,PURE,False,accept,CHN,"{CHN,EUR}+{RUS}","{CHN}+{EUR,RUS}",0.0,,,,,,-0.0011601159705794117,
0.7,PURE,False,accept,CHN,"{CHN,EUR}+{RUS}",{CHN}+{EUR}+{RUS},0.0,,,,,,-0.0013889353846536778,
0.7,PURE,False,accept,CHN,"{CHN,RUS}+{EUR}","{CHN,EUR,RUS}",1.0,,,,,,0.0007796667270820734,
0.7,PURE,False,accept,CHN,"{CHN,RUS}+{EUR}","{CHN,EUR}+{RUS}",1.0,,,,,,0.0008563123229006209,
0.7,PURE,False,accept,CHN,"{CHN,RUS}+{EUR}","{CHN}+{EUR,RUS}",0.0,,,,,,-0.00030380364767879087,
0.7,PURE,False,accept,CHN,"{CHN,RUS}+{EUR}",{CHN}+{EUR}+{RUS},0.0,,,,,,-0.000532623061753057,
0.7,PURE,False,accept,CHN,"{CHN}+{EUR,RUS}","{CHN,EUR,RUS}",1.0,,,,,,0.0010834703747608643,
0.7,PURE,False,accept,CHN,"{CHN}+{EUR,RUS}","{CHN,EUR}+{RUS}",1.0,,,,,,0.0011601159705794117,
0.7,PURE,False,accept,CHN,"{CHN}+{EUR,RUS}","{CHN,RUS}+{EUR}",1.0,,,,,,0.00030380364767879087,
0.7,PURE,False,accept,CHN,{CHN}+{EUR}+{RUS},"{CHN,EUR,RUS}",1.0,,,,,,0.0013122897888351304,
0.7,PURE,False,accept,CHN,{CHN}+{EUR}+{RUS},"{CHN,EUR}+{RUS}",1.0,,,,,,0.0013889353846536778,EUR
0.7,PURE,False,accept,CHN,{CHN}+{EUR}+{RUS},"{CHN,RUS}+{EUR}",1.0,,,,,,0.000532623061753057,
0.7,PURE,False,accept,EUR,"{CHN,EUR,RUS}","{CHN,EUR}+{RUS}",1.0,,,,,,9.73964811024075e-07,
0.7,PURE,False,accept,EUR,"{CHN,EUR,RUS}","{CHN,RUS}+{EUR}",0.0,,,,,,-4.12166801710967e-05,
0.7,PURE,False,accept,EUR,"{CHN,EUR,RUS}","{CHN}+{EUR,RUS}",0.0,,,,,,-9.714152928097519e-05,
0.7,PURE,False,accept,EUR,"{CHN,EUR,RUS}",{CHN}+{EUR}+{RUS},0.0,,,,,,-0.00019972347477859032,
0.7,PURE,False,accept,EUR,"{CHN,EUR}+{RUS}","{CHN,EUR,RUS}",0.0,,,,,,-9.73964811024075e-07,
0.7,PURE,False,accept,EUR,"{CHN,EUR}+{RUS}","{CHN,RUS}+{EUR}",0.0,,,,,,-4.219064498212077e-05,
0.7,PURE,False,accept,EUR,"{CHN,EUR}+{RUS}","{CHN}+{EUR,RUS}",0.0,,,,,,-9.811549409199927e-05,
0.7,PURE,False,accept,EUR,"{CHN,EUR}+{RUS}",{CHN}+{EUR}+{RUS},0.0,,,,,,-0.0002006974395896144,
0.7,PURE,False,accept,EUR,"{CHN,RUS}+{EUR}","{CHN,EUR,RUS}",1.0,,,,,,4.12166801710967e-05,
0.7,PURE,False,accept,EUR,"{CHN,RUS}+{EUR}","{CHN,EUR}+{RUS}",1.0,,,,,,4.219064498212077e-05,
0.7,PURE,False,accept,EUR,"{CHN,RUS}+{EUR}","{CHN}+{EUR,RUS}",0.0,,,,,,-5.5924849109878494e-05,
0.7,PURE,False,accept,EUR,"{CHN}+{EUR,RUS}","{CHN,EUR,RUS}",1.0,,,,,,9.714152928097519e-05,
0.7,PURE,False,accept,EUR,"{CHN}+{EUR,RUS}","{CHN,EUR}+{RUS}",1.0,,,,,,9.811549409199927e-05,
0.7,PURE,False,accept,EUR,"{CHN}+{EUR,RUS}","{CHN,RUS}+{EUR}",1.0,,,,,,5.5924849109878494e-05,
0.7,PURE,False,accept,EUR,"{CHN}+{EUR,RUS}",{CHN}+{EUR}+{RUS},0.0,,,,,,-0.00010258194549761512,
0.7,PURE,False,accept,EUR,{CHN}+{EUR}+{RUS},"{CHN,EUR,RUS}",1.0,,,,,,0.00019972347477859032,
0.7,PURE,False,accept,EUR,{CHN}+{EUR}+{RUS},"{CHN,EUR}+{RUS}",1.0,,,,,,0.0002006974395896144,CHN
0.7,PURE,False,accept,EUR,{CHN}+{EUR}+{RUS},"{CHN}+{EUR,RUS}",1.0,,,,,,0.00010258194549761512,RUS
0.7,PURE,False,accept,RUS,"{CHN,EUR,RUS}","{CHN,EUR}+{RUS}",0.0,,,,,,-1.0314033383806986e-05,
0.7,PURE,False,accept,RUS,"{CHN,EUR,RUS}","{CHN,RUS}+{EUR}",1.0,,,,,,6.815745455801547e-06,
0.7,PURE,False,accept,RUS,"{CHN,EUR,RUS}","{CHN}+{EUR,RUS}",1.0,,,,,,6.785705696299438e-05,
0.7,PURE,False,accept,RUS,"{CHN,EUR,RUS}",{CHN}+{EUR}+{RUS},1.0,,,,,,2.1893182304610903e-05,
0.7,PURE,False,accept,RUS,"{CHN,EUR}+{RUS}","{CHN,EUR,RUS}",1.0,,,,,,1.0314033383806986e-05,
0.7,PURE,False,accept,RUS,"{CHN,EUR}+{RUS}","{CHN,RUS}+{EUR}",1.0,,,,,,1.7129778839608534e-05,
0.7,PURE,False,accept,RUS,"{CHN,EUR}+{RUS}","{CHN}+{EUR,RUS}",1.0,,,,,,7.817109034680136e-05,
0.7,PURE,False,accept,RUS,"{CHN,RUS}+{EUR}","{CHN,EUR,RUS}",0.0,,,,,,-6.815745455801547e-06,
0.7,PURE,False,accept,RUS,"{CHN,RUS}+{EUR}","{CHN,EUR}+{RUS}",0.0,,,,,,-1.7129778839608534e-05,
0.7,PURE,False,accept,RUS,"{CHN,RUS}+{EUR}","{CHN}+{EUR,RUS}",1.0,,,,,,6.104131150719283e-05,
0.7,PURE,False,accept,RUS,"{CHN,RUS}+{EUR}",{CHN}+{EUR}+{RUS},1.0,,,,,,1.5077436848809356e-05,
0.7,PURE,False,accept,RUS,"{CHN}+{EUR,RUS}","{CHN,EUR,RUS}",0.0,,,,,,-6.785705696299438e-05,
0.7,PURE,False,accept,RUS,"{CHN}+{EUR,RUS}","{CHN,EUR}+{RUS}",0.0,,,,,,-7.817109034680136e-05,
0.7,PURE,False,accept,RUS,"{CHN}+{EUR,RUS}","{CHN,RUS}+{EUR}",0.0,,,,,,-6.104131150719283e-05,
0.7,PURE,False,accept,RUS,"{CHN}+{EUR,RUS}",{CHN}+{EUR}+{RUS},0.0,,,,,,-4.5963874658383475e-05,
0.7,PURE,False,accept,RUS,{CHN}+{EUR}+{RUS},"{CHN,EUR,RUS}",0.0,,,,,,-2.1893182304610903e-05,
0.7,PURE,False,accept,RUS,{CHN}+{EUR}+{RUS},"{CHN,RUS}+{EUR}",0.0,,,,,,-1.5077436848809356e-05,
0.7,PURE,False,accept,RUS,{CHN}+{EUR}+{RUS},"{CHN}+{EUR,RUS}",1.0,,,,,,4.5963874658383475e-05,
0.8,PURE,False,propose,CHN,"{CHN,EUR,RUS}","{CHN,EUR,RUS}",1.0,True,1.0,1.0,False,,,
0.8,PURE,False,propose,CHN,"{CHN,EUR}+{RUS}","{CHN,EUR}+{RUS}",1.0,True,1.0,1.0,False,,,
0.8,PURE,False,propose,CHN,"{CHN,RUS}+{EUR}","{CHN,RUS}+{EUR}",1.0,True,1.0,1.0,False,,,
0.8,PURE,False,propose,CHN,"{CHN}+{EUR,RUS}","{CHN}+{EUR,RUS}",1.0,True,1.0,1.0,False,,,
0.8,PURE,False,propose,CHN,{CHN}+{EUR}+{RUS},"{CHN,EUR}+{RUS}",1.0,False,1.0,1.0,False,EUR,,
0.8,PURE,False,propose,EUR,"{CHN,EUR,RUS}","{CHN,EUR,RUS}",1.0,True,1.0,1.0,False,,,
0.8,PURE,False,propose,EUR,"{CHN,EUR}+{RUS}","{CHN,EUR}+{RUS}",1.0,True,1.0,1.0,False,,,
0.8,PURE,False,propose,EUR,"{CHN,RUS}+{EUR}","{CHN,RUS}+{EUR}",1.0,True,1.0,1.0,False,,,
0.8,PURE,False,propose,EUR,"{CHN}+{EUR,RUS}","{CHN}+{EUR,RUS}",1.0,True,1.0,1.0,False,,,
0.8,PURE,False,propose,EUR,{CHN}+{EUR}+{RUS},"{CHN,EUR}+{RUS}",1.0,False,1.0,1.0,False,CHN,,
0.8,PURE,False,propose,RUS,"{CHN,EUR,RUS}","{CHN,EUR,RUS}",1.0,True,1.0,1.0,False,,,
0.8,PURE,False,propose,RUS,"{CHN,EUR}+{RUS}","{CHN,EUR}+{RUS}",1.0,True,1.0,1.0,False,,,
0.8,PURE,False,propose,RUS,"{CHN,RUS}+{EUR}",{CHN}+{EUR}+{RUS},1.0,False,1.0,1.0,True,,,
0.8,PURE,False,propose,RUS,"{CHN}+{EUR,RUS}","{CHN}+{EUR,RUS}",1.0,True,1.0,1.0,False,,,
0.8,PURE,False,propose,RUS,{CHN}+{EUR}+{RUS},"{CHN}+{EUR,RUS}",1.0,False,1.0,1.0,False,EUR,,
0.8,PURE,False,accept,CHN,"{CHN,EUR,RUS}","{CHN,EUR}+{RUS}",1.0,,,,,,7.664559581854746e-05,
0.8,PURE,False,accept,CHN,"{CHN,EUR,RUS}","{CHN,RUS}+{EUR}",0.0,,,,,,-0.0007155807777614598,
0.8,PURE,False,accept,CHN,"{CHN,EUR,RUS}","{CHN}+{EUR,RUS}",0.0,,,,,,-0.0010834703747608643,
0.8,PURE,False,accept,CHN,"{CHN,EUR,RUS}",{CHN}+{EUR}+{RUS},0.0,,,,,,-0.0009782131017921358,
0.8,PURE,False,accept,CHN,"{CHN,EUR}+{RUS}","{CHN,EUR,RUS}",0.0,,,,,,-7.664559581854746e-05,
0.8,PURE,False,accept,CHN,"{CHN,EUR}+{RUS}","{CHN,RUS}+{EUR}",0.0,,,,,,-0.0007922263735800072,
0.8,PURE,False,accept,CHN,"{CHN,EUR}+{RUS}","{CHN}+{EUR,RUS}",0.0,,,,,,-0.0011601159705794117,
0.8,PURE,False,accept,CHN,"{CHN,EUR}+{RUS}",{CHN}+{EUR}+{RUS},0.0,,,,,,-0.0010548586976106833,
0.8,PURE,False,accept,CHN,"{CHN,RUS}+{EUR}","{CHN,EUR,RUS}",1.0,,,,,,0.0007155807777614598,
0.8,PURE,False,accept,CHN,"{CHN,RUS}+{EUR}","{CHN,EUR}+{RUS}",1.0,,,,,,0.0007922263735800072,
0.8,PURE,False,accept,CHN,"{CHN,RUS}+{EUR}","{CHN}+{EUR,RUS}",0.0,,,,,,-0.0003678895969994045,
0.8,PURE,False,accept,CHN,"{CHN,RUS}+{EUR}",{CHN}+{EUR}+{RUS},0.0,,,,,,-0.00026263232403067605,
0.8,PURE,False,accept,CHN,"{CHN}+{EUR,RUS}","{CHN,EUR,RUS}",1.0,,,,,,0.0010834703747608643,
0.8,PURE,False,accept,CHN,"{CHN}+{EUR,RUS}","{CHN,EUR}+{RUS}",1.0,,,,,,0.0011601159705794117,
0.8,PURE,False,accept,CHN,"{CHN}+{EUR,RUS}","{CHN,RUS}+{EUR}",1.0,,,,,,0.0003678895969994045,
0.8,PURE,False,accept,CHN,{CHN}+{EUR}+{RUS},"{CHN,EUR,RUS}",1.0,,,,,,0.0009782131017921358,
0.8,PURE,False,accept,CHN,{CHN}+{EUR}+{RUS},"{CHN,EUR}+{RUS}",1.0,,,,,,0.0010548586976106833,EUR
0.8,PURE,False,accept,CHN,{CHN}+{EUR}+{RUS},"{CHN,RUS}+{EUR}",1.0,,,,,,0.00026263232403067605,
0.8,PURE,False,accept,EUR,"{CHN,EUR,RUS}","{CHN,EUR}+{RUS}",1.0,,,,,,9.73964811024075e-07,
0.8,PURE,False,accept,EUR,"{CHN,EUR,RUS}","{CHN,RUS}+{EUR}",0.0,,,,,,-4.695786462205476e-05,
0.8,PURE,False,accept,EUR,"{CHN,EUR,RUS}","{CHN}+{EUR,RUS}",0.0,,,,,,-9.714152928097519e-05,
0.8,PURE,False,accept,EUR,"{CHN,EUR,RUS}",{CHN}+{EUR}+{RUS},0.0,,,,,,-0.00014372604981449655,
0.8,PURE,False,accept,EUR,"{CHN,EUR}+{RUS}","{CHN,EUR,RUS}",0.0,,,,,,-9.73964811024075e-07,
0.8,PURE,False,accept,EUR,"{CHN,EUR}+{RUS}","{CHN,RUS}+{EUR}",0.0,,,,,,-4.793182943307883e-05,
0.8,PURE,False,accept,EUR,"{CHN,EUR}+{RUS}","{CHN}+{EUR,RUS}",0.0,,,,,,-9.811549409199927e-05,
0.8,PURE,False,accept,EUR,"{CHN,EUR}+{RUS}",{CHN}+{EUR}+{RUS},0.0,,,,,,-0.00014470001462552062,
0.8,PURE,False,accept,EUR,"{CHN,RUS}+{EUR}","{CHN,EUR,RUS}",1.0,,,,,,4.695786462205476e-05,
0.8,PURE,False,accept,EUR,"{CHN,RUS}+{EUR}","{CHN,EUR}+{RUS}",1.0,,,,,,4.793182943307883e-05,
0.8,PURE,False,accept,EUR,"{CHN,RUS}+{EUR}","{CHN}+{EUR,RUS}",0.0,,,,,,-5.0183664658920435e-05,
0.8,PURE,False,accept,EUR,"{CHN}+{EUR,RUS}","{CHN,EUR,RUS}",1.0,,,,,,9.714152928097519e-05,
0.8,PURE,False,accept,EUR,"{CHN}+{EUR,RUS}","{CHN,EUR}+{RUS}",1.0,,,,,,9.811549409199927e-05,
0.8,PURE,False,accept,EUR,"{CHN}+{EUR,RUS}","{CHN,RUS}+{EUR}",1.0,,,,,,5.0183664658920435e-05,
0.8,PURE,False,accept,EUR,"{CHN}+{EUR,RUS}",{CHN}+{EUR}+{RUS},0.0,,,,,,-4.6584520533521356e-05,
0.8,PURE,False,accept,EUR,{CHN}+{EUR}+{RUS},"{CHN,EUR,RUS}",1.0,,,,,,0.00014372604981449655,
0.8,PURE,False,accept,EUR,{CHN}+{EUR}+{RUS},"{CHN,EUR}+{RUS}",1.0,,,,,,0.00014470001462552062,CHN
0.8,PURE,False,accept,EUR,{CHN}+{EUR}+{RUS},"{CHN}+{EUR,RUS}",1.0,,,,,,4.6584520533521356e-05,RUS
0.8,PURE,False,accept,RUS,"{CHN,EUR,RUS}","{CHN,EUR}+{RUS}",0.0,,,,,,-1.0314033383806986e-05,
0.8,PURE,False,accept,RUS,"{CHN,EUR,RUS}","{CHN,RUS}+{EUR}",1.0,,,,,,9.234147453573982e-06,
0.8,PURE,False,accept,RUS,"{CHN,EUR,RUS}","{CHN}+{EUR,RUS}",1.0,,,,,,6.785705696299438e-05,
0.8,PURE,False,accept,RUS,"{CHN,EUR,RUS}",{CHN}+{EUR}+{RUS},1.0,,,,,,1.984312044700509e-05,
0.8,PURE,False,accept,RUS,"{CHN,EUR}+{RUS}","{CHN,EUR,RUS}",1.0,,,,,,1.0314033383806986e-05,
0.8,PURE,False,accept,RUS,"{CHN,EUR}+{RUS}","{CHN,RUS}+{EUR}",1.0,,,,,,1.954818083738097e-05,
0.8,PURE,False,accept,RUS,"{CHN,EUR}+{RUS}","{CHN}+{EUR,RUS}",1.0,,,,,,7.817109034680136e-05,
0.8,PURE,False,accept,RUS,"{CHN,RUS}+{EUR}","{CHN,EUR,RUS}",0.0,,,,,,-9.234147453573982e-06,
0.8,PURE,False,accept,RUS,"{CHN,RUS}+{EUR}","{CHN,EUR}+{RUS}",0.0,,,,,,-1.954818083738097e-05,
0.8,PURE,False,accept,RUS,"{CHN,RUS}+{EUR}","{CHN}+{EUR,RUS}",1.0,,,,,,5.8622909509420396e-05,
0.8,PURE,False,accept,RUS,"{CHN,RUS}+{EUR}",{CHN}+{EUR}+{RUS},1.0,,,,,,1.060897299343111e-05,
0.8,PURE,False,accept,RUS,"{CHN}+{EUR,RUS}","{CHN,EUR,RUS}",0.0,,,,,,-6.785705696299438e-05,
0.8,PURE,False,accept,RUS,"{CHN}+{EUR,RUS}","{CHN,EUR}+{RUS}",0.0,,,,,,-7.817109034680136e-05,
0.8,PURE,False,accept,RUS,"{CHN}+{EUR,RUS}","{CHN,RUS}+{EUR}",0.0,,,,,,-5.8622909509420396e-05,
0.8,PURE,False,accept,RUS,"{CHN}+{EUR,RUS}",{CHN}+{EUR}+{RUS},0.0,,,,,,-4.8013936515989286e-05,
0.8,PURE,False,accept,RUS,{CHN}+{EUR}+{RUS},"{CHN,EUR,RUS}",0.0,,,,,,-1.984312044700509e-05,
0.8,PURE,False,accept,RUS,{CHN}+{EUR}+{RUS},"{CHN,RUS}+{EUR}",0.0,,,,,,-1.060897299343111e-05,
0.8,PURE,False,accept,RUS,{CHN}+{EUR}+{RUS},"{CHN}+{EUR,RUS}",1.0,,,,,,4.8013936515989286e-05,
0.82,PURE,False,propose,CHN,"{CHN,EUR,RUS}","{CHN,EUR,RUS}",1.0,True,1.0,1.0,False,,,
0.82,PURE,False,propose,CHN,"{CHN,EUR}+{RUS}","{CHN,EUR}+{RUS}",1.0,True,1.0,1.0,False,,,
0.82,PURE,False,propose,CHN,"{CHN,RUS}+{EUR}","{CHN,RUS}+{EUR}",1.0,True,1.0,1.0,False,,,
0.82,PURE,False,propose,CHN,"{CHN}+{EUR,RUS}","{CHN}+{EUR,RUS}",1.0,True,1.0,1.0,False,,,
0.82,PURE,False,propose,CHN,{CHN}+{EUR}+{RUS},"{CHN,EUR}+{RUS}",1.0,False,1.0,1.0,False,EUR,,
0.82,PURE,False,propose,EUR,"{CHN,EUR,RUS}","{CHN,EUR,RUS}",1.0,True,1.0,1.0,False,,,
0.82,PURE,False,propose,EUR,"{CHN,EUR}+{RUS}","{CHN,EUR}+{RUS}",1.0,True,1.0,1.0,False,,,
0.82,PURE,False,propose,EUR,"{CHN,RUS}+{EUR}","{CHN,RUS}+{EUR}",1.0,True,1.0,1.0,False,,,
0.82,PURE,False,propose,EUR,"{CHN}+{EUR,RUS}","{CHN}+{EUR,RUS}",1.0,True,1.0,1.0,False,,,
0.82,PURE,False,propose,EUR,{CHN}+{EUR}+{RUS},"{CHN,EUR}+{RUS}",1.0,False,1.0,1.0,False,CHN,,
0.82,PURE,False,propose,RUS,"{CHN,EUR,RUS}","{CHN,EUR,RUS}",1.0,True,1.0,1.0,False,,,
0.82,PURE,False,propose,RUS,"{CHN,EUR}+{RUS}","{CHN,EUR}+{RUS}",1.0,True,1.0,1.0,False,,,
0.82,PURE,False,propose,RUS,"{CHN,RUS}+{EUR}",{CHN}+{EUR}+{RUS},1.0,False,1.0,1.0,True,,,
0.82,PURE,False,propose,RUS,"{CHN}+{EUR,RUS}","{CHN}+{EUR,RUS}",1.0,True,1.0,1.0,False,,,
0.82,PURE,False,propose,RUS,{CHN}+{EUR}+{RUS},"{CHN}+{EUR,RUS}",1.0,False,1.0,1.0,False,EUR,,
0.82,PURE,False,accept,CHN,"{CHN,EUR,RUS}","{CHN,EUR}+{RUS}",1.0,,,,,,7.664559581854746e-05,
0.82,PURE,False,accept,CHN,"{CHN,EUR,RUS}","{CHN,RUS}+{EUR}",0.0,,,,,,-0.0006946062599144653,
0.82,PURE,False,accept,CHN,"{CHN,EUR,RUS}","{CHN}+{EUR,RUS}",0.0,,,,,,-0.0010834703747608643,
0.82,PURE,False,accept,CHN,"{CHN,EUR,RUS}",{CHN}+{EUR}+{RUS},0.0,,,,,,-0.0009113977643835369,
0.82,PURE,False,accept,CHN,"{CHN,EUR}+{RUS}","{CHN,EUR,RUS}",0.0,,,,,,-7.664559581854746e-05,
0.82,PURE,False,accept,CHN,"{CHN,EUR}+{RUS}","{CHN,RUS}+{EUR}",0.0,,,,,,-0.0007712518557330128,
0.82,PURE,False,accept,CHN,"{CHN,EUR}+{RUS}","{CHN}+{EUR,RUS}",0.0,,,,,,-0.0011601159705794117,
0.82,PURE,False,accept,CHN,"{CHN,EUR}+{RUS}",{CHN}+{EUR}+{RUS},0.0,,,,,,-0.0009880433602020844,
0.82,PURE,False,accept,CHN,"{CHN,RUS}+{EUR}","{CHN,EUR,RUS}",1.0,,,,,,0.0006946062599144653,
0.82,PURE,False,accept,CHN,"{CHN,RUS}+{EUR}","{CHN,EUR}+{RUS}",1.0,,,,,,0.0007712518557330128,
0.82,PURE,False,accept,CHN,"{CHN,RUS}+{EUR}","{CHN}+{EUR,RUS}",0.0,,,,,,-0.00038886411484639893,
0.82,PURE,False,accept,CHN,"{CHN,RUS}+{EUR}",{CHN}+{EUR}+{RUS},0.0,,,,,,-0.00021679150446907158,
0.82,PURE,False,accept,CHN,"{CHN}+{EUR,RUS}","{CHN,EUR,RUS}",1.0,,,,,,0.0010834703747608643,
0.82,PURE,False,accept,CHN,"{CHN}+{EUR,RUS}","{CHN,EUR}+{RUS}",1.0,,,,,,0.0011601159705794117,
0.82,PURE,False,accept,CHN,"{CHN}+{EUR,RUS}","{CHN,RUS}+{EUR}",1.0,,,,,,0.00038886411484639893,
0.82,PURE,False,accept,CHN,{CHN}+{EUR}+{RUS},"{CHN,EUR,RUS}",1.0,,,,,,0.0009113977643835369,
0.82,PURE,False,accept,CHN,{CHN}+{EUR}+{RUS},"{CHN,EUR}+{RUS}",1.0,,,,,,0.0009880433602020844,EUR
0.82,PURE,False,accept,CHN,{CHN}+{EUR}+{RUS},"{CHN,RUS}+{EUR}",1.0,,,,,,0.00021679150446907158,
0.82,PURE,False,accept,EUR,"{CHN,EUR,RUS}","{CHN,EUR}+{RUS}",1.0,,,,,,9.73964811024075e-07,
0.82,PURE,False,accept,EUR,"{CHN,EUR,RUS}","{CHN,RUS}+{EUR}",0.0,,,,,,-4.732054169931388e-05,
0.82,PURE,False,accept,EUR,"{CHN,EUR,RUS}","{CHN}+{EUR,RUS}",0.0,,,,,,-9.714152928097519e-05,
0.82,PURE,False,accept,EUR,"{CHN,EUR,RUS}",{CHN}+{EUR}+{RUS},0.0,,,,,,-0.0001325265648217666,
0.82,PURE,False,accept,EUR,"{CHN,EUR}+{RUS}","{CHN,EUR,RUS}",0.0,,,,,,-9.73964811024075e-07,
0.82,PURE,False,accept,EUR,"{CHN,EUR}+{RUS}","{CHN,RUS}+{EUR}",0.0,,,,,,-4.829450651033795e-05,
0.82,PURE,False,accept,EUR,"{CHN,EUR}+{RUS}","{CHN}+{EUR,RUS}",0.0,,,,,,-9.811549409199927e-05,
0.82,PURE,False,accept,EUR,"{CHN,EUR}+{RUS}",{CHN}+{EUR}+{RUS},0.0,,,,,,-0.0001335005296327907,
0.82,PURE,False,accept,EUR,"{CHN,RUS}+{EUR}","{CHN,EUR,RUS}",1.0,,,,,,4.732054169931388e-05,
0.82,PURE,False,accept,EUR,"{CHN,RUS}+{EUR}","{CHN,EUR}+{RUS}",1.0,,,,,,4.829450651033795e-05,
0.82,PURE,False,accept,EUR,"{CHN,RUS}+{EUR}","{CHN}+{EUR,RUS}",0.0,,,,,,-4.9820987581661313e-05,
0.82,PURE,False,accept,EUR,"{CHN}+{EUR,RUS}","{CHN,EUR,RUS}",1.0,,,,,,9.714152928097519e-05,
0.82,PURE,False,accept,EUR,"{CHN}+{EUR,RUS}","{CHN,EUR}+{RUS}",1.0,,,,,,9.811549409199927e-05,
0.82,PURE,False,accept,EUR,"{CHN}+{EUR,RUS}","{CHN,RUS}+{EUR}",1.0,,,,,,4.9820987581661313e-05,
0.82,PURE,False,accept,EUR,"{CHN}+{EUR,RUS}",{CHN}+{EUR}+{RUS},0.0,,,,,,-3.538503554079142e-05,
0.82,PURE,False,accept,EUR,{CHN}+{EUR}+{RUS},"{CHN,EUR,RUS}",1.0,,,,,,0.0001325265648217666,
0.82,PURE,False,accept,EUR,{CHN}+{EUR}+{RUS},"{CHN,EUR}+{RUS}",1.0,,,,,,0.0001335005296327907,CHN
0.82,PURE,False,accept,EUR,{CHN}+{EUR}+{RUS},"{CHN}+{EUR,RUS}",1.0,,,,,,3.538503554079142e-05,RUS
0.82,PURE,False,accept,RUS,"{CHN,EUR,RUS}","{CHN,EUR}+{RUS}",0.0,,,,,,-1.0314033383806986e-05,
0.82,PURE,False,accept,RUS,"{CHN,EUR,RUS}","{CHN,RUS}+{EUR}",1.0,,,,,,9.767005655580974e-06,
0.82,PURE,False,accept,RUS,"{CHN,EUR,RUS}","{CHN}+{EUR,RUS}",1.0,,,,,,6.785705696299438e-05,
0.82,PURE,False,accept,RUS,"{CHN,EUR,RUS}",{CHN}+{EUR}+{RUS},1.0,,,,,,1.9433108075617156e-05,
0.82,PURE,False,accept,RUS,"{CHN,EUR}+{RUS}","{CHN,EUR,RUS}",1.0,,,,,,1.0314033383806986e-05,
0.82,PURE,False,accept,RUS,"{CHN,EUR}+{RUS}","{CHN,RUS}+{EUR}",1.0,,,,,,2.008103903938796e-05,
0.82,PURE,False,accept,RUS,"{CHN,EUR}+{RUS}","{CHN}+{EUR,RUS}",1.0,,,,,,7.817109034680136e-05,
0.82,PURE,False,accept,RUS,"{CHN,RUS}+{EUR}","{CHN,EUR,RUS}",0.0,,,,,,-9.767005655580974e-06,
0.82,PURE,False,accept,RUS,"{CHN,RUS}+{EUR}","{CHN,EUR}+{RUS}",0.0,,,,,,-2.008103903938796e-05,
0.82,PURE,False,accept,RUS,"{CHN,RUS}+{EUR}","{CHN}+{EUR,RUS}",1.0,,,,,,5.8090051307413404e-05,
0.82,PURE,False,accept,RUS,"{CHN,RUS}+{EUR}",{CHN}+{EUR}+{RUS},1.0,,,,,,9.666102420036182e-06,
0.82,PURE,False,accept,RUS,"{CHN}+{EUR,RUS}","{CHN,EUR,RUS}",0.0,,,,,,-6.785705696299438e-05,
0.82,PURE,False,accept,RUS,"{CHN}+{EUR,RUS}","{CHN,EUR}+{RUS}",0.0,,,,,,-7.817109034680136e-05,
0.82,PURE,False,accept,RUS,"{CHN}+{EUR,RUS}","{CHN,RUS}+{EUR}",0.0,,,,,,-5.8090051307413404e-05,
0.82,PURE,False,accept,RUS,"{CHN}+{EUR,RUS}",{CHN}+{EUR}+{RUS},0.0,,,,,,-4.842394888737722e-05,
0.82,PURE,False,accept,RUS,{CHN}+{EUR}+{RUS},"{CHN,EUR,RUS}",0.0,,,,,,-1.9433108075617156e-05,
0.82,PURE,False,accept,RUS,{CHN}+{EUR}+{RUS},"{CHN,RUS}+{EUR}",0.0,,,,,,-9.666102420036182e-06,
0.82,PURE,False,accept,RUS,{CHN}+{EUR}+{RUS},"{CHN}+{EUR,RUS}",1.0,,,,,,4.842394888737722e-05,
0.84,PURE,False,propose,CHN,"{CHN,EUR,RUS}","{CHN,EUR,RUS}",1.0,True,1.0,1.0,False,,,
0.84,PURE,False,propose,CHN,"{CHN,EUR}+{RUS}","{CHN,EUR}+{RUS}",1.0,True,1.0,1.0,False,,,
0.84,PURE,False,propose,CHN,"{CHN,RUS}+{EUR}","{CHN,RUS}+{EUR}",1.0,True,1.0,1.0,False,,,
0.84,PURE,False,propose,CHN,"{CHN}+{EUR,RUS}","{CHN}+{EUR,RUS}",1.0,True,1.0,1.0,False,,,
0.84,PURE,False,propose,CHN,{CHN}+{EUR}+{RUS},"{CHN,EUR}+{RUS}",1.0,False,1.0,1.0,False,EUR,,
0.84,PURE,False,propose,EUR,"{CHN,EUR,RUS}","{CHN,EUR,RUS}",1.0,True,1.0,1.0,False,,,
0.84,PURE,False,propose,EUR,"{CHN,EUR}+{RUS}","{CHN,EUR}+{RUS}",1.0,True,1.0,1.0,False,,,
0.84,PURE,False,propose,EUR,"{CHN,RUS}+{EUR}","{CHN,RUS}+{EUR}",1.0,True,1.0,1.0,False,,,
0.84,PURE,False,propose,EUR,"{CHN}+{EUR,RUS}","{CHN}+{EUR,RUS}",1.0,True,1.0,1.0,False,,,
0.84,PURE,False,propose,EUR,{CHN}+{EUR}+{RUS},"{CHN,EUR}+{RUS}",1.0,False,1.0,1.0,False,CHN,,
0.84,PURE,False,propose,RUS,"{CHN,EUR,RUS}","{CHN,EUR,RUS}",1.0,True,1.0,1.0,False,,,
0.84,PURE,False,propose,RUS,"{CHN,EUR}+{RUS}","{CHN,EUR}+{RUS}",1.0,True,1.0,1.0,False,,,
0.84,PURE,False,propose,RUS,"{CHN,RUS}+{EUR}",{CHN}+{EUR}+{RUS},1.0,False,1.0,1.0,True,,,
0.84,PURE,False,propose,RUS,"{CHN}+{EUR,RUS}","{CHN}+{EUR,RUS}",1.0,True,1.0,1.0,False,,,
0.84,PURE,False,propose,RUS,{CHN}+{EUR}+{RUS},"{CHN}+{EUR,RUS}",1.0,False,1.0,1.0,False,EUR,,
0.84,PURE,False,accept,CHN,"{CHN,EUR,RUS}","{CHN,EUR}+{RUS}",1.0,,,,,,7.664559581854746e-05,
0.84,PURE,False,accept,CHN,"{CHN,EUR,RUS}","{CHN,RUS}+{EUR}",0.0,,,,,,-0.0006703358519732916,
0.84,PURE,False,accept,CHN,"{CHN,EUR,RUS}","{CHN}+{EUR,RUS}",0.0,,,,,,-0.0010834703747608643,
0.84,PURE,False,accept,CHN,"{CHN,EUR,RUS}",{CHN}+{EUR}+{RUS},0.0,,,,,,-0.000844582426974938,
0.84,PURE,False,accept,CHN,"{CHN,EUR}+{RUS}","{CHN,EUR,RUS}",0.0,,,,,,-7.664559581854746e-05,
0.84,PURE,False,accept,CHN,"{CHN,EUR}+{RUS}","{CHN,RUS}+{EUR}",0.0,,,,,,-0.0007469814477918391,
0.84,PURE,False,accept,CHN,"{CHN,EUR}+{RUS}","{CHN}+{EUR,RUS}",0.0,,,,,,-0.0011601159705794117,
0.84,PURE,False,accept,CHN,"{CHN,EUR}+{RUS}",{CHN}+{EUR}+{RUS},0.0,,,,,,-0.0009212280227934855,
0.84,PURE,False,accept,CHN,"{CHN,RUS}+{EUR}","{CHN,EUR,RUS}",1.0,,,,,,0.0006703358519732916,
0.84,PURE,False,accept,CHN,"{CHN,RUS}+{EUR}","{CHN,EUR}+{RUS}",1.0,,,,,,0.0007469814477918391,
0.84,PURE,False,accept,CHN,"{CHN,RUS}+{EUR}","{CHN}+{EUR,RUS}",0.0,,,,,,-0.0004131345227875727,
0.84,PURE,False,accept,CHN,"{CHN,RUS}+{EUR}",{CHN}+{EUR}+{RUS},0.0,,,,,,-0.00017424657500164642,
0.84,PURE,False,accept,CHN,"{CHN}+{EUR,RUS}","{CHN,EUR,RUS}",1.0,,,,,,0.0010834703747608643,
0.84,PURE,False,accept,CHN,"{CHN}+{EUR,RUS}","{CHN,EUR}+{RUS}",1.0,,,,,,0.0011601159705794117,
0.84,PURE,False,accept,CHN,"{CHN}+{EUR,RUS}","{CHN,RUS}+{EUR}",1.0,,,,,,0.0004131345227875727,
0.84,PURE,False,accept,CHN,{CHN}+{EUR}+{RUS},"{CHN,EUR,RUS}",1.0,,,,,,0.000844582426974938,
0.84,PURE,False,accept,CHN,{CHN}+{EUR}+{RUS},"{CHN,EUR}+{RUS}",1.0,,,,,,0.0009212280227934855,EUR
0.84,PURE,False,accept,CHN,{CHN}+{EUR}+{RUS},"{CHN,RUS}+{EUR}",1.0,,,,,,0.00017424657500164642,
0.84,PURE,False,accept,EUR,"{CHN,EUR,RUS}","{CHN,EUR}+{RUS}",1.0,,,,,,9.73964811024075e-07,
0.84,PURE,False,accept,EUR,"{CHN,EUR,RUS}","{CHN,RUS}+{EUR}",0.0,,,,,,-4.736582087261354e-05,
0.84,PURE,False,accept,EUR,"{CHN,EUR,RUS}","{CHN}+{EUR,RUS}",0.0,,,,,,-9.714152928097519e-05,
0.84,PURE,False,accept,EUR,"{CHN,EUR,RUS}",{CHN}+{EUR}+{RUS},0.0,,,,,,-0.00012132707982903668,
0.84,PURE,False,accept,EUR,"{CHN,EUR}+{RUS}","{CHN,EUR,RUS}",0.0,,,,,,-9.73964811024075e-07,
0.84,PURE,False,accept,EUR,"{CHN,EUR}+{RUS}","{CHN,RUS}+{EUR}",0.0,,,,,,-4.8339785683637615e-05,
0.84,PURE,False,accept,EUR,"{CHN,EUR}+{RUS}","{CHN}+{EUR,RUS}",0.0,,,,,,-9.811549409199927e-05,
0.84,PURE,False,accept,EUR,"{CHN,EUR}+{RUS}",{CHN}+{EUR}+{RUS},0.0,,,,,,-0.00012230104464006075,
0.84,PURE,False,accept,EUR,"{CHN,RUS}+{EUR}","{CHN,EUR,RUS}",1.0,,,,,,4.736582087261354e-05,
0.84,PURE,False,accept,EUR,"{CHN,RUS}+{EUR}","{CHN,EUR}+{RUS}",1.0,,,,,,4.8339785683637615e-05,
0.84,PURE,False,accept,EUR,"{CHN,RUS}+{EUR}","{CHN}+{EUR,RUS}",0.0,,,,,,-4.977570840836165e-05,
0.84,PURE,False,accept,EUR,"{CHN}+{EUR,RUS}","{CHN,EUR,RUS}",1.0,,,,,,9.714152928097519e-05,
0.84,PURE,False,accept,EUR,"{CHN}+{EUR,RUS}","{CHN,EUR}+{RUS}",1.0,,,,,,9.811549409199927e-05,
0.84,PURE,False,accept,EUR,"{CHN}+{EUR,RUS}","{CHN,RUS}+{EUR}",1.0,,,,,,4.977570840836165e-05,
0.84,PURE,False,accept,EUR,"{CHN}+{EUR,RUS}",{CHN}+{EUR}+{RUS},0.0,,,,,,-2.4185550548061485e-05,
0.84,PURE,False,accept,EUR,{CHN}+{EUR}+{RUS},"{CHN,EUR,RUS}",1.0,,,,,,0.00012132707982903668,
0.84,PURE,False,accept,EUR,{CHN}+{EUR}+{RUS},"{CHN,EUR}+{RUS}",1.0,,,,,,0.00012230104464006075,CHN
0.84,PURE,False,accept,EUR,{CHN}+{EUR}+{RUS},"{CHN}+{EUR,RUS}",1.0,,,,,,2.4185550548061485e-05,RUS
0.84,PURE,False,accept,RUS,"{CHN,EUR,RUS}","{CHN,EUR}+{RUS}",0.0,,,,,,-1.0314033383806986e-05,
0.84,PURE,False,accept,RUS,"{CHN,EUR,RUS}","{CHN,RUS}+{EUR}",1.0,,,,,,1.0319733676711351e-05,
0.84,PURE,False,accept,RUS,"{CHN,EUR,RUS}","{CHN}+{EUR,RUS}",1.0,,,,,,6.785705696299438e-05,
0.84,PURE,False,accept,RUS,"{CHN,EUR,RUS}",{CHN}+{EUR}+{RUS},1.0,,,,,,1.9023095704007176e-05,
0.84,PURE,False,accept,RUS,"{CHN,EUR}+{RUS}","{CHN,EUR,RUS}",1.0,,,,,,1.0314033383806986e-05,
0.84,PURE,False,accept,RUS,"{CHN,EUR}+{RUS}","{CHN,RUS}+{EUR}",1.0,,,,,,2.0633767060518338e-05,
0.84,PURE,False,accept,RUS,"{CHN,EUR}+{RUS}","{CHN}+{EUR,RUS}",1.0,,,,,,7.817109034680136e-05,
0.84,PURE,False,accept,RUS,"{CHN,RUS}+{EUR}","{CHN,EUR,RUS}",0.0,,,,,,-1.0319733676711351e-05,
0.84,PURE,False,accept,RUS,"{CHN,RUS}+{EUR}","{CHN,EUR}+{RUS}",0.0,,,,,,-2.0633767060518338e-05,
0.84,PURE,False,accept,RUS,"{CHN,RUS}+{EUR}","{CHN}+{EUR,RUS}",1.0,,,,,,5.7537323286283026e-05,
0.84,PURE,False,accept,RUS,"{CHN,RUS}+{EUR}",{CHN}+{EUR}+{RUS},1.0,,,,,,8.703362027295825e-06,
0.84,PURE,False,accept,RUS,"{CHN}+{EUR,RUS}","{CHN,EUR,RUS}",0.0,,,,,,-6.785705696299438e-05,
0.84,PURE,False,accept,RUS,"{CHN}+{EUR,RUS}","{CHN,EUR}+{RUS}",0.0,,,,,,-7.817109034680136e-05,
0.84,PURE,False,accept,RUS,"{CHN}+{EUR,RUS}","{CHN,RUS}+{EUR}",0.0,,,,,,-5.7537323286283026e-05,
0.84,PURE,False,accept,RUS,"{CHN}+{EUR,RUS}",{CHN}+{EUR}+{RUS},0.0,,,,,,-4.88339612589872e-05,
0.84,PURE,False,accept,RUS,{CHN}+{EUR}+{RUS},"{CHN,EUR,RUS}",0.0,,,,,,-1.9023095704007176e-05,
0.84,PURE,False,accept,RUS,{CHN}+{EUR}+{RUS},"{CHN,RUS}+{EUR}",0.0,,,,,,-8.703362027295825e-06,
0.84,PURE,False,accept,RUS,{CHN}+{EUR}+{RUS},"{CHN}+{EUR,RUS}",1.0,,,,,,4.88339612589872e-05,
0.86,PURE,False,propose,CHN,"{CHN,EUR,RUS}","{CHN,EUR,RUS}",1.0,True,1.0,1.0,False,,,
0.86,PURE,False,propose,CHN,"{CHN,EUR}+{RUS}","{CHN,EUR}+{RUS}",1.0,True,1.0,1.0,False,,,
0.86,PURE,False,propose,CHN,"{CHN,RUS}+{EUR}","{CHN,RUS}+{EUR}",1.0,True,1.0,1.0,False,,,
0.86,PURE,False,propose,CHN,"{CHN}+{EUR,RUS}","{CHN}+{EUR,RUS}",1.0,True,1.0,1.0,False,,,
0.86,PURE,False,propose,CHN,{CHN}+{EUR}+{RUS},"{CHN,EUR}+{RUS}",1.0,False,1.0,1.0,False,EUR,,
0.86,PURE,False,propose,EUR,"{CHN,EUR,RUS}","{CHN,EUR,RUS}",1.0,True,1.0,1.0,False,,,
0.86,PURE,False,propose,EUR,"{CHN,EUR}+{RUS}","{CHN,EUR}+{RUS}",1.0,True,1.0,1.0,False,,,
0.86,PURE,False,propose,EUR,"{CHN,RUS}+{EUR}","{CHN,RUS}+{EUR}",1.0,True,1.0,1.0,False,,,
0.86,PURE,False,propose,EUR,"{CHN}+{EUR,RUS}","{CHN}+{EUR,RUS}",1.0,True,1.0,1.0,False,,,
0.86,PURE,False,propose,EUR,{CHN}+{EUR}+{RUS},"{CHN,EUR}+{RUS}",1.0,False,1.0,1.0,False,CHN,,
0.86,PURE,False,propose,RUS,"{CHN,EUR,RUS}","{CHN,EUR,RUS}",1.0,True,1.0,1.0,False,,,
0.86,PURE,False,propose,RUS,"{CHN,EUR}+{RUS}","{CHN,EUR}+{RUS}",1.0,True,1.0,1.0,False,,,
0.86,PURE,False,propose,RUS,"{CHN,RUS}+{EUR}",{CHN}+{EUR}+{RUS},1.0,False,1.0,1.0,True,,,
0.86,PURE,False,propose,RUS,"{CHN}+{EUR,RUS}","{CHN}+{EUR,RUS}",1.0,True,1.0,1.0,False,,,
0.86,PURE,False,propose,RUS,{CHN}+{EUR}+{RUS},"{CHN}+{EUR,RUS}",1.0,False,1.0,1.0,False,EUR,,
0.86,PURE,False,accept,CHN,"{CHN,EUR,RUS}","{CHN,EUR}+{RUS}",1.0,,,,,,7.664559581854746e-05,
0.86,PURE,False,accept,CHN,"{CHN,EUR,RUS}","{CHN,RUS}+{EUR}",0.0,,,,,,-0.0006424605642418868,
0.86,PURE,False,accept,CHN,"{CHN,EUR,RUS}","{CHN}+{EUR,RUS}",0.0,,,,,,-0.0010834703747608643,
0.86,PURE,False,accept,CHN,"{CHN,EUR,RUS}",{CHN}+{EUR}+{RUS},0.0,,,,,,-0.0007777670895663391,
0.86,PURE,False,accept,CHN,"{CHN,EUR}+{RUS}","{CHN,EUR,RUS}",0.0,,,,,,-7.664559581854746e-05,
0.86,PURE,False,accept,CHN,"{CHN,EUR}+{RUS}","{CHN,RUS}+{EUR}",0.0,,,,,,-0.0007191061600604343,
0.86,PURE,False,accept,CHN,"{CHN,EUR}+{RUS}","{CHN}+{EUR,RUS}",0.0,,,,,,-0.0011601159705794117,
0.86,PURE,False,accept,CHN,"{CHN,EUR}+{RUS}",{CHN}+{EUR}+{RUS},0.0,,,,,,-0.0008544126853848866,
0.86,PURE,False,accept,CHN,"{CHN,RUS}+{EUR}","{CHN,EUR,RUS}",1.0,,,,,,0.0006424605642418868,
0.86,PURE,False,accept,CHN,"{CHN,RUS}+{EUR}","{CHN,EUR}+{RUS}",1.0,,,,,,0.0007191061600604343,
0.86,PURE,False,accept,CHN,"{CHN,RUS}+{EUR}","{CHN}+{EUR,RUS}",0.0,,,,,,-0.0004410098105189775,
0.86,PURE,False,accept,CHN,"{CHN,RUS}+{EUR}",{CHN}+{EUR}+{RUS},0.0,,,,,,-0.0001353065253244523,
0.86,PURE,False,accept,CHN,"{CHN}+{EUR,RUS}","{CHN,EUR,RUS}",1.0,,,,,,0.0010834703747608643,
0.86,PURE,False,accept,CHN,"{CHN}+{EUR,RUS}","{CHN,EUR}+{RUS}",1.0,,,,,,0.0011601159705794117,
0.86,PURE,False,accept,CHN,"{CHN}+{EUR,RUS}","{CHN,RUS}+{EUR}",1.0,,,,,,0.0004410098105189775,
0.86,PURE,False,accept,CHN,{CHN}+{EUR}+{RUS},"{CHN,EUR,RUS}",1.0,,,,,,0.0007777670895663391,
0.86,PURE,False,accept,CHN,{CHN}+{EUR}+{RUS},"{CHN,EUR}+{RUS}",1.0,,,,,,0.0008544126853848866,EUR
0.86,PURE,False,accept,CHN,{CHN}+{EUR}+{RUS},"{CHN,RUS}+{EUR}",1.0,,,,,,0.0001353065253244523,
0.86,PURE,False,accept,EUR,"{CHN,EUR,RUS}","{CHN,EUR}+{RUS}",1.0,,,,,,9.73964811024075e-07,
0.86,PURE,False,accept,EUR,"{CHN,EUR,RUS}","{CHN,RUS}+{EUR}",0.0,,,,,,-4.706394608788855e-05,
0.86,PURE,False,accept,EUR,"{CHN,EUR,RUS}","{CHN}+{EUR,RUS}",0.0,,,,,,-9.714152928097519e-05,
0.86,PURE,False,accept,EUR,"{CHN,EUR,RUS}",{CHN}+{EUR}+{RUS},0.0,,,,,,-0.00011012759483630674,
0.86,PURE,False,accept,EUR,"{CHN,EUR}+{RUS}","{CHN,EUR,RUS}",0.0,,,,,,-9.73964811024075e-07,
0.86,PURE,False,accept,EUR,"{CHN,EUR}+{RUS}","{CHN,RUS}+{EUR}",0.0,,,,,,-4.803791089891263e-05,
0.86,PURE,False,accept,EUR,"{CHN,EUR}+{RUS}","{CHN}+{EUR,RUS}",0.0,,,,,,-9.811549409199927e-05,
0.86,PURE,False,accept,EUR,"{CHN,EUR}+{RUS}",{CHN}+{EUR}+{RUS},0.0,,,,,,-0.00011110155964733082,
0.86,PURE,False,accept,EUR,"{CHN,RUS}+{EUR}","{CHN,EUR,RUS}",1.0,,,,,,4.706394608788855e-05,
0.86,PURE,False,accept,EUR,"{CHN,RUS}+{EUR}","{CHN,EUR}+{RUS}",1.0,,,,,,4.803791089891263e-05,
0.86,PURE,False,accept,EUR,"{CHN,RUS}+{EUR}","{CHN}+{EUR,RUS}",0.0,,,,,,-5.007758319308664e-05,
0.86,PURE,False,accept,EUR,"{CHN}+{EUR,RUS}","{CHN,EUR,RUS}",1.0,,,,,,9.714152928097519e-05,
0.86,PURE,False,accept,EUR,"{CHN}+{EUR,RUS}","{CHN,EUR}+{RUS}",1.0,,,,,,9.811549409199927e-05,
0.86,PURE,False,accept,EUR,"{CHN}+{EUR,RUS}","{CHN,RUS}+{EUR}",1.0,,,,,,5.007758319308664e-05,
0.86,PURE,False,accept,EUR,"{CHN}+{EUR,RUS}",{CHN}+{EUR}+{RUS},0.0,,,,,,-1.298606555533155e-05,
0.86,PURE,False,accept,EUR,{CHN}+{EUR}+{RUS},"{CHN,EUR,RUS}",1.0,,,,,,0.00011012759483630674,
0.86,PURE,False,accept,EUR,{CHN}+{EUR}+{RUS},"{CHN,EUR}+{RUS}",1.0,,,,,,0.00011110155964733082,CHN
0.86,PURE,False,accept,EUR,{CHN}+{EUR}+{RUS},"{CHN}+{EUR,RUS}",1.0,,,,,,1.298606555533155e-05,RUS
0.86,PURE,False,accept,RUS,"{CHN,EUR,RUS}","{CHN,EUR}+{RUS}",0.0,,,,,,-1.0314033383806986e-05,
0.86,PURE,False,accept,RUS,"{CHN,EUR,RUS}","{CHN,RUS}+{EUR}",1.0,,,,,,1.0894194312660588e-05,
0.86,PURE,False,accept,RUS,"{CHN,EUR,RUS}","{CHN}+{EUR,RUS}",1.0,,,,,,6.785705696299438e-05,
0.86,PURE,False,accept,RUS,"{CHN,EUR,RUS}",{CHN}+{EUR}+{RUS},1.0,,,,,,1.8613083332397196e-05,
0.86,PURE,False,accept,RUS,"{CHN,EUR}+{RUS}","{CHN,EUR,RUS}",1.0,,,,,,1.0314033383806986e-05,
0.86,PURE,False,accept,RUS,"{CHN,EUR}+{RUS}","{CHN,RUS}+{EUR}",1.0,,,,,,2.1208227696467574e-05,
0.86,PURE,False,accept,RUS,"{CHN,EUR}+{RUS}","{CHN}+{EUR,RUS}",1.0,,,,,,7.817109034680136e-05,
0.86,PURE,False,accept,RUS,"{CHN,RUS}+{EUR}","{CHN,EUR,RUS}",0.0,,,,,,-1.0894194312660588e-05,
0.86,PURE,False,accept,RUS,"{CHN,RUS}+{EUR}","{CHN,EUR}+{RUS}",0.0,,,,,,-2.1208227696467574e-05,
0.86,PURE,False,accept,RUS,"{CHN,RUS}+{EUR}","{CHN}+{EUR,RUS}",1.0,,,,,,5.696286265033379e-05,
0.86,PURE,False,accept,RUS,"{CHN,RUS}+{EUR}",{CHN}+{EUR}+{RUS},1.0,,,,,,7.718889019736608e-06,
0.86,PURE,False,accept,RUS,"{CHN}+{EUR,RUS}","{CHN,EUR,RUS}",0.0,,,,,,-6.785705696299438e-05,
0.86,PURE,False,accept,RUS,"{CHN}+{EUR,RUS}","{CHN,EUR}+{RUS}",0.0,,,,,,-7.817109034680136e-05,
0.86,PURE,False,accept,RUS,"{CHN}+{EUR,RUS}","{CHN,RUS}+{EUR}",0.0,,,,,,-5.696286265033379e-05,
0.86,PURE,False,accept,RUS,"{CHN}+{EUR,RUS}",{CHN}+{EUR}+{RUS},0.0,,,,,,-4.924397363059718e-05,
0.86,PURE,False,accept,RUS,{CHN}+{EUR}+{RUS},"{CHN,EUR,RUS}",0.0,,,,,,-1.8613083332397196e-05,
0.86,PURE,False,accept,RUS,{CHN}+{EUR}+{RUS},"{CHN,RUS}+{EUR}",0.0,,,,,,-7.718889019736608e-06,
0.86,PURE,False,accept,RUS,{CHN}+{EUR}+{RUS},"{CHN}+{EUR,RUS}",1.0,,,,,,4.924397363059718e-05,
0.88,PURE,False,propose,CHN,"{CHN,EUR,RUS}","{CHN,EUR,RUS}",1.0,True,1.0,1.0,False,,,
0.88,PURE,False,propose,CHN,"{CHN,EUR}+{RUS}","{CHN,EUR}+{RUS}",1.0,True,1.0,1.0,False,,,
0.88,PURE,False,propose,CHN,"{CHN,RUS}+{EUR}","{CHN,RUS}+{EUR}",1.0,True,1.0,1.0,False,,,
0.88,PURE,False,propose,CHN,"{CHN}+{EUR,RUS}","{CHN}+{EUR,RUS}",1.0,True,1.0,1.0,False,,,
0.88,PURE,False,propose,CHN,{CHN}+{EUR}+{RUS},"{CHN,EUR}+{RUS}",1.0,False,1.0,1.0,False,EUR,,
0.88,PURE,False,propose,EUR,"{CHN,EUR,RUS}","{CHN,EUR,RUS}",1.0,True,1.0,1.0,False,,,
0.88,PURE,False,propose,EUR,"{CHN,EUR}+{RUS}","{CHN,EUR}+{RUS}",1.0,True,1.0,1.0,False,,,
0.88,PURE,False,propose,EUR,"{CHN,RUS}+{EUR}","{CHN,RUS}+{EUR}",1.0,True,1.0,1.0,False,,,
0.88,PURE,False,propose,EUR,"{CHN}+{EUR,RUS}","{CHN}+{EUR,RUS}",1.0,True,1.0,1.0,False,,,
0.88,PURE,False,propose,EUR,{CHN}+{EUR}+{RUS},"{CHN,EUR}+{RUS}",1.0,False,1.0,1.0,False,CHN,,
0.88,PURE,False,propose,RUS,"{CHN,EUR,RUS}","{CHN,EUR,RUS}",1.0,True,1.0,1.0,False,,,
0.88,PURE,False,propose,RUS,"{CHN,EUR}+{RUS}","{CHN,EUR}+{RUS}",1.0,True,1.0,1.0,False,,,
0.88,PURE,False,propose,RUS,"{CHN,RUS}+{EUR}",{CHN}+{EUR}+{RUS},1.0,False,1.0,1.0,True,,,
0.88,PURE,False,propose,RUS,"{CHN}+{EUR,RUS}","{CHN}+{EUR,RUS}",1.0,True,1.0,1.0,False,,,
0.88,PURE,False,propose,RUS,{CHN}+{EUR}+{RUS},"{CHN}+{EUR,RUS}",1.0,False,1.0,1.0,False,EUR,,
0.88,PURE,False,accept,CHN,"{CHN,EUR,RUS}","{CHN,EUR}+{RUS}",1.0,,,,,,7.664559581854746e-05,
0.88,PURE,False,accept,CHN,"{CHN,EUR,RUS}","{CHN,RUS}+{EUR}",0.0,,,,,,-0.0006106315373859417,
0.88,PURE,False,accept,CHN,"{CHN,EUR,RUS}","{CHN}+{EUR,RUS}",0.0,,,,,,-0.0010834703747608643,
0.88,PURE,False,accept,CHN,"{CHN,EUR,RUS}",{CHN}+{EUR}+{RUS},0.0,,,,,,-0.0007109517521595166,
0.88,PURE,False,accept,CHN,"{CHN,EUR}+{RUS}","{CHN,EUR,RUS}",0.0,,,,,,-7.664559581854746e-05,
0.88,PURE,False,accept,CHN,"{CHN,EUR}+{RUS}","{CHN,RUS}+{EUR}",0.0,,,,,,-0.0006872771332044891,
0.88,PURE,False,accept,CHN,"{CHN,EUR}+{RUS}","{CHN}+{EUR,RUS}",0.0,,,,,,-0.0011601159705794117,
0.88,PURE,False,accept,CHN,"{CHN,EUR}+{RUS}",{CHN}+{EUR}+{RUS},0.0,,,,,,-0.000787597347978064,
0.88,PURE,False,accept,CHN,"{CHN,RUS}+{EUR}","{CHN,EUR,RUS}",1.0,,,,,,0.0006106315373859417,
0.88,PURE,False,accept,CHN,"{CHN,RUS}+{EUR}","{CHN,EUR}+{RUS}",1.0,,,,,,0.0006872771332044891,
0.88,PURE,False,accept,CHN,"{CHN,RUS}+{EUR}","{CHN}+{EUR,RUS}",0.0,,,,,,-0.0004728388373749226,
0.88,PURE,False,accept,CHN,"{CHN,RUS}+{EUR}",{CHN}+{EUR}+{RUS},0.0,,,,,,-0.00010032021477357489,
0.88,PURE,False,accept,CHN,"{CHN}+{EUR,RUS}","{CHN,EUR,RUS}",1.0,,,,,,0.0010834703747608643,
0.88,PURE,False,accept,CHN,"{CHN}+{EUR,RUS}","{CHN,EUR}+{RUS}",1.0,,,,,,0.0011601159705794117,
0.88,PURE,False,accept,CHN,"{CHN}+{EUR,RUS}","{CHN,RUS}+{EUR}",1.0,,,,,,0.0004728388373749226,
0.88,PURE,False,accept,CHN,{CHN}+{EUR}+{RUS},"{CHN,EUR,RUS}",1.0,,,,,,0.0007109517521595166,
0.88,PURE,False,accept,CHN,{CHN}+{EUR}+{RUS},"{CHN,EUR}+{RUS}",1.0,,,,,,0.000787597347978064,EUR
0.88,PURE,False,accept,CHN,{CHN}+{EUR}+{RUS},"{CHN,RUS}+{EUR}",1.0,,,,,,0.00010032021477357489,
0.88,PURE,False,accept,EUR,"{CHN,EUR,RUS}","{CHN,EUR}+{RUS}",1.0,,,,,,9.73964811024075e-07,
0.88,PURE,False,accept,EUR,"{CHN,EUR,RUS}","{CHN,RUS}+{EUR}",0.0,,,,,,-4.63813218014586e-05,
0.88,PURE,False,accept,EUR,"{CHN,EUR,RUS}","{CHN}+{EUR,RUS}",0.0,,,,,,-9.714152928097519e-05,
0.88,PURE,False,accept,EUR,"{CHN,EUR,RUS}",{CHN}+{EUR}+{RUS},0.0,,,,,,-9.892810984313272e-05,
0.88,PURE,False,accept,EUR,"{CHN,EUR}+{RUS}","{CHN,EUR,RUS}",0.0,,,,,,-9.73964811024075e-07,
0.88,PURE,False,accept,EUR,"{CHN,EUR}+{RUS}","{CHN,RUS}+{EUR}",0.0,,,,,,-4.735528661248267e-05,
0.88,PURE,False,accept,EUR,"{CHN,EUR}+{RUS}","{CHN}+{EUR,RUS}",0.0,,,,,,-9.811549409199927e-05,
0.88,PURE,False,accept,EUR,"{CHN,EUR}+{RUS}",{CHN}+{EUR}+{RUS},0.0,,,,,,-9.990207465415679e-05,
0.88,PURE,False,accept,EUR,"{CHN,RUS}+{EUR}","{CHN,EUR,RUS}",1.0,,,,,,4.63813218014586e-05,
0.88,PURE,False,accept,EUR,"{CHN,RUS}+{EUR}","{CHN,EUR}+{RUS}",1.0,,,,,,4.735528661248267e-05,
0.88,PURE,False,accept,EUR,"{CHN,RUS}+{EUR}","{CHN}+{EUR,RUS}",0.0,,,,,,-5.0760207479516595e-05,
0.88,PURE,False,accept,EUR,"{CHN}+{EUR,RUS}","{CHN,EUR,RUS}",1.0,,,,,,9.714152928097519e-05,
0.88,PURE,False,accept,EUR,"{CHN}+{EUR,RUS}","{CHN,EUR}+{RUS}",1.0,,,,,,9.811549409199927e-05,
0.88,PURE,False,accept,EUR,"{CHN}+{EUR,RUS}","{CHN,RUS}+{EUR}",1.0,,,,,,5.0760207479516595e-05,
0.88,PURE,False,accept,EUR,"{CHN}+{EUR,RUS}",{CHN}+{EUR}+{RUS},0.0,,,,,,-1.7865805621575248e-06,
0.88,PURE,False,accept,EUR,{CHN}+{EUR}+{RUS},"{CHN,EUR,RUS}",1.0,,,,,,9.892810984313272e-05,
0.88,PURE,False,accept,EUR,{CHN}+{EUR}+{RUS},"{CHN,EUR}+{RUS}",1.0,,,,,,9.990207465415679e-05,CHN
0.88,PURE,False,accept,EUR,{CHN}+{EUR}+{RUS},"{CHN}+{EUR,RUS}",1.0,,,,,,1.7865805621575248e-06,RUS
0.88,PURE,False,accept,RUS,"{CHN,EUR,RUS}","{CHN,EUR}+{RUS}",0.0,,,,,,-1.0314033383806986e-05,
0.88,PURE,False,accept,RUS,"{CHN,EUR,RUS}","{CHN,RUS}+{EUR}",1.0,,,,,,1.1492490719522408e-05,
0.88,PURE,False,accept,RUS,"{CHN,EUR,RUS}","{CHN}+{EUR,RUS}",1.0,,,,,,6.785705696299438e-05,
0.88,PURE,False,accept,RUS,"{CHN,EUR,RUS}",{CHN}+{EUR}+{RUS},1.0,,,,,,1.820307096100926e-05,
0.88,PURE,False,accept,RUS,"{CHN,EUR}+{RUS}","{CHN,EUR,RUS}",1.0,,,,,,1.0314033383806986e-05,
0.88,PURE,False,accept,RUS,"{CHN,EUR}+{RUS}","{CHN,RUS}+{EUR}",1.0,,,,,,2.1806524103329394e-05,
0.88,PURE,False,accept,RUS,"{CHN,EUR}+{RUS}","{CHN}+{EUR,RUS}",1.0,,,,,,7.817109034680136e-05,
0.88,PURE,False,accept,RUS,"{CHN,RUS}+{EUR}","{CHN,EUR,RUS}",0.0,,,,,,-1.1492490719522408e-05,
0.88,PURE,False,accept,RUS,"{CHN,RUS}+{EUR}","{CHN,EUR}+{RUS}",0.0,,,,,,-2.1806524103329394e-05,
0.88,PURE,False,accept,RUS,"{CHN,RUS}+{EUR}","{CHN}+{EUR,RUS}",1.0,,,,,,5.636456624347197e-05,
0.88,PURE,False,accept,RUS,"{CHN,RUS}+{EUR}",{CHN}+{EUR}+{RUS},1.0,,,,,,6.710580241486852e-06,
0.88,PURE,False,accept,RUS,"{CHN}+{EUR,RUS}","{CHN,EUR,RUS}",0.0,,,,,,-6.785705696299438e-05,
0.88,PURE,False,accept,RUS,"{CHN}+{EUR,RUS}","{CHN,EUR}+{RUS}",0.0,,,,,,-7.817109034680136e-05,
0.88,PURE,False,accept,RUS,"{CHN}+{EUR,RUS}","{CHN,RUS}+{EUR}",0.0,,,,,,-5.636456624347197e-05,
0.88,PURE,False,accept,RUS,"{CHN}+{EUR,RUS}",{CHN}+{EUR}+{RUS},0.0,,,,,,-4.965398600198512e-05,
0.88,PURE,False,accept,RUS,{CHN}+{EUR}+{RUS},"{CHN,EUR,RUS}",0.0,,,,,,-1.820307096100926e-05,
0.88,PURE,False,accept,RUS,{CHN}+{EUR}+{RUS},"{CHN,RUS}+{EUR}",0.0,,,,,,-6.710580241486852e-06,
0.88,PURE,False,accept,RUS,{CHN}+{EUR}+{RUS},"{CHN}+{EUR,RUS}",1.0,,,,,,4.965398600198512e-05,
0.9,MIXED_NONUNIQUE,True,propose,CHN,"{CHN,EUR,RUS}","{CHN,EUR,RUS}",1.0,True,1.0,1.0,False,,,
0.9,MIXED_NONUNIQUE,True,propose,CHN,"{CHN,EUR}+{RUS}","{CHN,EUR}+{RUS}",1.0,True,1.0,1.0,False,,,
0.9,MIXED_NONUNIQUE,True,propose,CHN,"{CHN,RUS}+{EUR}","{CHN,EUR,RUS}",1.0,False,0.07251988916722216,0.07251988916722216,False,"EUR,RUS",,
0.9,MIXED_NONUNIQUE,True,propose,CHN,"{CHN}+{EUR,RUS}","{CHN}+{EUR,RUS}",1.0,True,1.0,1.0,False,,,
0.9,MIXED_NONUNIQUE,True,propose,CHN,{CHN}+{EUR}+{RUS},"{CHN,EUR}+{RUS}",1.0,False,1.0,1.0,False,EUR,,
0.9,MIXED_NONUNIQUE,True,propose,EUR,"{CHN,EUR,RUS}","{CHN,EUR,RUS}",0.2090510889395656,True,1.0,0.2090510889395656,False,,,
0.9,MIXED_NONUNIQUE,True,propose,EUR,"{CHN,EUR,RUS}","{CHN,RUS}+{EUR}",0.7909489110604344,False,1.0,0.7909489110604344,True,,,
0.9,MIXED_NONUNIQUE,True,propose,EUR,"{CHN,EUR}+{RUS}","{CHN,EUR}+{RUS}",1.0,True,1.0,1.0,False,,,
0.9,MIXED_NONUNIQUE,True,propose,EUR,"{CHN,RUS}+{EUR}","{CHN,EUR,RUS}",0.38331551505992284,False,1.0,0.38331551505992284,False,"CHN,RUS",,
0.9,MIXED_NONUNIQUE,True,propose,EUR,"{CHN,RUS}+{EUR}","{CHN,RUS}+{EUR}",0.6166844849400772,True,1.0,0.6166844849400772,False,,,
0.9,MIXED_NONUNIQUE,True,propose,EUR,"{CHN}+{EUR,RUS}",{CHN}+{EUR}+{RUS},1.0,False,1.0,1.0,True,,,
0.9,MIXED_NONUNIQUE,True,propose,EUR,{CHN}+{EUR}+{RUS},"{CHN,EUR}+{RUS}",1.0,False,1.0,1.0,False,CHN,,
0.9,MIXED_NONUNIQUE,True,propose,RUS,"{CHN,EUR,RUS}","{CHN,EUR,RUS}",1.0,True,1.0,1.0,False,,,
0.9,MIXED_NONUNIQUE,True,propose,RUS,"{CHN,EUR}+{RUS}","{CHN,EUR}+{RUS}",1.0,True,1.0,1.0,False,,,
0.9,MIXED_NONUNIQUE,True,propose,RUS,"{CHN,RUS}+{EUR}","{CHN,EUR,RUS}",0.5330730340636187,False,0.07251988916722216,0.038658397348328474,False,"CHN,EUR",,
0.9,MIXED_NONUNIQUE,True,propose,RUS,"{CHN,RUS}+{EUR}",{CHN}+{EUR}+{RUS},0.4669269659363813,False,1.0,0.4669269659363813,True,,,
0.9,MIXED_NONUNIQUE,True,propose,RUS,"{CHN}+{EUR,RUS}","{CHN}+{EUR,RUS}",1.0,True,1.0,1.0,False,,,
0.9,MIXED_NONUNIQUE,True,propose,RUS,{CHN}+{EUR}+{RUS},"{CHN,EUR,RUS}",1.0,False,1.0,1.0,False,"CHN,EUR",,
0.9,MIXED_NONUNIQUE,True,accept,CHN,"{CHN,EUR,RUS}","{CHN,EUR}+{RUS}",1.0,,,,,,0.00030121637340840834,
0.9,MIXED_NONUNIQUE,True,accept,CHN,"{CHN,EUR,RUS}","{CHN,RUS}+{EUR}",0.0,,,,,,-9.464192290664641e-05,
0.9,MIXED_NONUNIQUE,True,accept,CHN,"{CHN,EUR,RUS}","{CHN}+{EUR,RUS}",0.0,,,,,,-0.00033614671779957916,
0.9,MIXED_NONUNIQUE,True,accept,CHN,"{CHN,EUR,RUS}",{CHN}+{EUR}+{RUS},0.0,,,,,,-0.0001618957580085123,
0.9,MIXED_NONUNIQUE,True,accept,CHN,"{CHN,EUR}+{RUS}","{CHN,EUR,RUS}",0.0,,,,,,-0.00030121637340840834,
0.9,MIXED_NONUNIQUE,True,accept,CHN,"{CHN,EUR}+{RUS}","{CHN,RUS}+{EUR}",0.0,,,,,,-0.00039585829631505476,
0.9,MIXED_NONUNIQUE,True,accept,CHN,"{CHN,EUR}+{RUS}","{CHN}+{EUR,RUS}",0.0,,,,,,-0.0006373630912079875,
0.9,MIXED_NONUNIQUE,True,accept,CHN,"{CHN,EUR}+{RUS}",{CHN}+{EUR}+{RUS},0.0,,,,,,-0.00046311213141692065,
0.9,MIXED_NONUNIQUE,True,accept,CHN,"{CHN,RUS}+{EUR}","{CHN,EUR,RUS}",1.0,,,,,,9.464192290664641e-05,"EUR,RUS"
0.9,MIXED_NONUNIQUE,True,accept,CHN,"{CHN,RUS}+{EUR}","{CHN,EUR}+{RUS}",1.0,,,,,,0.00039585829631505476,
0.9,MIXED_NONUNIQUE,True,accept,CHN,"{CHN,RUS}+{EUR}","{CHN}+{EUR,RUS}",0.0,,,,,,-0.00024150479489293275,
0.9,MIXED_NONUNIQUE,True,accept,CHN,"{CHN,RUS}+{EUR}",{CHN}+{EUR}+{RUS},0.0,,,,,,-6.725383510186589e-05,
0.9,MIXED_NONUNIQUE,True,accept,CHN,"{CHN}+{EUR,RUS}","{CHN,EUR,RUS}",1.0,,,,,,0.00033614671779957916,
0.9,MIXED_NONUNIQUE,True,accept,CHN,"{CHN}+{EUR,RUS}","{CHN,EUR}+{RUS}",1.0,,,,,,0.0006373630912079875,
0.9,MIXED_NONUNIQUE,True,accept,CHN,"{CHN}+{EUR,RUS}","{CHN,RUS}+{EUR}",1.0,,,,,,0.00024150479489293275,
0.9,MIXED_NONUNIQUE,True,accept,CHN,{CHN}+{EUR}+{RUS},"{CHN,EUR,RUS}",1.0,,,,,,0.0001618957580085123,RUS
0.9,MIXED_NONUNIQUE,True,accept,CHN,{CHN}+{EUR}+{RUS},"{CHN,EUR}+{RUS}",1.0,,,,,,0.00046311213141692065,EUR
0.9,MIXED_NONUNIQUE,True,accept,CHN,{CHN}+{EUR}+{RUS},"{CHN,RUS}+{EUR}",1.0,,,,,,6.725383510186589e-05,
0.9,MIXED_NONUNIQUE,True,accept,EUR,"{CHN,EUR,RUS}","{CHN,EUR}+{RUS}",1.0,,,,,,9.73964811024075e-07,
0.9,MIXED_NONUNIQUE,True,accept,EUR,"{CHN,EUR,RUS}","{CHN,RUS}+{EUR}",0.5000000000000009,,,,,,0.0,
0.9,MIXED_NONUNIQUE,True,accept,EUR,"{CHN,EUR,RUS}","{CHN}+{EUR,RUS}",0.0,,,,,,-6.822500686975985e-05,
0.9,MIXED_NONUNIQUE,True,accept,EUR,"{CHN,EUR,RUS}",{CHN}+{EUR}+{RUS},0.0,,,,,,-5.8586166066021406e-05,
0.9,MIXED_NONUNIQUE,True,accept,EUR,"{CHN,EUR}+{RUS}","{CHN,EUR,RUS}",0.0,,,,,,-9.73964811024075e-07,
0.9,MIXED_NONUNIQUE,True,accept,EUR,"{CHN,EUR}+{RUS}","{CHN,RUS}+{EUR}",0.0,,,,,,-9.73964811024075e-07,
0.9,MIXED_NONUNIQUE,True,accept,EUR,"{CHN,EUR}+{RUS}","{CHN}+{EUR,RUS}",0.0,,,,,,-6.919897168078393e-05,
0.9,MIXED_NONUNIQUE,True,accept,EUR,"{CHN,EUR}+{RUS}",{CHN}+{EUR}+{RUS},0.0,,,,,,-5.956013087704548e-05,
0.9,MIXED_NONUNIQUE,True,accept,EUR,"{CHN,RUS}+{EUR}","{CHN,EUR,RUS}",0.07251988916722216,,,,,,0.0,"CHN,RUS"
0.9,MIXED_NONUNIQUE,True,accept,EUR,"{CHN,RUS}+{EUR}","{CHN,EUR}+{RUS}",1.0,,,,,,9.73964811024075e-07,
0.9,MIXED_NONUNIQUE,True,accept,EUR,"{CHN,RUS}+{EUR}","{CHN}+{EUR,RUS}",0.0,,,,,,-6.822500686975985e-05,
0.9,MIXED_NONUNIQUE,True,accept,EUR,"{CHN}+{EUR,RUS}","{CHN,EUR,RUS}",1.0,,,,,,6.822500686975985e-05,
0.9,MIXED_NONUNIQUE,True,accept,EUR,"{CHN}+{EUR,RUS}","{CHN,EUR}+{RUS}",1.0,,,,,,6.919897168078393e-05,
0.9,MIXED_NONUNIQUE,True,accept,EUR,"{CHN}+{EUR,RUS}","{CHN,RUS}+{EUR}",1.0,,,,,,6.822500686975985e-05,
0.9,MIXED_NONUNIQUE,True,accept,EUR,"{CHN}+{EUR,RUS}",{CHN}+{EUR}+{RUS},1.0,,,,,,9.638840803738447e-06,
0.9,MIXED_NONUNIQUE,True,accept,EUR,{CHN}+{EUR}+{RUS},"{CHN,EUR,RUS}",1.0,,,,,,5.8586166066021406e-05,RUS
0.9,MIXED_NONUNIQUE,True,accept,EUR,{CHN}+{EUR}+{RUS},"{CHN,EUR}+{RUS}",1.0,,,,,,5.956013087704548e-05,CHN
0.9,MIXED_NONUNIQUE,True,accept,EUR,{CHN}+{EUR}+{RUS},"{CHN}+{EUR,RUS}",0.0,,,,,,-9.638840803738447e-06,
0.9,MIXED_NONUNIQUE,True,accept,RUS,"{CHN,EUR,RUS}","{CHN,EUR}+{RUS}",0.0,,,,,,-7.963567202562416e-06,
0.9,MIXED_NONUNIQUE,True,accept,RUS,"{CHN,EUR,RUS}","{CHN,RUS}+{EUR}",0.0,,,,,,-9.905680584676446e-07,
0.9,MIXED_NONUNIQUE,True,accept,RUS,"{CHN,EUR,RUS}","{CHN}+{EUR,RUS}",1.0,,,,,,1.686283165658331e-05,
0.9,MIXED_NONUNIQUE,True,accept,RUS,"{CHN,EUR,RUS}",{CHN}+{EUR}+{RUS},0.0,,,,,,-9.187321725612208e-07,
0.9,MIXED_NONUNIQUE,True,accept,RUS,"{CHN,EUR}+{RUS}","{CHN,EUR,RUS}",1.0,,,,,,7.963567202562416e-06,
0.9,MIXED_NONUNIQUE,True,accept,RUS,"{CHN,EUR}+{RUS}","{CHN,RUS}+{EUR}",1.0,,,,,,6.972999144094771e-06,
0.9,MIXED_NONUNIQUE,True,accept,RUS,"{CHN,EUR}+{RUS}","{CHN}+{EUR,RUS}",1.0,,,,,,2.4826398859145726e-05,
0.9,MIXED_NONUNIQUE,True,accept,RUS,"{CHN,RUS}+{EUR}","{CHN,EUR,RUS}",1.0,,,,,,9.905680584676446e-07,"CHN,EUR"
0.9,MIXED_NONUNIQUE,True,accept,RUS,"{CHN,RUS}+{EUR}","{CHN,EUR}+{RUS}",0.0,,,,,,-6.972999144094771e-06,
0.9,MIXED_NONUNIQUE,True,accept,RUS,"{CHN,RUS}+{EUR}","{CHN}+{EUR,RUS}",1.0,,,,,,1.7853399715050955e-05,
0.9,MIXED_NONUNIQUE,True,accept,RUS,"{CHN,RUS}+{EUR}",{CHN}+{EUR}+{RUS},1.0,,,,,,7.183588590642387e-08,
0.9,MIXED_NONUNIQUE,True,accept,RUS,"{CHN}+{EUR,RUS}","{CHN,EUR,RUS}",0.0,,,,,,-1.686283165658331e-05,
0.9,MIXED_NONUNIQUE,True,accept,RUS,"{CHN}+{EUR,RUS}","{CHN,EUR}+{RUS}",0.0,,,,,,-2.4826398859145726e-05,
0.9,MIXED_NONUNIQUE,True,accept,RUS,"{CHN}+{EUR,RUS}","{CHN,RUS}+{EUR}",0.0,,,,,,-1.7853399715050955e-05,
0.9,MIXED_NONUNIQUE,True,accept,RUS,"{CHN}+{EUR,RUS}",{CHN}+{EUR}+{RUS},0.0,,,,,,-1.778156382914453e-05,
0.9,MIXED_NONUNIQUE,True,accept,RUS,{CHN}+{EUR}+{RUS},"{CHN,EUR,RUS}",1.0,,,,,,9.187321725612208e-07,
0.9,MIXED_NONUNIQUE,True,accept,RUS,{CHN}+{EUR}+{RUS},"{CHN,RUS}+{EUR}",0.0,,,,,,-7.183588590642387e-08,
0.9,MIXED_NONUNIQUE,True,accept,RUS,{CHN}+{EUR}+{RUS},"{CHN}+{EUR,RUS}",1.0,,,,,,1.778156382914453e-05,
0.92,MIXED_NONUNIQUE,True,propose,CHN,"{CHN,EUR,RUS}","{CHN,EUR,RUS}",1.0,True,1.0,1.0,False,,,
0.92,MIXED_NONUNIQUE,True,propose,CHN,"{CHN,EUR}+{RUS}","{CHN,EUR}+{RUS}",1.0,True,1.0,1.0,False,,,
0.92,MIXED_NONUNIQUE,True,propose,CHN,"{CHN,RUS}+{EUR}","{CHN,EUR,RUS}",0.5419544918702354,False,0.05593258138274781,0.030312913722277676,False,"EUR,RUS",,
0.92,MIXED_NONUNIQUE,True,propose,CHN,"{CHN,RUS}+{EUR}",{CHN}+{EUR}+{RUS},0.45804550812976463,False,1.0,0.45804550812976463,True,,,
0.92,MIXED_NONUNIQUE,True,propose,CHN,"{CHN}+{EUR,RUS}","{CHN}+{EUR,RUS}",1.0,True,1.0,1.0,False,,,
0.92,MIXED_NONUNIQUE,True,propose,CHN,{CHN}+{EUR}+{RUS},"{CHN,EUR}+{RUS}",1.0,False,1.0,1.0,False,EUR,,
0.92,MIXED_NONUNIQUE,True,propose,EUR,"{CHN,EUR,RUS}","{CHN,EUR,RUS}",0.1939548440405727,True,1.0,0.1939548440405727,False,,,
0.92,MIXED_NONUNIQUE,True,propose,EUR,"{CHN,EUR,RUS}","{CHN,RUS}+{EUR}",0.8060451559594273,False,1.0,0.8060451559594273,True,,,
0.92,MIXED_NONUNIQUE,True,propose,EUR,"{CHN,EUR}+{RUS}","{CHN,EUR}+{RUS}",1.0,True,1.0,1.0,False,,,
0.92,MIXED_NONUNIQUE,True,propose,EUR,"{CHN,RUS}+{EUR}","{CHN,EUR,RUS}",0.02175940398626352,False,1.0,0.02175940398626352,False,"CHN,RUS",,
0.92,MIXED_NONUNIQUE,True,propose,EUR,"{CHN,RUS}+{EUR}","{CHN,RUS}+{EUR}",0.9782405960137365,True,1.0,0.9782405960137365,False,,,
0.92,MIXED_NONUNIQUE,True,propose,EUR,"{CHN}+{EUR,RUS}",{CHN}+{EUR}+{RUS},1.0,False,1.0,1.0,True,,,
0.92,MIXED_NONUNIQUE,True,propose,EUR,{CHN}+{EUR}+{RUS},"{CHN,EUR}+{RUS}",1.0,False,1.0,1.0,False,CHN,,
0.92,MIXED_NONUNIQUE,True,propose,RUS,"{CHN,EUR,RUS}","{CHN,EUR,RUS}",1.0,True,1.0,1.0,False,,,
0.92,MIXED_NONUNIQUE,True,propose,RUS,"{CHN,EUR}+{RUS}","{CHN,EUR}+{RUS}",1.0,True,1.0,1.0,False,,,
0.92,MIXED_NONUNIQUE,True,propose,RUS,"{CHN,RUS}+{EUR}","{CHN,EUR,RUS}",1.0,False,0.05593258138274781,0.05593258138274781,False,"CHN,EUR",,
0.92,MIXED_NONUNIQUE,True,propose,RUS,"{CHN}+{EUR,RUS}","{CHN}+{EUR,RUS}",1.0,True,1.0,1.0,False,,,
0.92,MIXED_NONUNIQUE,True,propose,RUS,{CHN}+{EUR}+{RUS},"{CHN,EUR,RUS}",1.0,False,1.0,1.0,False,"CHN,EUR",,
0.92,MIXED_NONUNIQUE,True,accept,CHN,"{CHN,EUR,RUS}","{CHN,EUR}+{RUS}",1.0,,,,,,0.0003219790103887732,
0.92,MIXED_NONUNIQUE,True,accept,CHN,"{CHN,EUR,RUS}","{CHN,RUS}+{EUR}",0.0,,,,,,-7.940004442730242e-05,
0.92,MIXED_NONUNIQUE,True,accept,CHN,"{CHN,EUR,RUS}","{CHN}+{EUR,RUS}",0.0,,,,,,-0.0002328578843346918,
0.92,MIXED_NONUNIQUE,True,accept,CHN,"{CHN,EUR,RUS}",{CHN}+{EUR}+{RUS},0.0,,,,,,-7.495899497911296e-05,
0.92,MIXED_NONUNIQUE,True,accept,CHN,"{CHN,EUR}+{RUS}","{CHN,EUR,RUS}",0.0,,,,,,-0.0003219790103887732,
0.92,MIXED_NONUNIQUE,True,accept,CHN,"{CHN,EUR}+{RUS}","{CHN,RUS}+{EUR}",0.0,,,,,,-0.0004013790548160756,
0.92,MIXED_NONUNIQUE,True,accept,CHN,"{CHN,EUR}+{RUS}","{CHN}+{EUR,RUS}",0.0,,,,,,-0.000554836894723465,
0.92,MIXED_NONUNIQUE,True,accept,CHN,"{CHN,EUR}+{RUS}",{CHN}+{EUR}+{RUS},0.0,,,,,,-0.00039693800536788615,
0.92,MIXED_NONUNIQUE,True,accept,CHN,"{CHN,RUS}+{EUR}","{CHN,EUR,RUS}",1.0,,,,,,7.940004442730242e-05,"EUR,RUS"
0.92,MIXED_NONUNIQUE,True,accept,CHN,"{CHN,RUS}+{EUR}","{CHN,EUR}+{RUS}",1.0,,,,,,0.0004013790548160756,
0.92,MIXED_NONUNIQUE,True,accept,CHN,"{CHN,RUS}+{EUR}","{CHN}+{EUR,RUS}",0.0,,,,,,-0.00015345783990738937,
0.92,MIXED_NONUNIQUE,True,accept,CHN,"{CHN,RUS}+{EUR}",{CHN}+{EUR}+{RUS},1.0,,,,,,4.44104944818946e-06,
0.92,MIXED_NONUNIQUE,True,accept,CHN,"{CHN}+{EUR,RUS}","{CHN,EUR,RUS}",1.0,,,,,,0.0002328578843346918,
0.92,MIXED_NONUNIQUE,True,accept,CHN,"{CHN}+{EUR,RUS}","{CHN,EUR}+{RUS}",1.0,,,,,,0.000554836894723465,
0.92,MIXED_NONUNIQUE,True,accept,CHN,"{CHN}+{EUR,RUS}","{CHN,RUS}+{EUR}",1.0,,,,,,0.00015345783990738937,
0.92,MIXED_NONUNIQUE,True,accept,CHN,{CHN}+{EUR}+{RUS},"{CHN,EUR,RUS}",1.0,,,,,,7.495899497911296e-05,RUS
0.92,MIXED_NONUNIQUE,True,accept,CHN,{CHN}+{EUR}+{RUS},"{CHN,EUR}+{RUS}",1.0,,,,,,0.00039693800536788615,EUR
0.92,MIXED_NONUNIQUE,True,accept,CHN,{CHN}+{EUR}+{RUS},"{CHN,RUS}+{EUR}",0.0,,,,,,-4.44104944818946e-06,
0.92,MIXED_NONUNIQUE,True,accept,EUR,"{CHN,EUR,RUS}","{CHN,EUR}+{RUS}",1.0,,,,,,9.73964811024075e-07,
0.92,MIXED_NONUNIQUE,True,accept,EUR,"{CHN,EUR,RUS}","{CHN,RUS}+{EUR}",0.9431848837114479,,,,,,0.0,
0.92,MIXED_NONUNIQUE,True,accept,EUR,"{CHN,EUR,RUS}","{CHN}+{EUR,RUS}",0.0,,,,,,-5.7167165719906876e-05,
0.92,MIXED_NONUNIQUE,True,accept,EUR,"{CHN,EUR,RUS}",{CHN}+{EUR}+{RUS},0.0,,,,,,-4.673907087804352e-05,
0.92,MIXED_NONUNIQUE,True,accept,EUR,"{CHN,EUR}+{RUS}","{CHN,EUR,RUS}",0.0,,,,,,-9.73964811024075e-07,
0.92,MIXED_NONUNIQUE,True,accept,EUR,"{CHN,EUR}+{RUS}","{CHN,RUS}+{EUR}",0.0,,,,,,-9.73964811024075e-07,
0.92,MIXED_NONUNIQUE,True,accept,EUR,"{CHN,EUR}+{RUS}","{CHN}+{EUR,RUS}",0.0,,,,,,-5.814113053093095e-05,
0.92,MIXED_NONUNIQUE,True,accept,EUR,"{CHN,EUR}+{RUS}",{CHN}+{EUR}+{RUS},0.0,,,,,,-4.7713035689067596e-05,
0.92,MIXED_NONUNIQUE,True,accept,EUR,"{CHN,RUS}+{EUR}","{CHN,EUR,RUS}",0.05593258138274781,,,,,,0.0,"CHN,RUS"
0.92,MIXED_NONUNIQUE,True,accept,EUR,"{CHN,RUS}+{EUR}","{CHN,EUR}+{RUS}",1.0,,,,,,9.73964811024075e-07,
0.92,MIXED_NONUNIQUE,True,accept,EUR,"{CHN,RUS}+{EUR}","{CHN}+{EUR,RUS}",0.0,,,,,,-5.7167165719906876e-05,
0.92,MIXED_NONUNIQUE,True,accept,EUR,"{CHN}+{EUR,RUS}","{CHN,EUR,RUS}",1.0,,,,,,5.7167165719906876e-05,
0.92,MIXED_NONUNIQUE,True,accept,EUR,"{CHN}+{EUR,RUS}","{CHN,EUR}+{RUS}",1.0,,,,,,5.814113053093095e-05,
0.92,MIXED_NONUNIQUE,True,accept,EUR,"{CHN}+{EUR,RUS}","{CHN,RUS}+{EUR}",1.0,,,,,,5.7167165719906876e-05,
0.92,MIXED_NONUNIQUE,True,accept,EUR,"{CHN}+{EUR,RUS}",{CHN}+{EUR}+{RUS},1.0,,,,,,1.0428094841863356e-05,
0.92,MIXED_NONUNIQUE,True,accept,EUR,{CHN}+{EUR}+{RUS},"{CHN,EUR,RUS}",1.0,,,,,,4.673907087804352e-05,RUS
0.92,MIXED_NONUNIQUE,True,accept,EUR,{CHN}+{EUR}+{RUS},"{CHN,EUR}+{RUS}",1.0,,,,,,4.7713035689067596e-05,CHN
0.92,MIXED_NONUNIQUE,True,accept,EUR,{CHN}+{EUR}+{RUS},"{CHN}+{EUR,RUS}",0.0,,,,,,-1.0428094841863356e-05,
0.92,MIXED_NONUNIQUE,True,accept,RUS,"{CHN,EUR,RUS}","{CHN,EUR}+{RUS}",0.0,,,,,,-6.944774333828008e-06,
0.92,MIXED_NONUNIQUE,True,accept,RUS,"{CHN,EUR,RUS}","{CHN,RUS}+{EUR}",0.0,,,,,,-1.0904316427584604e-06,
0.92,MIXED_NONUNIQUE,True,accept,RUS,"{CHN,EUR,RUS}","{CHN}+{EUR,RUS}",1.0,,,,,,1.3871654079178342e-05,
0.92,MIXED_NONUNIQUE,True,accept,RUS,"{CHN,EUR,RUS}",{CHN}+{EUR}+{RUS},0.0,,,,,,-1.0904316427584604e-06,
0.92,MIXED_NONUNIQUE,True,accept,RUS,"{CHN,EUR}+{RUS}","{CHN,EUR,RUS}",1.0,,,,,,6.944774333828008e-06,
0.92,MIXED_NONUNIQUE,True,accept,RUS,"{CHN,EUR}+{RUS}","{CHN,RUS}+{EUR}",1.0,,,,,,5.854342691069547e-06,
0.92,MIXED_NONUNIQUE,True,accept,RUS,"{CHN,EUR}+{RUS}","{CHN}+{EUR,RUS}",1.0,,,,,,2.081642841300635e-05,
0.92,MIXED_NONUNIQUE,True,accept,RUS,"{CHN,RUS}+{EUR}","{CHN,EUR,RUS}",1.0,,,,,,1.0904316427584604e-06,"CHN,EUR"
0.92,MIXED_NONUNIQUE,True,accept,RUS,"{CHN,RUS}+{EUR}","{CHN,EUR}+{RUS}",0.0,,,,,,-5.854342691069547e-06,
0.92,MIXED_NONUNIQUE,True,accept,RUS,"{CHN,RUS}+{EUR}","{CHN}+{EUR,RUS}",1.0,,,,,,1.4962085721936802e-05,
0.92,MIXED_NONUNIQUE,True,accept,RUS,"{CHN,RUS}+{EUR}",{CHN}+{EUR}+{RUS},0.8952504400452789,,,,,,0.0,
0.92,MIXED_NONUNIQUE,True,accept,RUS,"{CHN}+{EUR,RUS}","{CHN,EUR,RUS}",0.0,,,,,,-1.3871654079178342e-05,
0.92,MIXED_NONUNIQUE,True,accept,RUS,"{CHN}+{EUR,RUS}","{CHN,EUR}+{RUS}",0.0,,,,,,-2.081642841300635e-05,
0.92,MIXED_NONUNIQUE,True,accept,RUS,"{CHN}+{EUR,RUS}","{CHN,RUS}+{EUR}",0.0,,,,,,-1.4962085721936802e-05,
0.92,MIXED_NONUNIQUE,True,accept,RUS,"{CHN}+{EUR,RUS}",{CHN}+{EUR}+{RUS},0.0,,,,,,-1.4962085721936802e-05,
0.92,MIXED_NONUNIQUE,True,accept,RUS,{CHN}+{EUR}+{RUS},"{CHN,EUR,RUS}",1.0,,,,,,1.0904316427584604e-06,
0.92,MIXED_NONUNIQUE,True,accept,RUS,{CHN}+{EUR}+{RUS},"{CHN,RUS}+{EUR}",0.10474955995472124,,,,,,0.0,
0.92,MIXED_NONUNIQUE,True,accept,RUS,{CHN}+{EUR}+{RUS},"{CHN}+{EUR,RUS}",1.0,,,,,,1.4962085721936802e-05,
0.94,MIXED_NONUNIQUE,True,propose,CHN,"{CHN,EUR,RUS}","{CHN,EUR,RUS}",1.0,True,1.0,1.0,False,,,
0.94,MIXED_NONUNIQUE,True,propose,CHN,"{CHN,EUR}+{RUS}","{CHN,EUR}+{RUS}",1.0,True,1.0,1.0,False,,,
0.94,MIXED_NONUNIQUE,True,propose,CHN,"{CHN,RUS}+{EUR}","{CHN,EUR,RUS}",0.549614521583166,False,0.10035483921379712,0.05515647694304666,False,"EUR,RUS",,
0.94,MIXED_NONUNIQUE,True,propose,CHN,"{CHN,RUS}+{EUR}",{CHN}+{EUR}+{RUS},0.45038547841683396,False,1.0,0.45038547841683396,True,,,
0.94,MIXED_NONUNIQUE,True,propose,CHN,"{CHN}+{EUR,RUS}","{CHN}+{EUR,RUS}",1.0,True,1.0,1.0,False,,,
0.94,MIXED_NONUNIQUE,True,propose,CHN,{CHN}+{EUR}+{RUS},"{CHN,EUR}+{RUS}",1.0,False,1.0,1.0,False,EUR,,
0.94,MIXED_NONUNIQUE,True,propose,EUR,"{CHN,EUR,RUS}","{CHN,EUR,RUS}",0.165979347870532,True,1.0,0.165979347870532,False,,,
0.94,MIXED_NONUNIQUE,True,propose,EUR,"{CHN,EUR,RUS}","{CHN,RUS}+{EUR}",0.834020652129468,False,1.0,0.834020652129468,True,,,
0.94,MIXED_NONUNIQUE,True,propose,EUR,"{CHN,EUR}+{RUS}","{CHN,EUR}+{RUS}",1.0,True,1.0,1.0,False,,,
0.94,MIXED_NONUNIQUE,True,propose,EUR,"{CHN,RUS}+{EUR}","{CHN,EUR,RUS}",0.36550450117918565,False,1.0,0.36550450117918565,False,"CHN,RUS",,
0.94,MIXED_NONUNIQUE,True,propose,EUR,"{CHN,RUS}+{EUR}","{CHN,RUS}+{EUR}",0.6344954988208144,True,1.0,0.6344954988208144,False,,,
0.94,MIXED_NONUNIQUE,True,propose,EUR,"{CHN}+{EUR,RUS}",{CHN}+{EUR}+{RUS},1.0,False,1.0,1.0,True,,,
0.94,MIXED_NONUNIQUE,True,propose,EUR,{CHN}+{EUR}+{RUS},"{CHN,EUR}+{RUS}",1.0,False,1.0,1.0,False,CHN,,
0.94,MIXED_NONUNIQUE,True,propose,RUS,"{CHN,EUR,RUS}","{CHN,EUR,RUS}",1.0,True,1.0,1.0,False,,,
0.94,MIXED_NONUNIQUE,True,propose,RUS,"{CHN,EUR}+{RUS}","{CHN,EUR}+{RUS}",1.0,True,1.0,1.0,False,,,
0.94,MIXED_NONUNIQUE,True,propose,RUS,"{CHN,RUS}+{EUR}","{CHN,EUR,RUS}",1.0,False,0.10035483921379712,0.10035483921379712,False,"CHN,EUR",,
0.94,MIXED_NONUNIQUE,True,propose,RUS,"{CHN}+{EUR,RUS}","{CHN}+{EUR,RUS}",1.0,True,1.0,1.0,False,,,
0.94,MIXED_NONUNIQUE,True,propose,RUS,{CHN}+{EUR}+{RUS},"{CHN,EUR,RUS}",1.0,False,1.0,1.0,False,"CHN,EUR",,
0.94,MIXED_NONUNIQUE,True,accept,CHN,"{CHN,EUR,RUS}","{CHN,EUR}+{RUS}",1.0,,,,,,0.00026810764179607816,
0.94,MIXED_NONUNIQUE,True,accept,CHN,"{CHN,EUR,RUS}","{CHN,RUS}+{EUR}",0.0,,,,,,-4.395927712508296e-05,
0.94,MIXED_NONUNIQUE,True,accept,CHN,"{CHN,EUR,RUS}","{CHN}+{EUR,RUS}",0.0,,,,,,-0.0001765503438058147,
0.94,MIXED_NONUNIQUE,True,accept,CHN,"{CHN,EUR,RUS}",{CHN}+{EUR}+{RUS},0.0,,,,,,-3.954775093717444e-05,
0.94,MIXED_NONUNIQUE,True,accept,CHN,"{CHN,EUR}+{RUS}","{CHN,EUR,RUS}",0.0,,,,,,-0.00026810764179607816,
0.94,MIXED_NONUNIQUE,True,accept,CHN,"{CHN,EUR}+{RUS}","{CHN,RUS}+{EUR}",0.0,,,,,,-0.0003120669189211611,
0.94,MIXED_NONUNIQUE,True,accept,CHN,"{CHN,EUR}+{RUS}","{CHN}+{EUR,RUS}",0.0,,,,,,-0.00044465798560189285,
0.94,MIXED_NONUNIQUE,True,accept,CHN,"{CHN,EUR}+{RUS}",{CHN}+{EUR}+{RUS},0.0,,,,,,-0.0003076553927332526,
0.94,MIXED_NONUNIQUE,True,accept,CHN,"{CHN,RUS}+{EUR}","{CHN,EUR,RUS}",1.0,,,,,,4.395927712508296e-05,"EUR,RUS"
0.94,MIXED_NONUNIQUE,True,accept,CHN,"{CHN,RUS}+{EUR}","{CHN,EUR}+{RUS}",1.0,,,,,,0.0003120669189211611,
0.94,MIXED_NONUNIQUE,True,accept,CHN,"{CHN,RUS}+{EUR}","{CHN}+{EUR,RUS}",0.0,,,,,,-0.00013259106668073173,
0.94,MIXED_NONUNIQUE,True,accept,CHN,"{CHN,RUS}+{EUR}",{CHN}+{EUR}+{RUS},1.0,,,,,,4.411526187908521e-06,
0.94,MIXED_NONUNIQUE,True,accept,CHN,"{CHN}+{EUR,RUS}","{CHN,EUR,RUS}",1.0,,,,,,0.0001765503438058147,
0.94,MIXED_NONUNIQUE,True,accept,CHN,"{CHN}+{EUR,RUS}","{CHN,EUR}+{RUS}",1.0,,,,,,0.00044465798560189285,
0.94,MIXED_NONUNIQUE,True,accept,CHN,"{CHN}+{EUR,RUS}","{CHN,RUS}+{EUR}",1.0,,,,,,0.00013259106668073173,
0.94,MIXED_NONUNIQUE,True,accept,CHN,{CHN}+{EUR}+{RUS},"{CHN,EUR,RUS}",1.0,,,,,,3.954775093717444e-05,RUS
0.94,MIXED_NONUNIQUE,True,accept,CHN,{CHN}+{EUR}+{RUS},"{CHN,EUR}+{RUS}",1.0,,,,,,0.0003076553927332526,EUR
0.94,MIXED_NONUNIQUE,True,accept,CHN,{CHN}+{EUR}+{RUS},"{CHN,RUS}+{EUR}",0.0,,,,,,-4.411526187908521e-06,
0.94,MIXED_NONUNIQUE,True,accept,EUR,"{CHN,EUR,RUS}","{CHN,EUR}+{RUS}",1.0,,,,,,9.73964811024075e-07,
0.94,MIXED_NONUNIQUE,True,accept,EUR,"{CHN,EUR,RUS}","{CHN,RUS}+{EUR}",0.4999999999999997,,,,,,0.0,
0.94,MIXED_NONUNIQUE,True,accept,EUR,"{CHN,EUR,RUS}","{CHN}+{EUR,RUS}",0.0,,,,,,-4.4896368231572836e-05,
0.94,MIXED_NONUNIQUE,True,accept,EUR,"{CHN,EUR,RUS}",{CHN}+{EUR}+{RUS},0.0,,,,,,-3.4891975690065635e-05,
0.94,MIXED_NONUNIQUE,True,accept,EUR,"{CHN,EUR}+{RUS}","{CHN,EUR,RUS}",0.0,,,,,,-9.73964811024075e-07,
0.94,MIXED_NONUNIQUE,True,accept,EUR,"{CHN,EUR}+{RUS}","{CHN,RUS}+{EUR}",0.0,,,,,,-9.73964811024075e-07,
0.94,MIXED_NONUNIQUE,True,accept,EUR,"{CHN,EUR}+{RUS}","{CHN}+{EUR,RUS}",0.0,,,,,,-4.587033304259691e-05,
0.94,MIXED_NONUNIQUE,True,accept,EUR,"{CHN,EUR}+{RUS}",{CHN}+{EUR}+{RUS},0.0,,,,,,-3.586594050108971e-05,
0.94,MIXED_NONUNIQUE,True,accept,EUR,"{CHN,RUS}+{EUR}","{CHN,EUR,RUS}",0.10035483921379712,,,,,,0.0,"CHN,RUS"
0.94,MIXED_NONUNIQUE,True,accept,EUR,"{CHN,RUS}+{EUR}","{CHN,EUR}+{RUS}",1.0,,,,,,9.73964811024075e-07,
0.94,MIXED_NONUNIQUE,True,accept,EUR,"{CHN,RUS}+{EUR}","{CHN}+{EUR,RUS}",0.0,,,,,,-4.4896368231572836e-05,
0.94,MIXED_NONUNIQUE,True,accept,EUR,"{CHN}+{EUR,RUS}","{CHN,EUR,RUS}",1.0,,,,,,4.4896368231572836e-05,
0.94,MIXED_NONUNIQUE,True,accept,EUR,"{CHN}+{EUR,RUS}","{CHN,EUR}+{RUS}",1.0,,,,,,4.587033304259691e-05,
0.94,MIXED_NONUNIQUE,True,accept,EUR,"{CHN}+{EUR,RUS}","{CHN,RUS}+{EUR}",1.0,,,,,,4.4896368231572836e-05,
0.94,MIXED_NONUNIQUE,True,accept,EUR,"{CHN}+{EUR,RUS}",{CHN}+{EUR}+{RUS},1.0,,,,,,1.0004392541507201e-05,
0.94,MIXED_NONUNIQUE,True,accept,EUR,{CHN}+{EUR}+{RUS},"{CHN,EUR,RUS}",1.0,,,,,,3.4891975690065635e-05,RUS
0.94,MIXED_NONUNIQUE,True,accept,EUR,{CHN}+{EUR}+{RUS},"{CHN,EUR}+{RUS}",1.0,,,,,,3.586594050108971e-05,CHN
0.94,MIXED_NONUNIQUE,True,accept,EUR,{CHN}+{EUR}+{RUS},"{CHN}+{EUR,RUS}",0.0,,,,,,-1.0004392541507201e-05,
0.94,MIXED_NONUNIQUE,True,accept,RUS,"{CHN,EUR,RUS}","{CHN,EUR}+{RUS}",0.0,,,,,,-6.5731525487056075e-06,
0.94,MIXED_NONUNIQUE,True,accept,RUS,"{CHN,EUR,RUS}","{CHN,RUS}+{EUR}",0.0,,,,,,-8.588982556290148e-07,
0.94,MIXED_NONUNIQUE,True,accept,RUS,"{CHN,EUR,RUS}","{CHN}+{EUR,RUS}",1.0,,,,,,1.0063151182793106e-05,
0.94,MIXED_NONUNIQUE,True,accept,RUS,"{CHN,EUR,RUS}",{CHN}+{EUR}+{RUS},0.0,,,,,,-1.7201058286619997e-06,
0.94,MIXED_NONUNIQUE,True,accept,RUS,"{CHN,EUR}+{RUS}","{CHN,EUR,RUS}",1.0,,,,,,6.5731525487056075e-06,
0.94,MIXED_NONUNIQUE,True,accept,RUS,"{CHN,EUR}+{RUS}","{CHN,RUS}+{EUR}",1.0,,,,,,5.714254293076593e-06,
0.94,MIXED_NONUNIQUE,True,accept,RUS,"{CHN,EUR}+{RUS}","{CHN}+{EUR,RUS}",1.0,,,,,,1.6636303731498714e-05,
0.94,MIXED_NONUNIQUE,True,accept,RUS,"{CHN,RUS}+{EUR}","{CHN,EUR,RUS}",1.0,,,,,,8.588982556290148e-07,"CHN,EUR"
0.94,MIXED_NONUNIQUE,True,accept,RUS,"{CHN,RUS}+{EUR}","{CHN,EUR}+{RUS}",0.0,,,,,,-5.714254293076593e-06,
0.94,MIXED_NONUNIQUE,True,accept,RUS,"{CHN,RUS}+{EUR}","{CHN}+{EUR,RUS}",1.0,,,,,,1.0922049438422121e-05,
0.94,MIXED_NONUNIQUE,True,accept,RUS,"{CHN,RUS}+{EUR}",{CHN}+{EUR}+{RUS},0.0,,,,,,-8.612075730329849e-07,
0.94,MIXED_NONUNIQUE,True,accept,RUS,"{CHN}+{EUR,RUS}","{CHN,EUR,RUS}",0.0,,,,,,-1.0063151182793106e-05,
0.94,MIXED_NONUNIQUE,True,accept,RUS,"{CHN}+{EUR,RUS}","{CHN,EUR}+{RUS}",0.0,,,,,,-1.6636303731498714e-05,
0.94,MIXED_NONUNIQUE,True,accept,RUS,"{CHN}+{EUR,RUS}","{CHN,RUS}+{EUR}",0.0,,,,,,-1.0922049438422121e-05,
0.94,MIXED_NONUNIQUE,True,accept,RUS,"{CHN}+{EUR,RUS}",{CHN}+{EUR}+{RUS},0.0,,,,,,-1.1783257011455106e-05,
0.94,MIXED_NONUNIQUE,True,accept,RUS,{CHN}+{EUR}+{RUS},"{CHN,EUR,RUS}",1.0,,,,,,1.7201058286619997e-06,
0.94,MIXED_NONUNIQUE,True,accept,RUS,{CHN}+{EUR}+{RUS},"{CHN,RUS}+{EUR}",1.0,,,,,,8.612075730329849e-07,
0.94,MIXED_NONUNIQUE,True,accept,RUS,{CHN}+{EUR}+{RUS},"{CHN}+{EUR,RUS}",1.0,,,,,,1.1783257011455106e-05,
0.95,MIXED_NONUNIQUE,True,propose,CHN,"{CHN,EUR,RUS}","{CHN,EUR,RUS}",1.0,True,1.0,1.0,False,,,
0.95,MIXED_NONUNIQUE,True,propose,CHN,"{CHN,EUR}+{RUS}","{CHN,EUR}+{RUS}",1.0,True,1.0,1.0,False,,,
0.95,MIXED_NONUNIQUE,True,propose,CHN,"{CHN,RUS}+{EUR}","{CHN,EUR,RUS}",0.5526906122043421,False,0.216460694040724,0.11963579350754454,False,"EUR,RUS",,
0.95,MIXED_NONUNIQUE,True,propose,CHN,"{CHN,RUS}+{EUR}",{CHN}+{EUR}+{RUS},0.4473093877956579,False,1.0,0.4473093877956579,True,,,
0.95,MIXED_NONUNIQUE,True,propose,CHN,"{CHN}+{EUR,RUS}","{CHN}+{EUR,RUS}",1.0,True,1.0,1.0,False,,,
0.95,MIXED_NONUNIQUE,True,propose,CHN,{CHN}+{EUR}+{RUS},"{CHN,EUR}+{RUS}",1.0,False,1.0,1.0,False,EUR,,
0.95,MIXED_NONUNIQUE,True,propose,EUR,"{CHN,EUR,RUS}","{CHN,EUR,RUS}",0.24379936368759378,True,1.0,0.24379936368759378,False,,,
0.95,MIXED_NONUNIQUE,True,propose,EUR,"{CHN,EUR,RUS}","{CHN,RUS}+{EUR}",0.7562006363124062,False,1.0,0.7562006363124062,True,,,
0.95,MIXED_NONUNIQUE,True,propose,EUR,"{CHN,EUR}+{RUS}","{CHN,EUR}+{RUS}",1.0,True,1.0,1.0,False,,,
0.95,MIXED_NONUNIQUE,True,propose,EUR,"{CHN,RUS}+{EUR}","{CHN,EUR,RUS}",0.399447062827363,False,1.0,0.399447062827363,False,"CHN,RUS",,
0.95,MIXED_NONUNIQUE,True,propose,EUR,"{CHN,RUS}+{EUR}","{CHN,RUS}+{EUR}",0.600552937172637,True,1.0,0.600552937172637,False,,,
0.95,MIXED_NONUNIQUE,True,propose,EUR,"{CHN}+{EUR,RUS}",{CHN}+{EUR}+{RUS},1.0,False,1.0,1.0,True,,,
0.95,MIXED_NONUNIQUE,True,propose,EUR,{CHN}+{EUR}+{RUS},"{CHN,EUR}+{RUS}",1.0,False,1.0,1.0,False,CHN,,
0.95,MIXED_NONUNIQUE,True,propose,RUS,"{CHN,EUR,RUS}","{CHN,EUR,RUS}",1.0,True,1.0,1.0,False,,,
0.95,MIXED_NONUNIQUE,True,propose,RUS,"{CHN,EUR}+{RUS}","{CHN,EUR}+{RUS}",1.0,True,1.0,1.0,False,,,
0.95,MIXED_NONUNIQUE,True,propose,RUS,"{CHN,RUS}+{EUR}","{CHN,EUR,RUS}",1.0,False,0.216460694040724,0.216460694040724,False,"CHN,EUR",,
0.95,MIXED_NONUNIQUE,True,propose,RUS,"{CHN}+{EUR,RUS}","{CHN}+{EUR,RUS}",1.0,True,1.0,1.0,False,,,
0.95,MIXED_NONUNIQUE,True,propose,RUS,{CHN}+{EUR}+{RUS},"{CHN,EUR,RUS}",1.0,False,1.0,1.0,False,"CHN,EUR",,
0.95,MIXED_NONUNIQUE,True,accept,CHN,"{CHN,EUR,RUS}","{CHN,EUR}+{RUS}",1.0,,,,,,0.00023486186971943823,
0.95,MIXED_NONUNIQUE,True,accept,CHN,"{CHN,EUR,RUS}","{CHN,RUS}+{EUR}",0.0,,,,,,-3.303556719203016e-05,
0.95,MIXED_NONUNIQUE,True,accept,CHN,"{CHN,EUR,RUS}","{CHN}+{EUR,RUS}",0.0,,,,,,-0.00014852595204395413,
0.95,MIXED_NONUNIQUE,True,accept,CHN,"{CHN,EUR,RUS}",{CHN}+{EUR}+{RUS},0.0,,,,,,-2.5884665388886674e-05,
0.95,MIXED_NONUNIQUE,True,accept,CHN,"{CHN,EUR}+{RUS}","{CHN,EUR,RUS}",0.0,,,,,,-0.00023486186971943823,
0.95,MIXED_NONUNIQUE,True,accept,CHN,"{CHN,EUR}+{RUS}","{CHN,RUS}+{EUR}",0.0,,,,,,-0.0002678974369114684,
0.95,MIXED_NONUNIQUE,True,accept,CHN,"{CHN,EUR}+{RUS}","{CHN}+{EUR,RUS}",0.0,,,,,,-0.00038338782176339237,
0.95,MIXED_NONUNIQUE,True,accept,CHN,"{CHN,EUR}+{RUS}",{CHN}+{EUR}+{RUS},0.0,,,,,,-0.0002607465351083249,
0.95,MIXED_NONUNIQUE,True,accept,CHN,"{CHN,RUS}+{EUR}","{CHN,EUR,RUS}",1.0,,,,,,3.303556719203016e-05,"EUR,RUS"
0.95,MIXED_NONUNIQUE,True,accept,CHN,"{CHN,RUS}+{EUR}","{CHN,EUR}+{RUS}",1.0,,,,,,0.0002678974369114684,
0.95,MIXED_NONUNIQUE,True,accept,CHN,"{CHN,RUS}+{EUR}","{CHN}+{EUR,RUS}",0.0,,,,,,-0.00011549038485192398,
0.95,MIXED_NONUNIQUE,True,accept,CHN,"{CHN,RUS}+{EUR}",{CHN}+{EUR}+{RUS},1.0,,,,,,7.1509018031434834e-06,
0.95,MIXED_NONUNIQUE,True,accept,CHN,"{CHN}+{EUR,RUS}","{CHN,EUR,RUS}",1.0,,,,,,0.00014852595204395413,
0.95,MIXED_NONUNIQUE,True,accept,CHN,"{CHN}+{EUR,RUS}","{CHN,EUR}+{RUS}",1.0,,,,,,0.00038338782176339237,
0.95,MIXED_NONUNIQUE,True,accept,CHN,"{CHN}+{EUR,RUS}","{CHN,RUS}+{EUR}",1.0,,,,,,0.00011549038485192398,
0.95,MIXED_NONUNIQUE,True,accept,CHN,{CHN}+{EUR}+{RUS},"{CHN,EUR,RUS}",1.0,,,,,,2.5884665388886674e-05,RUS
0.95,MIXED_NONUNIQUE,True,accept,CHN,{CHN}+{EUR}+{RUS},"{CHN,EUR}+{RUS}",1.0,,,,,,0.0002607465351083249,EUR
0.95,MIXED_NONUNIQUE,True,accept,CHN,{CHN}+{EUR}+{RUS},"{CHN,RUS}+{EUR}",0.0,,,,,,-7.1509018031434834e-06,
0.95,MIXED_NONUNIQUE,True,accept,EUR,"{CHN,EUR,RUS}","{CHN,EUR}+{RUS}",1.0,,,,,,9.73964811024075e-07,
0.95,MIXED_NONUNIQUE,True,accept,EUR,"{CHN,EUR,RUS}","{CHN,RUS}+{EUR}",0.4999999999999999,,,,,,0.0,
0.95,MIXED_NONUNIQUE,True,accept,EUR,"{CHN,EUR,RUS}","{CHN}+{EUR,RUS}",0.0,,,,,,-3.826476007562363e-05,
0.95,MIXED_NONUNIQUE,True,accept,EUR,"{CHN,EUR,RUS}",{CHN}+{EUR}+{RUS},0.0,,,,,,-2.8968428095854648e-05,
0.95,MIXED_NONUNIQUE,True,accept,EUR,"{CHN,EUR}+{RUS}","{CHN,EUR,RUS}",0.0,,,,,,-9.73964811024075e-07,
0.95,MIXED_NONUNIQUE,True,accept,EUR,"{CHN,EUR}+{RUS}","{CHN,RUS}+{EUR}",0.0,,,,,,-9.73964811024075e-07,
0.95,MIXED_NONUNIQUE,True,accept,EUR,"{CHN,EUR}+{RUS}","{CHN}+{EUR,RUS}",0.0,,,,,,-3.92387248866477e-05,
0.95,MIXED_NONUNIQUE,True,accept,EUR,"{CHN,EUR}+{RUS}",{CHN}+{EUR}+{RUS},0.0,,,,,,-2.9942392906878723e-05,
0.95,MIXED_NONUNIQUE,True,accept,EUR,"{CHN,RUS}+{EUR}","{CHN,EUR,RUS}",0.216460694040724,,,,,,0.0,"CHN,RUS"
0.95,MIXED_NONUNIQUE,True,accept,EUR,"{CHN,RUS}+{EUR}","{CHN,EUR}+{RUS}",1.0,,,,,,9.73964811024075e-07,
0.95,MIXED_NONUNIQUE,True,accept,EUR,"{CHN,RUS}+{EUR}","{CHN}+{EUR,RUS}",0.0,,,,,,-3.826476007562363e-05,
0.95,MIXED_NONUNIQUE,True,accept,EUR,"{CHN}+{EUR,RUS}","{CHN,EUR,RUS}",1.0,,,,,,3.826476007562363e-05,
0.95,MIXED_NONUNIQUE,True,accept,EUR,"{CHN}+{EUR,RUS}","{CHN,EUR}+{RUS}",1.0,,,,,,3.92387248866477e-05,
0.95,MIXED_NONUNIQUE,True,accept,EUR,"{CHN}+{EUR,RUS}","{CHN,RUS}+{EUR}",1.0,,,,,,3.826476007562363e-05,
0.95,MIXED_NONUNIQUE,True,accept,EUR,"{CHN}+{EUR,RUS}",{CHN}+{EUR}+{RUS},1.0,,,,,,9.29633197976898e-06,
0.95,MIXED_NONUNIQUE,True,accept,EUR,{CHN}+{EUR}+{RUS},"{CHN,EUR,RUS}",1.0,,,,,,2.8968428095854648e-05,RUS
0.95,MIXED_NONUNIQUE,True,accept,EUR,{CHN}+{EUR}+{RUS},"{CHN,EUR}+{RUS}",1.0,,,,,,2.9942392906878723e-05,CHN
0.95,MIXED_NONUNIQUE,True,accept,EUR,{CHN}+{EUR}+{RUS},"{CHN}+{EUR,RUS}",0.0,,,,,,-9.29633197976898e-06,
0.95,MIXED_NONUNIQUE,True,accept,RUS,"{CHN,EUR,RUS}","{CHN,EUR}+{RUS}",0.0,,,,,,-6.431388837047081e-06,
0.95,MIXED_NONUNIQUE,True,accept,RUS,"{CHN,EUR,RUS}","{CHN,RUS}+{EUR}",0.0,,,,,,-8.106964073384404e-07,
0.95,MIXED_NONUNIQUE,True,accept,RUS,"{CHN,EUR,RUS}","{CHN}+{EUR,RUS}",1.0,,,,,,7.997636623624516e-06,
0.95,MIXED_NONUNIQUE,True,accept,RUS,"{CHN,EUR,RUS}",{CHN}+{EUR}+{RUS},0.0,,,,,,-2.0668999374251484e-06,
0.95,MIXED_NONUNIQUE,True,accept,RUS,"{CHN,EUR}+{RUS}","{CHN,EUR,RUS}",1.0,,,,,,6.431388837047081e-06,
0.95,MIXED_NONUNIQUE,True,accept,RUS,"{CHN,EUR}+{RUS}","{CHN,RUS}+{EUR}",1.0,,,,,,5.62069242970864e-06,
0.95,MIXED_NONUNIQUE,True,accept,RUS,"{CHN,EUR}+{RUS}","{CHN}+{EUR,RUS}",1.0,,,,,,1.4429025460671596e-05,
0.95,MIXED_NONUNIQUE,True,accept,RUS,"{CHN,RUS}+{EUR}","{CHN,EUR,RUS}",1.0,,,,,,8.106964073384404e-07,"CHN,EUR"
0.95,MIXED_NONUNIQUE,True,accept,RUS,"{CHN,RUS}+{EUR}","{CHN,EUR}+{RUS}",0.0,,,,,,-5.62069242970864e-06,
0.95,MIXED_NONUNIQUE,True,accept,RUS,"{CHN,RUS}+{EUR}","{CHN}+{EUR,RUS}",1.0,,,,,,8.808333030962956e-06,
0.95,MIXED_NONUNIQUE,True,accept,RUS,"{CHN,RUS}+{EUR}",{CHN}+{EUR}+{RUS},0.0,,,,,,-1.256203530086708e-06,
0.95,MIXED_NONUNIQUE,True,accept,RUS,"{CHN}+{EUR,RUS}","{CHN,EUR,RUS}",0.0,,,,,,-7.997636623624516e-06,
0.95,MIXED_NONUNIQUE,True,accept,RUS,"{CHN}+{EUR,RUS}","{CHN,EUR}+{RUS}",0.0,,,,,,-1.4429025460671596e-05,
0.95,MIXED_NONUNIQUE,True,accept,RUS,"{CHN}+{EUR,RUS}","{CHN,RUS}+{EUR}",0.0,,,,,,-8.808333030962956e-06,
0.95,MIXED_NONUNIQUE,True,accept,RUS,"{CHN}+{EUR,RUS}",{CHN}+{EUR}+{RUS},0.0,,,,,,-1.0064536561049664e-05,
0.95,MIXED_NONUNIQUE,True,accept,RUS,{CHN}+{EUR}+{RUS},"{CHN,EUR,RUS}",1.0,,,,,,2.0668999374251484e-06,
0.95,MIXED_NONUNIQUE,True,accept,RUS,{CHN}+{EUR}+{RUS},"{CHN,RUS}+{EUR}",1.0,,,,,,1.256203530086708e-06,
0.95,MIXED_NONUNIQUE,True,accept,RUS,{CHN}+{EUR}+{RUS},"{CHN}+{EUR,RUS}",1.0,,,,,,1.0064536561049664e-05,
0.96,MIXED_NONUNIQUE,True,propose,CHN,"{CHN,EUR,RUS}","{CHN,EUR,RUS}",1.0,True,1.0,1.0,False,,,
0.96,MIXED_NONUNIQUE,True,propose,CHN,"{CHN,EUR}+{RUS}","{CHN,EUR}+{RUS}",1.0,True,1.0,1.0,False,,,
0.96,MIXED_NONUNIQUE,True,propose,CHN,"{CHN,RUS}+{EUR}","{CHN,EUR,RUS}",0.5548556744866878,False,0.36260233273693315,0.20119196190119745,False,"EUR,RUS",,
0.96,MIXED_NONUNIQUE,True,propose,CHN,"{CHN,RUS}+{EUR}",{CHN}+{EUR}+{RUS},0.4451443255133122,False,1.0,0.4451443255133122,True,,,
0.96,MIXED_NONUNIQUE,True,propose,CHN,"{CHN}+{EUR,RUS}","{CHN}+{EUR,RUS}",1.0,True,1.0,1.0,False,,,
0.96,MIXED_NONUNIQUE,True,propose,CHN,{CHN}+{EUR}+{RUS},"{CHN,EUR}+{RUS}",1.0,False,1.0,1.0,False,EUR,,
0.96,MIXED_NONUNIQUE,True,propose,EUR,"{CHN,EUR,RUS}","{CHN,EUR,RUS}",0.3606026360925914,True,1.0,0.3606026360925914,False,,,
0.96,MIXED_NONUNIQUE,True,propose,EUR,"{CHN,EUR,RUS}","{CHN,RUS}+{EUR}",0.6393973639074086,False,1.0,0.6393973639074086,True,,,
0.96,MIXED_NONUNIQUE,True,propose,EUR,"{CHN,EUR}+{RUS}","{CHN,EUR}+{RUS}",1.0,True,1.0,1.0,False,,,
0.96,MIXED_NONUNIQUE,True,propose,EUR,"{CHN,RUS}+{EUR}","{CHN,EUR,RUS}",0.44881768131282196,False,1.0,0.44881768131282196,False,"CHN,RUS",,
0.96,MIXED_NONUNIQUE,True,propose,EUR,"{CHN,RUS}+{EUR}","{CHN,RUS}+{EUR}",0.551182318687178,True,1.0,0.551182318687178,False,,,
0.96,MIXED_NONUNIQUE,True,propose,EUR,"{CHN}+{EUR,RUS}",{CHN}+{EUR}+{RUS},1.0,False,1.0,1.0,True,,,
0.96,MIXED_NONUNIQUE,True,propose,EUR,{CHN}+{EUR}+{RUS},"{CHN,EUR}+{RUS}",1.0,False,1.0,1.0,False,CHN,,
0.96,MIXED_NONUNIQUE,True,propose,RUS,"{CHN,EUR,RUS}","{CHN,EUR,RUS}",1.0,True,1.0,1.0,False,,,
0.96,MIXED_NONUNIQUE,True,propose,RUS,"{CHN,EUR}+{RUS}","{CHN,EUR}+{RUS}",1.0,True,1.0,1.0,False,,,
0.96,MIXED_NONUNIQUE,True,propose,RUS,"{CHN,RUS}+{EUR}","{CHN,EUR,RUS}",1.0,False,0.36260233273693315,0.36260233273693315,False,"CHN,EUR",,
0.96,MIXED_NONUNIQUE,True,propose,RUS,"{CHN}+{EUR,RUS}","{CHN}+{EUR,RUS}",1.0,True,1.0,1.0,False,,,
0.96,MIXED_NONUNIQUE,True,propose,RUS,{CHN}+{EUR}+{RUS},"{CHN,EUR,RUS}",1.0,False,1.0,1.0,False,"CHN,EUR",,
0.96,MIXED_NONUNIQUE,True,accept,CHN,"{CHN,EUR,RUS}","{CHN,EUR}+{RUS}",1.0,,,,,,0.00019717603312408016,
0.96,MIXED_NONUNIQUE,True,accept,CHN,"{CHN,EUR,RUS}","{CHN,RUS}+{EUR}",0.0,,,,,,-2.3563288674921523e-05,
0.96,MIXED_NONUNIQUE,True,accept,CHN,"{CHN,EUR,RUS}","{CHN}+{EUR,RUS}",0.0,,,,,,-0.00012034371325775339,
0.96,MIXED_NONUNIQUE,True,accept,CHN,"{CHN,EUR,RUS}",{CHN}+{EUR}+{RUS},0.0,,,,,,-1.5019185234166343e-05,
0.96,MIXED_NONUNIQUE,True,accept,CHN,"{CHN,EUR}+{RUS}","{CHN,EUR,RUS}",0.0,,,,,,-0.00019717603312408016,
0.96,MIXED_NONUNIQUE,True,accept,CHN,"{CHN,EUR}+{RUS}","{CHN,RUS}+{EUR}",0.0,,,,,,-0.0002207393217990017,
0.96,MIXED_NONUNIQUE,True,accept,CHN,"{CHN,EUR}+{RUS}","{CHN}+{EUR,RUS}",0.0,,,,,,-0.00031751974638183356,
0.96,MIXED_NONUNIQUE,True,accept,CHN,"{CHN,EUR}+{RUS}",{CHN}+{EUR}+{RUS},0.0,,,,,,-0.0002121952183582465,
0.96,MIXED_NONUNIQUE,True,accept,CHN,"{CHN,RUS}+{EUR}","{CHN,EUR,RUS}",1.0,,,,,,2.3563288674921523e-05,"EUR,RUS"
0.96,MIXED_NONUNIQUE,True,accept,CHN,"{CHN,RUS}+{EUR}","{CHN,EUR}+{RUS}",1.0,,,,,,0.0002207393217990017,
0.96,MIXED_NONUNIQUE,True,accept,CHN,"{CHN,RUS}+{EUR}","{CHN}+{EUR,RUS}",0.0,,,,,,-9.678042458283187e-05,
0.96,MIXED_NONUNIQUE,True,accept,CHN,"{CHN,RUS}+{EUR}",{CHN}+{EUR}+{RUS},1.0,,,,,,8.54410344075518e-06,
0.96,MIXED_NONUNIQUE,True,accept,CHN,"{CHN}+{EUR,RUS}","{CHN,EUR,RUS}",1.0,,,,,,0.00012034371325775339,
0.96,MIXED_NONUNIQUE,True,accept,CHN,"{CHN}+{EUR,RUS}","{CHN,EUR}+{RUS}",1.0,,,,,,0.00031751974638183356,
0.96,MIXED_NONUNIQUE,True,accept,CHN,"{CHN}+{EUR,RUS}","{CHN,RUS}+{EUR}",1.0,,,,,,9.678042458283187e-05,
0.96,MIXED_NONUNIQUE,True,accept,CHN,{CHN}+{EUR}+{RUS},"{CHN,EUR,RUS}",1.0,,,,,,1.5019185234166343e-05,RUS
0.96,MIXED_NONUNIQUE,True,accept,CHN,{CHN}+{EUR}+{RUS},"{CHN,EUR}+{RUS}",1.0,,,,,,0.0002121952183582465,EUR
0.96,MIXED_NONUNIQUE,True,accept,CHN,{CHN}+{EUR}+{RUS},"{CHN,RUS}+{EUR}",0.0,,,,,,-8.54410344075518e-06,
0.96,MIXED_NONUNIQUE,True,accept,EUR,"{CHN,EUR,RUS}","{CHN,EUR}+{RUS}",1.0,,,,,,9.73964811024075e-07,
0.96,MIXED_NONUNIQUE,True,accept,EUR,"{CHN,EUR,RUS}","{CHN,RUS}+{EUR}",0.49999999999999994,,,,,,0.0,
0.96,MIXED_NONUNIQUE,True,accept,EUR,"{CHN,EUR,RUS}","{CHN}+{EUR,RUS}",0.0,,,,,,-3.127784147727297e-05,
0.96,MIXED_NONUNIQUE,True,accept,EUR,"{CHN,EUR,RUS}",{CHN}+{EUR}+{RUS},0.0,,,,,,-2.304488050208775e-05,
0.96,MIXED_NONUNIQUE,True,accept,EUR,"{CHN,EUR}+{RUS}","{CHN,EUR,RUS}",0.0,,,,,,-9.73964811024075e-07,
0.96,MIXED_NONUNIQUE,True,accept,EUR,"{CHN,EUR}+{RUS}","{CHN,RUS}+{EUR}",0.0,,,,,,-9.73964811024075e-07,
0.96,MIXED_NONUNIQUE,True,accept,EUR,"{CHN,EUR}+{RUS}","{CHN}+{EUR,RUS}",0.0,,,,,,-3.225180628829705e-05,
0.96,MIXED_NONUNIQUE,True,accept,EUR,"{CHN,EUR}+{RUS}",{CHN}+{EUR}+{RUS},0.0,,,,,,-2.4018845313111825e-05,
0.96,MIXED_NONUNIQUE,True,accept,EUR,"{CHN,RUS}+{EUR}","{CHN,EUR,RUS}",0.36260233273693315,,,,,,0.0,"CHN,RUS"
0.96,MIXED_NONUNIQUE,True,accept,EUR,"{CHN,RUS}+{EUR}","{CHN,EUR}+{RUS}",1.0,,,,,,9.73964811024075e-07,
0.96,MIXED_NONUNIQUE,True,accept,EUR,"{CHN,RUS}+{EUR}","{CHN}+{EUR,RUS}",0.0,,,,,,-3.127784147727297e-05,
0.96,MIXED_NONUNIQUE,True,accept,EUR,"{CHN}+{EUR,RUS}","{CHN,EUR,RUS}",1.0,,,,,,3.127784147727297e-05,
0.96,MIXED_NONUNIQUE,True,accept,EUR,"{CHN}+{EUR,RUS}","{CHN,EUR}+{RUS}",1.0,,,,,,3.225180628829705e-05,
0.96,MIXED_NONUNIQUE,True,accept,EUR,"{CHN}+{EUR,RUS}","{CHN,RUS}+{EUR}",1.0,,,,,,3.127784147727297e-05,
0.96,MIXED_NONUNIQUE,True,accept,EUR,"{CHN}+{EUR,RUS}",{CHN}+{EUR}+{RUS},1.0,,,,,,8.232960975185222e-06,
0.96,MIXED_NONUNIQUE,True,accept,EUR,{CHN}+{EUR}+{RUS},"{CHN,EUR,RUS}",1.0,,,,,,2.304488050208775e-05,RUS
0.96,MIXED_NONUNIQUE,True,accept,EUR,{CHN}+{EUR}+{RUS},"{CHN,EUR}+{RUS}",1.0,,,,,,2.4018845313111825e-05,CHN
0.96,MIXED_NONUNIQUE,True,accept,EUR,{CHN}+{EUR}+{RUS},"{CHN}+{EUR,RUS}",0.0,,,,,,-8.232960975185222e-06,
0.96,MIXED_NONUNIQUE,True,accept,RUS,"{CHN,EUR,RUS}","{CHN,EUR}+{RUS}",0.0,,,,,,-6.370399685318162e-06,
0.96,MIXED_NONUNIQUE,True,accept,RUS,"{CHN,EUR,RUS}","{CHN,RUS}+{EUR}",0.0,,,,,,-7.709669138655784e-07,
0.96,MIXED_NONUNIQUE,True,accept,RUS,"{CHN,EUR,RUS}","{CHN}+{EUR,RUS}",1.0,,,,,,5.78268488382605e-06,
0.96,MIXED_NONUNIQUE,True,accept,RUS,"{CHN,EUR,RUS}",{CHN}+{EUR}+{RUS},0.0,,,,,,-2.4695658382700714e-06,
0.96,MIXED_NONUNIQUE,True,accept,RUS,"{CHN,EUR}+{RUS}","{CHN,EUR,RUS}",1.0,,,,,,6.370399685318162e-06,
0.96,MIXED_NONUNIQUE,True,accept,RUS,"{CHN,EUR}+{RUS}","{CHN,RUS}+{EUR}",1.0,,,,,,5.599432771452584e-06,
0.96,MIXED_NONUNIQUE,True,accept,RUS,"{CHN,EUR}+{RUS}","{CHN}+{EUR,RUS}",1.0,,,,,,1.2153084569144212e-05,
0.96,MIXED_NONUNIQUE,True,accept,RUS,"{CHN,RUS}+{EUR}","{CHN,EUR,RUS}",1.0,,,,,,7.709669138655784e-07,"CHN,EUR"
0.96,MIXED_NONUNIQUE,True,accept,RUS,"{CHN,RUS}+{EUR}","{CHN,EUR}+{RUS}",0.0,,,,,,-5.599432771452584e-06,
0.96,MIXED_NONUNIQUE,True,accept,RUS,"{CHN,RUS}+{EUR}","{CHN}+{EUR,RUS}",1.0,,,,,,6.553651797691629e-06,
0.96,MIXED_NONUNIQUE,True,accept,RUS,"{CHN,RUS}+{EUR}",{CHN}+{EUR}+{RUS},0.0,,,,,,-1.698598924404493e-06,
0.96,MIXED_NONUNIQUE,True,accept,RUS,"{CHN}+{EUR,RUS}","{CHN,EUR,RUS}",0.0,,,,,,-5.78268488382605e-06,
0.96,MIXED_NONUNIQUE,True,accept,RUS,"{CHN}+{EUR,RUS}","{CHN,EUR}+{RUS}",0.0,,,,,,-1.2153084569144212e-05,
0.96,MIXED_NONUNIQUE,True,accept,RUS,"{CHN}+{EUR,RUS}","{CHN,RUS}+{EUR}",0.0,,,,,,-6.553651797691629e-06,
0.96,MIXED_NONUNIQUE,True,accept,RUS,"{CHN}+{EUR,RUS}",{CHN}+{EUR}+{RUS},0.0,,,,,,-8.252250722096122e-06,
0.96,MIXED_NONUNIQUE,True,accept,RUS,{CHN}+{EUR}+{RUS},"{CHN,EUR,RUS}",1.0,,,,,,2.4695658382700714e-06,
0.96,MIXED_NONUNIQUE,True,accept,RUS,{CHN}+{EUR}+{RUS},"{CHN,RUS}+{EUR}",1.0,,,,,,1.698598924404493e-06,
0.96,MIXED_NONUNIQUE,True,accept,RUS,{CHN}+{EUR}+{RUS},"{CHN}+{EUR,RUS}",1.0,,,,,,8.252250722096122e-06,
0.97,MIXED_NONUNIQUE,True,propose,CHN,"{CHN,EUR,RUS}","{CHN,EUR,RUS}",1.0,True,1.0,1.0,False,,,
0.97,MIXED_NONUNIQUE,True,propose,CHN,"{CHN,EUR}+{RUS}","{CHN,EUR}+{RUS}",1.0,True,1.0,1.0,False,,,
0.97,MIXED_NONUNIQUE,True,propose,CHN,"{CHN,RUS}+{EUR}","{CHN,EUR,RUS}",0.555267884446878,False,0.542918675903268,0.30146530459550785,False,"EUR,RUS",,
0.97,MIXED_NONUNIQUE,True,propose,CHN,"{CHN,RUS}+{EUR}",{CHN}+{EUR}+{RUS},0.444732115553122,False,1.0,0.444732115553122,True,,,
0.97,MIXED_NONUNIQUE,True,propose,CHN,"{CHN}+{EUR,RUS}","{CHN}+{EUR,RUS}",1.0,True,1.0,1.0,False,,,
0.97,MIXED_NONUNIQUE,True,propose,CHN,{CHN}+{EUR}+{RUS},"{CHN,EUR}+{RUS}",1.0,False,1.0,1.0,False,EUR,,
0.97,MIXED_NONUNIQUE,True,propose,EUR,"{CHN,EUR,RUS}","{CHN,EUR,RUS}",0.5397355343985393,True,1.0,0.5397355343985393,False,,,
0.97,MIXED_NONUNIQUE,True,propose,EUR,"{CHN,EUR,RUS}","{CHN,RUS}+{EUR}",0.4602644656014607,False,1.0,0.4602644656014607,True,,,
0.97,MIXED_NONUNIQUE,True,propose,EUR,"{CHN,EUR}+{RUS}","{CHN,EUR}+{RUS}",1.0,True,1.0,1.0,False,,,
0.97,MIXED_NONUNIQUE,True,propose,EUR,"{CHN,RUS}+{EUR}","{CHN,EUR,RUS}",0.5175330474866973,False,1.0,0.5175330474866973,False,"CHN,RUS",,
0.97,MIXED_NONUNIQUE,True,propose,EUR,"{CHN,RUS}+{EUR}","{CHN,RUS}+{EUR}",0.48246695251330274,True,1.0,0.48246695251330274,False,,,
0.97,MIXED_NONUNIQUE,True,propose,EUR,"{CHN}+{EUR,RUS}",{CHN}+{EUR}+{RUS},1.0,False,1.0,1.0,True,,,
0.97,MIXED_NONUNIQUE,True,propose,EUR,{CHN}+{EUR}+{RUS},"{CHN,EUR}+{RUS}",1.0,False,1.0,1.0,False,CHN,,
0.97,MIXED_NONUNIQUE,True,propose,RUS,"{CHN,EUR,RUS}","{CHN,EUR,RUS}",1.0,True,1.0,1.0,False,,,
0.97,MIXED_NONUNIQUE,True,propose,RUS,"{CHN,EUR}+{RUS}","{CHN,EUR}+{RUS}",1.0,True,1.0,1.0,False,,,
0.97,MIXED_NONUNIQUE,True,propose,RUS,"{CHN,RUS}+{EUR}","{CHN,EUR,RUS}",1.0,False,0.542918675903268,0.542918675903268,False,"CHN,EUR",,
0.97,MIXED_NONUNIQUE,True,propose,RUS,"{CHN}+{EUR,RUS}","{CHN}+{EUR,RUS}",1.0,True,1.0,1.0,False,,,
0.97,MIXED_NONUNIQUE,True,propose,RUS,{CHN}+{EUR}+{RUS},"{CHN,EUR,RUS}",1.0,False,1.0,1.0,False,"CHN,EUR",,
0.97,MIXED_NONUNIQUE,True,accept,CHN,"{CHN,EUR,RUS}","{CHN,EUR}+{RUS}",1.0,,,,,,0.00015463725005737672,
0.97,MIXED_NONUNIQUE,True,accept,CHN,"{CHN,EUR,RUS}","{CHN,RUS}+{EUR}",0.0,,,,,,-1.5722132804540934e-05,
0.97,MIXED_NONUNIQUE,True,accept,CHN,"{CHN,EUR,RUS}","{CHN}+{EUR,RUS}",0.0,,,,,,-9.194697106451599e-05,
0.97,MIXED_NONUNIQUE,True,accept,CHN,"{CHN,EUR,RUS}",{CHN}+{EUR}+{RUS},0.0,,,,,,-7.1862932795596635e-06,
0.97,MIXED_NONUNIQUE,True,accept,CHN,"{CHN,EUR}+{RUS}","{CHN,EUR,RUS}",0.0,,,,,,-0.00015463725005737672,
0.97,MIXED_NONUNIQUE,True,accept,CHN,"{CHN,EUR}+{RUS}","{CHN,RUS}+{EUR}",0.0,,,,,,-0.00017035938286191765,
0.97,MIXED_NONUNIQUE,True,accept,CHN,"{CHN,EUR}+{RUS}","{CHN}+{EUR,RUS}",0.0,,,,,,-0.0002465842211218927,
0.97,MIXED_NONUNIQUE,True,accept,CHN,"{CHN,EUR}+{RUS}",{CHN}+{EUR}+{RUS},0.0,,,,,,-0.00016182354333693638,
0.97,MIXED_NONUNIQUE,True,accept,CHN,"{CHN,RUS}+{EUR}","{CHN,EUR,RUS}",1.0,,,,,,1.5722132804540934e-05,"EUR,RUS"
0.97,MIXED_NONUNIQUE,True,accept,CHN,"{CHN,RUS}+{EUR}","{CHN,EUR}+{RUS}",1.0,,,,,,0.00017035938286191765,
0.97,MIXED_NONUNIQUE,True,accept,CHN,"{CHN,RUS}+{EUR}","{CHN}+{EUR,RUS}",0.0,,,,,,-7.622483825997506e-05,
0.97,MIXED_NONUNIQUE,True,accept,CHN,"{CHN,RUS}+{EUR}",{CHN}+{EUR}+{RUS},1.0,,,,,,8.53583952498127e-06,
0.97,MIXED_NONUNIQUE,True,accept,CHN,"{CHN}+{EUR,RUS}","{CHN,EUR,RUS}",1.0,,,,,,9.194697106451599e-05,
0.97,MIXED_NONUNIQUE,True,accept,CHN,"{CHN}+{EUR,RUS}","{CHN,EUR}+{RUS}",1.0,,,,,,0.0002465842211218927,
0.97,MIXED_NONUNIQUE,True,accept,CHN,"{CHN}+{EUR,RUS}","{CHN,RUS}+{EUR}",1.0,,,,,,7.622483825997506e-05,
0.97,MIXED_NONUNIQUE,True,accept,CHN,{CHN}+{EUR}+{RUS},"{CHN,EUR,RUS}",1.0,,,,,,7.1862932795596635e-06,RUS
0.97,MIXED_NONUNIQUE,True,accept,CHN,{CHN}+{EUR}+{RUS},"{CHN,EUR}+{RUS}",1.0,,,,,,0.00016182354333693638,EUR
0.97,MIXED_NONUNIQUE,True,accept,CHN,{CHN}+{EUR}+{RUS},"{CHN,RUS}+{EUR}",0.0,,,,,,-8.53583952498127e-06,
0.97,MIXED_NONUNIQUE,True,accept,EUR,"{CHN,EUR,RUS}","{CHN,EUR}+{RUS}",1.0,,,,,,9.73964811024075e-07,
0.97,MIXED_NONUNIQUE,True,accept,EUR,"{CHN,EUR,RUS}","{CHN,RUS}+{EUR}",0.49999999999999994,,,,,,0.0,
0.97,MIXED_NONUNIQUE,True,accept,EUR,"{CHN,EUR,RUS}","{CHN}+{EUR,RUS}",0.0,,,,,,-2.391550052438518e-05,
0.97,MIXED_NONUNIQUE,True,accept,EUR,"{CHN,EUR,RUS}",{CHN}+{EUR}+{RUS},0.0,,,,,,-1.7121332907876763e-05,
0.97,MIXED_NONUNIQUE,True,accept,EUR,"{CHN,EUR}+{RUS}","{CHN,EUR,RUS}",0.0,,,,,,-9.73964811024075e-07,
0.97,MIXED_NONUNIQUE,True,accept,EUR,"{CHN,EUR}+{RUS}","{CHN,RUS}+{EUR}",0.0,,,,,,-9.73964811024075e-07,
0.97,MIXED_NONUNIQUE,True,accept,EUR,"{CHN,EUR}+{RUS}","{CHN}+{EUR,RUS}",0.0,,,,,,-2.4889465335409255e-05,
0.97,MIXED_NONUNIQUE,True,accept,EUR,"{CHN,EUR}+{RUS}",{CHN}+{EUR}+{RUS},0.0,,,,,,-1.8095297718900838e-05,
0.97,MIXED_NONUNIQUE,True,accept,EUR,"{CHN,RUS}+{EUR}","{CHN,EUR,RUS}",0.542918675903268,,,,,,0.0,"CHN,RUS"
0.97,MIXED_NONUNIQUE,True,accept,EUR,"{CHN,RUS}+{EUR}","{CHN,EUR}+{RUS}",1.0,,,,,,9.73964811024075e-07,
0.97,MIXED_NONUNIQUE,True,accept,EUR,"{CHN,RUS}+{EUR}","{CHN}+{EUR,RUS}",0.0,,,,,,-2.391550052438518e-05,
0.97,MIXED_NONUNIQUE,True,accept,EUR,"{CHN}+{EUR,RUS}","{CHN,EUR,RUS}",1.0,,,,,,2.391550052438518e-05,
0.97,MIXED_NONUNIQUE,True,accept,EUR,"{CHN}+{EUR,RUS}","{CHN,EUR}+{RUS}",1.0,,,,,,2.4889465335409255e-05,
0.97,MIXED_NONUNIQUE,True,accept,EUR,"{CHN}+{EUR,RUS}","{CHN,RUS}+{EUR}",1.0,,,,,,2.391550052438518e-05,
0.97,MIXED_NONUNIQUE,True,accept,EUR,"{CHN}+{EUR,RUS}",{CHN}+{EUR}+{RUS},1.0,,,,,,6.7941676165084175e-06,
0.97,MIXED_NONUNIQUE,True,accept,EUR,{CHN}+{EUR}+{RUS},"{CHN,EUR,RUS}",1.0,,,,,,1.7121332907876763e-05,RUS
0.97,MIXED_NONUNIQUE,True,accept,EUR,{CHN}+{EUR}+{RUS},"{CHN,EUR}+{RUS}",1.0,,,,,,1.8095297718900838e-05,CHN
0.97,MIXED_NONUNIQUE,True,accept,EUR,{CHN}+{EUR}+{RUS},"{CHN}+{EUR,RUS}",0.0,,,,,,-6.7941676165084175e-06,
0.97,MIXED_NONUNIQUE,True,accept,RUS,"{CHN,EUR,RUS}","{CHN,EUR}+{RUS}",0.0,,,,,,-6.530511279079221e-06,
0.97,MIXED_NONUNIQUE,True,accept,RUS,"{CHN,EUR,RUS}","{CHN,RUS}+{EUR}",0.0,,,,,,-7.627102871499147e-07,
0.97,MIXED_NONUNIQUE,True,accept,RUS,"{CHN,EUR,RUS}","{CHN}+{EUR,RUS}",1.0,,,,,,3.3170469557752824e-06,
0.97,MIXED_NONUNIQUE,True,accept,RUS,"{CHN,EUR,RUS}",{CHN}+{EUR}+{RUS},0.0,,,,,,-3.022249838169344e-06,
0.97,MIXED_NONUNIQUE,True,accept,RUS,"{CHN,EUR}+{RUS}","{CHN,EUR,RUS}",1.0,,,,,,6.530511279079221e-06,
0.97,MIXED_NONUNIQUE,True,accept,RUS,"{CHN,EUR}+{RUS}","{CHN,RUS}+{EUR}",1.0,,,,,,5.767800991929306e-06,
0.97,MIXED_NONUNIQUE,True,accept,RUS,"{CHN,EUR}+{RUS}","{CHN}+{EUR,RUS}",1.0,,,,,,9.847558234854503e-06,
0.97,MIXED_NONUNIQUE,True,accept,RUS,"{CHN,RUS}+{EUR}","{CHN,EUR,RUS}",1.0,,,,,,7.627102871499147e-07,"CHN,EUR"
0.97,MIXED_NONUNIQUE,True,accept,RUS,"{CHN,RUS}+{EUR}","{CHN,EUR}+{RUS}",0.0,,,,,,-5.767800991929306e-06,
0.97,MIXED_NONUNIQUE,True,accept,RUS,"{CHN,RUS}+{EUR}","{CHN}+{EUR,RUS}",1.0,,,,,,4.079757242925197e-06,
0.97,MIXED_NONUNIQUE,True,accept,RUS,"{CHN,RUS}+{EUR}",{CHN}+{EUR}+{RUS},0.0,,,,,,-2.2595395510194294e-06,
0.97,MIXED_NONUNIQUE,True,accept,RUS,"{CHN}+{EUR,RUS}","{CHN,EUR,RUS}",0.0,,,,,,-3.3170469557752824e-06,
0.97,MIXED_NONUNIQUE,True,accept,RUS,"{CHN}+{EUR,RUS}","{CHN,EUR}+{RUS}",0.0,,,,,,-9.847558234854503e-06,
0.97,MIXED_NONUNIQUE,True,accept,RUS,"{CHN}+{EUR,RUS}","{CHN,RUS}+{EUR}",0.0,,,,,,-4.079757242925197e-06,
0.97,MIXED_NONUNIQUE,True,accept,RUS,"{CHN}+{EUR,RUS}",{CHN}+{EUR}+{RUS},0.0,,,,,,-6.3392967939446265e-06,
0.97,MIXED_NONUNIQUE,True,accept,RUS,{CHN}+{EUR}+{RUS},"{CHN,EUR,RUS}",1.0,,,,,,3.022249838169344e-06,
0.97,MIXED_NONUNIQUE,True,accept,RUS,{CHN}+{EUR}+{RUS},"{CHN,RUS}+{EUR}",1.0,,,,,,2.2595395510194294e-06,
0.97,MIXED_NONUNIQUE,True,accept,RUS,{CHN}+{EUR}+{RUS},"{CHN}+{EUR,RUS}",1.0,,,,,,6.3392967939446265e-06,
0.98,MIXED_NONUNIQUE,True,propose,CHN,"{CHN,EUR,RUS}","{CHN,EUR,RUS}",1.0,True,1.0,1.0,False,,,
0.98,MIXED_NONUNIQUE,True,propose,CHN,"{CHN,EUR}+{RUS}","{CHN,EUR}+{RUS}",1.0,True,1.0,1.0,False,,,
0.98,MIXED_NONUNIQUE,True,propose,CHN,"{CHN,RUS}+{EUR}","{CHN,EUR,RUS}",0.5512976678069657,False,0.8784825935334464,0.48430540502400354,False,"EUR,RUS",,
0.98,MIXED_NONUNIQUE,True,propose,CHN,"{CHN,RUS}+{EUR}",{CHN}+{EUR}+{RUS},0.44870233219303435,False,1.0,0.44870233219303435,True,,,
0.98,MIXED_NONUNIQUE,True,propose,CHN,"{CHN}+{EUR,RUS}","{CHN}+{EUR,RUS}",1.0,True,1.0,1.0,False,,,
0.98,MIXED_NONUNIQUE,True,propose,CHN,{CHN}+{EUR}+{RUS},"{CHN,EUR}+{RUS}",1.0,False,1.0,1.0,False,EUR,,
0.98,MIXED_NONUNIQUE,True,propose,EUR,"{CHN,EUR,RUS}","{CHN,EUR,RUS}",0.7563356008390272,True,1.0,0.7563356008390272,False,,,
0.98,MIXED_NONUNIQUE,True,propose,EUR,"{CHN,EUR,RUS}","{CHN,RUS}+{EUR}",0.24366439916097282,False,1.0,0.24366439916097282,True,,,
0.98,MIXED_NONUNIQUE,True,propose,EUR,"{CHN,EUR}+{RUS}","{CHN,EUR}+{RUS}",1.0,True,1.0,1.0,False,,,
0.98,MIXED_NONUNIQUE,True,propose,EUR,"{CHN,RUS}+{EUR}","{CHN,EUR,RUS}",0.6698646438944211,False,1.0,0.6698646438944211,False,"CHN,RUS",,
0.98,MIXED_NONUNIQUE,True,propose,EUR,"{CHN,RUS}+{EUR}","{CHN,RUS}+{EUR}",0.33013535610557887,True,1.0,0.33013535610557887,False,,,
0.98,MIXED_NONUNIQUE,True,propose,EUR,"{CHN}+{EUR,RUS}",{CHN}+{EUR}+{RUS},1.0,False,1.0,1.0,True,,,
0.98,MIXED_NONUNIQUE,True,propose,EUR,{CHN}+{EUR}+{RUS},"{CHN,EUR}+{RUS}",1.0,False,1.0,1.0,False,CHN,,
0.98,MIXED_NONUNIQUE,True,propose,RUS,"{CHN,EUR,RUS}","{CHN,EUR,RUS}",1.0,True,1.0,1.0,False,,,
0.98,MIXED_NONUNIQUE,True,propose,RUS,"{CHN,EUR}+{RUS}","{CHN,EUR}+{RUS}",1.0,True,1.0,1.0,False,,,
0.98,MIXED_NONUNIQUE,True,propose,RUS,"{CHN,RUS}+{EUR}","{CHN,EUR,RUS}",1.0,False,0.8784825935334464,0.8784825935334464,False,"CHN,EUR",,
0.98,MIXED_NONUNIQUE,True,propose,RUS,"{CHN}+{EUR,RUS}","{CHN}+{EUR,RUS}",1.0,True,1.0,1.0,False,,,
0.98,MIXED_NONUNIQUE,True,propose,RUS,{CHN}+{EUR}+{RUS},"{CHN,EUR,RUS}",1.0,False,1.0,1.0,False,"CHN,EUR",,
0.98,MIXED_NONUNIQUE,True,accept,CHN,"{CHN,EUR,RUS}","{CHN,EUR}+{RUS}",1.0,,,,,,0.00010923900659065566,
0.98,MIXED_NONUNIQUE,True,accept,CHN,"{CHN,EUR,RUS}","{CHN,RUS}+{EUR}",0.0,,,,,,-8.189604029595898e-06,
0.98,MIXED_NONUNIQUE,True,accept,CHN,"{CHN,EUR,RUS}","{CHN}+{EUR,RUS}",0.0,,,,,,-6.156528239564807e-05,
0.98,MIXED_NONUNIQUE,True,accept,CHN,"{CHN,EUR,RUS}",{CHN}+{EUR}+{RUS},0.0,,,,,,-9.951794410767434e-07,
0.98,MIXED_NONUNIQUE,True,accept,CHN,"{CHN,EUR}+{RUS}","{CHN,EUR,RUS}",0.0,,,,,,-0.00010923900659065566,
0.98,MIXED_NONUNIQUE,True,accept,CHN,"{CHN,EUR}+{RUS}","{CHN,RUS}+{EUR}",0.0,,,,,,-0.00011742861062025156,
0.98,MIXED_NONUNIQUE,True,accept,CHN,"{CHN,EUR}+{RUS}","{CHN}+{EUR,RUS}",0.0,,,,,,-0.00017080428898630373,
0.98,MIXED_NONUNIQUE,True,accept,CHN,"{CHN,EUR}+{RUS}",{CHN}+{EUR}+{RUS},0.0,,,,,,-0.0001102341860317324,
0.98,MIXED_NONUNIQUE,True,accept,CHN,"{CHN,RUS}+{EUR}","{CHN,EUR,RUS}",1.0,,,,,,8.189604029595898e-06,"EUR,RUS"
0.98,MIXED_NONUNIQUE,True,accept,CHN,"{CHN,RUS}+{EUR}","{CHN,EUR}+{RUS}",1.0,,,,,,0.00011742861062025156,
0.98,MIXED_NONUNIQUE,True,accept,CHN,"{CHN,RUS}+{EUR}","{CHN}+{EUR,RUS}",0.0,,,,,,-5.337567836605217e-05,
0.98,MIXED_NONUNIQUE,True,accept,CHN,"{CHN,RUS}+{EUR}",{CHN}+{EUR}+{RUS},1.0,,,,,,7.194424588519155e-06,
0.98,MIXED_NONUNIQUE,True,accept,CHN,"{CHN}+{EUR,RUS}","{CHN,EUR,RUS}",1.0,,,,,,6.156528239564807e-05,
0.98,MIXED_NONUNIQUE,True,accept,CHN,"{CHN}+{EUR,RUS}","{CHN,EUR}+{RUS}",1.0,,,,,,0.00017080428898630373,
0.98,MIXED_NONUNIQUE,True,accept,CHN,"{CHN}+{EUR,RUS}","{CHN,RUS}+{EUR}",1.0,,,,,,5.337567836605217e-05,
0.98,MIXED_NONUNIQUE,True,accept,CHN,{CHN}+{EUR}+{RUS},"{CHN,EUR,RUS}",1.0,,,,,,9.951794410767434e-07,RUS
0.98,MIXED_NONUNIQUE,True,accept,CHN,{CHN}+{EUR}+{RUS},"{CHN,EUR}+{RUS}",1.0,,,,,,0.0001102341860317324,EUR
0.98,MIXED_NONUNIQUE,True,accept,CHN,{CHN}+{EUR}+{RUS},"{CHN,RUS}+{EUR}",0.0,,,,,,-7.194424588519155e-06,
0.98,MIXED_NONUNIQUE,True,accept,EUR,"{CHN,EUR,RUS}","{CHN,EUR}+{RUS}",1.0,,,,,,9.73964811024075e-07,
0.98,MIXED_NONUNIQUE,True,accept,EUR,"{CHN,EUR,RUS}","{CHN,RUS}+{EUR}",0.49999999999999983,,,,,,0.0,
0.98,MIXED_NONUNIQUE,True,accept,EUR,"{CHN,EUR,RUS}","{CHN}+{EUR,RUS}",0.0,,,,,,-1.615607823524101e-05,
0.98,MIXED_NONUNIQUE,True,accept,EUR,"{CHN,EUR,RUS}",{CHN}+{EUR}+{RUS},0.0,,,,,,-1.1197785314109865e-05,
0.98,MIXED_NONUNIQUE,True,accept,EUR,"{CHN,EUR}+{RUS}","{CHN,EUR,RUS}",0.0,,,,,,-9.73964811024075e-07,
0.98,MIXED_NONUNIQUE,True,accept,EUR,"{CHN,EUR}+{RUS}","{CHN,RUS}+{EUR}",0.0,,,,,,-9.73964811024075e-07,
0.98,MIXED_NONUNIQUE,True,accept,EUR,"{CHN,EUR}+{RUS}","{CHN}+{EUR,RUS}",0.0,,,,,,-1.7130043046265087e-05,
0.98,MIXED_NONUNIQUE,True,accept,EUR,"{CHN,EUR}+{RUS}",{CHN}+{EUR}+{RUS},0.0,,,,,,-1.217175012513394e-05,
0.98,MIXED_NONUNIQUE,True,accept,EUR,"{CHN,RUS}+{EUR}","{CHN,EUR,RUS}",0.8784825935334464,,,,,,0.0,"CHN,RUS"
0.98,MIXED_NONUNIQUE,True,accept,EUR,"{CHN,RUS}+{EUR}","{CHN,EUR}+{RUS}",1.0,,,,,,9.73964811024075e-07,
0.98,MIXED_NONUNIQUE,True,accept,EUR,"{CHN,RUS}+{EUR}","{CHN}+{EUR,RUS}",0.0,,,,,,-1.615607823524101e-05,
0.98,MIXED_NONUNIQUE,True,accept,EUR,"{CHN}+{EUR,RUS}","{CHN,EUR,RUS}",1.0,,,,,,1.615607823524101e-05,
0.98,MIXED_NONUNIQUE,True,accept,EUR,"{CHN}+{EUR,RUS}","{CHN,EUR}+{RUS}",1.0,,,,,,1.7130043046265087e-05,
0.98,MIXED_NONUNIQUE,True,accept,EUR,"{CHN}+{EUR,RUS}","{CHN,RUS}+{EUR}",1.0,,,,,,1.615607823524101e-05,
0.98,MIXED_NONUNIQUE,True,accept,EUR,"{CHN}+{EUR,RUS}",{CHN}+{EUR}+{RUS},1.0,,,,,,4.958292921131147e-06,
0.98,MIXED_NONUNIQUE,True,accept,EUR,{CHN}+{EUR}+{RUS},"{CHN,EUR,RUS}",1.0,,,,,,1.1197785314109865e-05,RUS
0.98,MIXED_NONUNIQUE,True,accept,EUR,{CHN}+{EUR}+{RUS},"{CHN,EUR}+{RUS}",1.0,,,,,,1.217175012513394e-05,CHN
0.98,MIXED_NONUNIQUE,True,accept,EUR,{CHN}+{EUR}+{RUS},"{CHN}+{EUR,RUS}",0.0,,,,,,-4.958292921131147e-06,
0.98,MIXED_NONUNIQUE,True,accept,RUS,"{CHN,EUR,RUS}","{CHN,EUR}+{RUS}",0.0,,,,,,-7.3216450118263054e-06,
0.98,MIXED_NONUNIQUE,True,accept,RUS,"{CHN,EUR,RUS}","{CHN,RUS}+{EUR}",0.0,,,,,,-7.518843623266491e-07,
0.98,MIXED_NONUNIQUE,True,accept,RUS,"{CHN,EUR,RUS}","{CHN}+{EUR,RUS}",1.0,,,,,,3.194107172088678e-07,
0.98,MIXED_NONUNIQUE,True,accept,RUS,"{CHN,EUR,RUS}",{CHN}+{EUR}+{RUS},0.0,,,,,,-3.998754667389193e-06,
0.98,MIXED_NONUNIQUE,True,accept,RUS,"{CHN,EUR}+{RUS}","{CHN,EUR,RUS}",1.0,,,,,,7.3216450118263054e-06,
0.98,MIXED_NONUNIQUE,True,accept,RUS,"{CHN,EUR}+{RUS}","{CHN,RUS}+{EUR}",1.0,,,,,,6.569760649499656e-06,
0.98,MIXED_NONUNIQUE,True,accept,RUS,"{CHN,EUR}+{RUS}","{CHN}+{EUR,RUS}",1.0,,,,,,7.641055729035173e-06,
0.98,MIXED_NONUNIQUE,True,accept,RUS,"{CHN,RUS}+{EUR}","{CHN,EUR,RUS}",1.0,,,,,,7.518843623266491e-07,"CHN,EUR"
0.98,MIXED_NONUNIQUE,True,accept,RUS,"{CHN,RUS}+{EUR}","{CHN,EUR}+{RUS}",0.0,,,,,,-6.569760649499656e-06,
0.98,MIXED_NONUNIQUE,True,accept,RUS,"{CHN,RUS}+{EUR}","{CHN}+{EUR,RUS}",1.0,,,,,,1.071295079535517e-06,
0.98,MIXED_NONUNIQUE,True,accept,RUS,"{CHN,RUS}+{EUR}",{CHN}+{EUR}+{RUS},0.0,,,,,,-3.2468703050625436e-06,
0.98,MIXED_NONUNIQUE,True,accept,RUS,"{CHN}+{EUR,RUS}","{CHN,EUR,RUS}",0.0,,,,,,-3.194107172088678e-07,
0.98,MIXED_NONUNIQUE,True,accept,RUS,"{CHN}+{EUR,RUS}","{CHN,EUR}+{RUS}",0.0,,,,,,-7.641055729035173e-06,
0.98,MIXED_NONUNIQUE,True,accept,RUS,"{CHN}+{EUR,RUS}","{CHN,RUS}+{EUR}",0.0,,,,,,-1.071295079535517e-06,
0.98,MIXED_NONUNIQUE,True,accept,RUS,"{CHN}+{EUR,RUS}",{CHN}+{EUR}+{RUS},0.0,,,,,,-4.3181653845980605e-06,
0.98,MIXED_NONUNIQUE,True,accept,RUS,{CHN}+{EUR}+{RUS},"{CHN,EUR,RUS}",1.0,,,,,,3.998754667389193e-06,
0.98,MIXED_NONUNIQUE,True,accept,RUS,{CHN}+{EUR}+{RUS},"{CHN,RUS}+{EUR}",1.0,,,,,,3.2468703050625436e-06,
0.98,MIXED_NONUNIQUE,True,accept,RUS,{CHN}+{EUR}+{RUS},"{CHN}+{EUR,RUS}",1.0,,,,,,4.3181653845980605e-06,
0.99,MIXED_NONUNIQUE,True,propose,CHN,"{CHN,EUR,RUS}","{CHN,EUR,RUS}",1.0,True,1.0,1.0,False,,,
0.99,MIXED_NONUNIQUE,True,propose,CHN,"{CHN,EUR}+{RUS}","{CHN,EUR}+{RUS}",1.0,True,1.0,1.0,False,,,
0.99,MIXED_NONUNIQUE,True,propose,CHN,"{CHN,RUS}+{EUR}",{CHN}+{EUR}+{RUS},1.0,False,1.0,1.0,True,,,
0.99,MIXED_NONUNIQUE,True,propose,CHN,"{CHN}+{EUR,RUS}","{CHN,EUR,RUS}",1.0,False,0.10182589991315422,0.10182589991315422,False,"EUR,RUS",,
0.99,MIXED_NONUNIQUE,True,propose,CHN,{CHN}+{EUR}+{RUS},"{CHN,EUR}+{RUS}",1.0,False,1.0,1.0,False,EUR,,
0.99,MIXED_NONUNIQUE,True,propose,EUR,"{CHN,EUR,RUS}","{CHN,EUR,RUS}",1.0,True,1.0,1.0,False,,,
0.99,MIXED_NONUNIQUE,True,propose,EUR,"{CHN,EUR}+{RUS}","{CHN,EUR}+{RUS}",1.0,True,1.0,1.0,False,,,
0.99,MIXED_NONUNIQUE,True,propose,EUR,"{CHN,RUS}+{EUR}","{CHN,RUS}+{EUR}",1.0,True,1.0,1.0,False,,,
0.99,MIXED_NONUNIQUE,True,propose,EUR,"{CHN}+{EUR,RUS}","{CHN,EUR,RUS}",0.7862310154848412,False,0.10182589991315422,0.08005868069137705,False,"CHN,RUS",,
0.99,MIXED_NONUNIQUE,True,propose,EUR,"{CHN}+{EUR,RUS}",{CHN}+{EUR}+{RUS},0.2137689845151588,False,1.0,0.2137689845151588,True,,,
0.99,MIXED_NONUNIQUE,True,propose,EUR,{CHN}+{EUR}+{RUS},"{CHN,EUR}+{RUS}",1.0,False,1.0,1.0,False,CHN,,
0.99,MIXED_NONUNIQUE,True,propose,RUS,"{CHN,EUR,RUS}","{CHN,EUR,RUS}",1.0,True,1.0,1.0,False,,,
0.99,MIXED_NONUNIQUE,True,propose,RUS,"{CHN,EUR}+{RUS}","{CHN,EUR}+{RUS}",1.0,True,1.0,1.0,False,,,
0.99,MIXED_NONUNIQUE,True,propose,RUS,"{CHN,RUS}+{EUR}","{CHN,RUS}+{EUR}",1.0,True,1.0,1.0,False,,,
0.99,MIXED_NONUNIQUE,True,propose,RUS,"{CHN}+{EUR,RUS}","{CHN,EUR,RUS}",0.10191162158394032,False,1.0,0.10191162158394032,False,"CHN,EUR",,
0.99,MIXED_NONUNIQUE,True,propose,RUS,"{CHN}+{EUR,RUS}","{CHN}+{EUR,RUS}",0.8980883784160597,True,1.0,0.8980883784160597,False,,,
0.99,MIXED_NONUNIQUE,True,propose,RUS,{CHN}+{EUR}+{RUS},{CHN}+{EUR}+{RUS},1.0,True,1.0,1.0,False,,,
0.99,MIXED_NONUNIQUE,True,accept,CHN,"{CHN,EUR,RUS}","{CHN,EUR}+{RUS}",1.0,,,,,,7.664559581854746e-05,
0.99,MIXED_NONUNIQUE,True,accept,CHN,"{CHN,EUR,RUS}","{CHN,RUS}+{EUR}",1.0,,,,,,9.646505176874598e-06,
0.99,MIXED_NONUNIQUE,True,accept,CHN,"{CHN,EUR,RUS}","{CHN}+{EUR,RUS}",0.0,,,,,,-5.3689138045598384e-05,
0.99,MIXED_NONUNIQUE,True,accept,CHN,"{CHN,EUR,RUS}",{CHN}+{EUR}+{RUS},1.0,,,,,,2.1011682475702287e-05,
0.99,MIXED_NONUNIQUE,True,accept,CHN,"{CHN,EUR}+{RUS}","{CHN,EUR,RUS}",0.0,,,,,,-7.664559581854746e-05,
0.99,MIXED_NONUNIQUE,True,accept,CHN,"{CHN,EUR}+{RUS}","{CHN,RUS}+{EUR}",0.0,,,,,,-6.699909064167286e-05,
0.99,MIXED_NONUNIQUE,True,accept,CHN,"{CHN,EUR}+{RUS}","{CHN}+{EUR,RUS}",0.0,,,,,,-0.00013033473386414585,
0.99,MIXED_NONUNIQUE,True,accept,CHN,"{CHN,EUR}+{RUS}",{CHN}+{EUR}+{RUS},0.0,,,,,,-5.5633913342845176e-05,
0.99,MIXED_NONUNIQUE,True,accept,CHN,"{CHN,RUS}+{EUR}","{CHN,EUR,RUS}",0.0,,,,,,-9.646505176874598e-06,
0.99,MIXED_NONUNIQUE,True,accept,CHN,"{CHN,RUS}+{EUR}","{CHN,EUR}+{RUS}",1.0,,,,,,6.699909064167286e-05,
0.99,MIXED_NONUNIQUE,True,accept,CHN,"{CHN,RUS}+{EUR}","{CHN}+{EUR,RUS}",0.0,,,,,,-6.333564322247298e-05,
0.99,MIXED_NONUNIQUE,True,accept,CHN,"{CHN,RUS}+{EUR}",{CHN}+{EUR}+{RUS},1.0,,,,,,1.1365177298827689e-05,
0.99,MIXED_NONUNIQUE,True,accept,CHN,"{CHN}+{EUR,RUS}","{CHN,EUR,RUS}",1.0,,,,,,5.3689138045598384e-05,"EUR,RUS"
0.99,MIXED_NONUNIQUE,True,accept,CHN,"{CHN}+{EUR,RUS}","{CHN,EUR}+{RUS}",1.0,,,,,,0.00013033473386414585,
0.99,MIXED_NONUNIQUE,True,accept,CHN,"{CHN}+{EUR,RUS}","{CHN,RUS}+{EUR}",1.0,,,,,,6.333564322247298e-05,
0.99,MIXED_NONUNIQUE,True,accept,CHN,{CHN}+{EUR}+{RUS},"{CHN,EUR,RUS}",0.0,,,,,,-2.1011682475702287e-05,
0.99,MIXED_NONUNIQUE,True,accept,CHN,{CHN}+{EUR}+{RUS},"{CHN,EUR}+{RUS}",1.0,,,,,,5.5633913342845176e-05,EUR
0.99,MIXED_NONUNIQUE,True,accept,CHN,{CHN}+{EUR}+{RUS},"{CHN,RUS}+{EUR}",0.0,,,,,,-1.1365177298827689e-05,
0.99,MIXED_NONUNIQUE,True,accept,EUR,"{CHN,EUR,RUS}","{CHN,EUR}+{RUS}",1.0,,,,,,9.73964811024075e-07,
0.99,MIXED_NONUNIQUE,True,accept,EUR,"{CHN,EUR,RUS}","{CHN,RUS}+{EUR}",0.0,,,,,,-5.226750158904281e-06,
0.99,MIXED_NONUNIQUE,True,accept,EUR,"{CHN,EUR,RUS}","{CHN}+{EUR,RUS}",0.0,,,,,,-8.764443994113691e-06,
0.99,MIXED_NONUNIQUE,True,accept,EUR,"{CHN,EUR,RUS}",{CHN}+{EUR}+{RUS},0.0,,,,,,-7.871996596797715e-06,
0.99,MIXED_NONUNIQUE,True,accept,EUR,"{CHN,EUR}+{RUS}","{CHN,EUR,RUS}",0.0,,,,,,-9.73964811024075e-07,
0.99,MIXED_NONUNIQUE,True,accept,EUR,"{CHN,EUR}+{RUS}","{CHN,RUS}+{EUR}",0.0,,,,,,-6.200714969928356e-06,
0.99,MIXED_NONUNIQUE,True,accept,EUR,"{CHN,EUR}+{RUS}","{CHN}+{EUR,RUS}",0.0,,,,,,-9.738408805137766e-06,
0.99,MIXED_NONUNIQUE,True,accept,EUR,"{CHN,EUR}+{RUS}",{CHN}+{EUR}+{RUS},0.0,,,,,,-8.84596140782179e-06,
0.99,MIXED_NONUNIQUE,True,accept,EUR,"{CHN,RUS}+{EUR}","{CHN,EUR,RUS}",1.0,,,,,,5.226750158904281e-06,
0.99,MIXED_NONUNIQUE,True,accept,EUR,"{CHN,RUS}+{EUR}","{CHN,EUR}+{RUS}",1.0,,,,,,6.200714969928356e-06,
0.99,MIXED_NONUNIQUE,True,accept,EUR,"{CHN,RUS}+{EUR}","{CHN}+{EUR,RUS}",0.0,,,,,,-3.53769383520941e-06,
0.99,MIXED_NONUNIQUE,True,accept,EUR,"{CHN}+{EUR,RUS}","{CHN,EUR,RUS}",1.0,,,,,,8.764443994113691e-06,"CHN,RUS"
0.99,MIXED_NONUNIQUE,True,accept,EUR,"{CHN}+{EUR,RUS}","{CHN,EUR}+{RUS}",1.0,,,,,,9.738408805137766e-06,
0.99,MIXED_NONUNIQUE,True,accept,EUR,"{CHN}+{EUR,RUS}","{CHN,RUS}+{EUR}",1.0,,,,,,3.53769383520941e-06,
0.99,MIXED_NONUNIQUE,True,accept,EUR,"{CHN}+{EUR,RUS}",{CHN}+{EUR}+{RUS},1.0,,,,,,8.924473973159763e-07,
0.99,MIXED_NONUNIQUE,True,accept,EUR,{CHN}+{EUR}+{RUS},"{CHN,EUR,RUS}",1.0,,,,,,7.871996596797715e-06,
0.99,MIXED_NONUNIQUE,True,accept,EUR,{CHN}+{EUR}+{RUS},"{CHN,EUR}+{RUS}",1.0,,,,,,8.84596140782179e-06,CHN
0.99,MIXED_NONUNIQUE,True,accept,EUR,{CHN}+{EUR}+{RUS},"{CHN}+{EUR,RUS}",0.0,,,,,,-8.924473973159763e-07,
0.99,MIXED_NONUNIQUE,True,accept,RUS,"{CHN,EUR,RUS}","{CHN,EUR}+{RUS}",0.0,,,,,,-1.0314033383806986e-05,
0.99,MIXED_NONUNIQUE,True,accept,RUS,"{CHN,EUR,RUS}","{CHN,RUS}+{EUR}",0.0,,,,,,-9.480672715556082e-06,
0.99,MIXED_NONUNIQUE,True,accept,RUS,"{CHN,EUR,RUS}","{CHN}+{EUR,RUS}",0.8980260113185974,,,,,,0.0,
0.99,MIXED_NONUNIQUE,True,accept,RUS,"{CHN,EUR,RUS}",{CHN}+{EUR}+{RUS},0.0,,,,,,-9.619143104933059e-06,
0.99,MIXED_NONUNIQUE,True,accept,RUS,"{CHN,EUR}+{RUS}","{CHN,EUR,RUS}",1.0,,,,,,1.0314033383806986e-05,
0.99,MIXED_NONUNIQUE,True,accept,RUS,"{CHN,EUR}+{RUS}","{CHN,RUS}+{EUR}",1.0,,,,,,8.333606682509043e-07,
0.99,MIXED_NONUNIQUE,True,accept,RUS,"{CHN,EUR}+{RUS}","{CHN}+{EUR,RUS}",1.0,,,,,,1.0314033383806986e-05,
0.99,MIXED_NONUNIQUE,True,accept,RUS,"{CHN,RUS}+{EUR}","{CHN,EUR,RUS}",1.0,,,,,,9.480672715556082e-06,
0.99,MIXED_NONUNIQUE,True,accept,RUS,"{CHN,RUS}+{EUR}","{CHN,EUR}+{RUS}",0.0,,,,,,-8.333606682509043e-07,
0.99,MIXED_NONUNIQUE,True,accept,RUS,"{CHN,RUS}+{EUR}","{CHN}+{EUR,RUS}",1.0,,,,,,9.480672715556082e-06,
0.99,MIXED_NONUNIQUE,True,accept,RUS,"{CHN,RUS}+{EUR}",{CHN}+{EUR}+{RUS},0.0,,,,,,-1.3847038937697675e-07,
0.99,MIXED_NONUNIQUE,True,accept,RUS,"{CHN}+{EUR,RUS}","{CHN,EUR,RUS}",0.10182589991315422,,,,,,0.0,"CHN,EUR"
0.99,MIXED_NONUNIQUE,True,accept,RUS,"{CHN}+{EUR,RUS}","{CHN,EUR}+{RUS}",0.0,,,,,,-1.0314033383806986e-05,
0.99,MIXED_NONUNIQUE,True,accept,RUS,"{CHN}+{EUR,RUS}","{CHN,RUS}+{EUR}",0.0,,,,,,-9.480672715556082e-06,
0.99,MIXED_NONUNIQUE,True,accept,RUS,"{CHN}+{EUR,RUS}",{CHN}+{EUR}+{RUS},0.0,,,,,,-9.619143104933059e-06,
0.99,MIXED_NONUNIQUE,True,accept,RUS,{CHN}+{EUR}+{RUS},"{CHN,EUR,RUS}",1.0,,,,,,9.619143104933059e-06,
0.99,MIXED_NONUNIQUE,True,accept,RUS,{CHN}+{EUR}+{RUS},"{CHN,RUS}+{EUR}",1.0,,,,,,1.3847038937697675e-07,
0.99,MIXED_NONUNIQUE,True,accept,RUS,{CHN}+{EUR}+{RUS},"{CHN}+{EUR,RUS}",1.0,,,,,,9.619143104933059e-06,
0.995,MIXED_NONUNIQUE,True,propose,CHN,"{CHN,EUR,RUS}","{CHN,EUR,RUS}",1.0,True,1.0,1.0,False,,,
0.995,MIXED_NONUNIQUE,True,propose,CHN,"{CHN,EUR}+{RUS}","{CHN,EUR}+{RUS}",1.0,True,1.0,1.0,False,,,
0.995,MIXED_NONUNIQUE,True,propose,CHN,"{CHN,RUS}+{EUR}",{CHN}+{EUR}+{RUS},1.0,False,1.0,1.0,True,,,
0.995,MIXED_NONUNIQUE,True,propose,CHN,"{CHN}+{EUR,RUS}","{CHN,EUR,RUS}",1.0,False,0.0,0.0,False,"EUR,RUS",,
0.995,MIXED_NONUNIQUE,True,propose,CHN,{CHN}+{EUR}+{RUS},"{CHN,EUR}+{RUS}",1.0,False,1.0,1.0,False,EUR,,
0.995,MIXED_NONUNIQUE,True,propose,EUR,"{CHN,EUR,RUS}","{CHN,EUR,RUS}",1.0,True,1.0,1.0,False,,,
0.995,MIXED_NONUNIQUE,True,propose,EUR,"{CHN,EUR}+{RUS}","{CHN,EUR}+{RUS}",1.0,True,1.0,1.0,False,,,
0.995,MIXED_NONUNIQUE,True,propose,EUR,"{CHN,RUS}+{EUR}","{CHN,RUS}+{EUR}",1.0,True,1.0,1.0,False,,,
0.995,MIXED_NONUNIQUE,True,propose,EUR,"{CHN}+{EUR,RUS}","{CHN,EUR,RUS}",0.8973510671115769,False,0.0,0.0,False,"CHN,RUS",,
0.995,MIXED_NONUNIQUE,True,propose,EUR,"{CHN}+{EUR,RUS}",{CHN}+{EUR}+{RUS},0.10264893288842314,False,1.0,0.10264893288842314,True,,,
0.995,MIXED_NONUNIQUE,True,propose,EUR,{CHN}+{EUR}+{RUS},"{CHN,EUR}+{RUS}",1.0,False,1.0,1.0,False,CHN,,
0.995,MIXED_NONUNIQUE,True,propose,RUS,"{CHN,EUR,RUS}","{CHN,EUR,RUS}",1.0,True,1.0,1.0,False,,,
0.995,MIXED_NONUNIQUE,True,propose,RUS,"{CHN,EUR}+{RUS}","{CHN,EUR}+{RUS}",1.0,True,1.0,1.0,False,,,
0.995,MIXED_NONUNIQUE,True,propose,RUS,"{CHN,RUS}+{EUR}","{CHN,RUS}+{EUR}",1.0,True,1.0,1.0,False,,,
0.995,MIXED_NONUNIQUE,True,propose,RUS,"{CHN}+{EUR,RUS}","{CHN,EUR,RUS}",0.4081690720565901,False,1.0,0.4081690720565901,False,"CHN,EUR",,
0.995,MIXED_NONUNIQUE,True,propose,RUS,"{CHN}+{EUR,RUS}","{CHN}+{EUR,RUS}",0.59183092794341,True,1.0,0.59183092794341,False,,,
0.995,MIXED_NONUNIQUE,True,propose,RUS,{CHN}+{EUR}+{RUS},{CHN}+{EUR}+{RUS},1.0,True,1.0,1.0,False,,,
0.995,MIXED_NONUNIQUE,True,accept,CHN,"{CHN,EUR,RUS}","{CHN,EUR}+{RUS}",1.0,,,,,,7.664559581854746e-05,
0.995,MIXED_NONUNIQUE,True,accept,CHN,"{CHN,EUR,RUS}","{CHN,RUS}+{EUR}",1.0,,,,,,4.260832538705017e-05,
0.995,MIXED_NONUNIQUE,True,accept,CHN,"{CHN,EUR,RUS}","{CHN}+{EUR,RUS}",0.0,,,,,,-2.1541699480209786e-05,
0.995,MIXED_NONUNIQUE,True,accept,CHN,"{CHN,EUR,RUS}",{CHN}+{EUR}+{RUS},1.0,,,,,,4.875927017877757e-05,
0.995,MIXED_NONUNIQUE,True,accept,CHN,"{CHN,EUR}+{RUS}","{CHN,EUR,RUS}",0.0,,,,,,-7.664559581854746e-05,
0.995,MIXED_NONUNIQUE,True,accept,CHN,"{CHN,EUR}+{RUS}","{CHN,RUS}+{EUR}",0.0,,,,,,-3.403727043149729e-05,
0.995,MIXED_NONUNIQUE,True,accept,CHN,"{CHN,EUR}+{RUS}","{CHN}+{EUR,RUS}",0.0,,,,,,-9.818729529875725e-05,
0.995,MIXED_NONUNIQUE,True,accept,CHN,"{CHN,EUR}+{RUS}",{CHN}+{EUR}+{RUS},0.0,,,,,,-2.7886325639769893e-05,
0.995,MIXED_NONUNIQUE,True,accept,CHN,"{CHN,RUS}+{EUR}","{CHN,EUR,RUS}",0.0,,,,,,-4.260832538705017e-05,
0.995,MIXED_NONUNIQUE,True,accept,CHN,"{CHN,RUS}+{EUR}","{CHN,EUR}+{RUS}",1.0,,,,,,3.403727043149729e-05,
0.995,MIXED_NONUNIQUE,True,accept,CHN,"{CHN,RUS}+{EUR}","{CHN}+{EUR,RUS}",0.0,,,,,,-6.415002486725996e-05,
0.995,MIXED_NONUNIQUE,True,accept,CHN,"{CHN,RUS}+{EUR}",{CHN}+{EUR}+{RUS},1.0,,,,,,6.150944791727397e-06,
0.995,MIXED_NONUNIQUE,True,accept,CHN,"{CHN}+{EUR,RUS}","{CHN,EUR,RUS}",1.0,,,,,,2.1541699480209786e-05,"EUR,RUS"
0.995,MIXED_NONUNIQUE,True,accept,CHN,"{CHN}+{EUR,RUS}","{CHN,EUR}+{RUS}",1.0,,,,,,9.818729529875725e-05,
0.995,MIXED_NONUNIQUE,True,accept,CHN,"{CHN}+{EUR,RUS}","{CHN,RUS}+{EUR}",1.0,,,,,,6.415002486725996e-05,
0.995,MIXED_NONUNIQUE,True,accept,CHN,{CHN}+{EUR}+{RUS},"{CHN,EUR,RUS}",0.0,,,,,,-4.875927017877757e-05,
0.995,MIXED_NONUNIQUE,True,accept,CHN,{CHN}+{EUR}+{RUS},"{CHN,EUR}+{RUS}",1.0,,,,,,2.7886325639769893e-05,EUR
0.995,MIXED_NONUNIQUE,True,accept,CHN,{CHN}+{EUR}+{RUS},"{CHN,RUS}+{EUR}",0.0,,,,,,-6.150944791727397e-06,
0.995,MIXED_NONUNIQUE,True,accept,EUR,"{CHN,EUR,RUS}","{CHN,EUR}+{RUS}",1.0,,,,,,9.73964811024075e-07,
0.995,MIXED_NONUNIQUE,True,accept,EUR,"{CHN,EUR,RUS}","{CHN,RUS}+{EUR}",0.0,,,,,,-2.189851293632472e-06,
0.995,MIXED_NONUNIQUE,True,accept,EUR,"{CHN,EUR,RUS}","{CHN}+{EUR,RUS}",0.0,,,,,,-3.4600457694544673e-06,
0.995,MIXED_NONUNIQUE,True,accept,EUR,"{CHN,EUR,RUS}",{CHN}+{EUR}+{RUS},0.0,,,,,,-3.4600457698985565e-06,
0.995,MIXED_NONUNIQUE,True,accept,EUR,"{CHN,EUR}+{RUS}","{CHN,EUR,RUS}",0.0,,,,,,-9.73964811024075e-07,
0.995,MIXED_NONUNIQUE,True,accept,EUR,"{CHN,EUR}+{RUS}","{CHN,RUS}+{EUR}",0.0,,,,,,-3.163816104656547e-06,
0.995,MIXED_NONUNIQUE,True,accept,EUR,"{CHN,EUR}+{RUS}","{CHN}+{EUR,RUS}",0.0,,,,,,-4.434010580478542e-06,
0.995,MIXED_NONUNIQUE,True,accept,EUR,"{CHN,EUR}+{RUS}",{CHN}+{EUR}+{RUS},0.0,,,,,,-4.4340105809226316e-06,
0.995,MIXED_NONUNIQUE,True,accept,EUR,"{CHN,RUS}+{EUR}","{CHN,EUR,RUS}",1.0,,,,,,2.189851293632472e-06,
0.995,MIXED_NONUNIQUE,True,accept,EUR,"{CHN,RUS}+{EUR}","{CHN,EUR}+{RUS}",1.0,,,,,,3.163816104656547e-06,
0.995,MIXED_NONUNIQUE,True,accept,EUR,"{CHN,RUS}+{EUR}","{CHN}+{EUR,RUS}",0.0,,,,,,-1.2701944758219952e-06,
0.995,MIXED_NONUNIQUE,True,accept,EUR,"{CHN}+{EUR,RUS}","{CHN,EUR,RUS}",1.0,,,,,,3.4600457694544673e-06,"CHN,RUS"
0.995,MIXED_NONUNIQUE,True,accept,EUR,"{CHN}+{EUR,RUS}","{CHN,EUR}+{RUS}",1.0,,,,,,4.434010580478542e-06,
0.995,MIXED_NONUNIQUE,True,accept,EUR,"{CHN}+{EUR,RUS}","{CHN,RUS}+{EUR}",1.0,,,,,,1.2701944758219952e-06,
0.995,MIXED_NONUNIQUE,True,accept,EUR,"{CHN}+{EUR,RUS}",{CHN}+{EUR}+{RUS},1.0,,,,,,-4.440892098500626e-16,
0.995,MIXED_NONUNIQUE,True,accept,EUR,{CHN}+{EUR}+{RUS},"{CHN,EUR,RUS}",1.0,,,,,,3.4600457698985565e-06,
0.995,MIXED_NONUNIQUE,True,accept,EUR,{CHN}+{EUR}+{RUS},"{CHN,EUR}+{RUS}",1.0,,,,,,4.4340105809226316e-06,CHN
0.995,MIXED_NONUNIQUE,True,accept,EUR,{CHN}+{EUR}+{RUS},"{CHN}+{EUR,RUS}",0.0,,,,,,4.440892098500626e-16,
0.995,MIXED_NONUNIQUE,True,accept,RUS,"{CHN,EUR,RUS}","{CHN,EUR}+{RUS}",0.0,,,,,,-1.0314033383806986e-05,
0.995,MIXED_NONUNIQUE,True,accept,RUS,"{CHN,EUR,RUS}","{CHN,RUS}+{EUR}",0.0,,,,,,-9.890653897670632e-06,
0.995,MIXED_NONUNIQUE,True,accept,RUS,"{CHN,EUR,RUS}","{CHN}+{EUR,RUS}",0.4999999999999999,,,,,,0.0,
0.995,MIXED_NONUNIQUE,True,accept,RUS,"{CHN,EUR,RUS}",{CHN}+{EUR}+{RUS},0.0,,,,,,-9.965721797566829e-06,
0.995,MIXED_NONUNIQUE,True,accept,RUS,"{CHN,EUR}+{RUS}","{CHN,EUR,RUS}",1.0,,,,,,1.0314033383806986e-05,
0.995,MIXED_NONUNIQUE,True,accept,RUS,"{CHN,EUR}+{RUS}","{CHN,RUS}+{EUR}",1.0,,,,,,4.233794861363549e-07,
0.995,MIXED_NONUNIQUE,True,accept,RUS,"{CHN,EUR}+{RUS}","{CHN}+{EUR,RUS}",1.0,,,,,,1.0314033383806986e-05,
0.995,MIXED_NONUNIQUE,True,accept,RUS,"{CHN,RUS}+{EUR}","{CHN,EUR,RUS}",1.0,,,,,,9.890653897670632e-06,
0.995,MIXED_NONUNIQUE,True,accept,RUS,"{CHN,RUS}+{EUR}","{CHN,EUR}+{RUS}",0.0,,,,,,-4.233794861363549e-07,
0.995,MIXED_NONUNIQUE,True,accept,RUS,"{CHN,RUS}+{EUR}","{CHN}+{EUR,RUS}",1.0,,,,,,9.890653897670632e-06,
0.995,MIXED_NONUNIQUE,True,accept,RUS,"{CHN,RUS}+{EUR}",{CHN}+{EUR}+{RUS},0.0,,,,,,-7.506789989619733e-08,
0.995,MIXED_NONUNIQUE,True,accept,RUS,"{CHN}+{EUR,RUS}","{CHN,EUR,RUS}",0.0,,,,,,0.0,"CHN,EUR"
0.995,MIXED_NONUNIQUE,True,accept,RUS,"{CHN}+{EUR,RUS}","{CHN,EUR}+{RUS}",0.0,,,,,,-1.0314033383806986e-05,
0.995,MIXED_NONUNIQUE,True,accept,RUS,"{CHN}+{EUR,RUS}","{CHN,RUS}+{EUR}",0.0,,,,,,-9.890653897670632e-06,
0.995,MIXED_NONUNIQUE,True,accept,RUS,"{CHN}+{EUR,RUS}",{CHN}+{EUR}+{RUS},0.0,,,,,,-9.965721797566829e-06,
0.995,MIXED_NONUNIQUE,True,accept,RUS,{CHN}+{EUR}+{RUS},"{CHN,EUR,RUS}",1.0,,,,,,9.965721797566829e-06,
0.995,MIXED_NONUNIQUE,True,accept,RUS,{CHN}+{EUR}+{RUS},"{CHN,RUS}+{EUR}",1.0,,,,,,7.506789989619733e-08,
0.995,MIXED_NONUNIQUE,True,accept,RUS,{CHN}+{EUR}+{RUS},"{CHN}+{EUR,RUS}",1.0,,,,,,9.965721797566829e-06,
0.997,MIXED_NONUNIQUE,True,propose,CHN,"{CHN,EUR,RUS}","{CHN,EUR,RUS}",1.0,True,1.0,1.0,False,,,
0.997,MIXED_NONUNIQUE,True,propose,CHN,"{CHN,EUR}+{RUS}","{CHN,EUR}+{RUS}",1.0,True,1.0,1.0,False,,,
0.997,MIXED_NONUNIQUE,True,propose,CHN,"{CHN,RUS}+{EUR}",{CHN}+{EUR}+{RUS},1.0,False,1.0,1.0,True,,,
0.997,MIXED_NONUNIQUE,True,propose,CHN,"{CHN}+{EUR,RUS}","{CHN,EUR,RUS}",1.0,False,0.16212949548102254,0.16212949548102254,False,"EUR,RUS",,
0.997,MIXED_NONUNIQUE,True,propose,CHN,{CHN}+{EUR}+{RUS},"{CHN,EUR}+{RUS}",1.0,False,1.0,1.0,False,EUR,,
0.997,MIXED_NONUNIQUE,True,propose,EUR,"{CHN,EUR,RUS}","{CHN,EUR,RUS}",1.0,True,1.0,1.0,False,,,
0.997,MIXED_NONUNIQUE,True,propose,EUR,"{CHN,EUR}+{RUS}","{CHN,EUR}+{RUS}",1.0,True,1.0,1.0,False,,,
0.997,MIXED_NONUNIQUE,True,propose,EUR,"{CHN,RUS}+{EUR}","{CHN,RUS}+{EUR}",1.0,True,1.0,1.0,False,,,
0.997,MIXED_NONUNIQUE,True,propose,EUR,"{CHN}+{EUR,RUS}","{CHN,EUR,RUS}",0.9393804056208134,False,0.16212949548102254,0.15230127122806078,False,"CHN,RUS",,
0.997,MIXED_NONUNIQUE,True,propose,EUR,"{CHN}+{EUR,RUS}",{CHN}+{EUR}+{RUS},0.060619594379186625,False,1.0,0.060619594379186625,True,,,
0.997,MIXED_NONUNIQUE,True,propose,EUR,{CHN}+{EUR}+{RUS},"{CHN,EUR}+{RUS}",1.0,False,1.0,1.0,False,CHN,,
0.997,MIXED_NONUNIQUE,True,propose,RUS,"{CHN,EUR,RUS}","{CHN,EUR,RUS}",1.0,True,1.0,1.0,False,,,
0.997,MIXED_NONUNIQUE,True,propose,RUS,"{CHN,EUR}+{RUS}","{CHN,EUR}+{RUS}",1.0,True,1.0,1.0,False,,,
0.997,MIXED_NONUNIQUE,True,propose,RUS,"{CHN,RUS}+{EUR}","{CHN,RUS}+{EUR}",1.0,True,1.0,1.0,False,,,
0.997,MIXED_NONUNIQUE,True,propose,RUS,"{CHN}+{EUR,RUS}","{CHN,EUR,RUS}",0.10169899924043495,False,1.0,0.10169899924043495,False,"CHN,EUR",,
0.997,MIXED_NONUNIQUE,True,propose,RUS,"{CHN}+{EUR,RUS}","{CHN}+{EUR,RUS}",0.8983010007595651,True,1.0,0.8983010007595651,False,,,
0.997,MIXED_NONUNIQUE,True,propose,RUS,{CHN}+{EUR}+{RUS},{CHN}+{EUR}+{RUS},1.0,True,1.0,1.0,False,,,
0.997,MIXED_NONUNIQUE,True,accept,CHN,"{CHN,EUR,RUS}","{CHN,EUR}+{RUS}",1.0,,,,,,7.664559581854746e-05,
0.997,MIXED_NONUNIQUE,True,accept,CHN,"{CHN,EUR,RUS}","{CHN,RUS}+{EUR}",1.0,,,,,,5.60922100465433e-05,
0.997,MIXED_NONUNIQUE,True,accept,CHN,"{CHN,EUR,RUS}","{CHN}+{EUR,RUS}",0.0,,,,,,-1.2659398537451239e-05,
0.997,MIXED_NONUNIQUE,True,accept,CHN,"{CHN,EUR,RUS}",{CHN}+{EUR}+{RUS},1.0,,,,,,5.9897093699134984e-05,
0.997,MIXED_NONUNIQUE,True,accept,CHN,"{CHN,EUR}+{RUS}","{CHN,EUR,RUS}",0.0,,,,,,-7.664559581854746e-05,
0.997,MIXED_NONUNIQUE,True,accept,CHN,"{CHN,EUR}+{RUS}","{CHN,RUS}+{EUR}",0.0,,,,,,-2.0553385772004162e-05,
0.997,MIXED_NONUNIQUE,True,accept,CHN,"{CHN,EUR}+{RUS}","{CHN}+{EUR,RUS}",0.0,,,,,,-8.93049943559987e-05,
0.997,MIXED_NONUNIQUE,True,accept,CHN,"{CHN,EUR}+{RUS}",{CHN}+{EUR}+{RUS},0.0,,,,,,-1.674850211941248e-05,
0.997,MIXED_NONUNIQUE,True,accept,CHN,"{CHN,RUS}+{EUR}","{CHN,EUR,RUS}",0.0,,,,,,-5.60922100465433e-05,
0.997,MIXED_NONUNIQUE,True,accept,CHN,"{CHN,RUS}+{EUR}","{CHN,EUR}+{RUS}",1.0,,,,,,2.0553385772004162e-05,
0.997,MIXED_NONUNIQUE,True,accept,CHN,"{CHN,RUS}+{EUR}","{CHN}+{EUR,RUS}",0.0,,,,,,-6.875160858399454e-05,
0.997,MIXED_NONUNIQUE,True,accept,CHN,"{CHN,RUS}+{EUR}",{CHN}+{EUR}+{RUS},1.0,,,,,,3.804883652591684e-06,
0.997,MIXED_NONUNIQUE,True,accept,CHN,"{CHN}+{EUR,RUS}","{CHN,EUR,RUS}",1.0,,,,,,1.2659398537451239e-05,"EUR,RUS"
0.997,MIXED_NONUNIQUE,True,accept,CHN,"{CHN}+{EUR,RUS}","{CHN,EUR}+{RUS}",1.0,,,,,,8.93049943559987e-05,
0.997,MIXED_NONUNIQUE,True,accept,CHN,"{CHN}+{EUR,RUS}","{CHN,RUS}+{EUR}",1.0,,,,,,6.875160858399454e-05,
0.997,MIXED_NONUNIQUE,True,accept,CHN,{CHN}+{EUR}+{RUS},"{CHN,EUR,RUS}",0.0,,,,,,-5.9897093699134984e-05,
0.997,MIXED_NONUNIQUE,True,accept,CHN,{CHN}+{EUR}+{RUS},"{CHN,EUR}+{RUS}",1.0,,,,,,1.674850211941248e-05,EUR
0.997,MIXED_NONUNIQUE,True,accept,CHN,{CHN}+{EUR}+{RUS},"{CHN,RUS}+{EUR}",0.0,,,,,,-3.804883652591684e-06,
0.997,MIXED_NONUNIQUE,True,accept,EUR,"{CHN,EUR,RUS}","{CHN,EUR}+{RUS}",1.0,,,,,,9.73964811024075e-07,
0.997,MIXED_NONUNIQUE,True,accept,EUR,"{CHN,EUR,RUS}","{CHN,RUS}+{EUR}",0.0,,,,,,-9.3979445781045e-07,
0.997,MIXED_NONUNIQUE,True,accept,EUR,"{CHN,EUR,RUS}","{CHN}+{EUR,RUS}",0.0,,,,,,-2.0159415448084417e-06,
0.997,MIXED_NONUNIQUE,True,accept,EUR,"{CHN,EUR,RUS}",{CHN}+{EUR}+{RUS},0.0,,,,,,-1.6890979592787403e-06,
0.997,MIXED_NONUNIQUE,True,accept,EUR,"{CHN,EUR}+{RUS}","{CHN,EUR,RUS}",0.0,,,,,,-9.73964811024075e-07,
0.997,MIXED_NONUNIQUE,True,accept,EUR,"{CHN,EUR}+{RUS}","{CHN,RUS}+{EUR}",0.0,,,,,,-1.913759268834525e-06,
0.997,MIXED_NONUNIQUE,True,accept,EUR,"{CHN,EUR}+{RUS}","{CHN}+{EUR,RUS}",0.0,,,,,,-2.9899063558325167e-06,
0.997,MIXED_NONUNIQUE,True,accept,EUR,"{CHN,EUR}+{RUS}",{CHN}+{EUR}+{RUS},0.0,,,,,,-2.6630627703028154e-06,
0.997,MIXED_NONUNIQUE,True,accept,EUR,"{CHN,RUS}+{EUR}","{CHN,EUR,RUS}",1.0,,,,,,9.3979445781045e-07,
0.997,MIXED_NONUNIQUE,True,accept,EUR,"{CHN,RUS}+{EUR}","{CHN,EUR}+{RUS}",1.0,,,,,,1.913759268834525e-06,
0.997,MIXED_NONUNIQUE,True,accept,EUR,"{CHN,RUS}+{EUR}","{CHN}+{EUR,RUS}",0.0,,,,,,-1.0761470869979917e-06,
0.997,MIXED_NONUNIQUE,True,accept,EUR,"{CHN}+{EUR,RUS}","{CHN,EUR,RUS}",1.0,,,,,,2.0159415448084417e-06,"CHN,RUS"
0.997,MIXED_NONUNIQUE,True,accept,EUR,"{CHN}+{EUR,RUS}","{CHN,EUR}+{RUS}",1.0,,,,,,2.9899063558325167e-06,
0.997,MIXED_NONUNIQUE,True,accept,EUR,"{CHN}+{EUR,RUS}","{CHN,RUS}+{EUR}",1.0,,,,,,1.0761470869979917e-06,
0.997,MIXED_NONUNIQUE,True,accept,EUR,"{CHN}+{EUR,RUS}",{CHN}+{EUR}+{RUS},1.0,,,,,,3.268435855297014e-07,
0.997,MIXED_NONUNIQUE,True,accept,EUR,{CHN}+{EUR}+{RUS},"{CHN,EUR,RUS}",1.0,,,,,,1.6890979592787403e-06,
0.997,MIXED_NONUNIQUE,True,accept,EUR,{CHN}+{EUR}+{RUS},"{CHN,EUR}+{RUS}",1.0,,,,,,2.6630627703028154e-06,CHN
0.997,MIXED_NONUNIQUE,True,accept,EUR,{CHN}+{EUR}+{RUS},"{CHN}+{EUR,RUS}",0.0,,,,,,-3.268435855297014e-07,
0.997,MIXED_NONUNIQUE,True,accept,RUS,"{CHN,EUR,RUS}","{CHN,EUR}+{RUS}",0.0,,,,,,-1.0314033383806986e-05,
0.997,MIXED_NONUNIQUE,True,accept,RUS,"{CHN,EUR,RUS}","{CHN,RUS}+{EUR}",0.0,,,,,,-1.0058373353549754e-05,
0.997,MIXED_NONUNIQUE,True,accept,RUS,"{CHN,EUR,RUS}","{CHN}+{EUR,RUS}",0.5418799918068059,,,,,,0.0,
0.997,MIXED_NONUNIQUE,True,accept,RUS,"{CHN,EUR,RUS}",{CHN}+{EUR}+{RUS},0.0,,,,,,-1.0104837758095897e-05,
0.997,MIXED_NONUNIQUE,True,accept,RUS,"{CHN,EUR}+{RUS}","{CHN,EUR,RUS}",1.0,,,,,,1.0314033383806986e-05,
0.997,MIXED_NONUNIQUE,True,accept,RUS,"{CHN,EUR}+{RUS}","{CHN,RUS}+{EUR}",1.0,,,,,,2.5566003025723205e-07,
0.997,MIXED_NONUNIQUE,True,accept,RUS,"{CHN,EUR}+{RUS}","{CHN}+{EUR,RUS}",1.0,,,,,,1.0314033383806986e-05,
0.997,MIXED_NONUNIQUE,True,accept,RUS,"{CHN,RUS}+{EUR}","{CHN,EUR,RUS}",1.0,,,,,,1.0058373353549754e-05,
0.997,MIXED_NONUNIQUE,True,accept,RUS,"{CHN,RUS}+{EUR}","{CHN,EUR}+{RUS}",0.0,,,,,,-2.5566003025723205e-07,
0.997,MIXED_NONUNIQUE,True,accept,RUS,"{CHN,RUS}+{EUR}","{CHN}+{EUR,RUS}",1.0,,,,,,1.0058373353549754e-05,
0.997,MIXED_NONUNIQUE,True,accept,RUS,"{CHN,RUS}+{EUR}",{CHN}+{EUR}+{RUS},0.0,,,,,,-4.6464404546142646e-08,
0.997,MIXED_NONUNIQUE,True,accept,RUS,"{CHN}+{EUR,RUS}","{CHN,EUR,RUS}",0.16212949548102254,,,,,,0.0,"CHN,EUR"
0.997,MIXED_NONUNIQUE,True,accept,RUS,"{CHN}+{EUR,RUS}","{CHN,EUR}+{RUS}",0.0,,,,,,-1.0314033383806986e-05,
0.997,MIXED_NONUNIQUE,True,accept,RUS,"{CHN}+{EUR,RUS}","{CHN,RUS}+{EUR}",0.0,,,,,,-1.0058373353549754e-05,
0.997,MIXED_NONUNIQUE,True,accept,RUS,"{CHN}+{EUR,RUS}",{CHN}+{EUR}+{RUS},0.0,,,,,,-1.0104837758095897e-05,
0.997,MIXED_NONUNIQUE,True,accept,RUS,{CHN}+{EUR}+{RUS},"{CHN,EUR,RUS}",1.0,,,,,,1.0104837758095897e-05,
0.997,MIXED_NONUNIQUE,True,accept,RUS,{CHN}+{EUR}+{RUS},"{CHN,RUS}+{EUR}",1.0,,,,,,4.6464404546142646e-08,
0.997,MIXED_NONUNIQUE,True,accept,RUS,{CHN}+{EUR}+{RUS},"{CHN}+{EUR,RUS}",1.0,,,,,,1.0104837758095897e-05,
0.999,MIXED,False,propose,CHN,"{CHN,EUR,RUS}","{CHN,EUR,RUS}",0.25,True,1.0,0.25,False,,,
0.999,MIXED,False,propose,CHN,"{CHN,EUR,RUS}","{CHN,EUR}+{RUS}",0.25,False,0.0,0.0,False,"EUR,RUS",,
0.999,MIXED,False,propose,CHN,"{CHN,EUR,RUS}","{CHN,RUS}+{EUR}",0.25,False,0.0,0.0,False,"EUR,RUS",,
0.999,MIXED,False,propose,CHN,"{CHN,EUR,RUS}",{CHN}+{EUR}+{RUS},0.25,False,0.0,0.0,False,"EUR,RUS",,
0.999,MIXED,False,propose,CHN,"{CHN,EUR}+{RUS}","{CHN,EUR,RUS}",0.25,False,0.0,0.0,False,"EUR,RUS",,
0.999,MIXED,False,propose,CHN,"{CHN,EUR}+{RUS}","{CHN,EUR}+{RUS}",0.25,True,1.0,0.25,False,,,
0.999,MIXED,False,propose,CHN,"{CHN,EUR}+{RUS}","{CHN,RUS}+{EUR}",0.25,False,0.0,0.0,False,"EUR,RUS",,
0.999,MIXED,False,propose,CHN,"{CHN,EUR}+{RUS}","{CHN}+{EUR,RUS}",0.25,False,0.0,0.0,False,"EUR,RUS",,
0.999,MIXED,False,propose,CHN,"{CHN,RUS}+{EUR}",{CHN}+{EUR}+{RUS},1.0,False,1.0,1.0,True,,,
0.999,MIXED,False,propose,CHN,"{CHN}+{EUR,RUS}","{CHN,EUR,RUS}",0.2,False,0.0,0.0,False,"EUR,RUS",,
0.999,MIXED,False,propose,CHN,"{CHN}+{EUR,RUS}","{CHN,EUR}+{RUS}",0.2,False,0.0,0.0,False,"EUR,RUS",,
0.999,MIXED,False,propose,CHN,"{CHN}+{EUR,RUS}","{CHN,RUS}+{EUR}",0.2,False,0.0,0.0,False,"EUR,RUS",,
0.999,MIXED,False,propose,CHN,"{CHN}+{EUR,RUS}","{CHN}+{EUR,RUS}",0.2,True,1.0,0.2,False,,,
0.999,MIXED,False,propose,CHN,"{CHN}+{EUR,RUS}",{CHN}+{EUR}+{RUS},0.2,False,0.0,0.0,False,"EUR,RUS",,
0.999,MIXED,False,propose,CHN,{CHN}+{EUR}+{RUS},"{CHN,EUR}+{RUS}",1.0,False,1.0,1.0,False,EUR,,
0.999,MIXED,False,propose,EUR,"{CHN,EUR,RUS}","{CHN,RUS}+{EUR}",1.0,False,1.0,1.0,True,,,
0.999,MIXED,False,propose,EUR,"{CHN,EUR}+{RUS}","{CHN,EUR,RUS}",0.25,False,0.0,0.0,False,"CHN,RUS",,
0.999,MIXED,False,propose,EUR,"{CHN,EUR}+{RUS}","{CHN,EUR}+{RUS}",0.25,True,1.0,0.25,False,,,
0.999,MIXED,False,propose,EUR,"{CHN,EUR}+{RUS}","{CHN,RUS}+{EUR}",0.25,False,0.0,0.0,False,"CHN,RUS",,
0.999,MIXED,False,propose,EUR,"{CHN,EUR}+{RUS}","{CHN}+{EUR,RUS}",0.25,False,0.0,0.0,False,"CHN,RUS",,
0.999,MIXED,False,propose,EUR,"{CHN,RUS}+{EUR}","{CHN,EUR,RUS}",0.2,False,0.0,0.0,False,"CHN,RUS",,
0.999,MIXED,False,propose,EUR,"{CHN,RUS}+{EUR}","{CHN,EUR}+{RUS}",0.2,False,0.0,0.0,False,"CHN,RUS",,
0.999,MIXED,False,propose,EUR,"{CHN,RUS}+{EUR}","{CHN,RUS}+{EUR}",0.2,True,1.0,0.2,False,,,
0.999,MIXED,False,propose,EUR,"{CHN,RUS}+{EUR}","{CHN}+{EUR,RUS}",0.2,False,0.0,0.0,False,"CHN,RUS",,
0.999,MIXED,False,propose,EUR,"{CHN,RUS}+{EUR}",{CHN}+{EUR}+{RUS},0.2,False,0.0,0.0,False,"CHN,RUS",,
0.999,MIXED,False,propose,EUR,"{CHN}+{EUR,RUS}",{CHN}+{EUR}+{RUS},1.0,False,1.0,1.0,True,,,
0.999,MIXED,False,propose,EUR,{CHN}+{EUR}+{RUS},"{CHN,EUR}+{RUS}",1.0,False,1.0,1.0,False,CHN,,
0.999,MIXED,False,propose,RUS,"{CHN,EUR,RUS}","{CHN,EUR,RUS}",0.3333333333333333,True,1.0,0.3333333333333333,False,,,
0.999,MIXED,False,propose,RUS,"{CHN,EUR,RUS}","{CHN}+{EUR,RUS}",0.3333333333333333,False,0.0,0.0,False,"CHN,EUR",,
0.999,MIXED,False,propose,RUS,"{CHN,EUR,RUS}",{CHN}+{EUR}+{RUS},0.3333333333333333,False,0.0,0.0,False,"CHN,EUR",,
0.999,MIXED,False,propose,RUS,"{CHN,EUR}+{RUS}","{CHN,EUR,RUS}",0.2,False,0.0,0.0,False,"CHN,EUR",,
0.999,MIXED,False,propose,RUS,"{CHN,EUR}+{RUS}","{CHN,EUR}+{RUS}",0.2,True,1.0,0.2,False,,,
0.999,MIXED,False,propose,RUS,"{CHN,EUR}+{RUS}","{CHN,RUS}+{EUR}",0.2,False,0.0,0.0,False,"CHN,EUR",,
0.999,MIXED,False,propose,RUS,"{CHN,EUR}+{RUS}","{CHN}+{EUR,RUS}",0.2,False,0.0,0.0,False,"CHN,EUR",,
0.999,MIXED,False,propose,RUS,"{CHN,EUR}+{RUS}",{CHN}+{EUR}+{RUS},0.2,False,0.0,0.0,False,"CHN,EUR",,
0.999,MIXED,False,propose,RUS,"{CHN,RUS}+{EUR}","{CHN,EUR,RUS}",0.3333333333333333,False,0.0,0.0,False,"CHN,EUR",,
0.999,MIXED,False,propose,RUS,"{CHN,RUS}+{EUR}","{CHN,RUS}+{EUR}",0.3333333333333333,True,1.0,0.3333333333333333,False,,,
0.999,MIXED,False,propose,RUS,"{CHN,RUS}+{EUR}","{CHN}+{EUR,RUS}",0.3333333333333333,False,0.0,0.0,False,"CHN,EUR",,
0.999,MIXED,False,propose,RUS,"{CHN}+{EUR,RUS}","{CHN}+{EUR,RUS}",1.0,True,1.0,1.0,False,,,
0.999,MIXED,False,propose,RUS,{CHN}+{EUR}+{RUS},"{CHN,EUR,RUS}",0.25,False,0.0,0.0,False,"CHN,EUR",,
0.999,MIXED,False,propose,RUS,{CHN}+{EUR}+{RUS},"{CHN,RUS}+{EUR}",0.25,False,0.0,0.0,False,CHN,,
0.999,MIXED,False,propose,RUS,{CHN}+{EUR}+{RUS},"{CHN}+{EUR,RUS}",0.25,False,0.0,0.0,False,EUR,,
0.999,MIXED,False,propose,RUS,{CHN}+{EUR}+{RUS},{CHN}+{EUR}+{RUS},0.25,True,1.0,0.25,False,,,
0.999,MIXED,False,accept,CHN,"{CHN,EUR,RUS}","{CHN,EUR}+{RUS}",1.0,,,,,,7.104018688863789e-06,
0.999,MIXED,False,accept,CHN,"{CHN,EUR,RUS}","{CHN,RUS}+{EUR}",1.0,,,,,,2.0883356555145838e-07,
0.999,MIXED,False,accept,CHN,"{CHN,EUR,RUS}","{CHN}+{EUR,RUS}",0.0,,,,,,-1.941064725841102e-06,RUS
0.999,MIXED,False,accept,CHN,"{CHN,EUR,RUS}",{CHN}+{EUR}+{RUS},1.0,,,,,,1.5156046053732553e-06,RUS
0.999,MIXED,False,accept,CHN,"{CHN,EUR}+{RUS}","{CHN,EUR,RUS}",0.0,,,,,,-7.104018688863789e-06,"EUR,RUS"
0.999,MIXED,False,accept,CHN,"{CHN,EUR}+{RUS}","{CHN,RUS}+{EUR}",0.0,,,,,,-6.895185123312331e-06,"EUR,RUS"
0.999,MIXED,False,accept,CHN,"{CHN,EUR}+{RUS}","{CHN}+{EUR,RUS}",0.0,,,,,,-9.045083414704891e-06,"EUR,RUS"
0.999,MIXED,False,accept,CHN,"{CHN,EUR}+{RUS}",{CHN}+{EUR}+{RUS},0.0,,,,,,-5.588414083490534e-06,RUS
0.999,MIXED,False,accept,CHN,"{CHN,RUS}+{EUR}","{CHN,EUR,RUS}",0.0,,,,,,-2.0883356555145838e-07,"EUR,RUS"
0.999,MIXED,False,accept,CHN,"{CHN,RUS}+{EUR}","{CHN,EUR}+{RUS}",1.0,,,,,,6.895185123312331e-06,EUR
0.999,MIXED,False,accept,CHN,"{CHN,RUS}+{EUR}","{CHN}+{EUR,RUS}",0.0,,,,,,-2.14989829139256e-06,"EUR,RUS"
0.999,MIXED,False,accept,CHN,"{CHN,RUS}+{EUR}",{CHN}+{EUR}+{RUS},1.0,,,,,,1.3067710398217969e-06,EUR
0.999,MIXED,False,accept,CHN,"{CHN}+{EUR,RUS}","{CHN,EUR,RUS}",1.0,,,,,,1.941064725841102e-06,
0.999,MIXED,False,accept,CHN,"{CHN}+{EUR,RUS}","{CHN,EUR}+{RUS}",1.0,,,,,,9.045083414704891e-06,
0.999,MIXED,False,accept,CHN,"{CHN}+{EUR,RUS}","{CHN,RUS}+{EUR}",1.0,,,,,,2.14989829139256e-06,
0.999,MIXED,False,accept,CHN,{CHN}+{EUR}+{RUS},"{CHN,EUR,RUS}",0.0,,,,,,-1.5156046053732553e-06,RUS
0.999,MIXED,False,accept,CHN,{CHN}+{EUR}+{RUS},"{CHN,EUR}+{RUS}",1.0,,,,,,5.588414083490534e-06,EUR
0.999,MIXED,False,accept,CHN,{CHN}+{EUR}+{RUS},"{CHN,RUS}+{EUR}",0.0,,,,,,-1.3067710398217969e-06,RUS
0.999,MIXED,False,accept,EUR,"{CHN,EUR,RUS}","{CHN,EUR}+{RUS}",1.0,,,,,,6.441133062473625e-07,CHN
0.999,MIXED,False,accept,EUR,"{CHN,EUR,RUS}","{CHN,RUS}+{EUR}",1.0,,,,,,9.905449793734533e-10,CHN
0.999,MIXED,False,accept,EUR,"{CHN,EUR,RUS}","{CHN}+{EUR,RUS}",0.0,,,,,,-5.355600882772649e-07,RUS
0.999,MIXED,False,accept,EUR,"{CHN,EUR,RUS}",{CHN}+{EUR}+{RUS},0.0,,,,,,-2.4446152790957854e-07,"CHN,RUS"
0.999,MIXED,False,accept,EUR,"{CHN,EUR}+{RUS}","{CHN,EUR,RUS}",0.0,,,,,,-6.441133062473625e-07,"CHN,RUS"
0.999,MIXED,False,accept,EUR,"{CHN,EUR}+{RUS}","{CHN,RUS}+{EUR}",0.0,,,,,,-6.431227612679891e-07,"CHN,RUS"
0.999,MIXED,False,accept,EUR,"{CHN,EUR}+{RUS}","{CHN}+{EUR,RUS}",0.0,,,,,,-1.1796733945246274e-06,"CHN,RUS"
0.999,MIXED,False,accept,EUR,"{CHN,EUR}+{RUS}",{CHN}+{EUR}+{RUS},0.0,,,,,,-8.88574834156941e-07,RUS
0.999,MIXED,False,accept,EUR,"{CHN,RUS}+{EUR}","{CHN,EUR,RUS}",0.0,,,,,,-9.905449793734533e-10,RUS
0.999,MIXED,False,accept,EUR,"{CHN,RUS}+{EUR}","{CHN,EUR}+{RUS}",1.0,,,,,,6.431227612679891e-07,
0.999,MIXED,False,accept,EUR,"{CHN,RUS}+{EUR}","{CHN}+{EUR,RUS}",0.0,,,,,,-5.365506332566383e-07,RUS
0.999,MIXED,False,accept,EUR,"{CHN}+{EUR,RUS}","{CHN,EUR,RUS}",1.0,,,,,,5.355600882772649e-07,CHN
0.999,MIXED,False,accept,EUR,"{CHN}+{EUR,RUS}","{CHN,EUR}+{RUS}",1.0,,,,,,1.1796733945246274e-06,CHN
0.999,MIXED,False,accept,EUR,"{CHN}+{EUR,RUS}","{CHN,RUS}+{EUR}",1.0,,,,,,5.365506332566383e-07,CHN
0.999,MIXED,False,accept,EUR,"{CHN}+{EUR,RUS}",{CHN}+{EUR}+{RUS},1.0,,,,,,2.9109856036768633e-07,CHN
0.999,MIXED,False,accept,EUR,{CHN}+{EUR}+{RUS},"{CHN,EUR,RUS}",1.0,,,,,,2.4446152790957854e-07,RUS
0.999,MIXED,False,accept,EUR,{CHN}+{EUR}+{RUS},"{CHN,EUR}+{RUS}",1.0,,,,,,8.88574834156941e-07,CHN
0.999,MIXED,False,accept,EUR,{CHN}+{EUR}+{RUS},"{CHN}+{EUR,RUS}",0.0,,,,,,-2.9109856036768633e-07,RUS
0.999,MIXED,False,accept,RUS,"{CHN,EUR,RUS}","{CHN,EUR}+{RUS}",0.0,,,,,,-1.1639242991634546e-07,CHN
0.999,MIXED,False,accept,RUS,"{CHN,EUR,RUS}","{CHN,RUS}+{EUR}",0.0,,,,,,-3.0623546365404763e-08,CHN
0.999,MIXED,False,accept,RUS,"{CHN,EUR,RUS}","{CHN}+{EUR,RUS}",1.0,,,,,,1.8724533634717488e-07,
0.999,MIXED,False,accept,RUS,"{CHN,EUR,RUS}",{CHN}+{EUR}+{RUS},0.0,,,,,,-4.659085761637982e-08,CHN
0.999,MIXED,False,accept,RUS,"{CHN,EUR}+{RUS}","{CHN,EUR,RUS}",1.0,,,,,,1.1639242991634546e-07,"CHN,EUR"
0.999,MIXED,False,accept,RUS,"{CHN,EUR}+{RUS}","{CHN,RUS}+{EUR}",1.0,,,,,,8.57688835509407e-08,"CHN,EUR"
0.999,MIXED,False,accept,RUS,"{CHN,EUR}+{RUS}","{CHN}+{EUR,RUS}",1.0,,,,,,3.0363776626352035e-07,"CHN,EUR"
0.999,MIXED,False,accept,RUS,"{CHN,RUS}+{EUR}","{CHN,EUR,RUS}",1.0,,,,,,3.0623546365404763e-08,EUR
0.999,MIXED,False,accept,RUS,"{CHN,RUS}+{EUR}","{CHN,EUR}+{RUS}",0.0,,,,,,-8.57688835509407e-08,EUR
0.999,MIXED,False,accept,RUS,"{CHN,RUS}+{EUR}","{CHN}+{EUR,RUS}",1.0,,,,,,2.1786888271257965e-07,EUR
0.999,MIXED,False,accept,RUS,"{CHN,RUS}+{EUR}",{CHN}+{EUR}+{RUS},0.0,,,,,,-1.5967311250975058e-08,EUR
0.999,MIXED,False,accept,RUS,"{CHN}+{EUR,RUS}","{CHN,EUR,RUS}",0.0,,,,,,-1.8724533634717488e-07,CHN
0.999,MIXED,False,accept,RUS,"{CHN}+{EUR,RUS}","{CHN,EUR}+{RUS}",0.0,,,,,,-3.0363776626352035e-07,CHN
0.999,MIXED,False,accept,RUS,"{CHN}+{EUR,RUS}","{CHN,RUS}+{EUR}",0.0,,,,,,-2.1786888271257965e-07,CHN
0.999,MIXED,False,accept,RUS,"{CHN}+{EUR,RUS}",{CHN}+{EUR}+{RUS},0.0,,,,,,-2.338361939635547e-07,CHN
0.999,MIXED,False,accept,RUS,{CHN}+{EUR}+{RUS},"{CHN,EUR,RUS}",1.0,,,,,,4.659085761637982e-08,
0.999,MIXED,False,accept,RUS,{CHN}+{EUR}+{RUS},"{CHN,RUS}+{EUR}",1.0,,,,,,1.5967311250975058e-08,
0.999,MIXED,False,accept,RUS,{CHN}+{EUR}+{RUS},"{CHN}+{EUR,RUS}",1.0,,,,,,2.338361939635547e-07,
