delta,status,nonunique,kind,player,state,target,prob,stay,accept_prob,effective,free_exit,voters,gain,proposed_by
0.5,PURE,False,propose,EUR,"{EUR,RUS,USA}","{EUR,RUS,USA}",1.0,True,1.0,1.0,False,,,
0.5,PURE,False,propose,EUR,"{EUR,RUS}+{USA}","{EUR,RUS}+{USA}",1.0,True,1.0,1.0,False,,,
0.5,PURE,False,propose,EUR,"{EUR,USA}+{RUS}","{EUR,USA}+{RUS}",1.0,True,1.0,1.0,False,,,
0.5,PURE,False,propose,EUR,"{EUR}+{RUS,USA}","{EUR}+{RUS,USA}",1.0,True,1.0,1.0,False,,,
0.5,PURE,False,propose,EUR,{EUR}+{RUS}+{USA},"{EUR,USA}+{RUS}",1.0,False,1.0,1.0,False,USA,,
0.5,PURE,False,propose,RUS,"{EUR,RUS,USA}","{EUR,RUS,USA}",1.0,True,1.0,1.0,False,,,
0.5,PURE,False,propose,RUS,"{EUR,RUS}+{USA}","{EUR,RUS}+{USA}",1.0,True,1.0,1.0,False,,,
0.5,PURE,False,propose,RUS,"{EUR,USA}+{RUS}","{EUR,USA}+{RUS}",1.0,True,1.0,1.0,False,,,
0.5,PURE,False,propose,RUS,"{EUR}+{RUS,USA}",{EUR}+{RUS}+{USA},1.0,False,1.0,1.0,True,,,
0.5,PURE,False,propose,RUS,{EUR}+{RUS}+{USA},"{EUR,RUS}+{USA}",1.0,False,1.0,1.0,False,EUR,,
0.5,PURE,False,propose,USA,"{EUR,RUS,USA}","{EUR,RUS,USA}",1.0,True,1.0,1.0,False,,,
0.5,PURE,False,propose,USA,"{EUR,RUS}+{USA}","{EUR,RUS}+{USA}",1.0,True,1.0,1.0,False,,,
0.5,PURE,False,propose,USA,"{EUR,USA}+{RUS}","{EUR,USA}+{RUS}",1.0,True,1.0,1.0,False,,,
0.5,PURE,False,propose,USA,"{EUR}+{RUS,USA}","{EUR}+{RUS,USA}",1.0,True,1.0,1.0,False,,,
0.5,PURE,False,propose,USA,{EUR}+{RUS}+{USA},"{EUR,USA}+{RUS}",1.0,False,1.0,1.0,False,EUR,,
0.5,PURE,False,accept,EUR,"{EUR,RUS,USA}","{EUR,RUS}+{USA}",0.0,,,,,,-9.538218525895203e-05,
0.5,PURE,False,accept,EUR,"{EUR,RUS,USA}","{EUR,USA}+{RUS}",1.0,,,,,,7.762547036271883e-06,
0.5,PURE,False,accept,EUR,"{EUR,RUS,USA}","{EUR}+{RUS,USA}",0.0,,,,,,-2.512218689210144e-05,
0.5,PURE,False,accept,EUR,"{EUR,RUS,USA}",{EUR}+{RUS}+{USA},0.0,,,,,,-0.00030828256795079056,
0.5,PURE,False,accept,EUR,"{EUR,RUS}+{USA}","{EUR,RUS,USA}",1.0,,,,,,9.538218525895203e-05,
0.5,PURE,False,accept,EUR,"{EUR,RUS}+{USA}","{EUR,USA}+{RUS}",1.0,,,,,,0.00010314473229522392,
0.5,PURE,False,accept,EUR,"{EUR,RUS}+{USA}","{EUR}+{RUS,USA}",1.0,,,,,,7.02599983668506e-05,
0.5,PURE,False,accept,EUR,"{EUR,RUS}+{USA}",{EUR}+{RUS}+{USA},0.0,,,,,,-0.00021290038269183853,
0.5,PURE,False,accept,EUR,"{EUR,USA}+{RUS}","{EUR,RUS,USA}",0.0,,,,,,-7.762547036271883e-06,
0.5,PURE,False,accept,EUR,"{EUR,USA}+{RUS}","{EUR,RUS}+{USA}",0.0,,,,,,-0.00010314473229522392,
0.5,PURE,False,accept,EUR,"{EUR,USA}+{RUS}","{EUR}+{RUS,USA}",0.0,,,,,,-3.288473392837332e-05,
0.5,PURE,False,accept,EUR,"{EUR,USA}+{RUS}",{EUR}+{RUS}+{USA},0.0,,,,,,-0.00031604511498706245,
0.5,PURE,False,accept,EUR,"{EUR}+{RUS,USA}","{EUR,RUS,USA}",1.0,,,,,,2.512218689210144e-05,
0.5,PURE,False,accept,EUR,"{EUR}+{RUS,USA}","{EUR,RUS}+{USA}",0.0,,,,,,-7.02599983668506e-05,
0.5,PURE,False,accept,EUR,"{EUR}+{RUS,USA}","{EUR,USA}+{RUS}",1.0,,,,,,3.288473392837332e-05,
0.5,PURE,False,accept,EUR,{EUR}+{RUS}+{USA},"{EUR,RUS,USA}",1.0,,,,,,0.00030828256795079056,
0.5,PURE,False,accept,EUR,{EUR}+{RUS}+{USA},"{EUR,RUS}+{USA}",1.0,,,,,,0.00021290038269183853,RUS
0.5,PURE,False,accept,EUR,{EUR}+{RUS}+{USA},"{EUR,USA}+{RUS}",1.0,,,,,,0.00031604511498706245,USA
0.5,PURE,False,accept,RUS,"{EUR,RUS,USA}","{EUR,RUS}+{USA}",1.0,,,,,,3.835872830992848e-05,
0.5,PURE,False,accept,RUS,"{EUR,RUS,USA}","{EUR,USA}+{RUS}",0.0,,,,,,-9.878462861934167e-06,
0.5,PURE,False,accept,RUS,"{EUR,RUS,USA}","{EUR}+{RUS,USA}",1.0,,,,,,4.918721196345288e-06,
0.5,PURE,False,accept,RUS,"{EUR,RUS,USA}",{EUR}+{RUS}+{USA},1.0,,,,,,6.4729437585508975e-06,
0.5,PURE,False,accept,RUS,"{EUR,RUS}+{USA}","{EUR,RUS,USA}",0.0,,,,,,-3.835872830992848e-05,
0.5,PURE,False,accept,RUS,"{EUR,RUS}+{USA}","{EUR,USA}+{RUS}",0.0,,,,,,-4.823719117186265e-05,
0.5,PURE,False,accept,RUS,"{EUR,RUS}+{USA}","{EUR}+{RUS,USA}",0.0,,,,,,-3.344000711358319e-05,
0.5,PURE,False,accept,RUS,"{EUR,RUS}+{USA}",{EUR}+{RUS}+{USA},0.0,,,,,,-3.188578455137758e-05,
0.5,PURE,False,accept,RUS,"{EUR,USA}+{RUS}","{EUR,RUS,USA}",1.0,,,,,,9.878462861934167e-06,
0.5,PURE,False,accept,RUS,"{EUR,USA}+{RUS}","{EUR,RUS}+{USA}",1.0,,,,,,4.823719117186265e-05,
0.5,PURE,False,accept,RUS,"{EUR,USA}+{RUS}","{EUR}+{RUS,USA}",1.0,,,,,,1.4797184058279456e-05,
0.5,PURE,False,accept,RUS,"{EUR}+{RUS,USA}","{EUR,RUS,USA}",0.0,,,,,,-4.918721196345288e-06,
0.5,PURE,False,accept,RUS,"{EUR}+{RUS,USA}","{EUR,RUS}+{USA}",1.0,,,,,,3.344000711358319e-05,
0.5,PURE,False,accept,RUS,"{EUR}+{RUS,USA}","{EUR,USA}+{RUS}",0.0,,,,,,-1.4797184058279456e-05,
0.5,PURE,False,accept,RUS,"{EUR}+{RUS,USA}",{EUR}+{RUS}+{USA},1.0,,,,,,1.5542225622056094e-06,
0.5,PURE,False,accept,RUS,{EUR}+{RUS}+{USA},"{EUR,RUS,USA}",0.0,,,,,,-6.4729437585508975e-06,
0.5,PURE,False,accept,RUS,{EUR}+{RUS}+{USA},"{EUR,RUS}+{USA}",1.0,,,,,,3.188578455137758e-05,
0.5,PURE,False,accept,RUS,{EUR}+{RUS}+{USA},"{EUR}+{RUS,USA}",0.0,,,,,,-1.5542225622056094e-06,
0.5,PURE,False,accept,USA,"{EUR,RUS,USA}","{EUR,RUS}+{USA}",0.0,,,,,,-0.00017864330260097816,
0.5,PURE,False,accept,USA,"{EUR,RUS,USA}","{EUR,USA}+{RUS}",1.0,,,,,,2.3793685941075893e-05,
0.5,PURE,False,accept,USA,"{EUR,RUS,USA}","{EUR}+{RUS,USA}",0.0,,,,,,-0.0002123819758224066,
0.5,PURE,False,accept,USA,"{EUR,RUS,USA}",{EUR}+{RUS}+{USA},0.0,,,,,,-0.00042260027643870046,
0.5,PURE,False,accept,USA,"{EUR,RUS}+{USA}","{EUR,RUS,USA}",1.0,,,,,,0.00017864330260097816,
0.5,PURE,False,accept,USA,"{EUR,RUS}+{USA}","{EUR,USA}+{RUS}",1.0,,,,,,0.00020243698854205405,
0.5,PURE,False,accept,USA,"{EUR,RUS}+{USA}","{EUR}+{RUS,USA}",0.0,,,,,,-3.373867322142843e-05,
0.5,PURE,False,accept,USA,"{EUR,USA}+{RUS}","{EUR,RUS,USA}",0.0,,,,,,-2.3793685941075893e-05,
0.5,PURE,False,accept,USA,"{EUR,USA}+{RUS}","{EUR,RUS}+{USA}",0.0,,,,,,-0.00020243698854205405,
0.5,PURE,False,accept,USA,"{EUR,USA}+{RUS}","{EUR}+{RUS,USA}",0.0,,,,,,-0.00023617566176348248,
0.5,PURE,False,accept,USA,"{EUR,USA}+{RUS}",{EUR}+{RUS}+{USA},0.0,,,,,,-0.00044639396237977635,
0.5,PURE,False,accept,USA,"{EUR}+{RUS,USA}","{EUR,RUS,USA}",1.0,,,,,,0.0002123819758224066,
0.5,PURE,False,accept,USA,"{EUR}+{RUS,USA}","{EUR,RUS}+{USA}",1.0,,,,,,3.373867322142843e-05,
0.5,PURE,False,accept,USA,"{EUR}+{RUS,USA}","{EUR,USA}+{RUS}",1.0,,,,,,0.00023617566176348248,
0.5,PURE,False,accept,USA,"{EUR}+{RUS,USA}",{EUR}+{RUS}+{USA},0.0,,,,,,-0.00021021830061629387,
0.5,PURE,False,accept,USA,{EUR}+{RUS}+{USA},"{EUR,RUS,USA}",1.0,,,,,,0.00042260027643870046,
0.5,PURE,False,accept,USA,{EUR}+{RUS}+{USA},"{EUR,USA}+{RUS}",1.0,,,,,,0.00044639396237977635,EUR
0.5,PURE,False,accept,USA,{EUR}+{RUS}+{USA},"{EUR}+{RUS,USA}",1.0,,,,,,0.00021021830061629387,
0.7,PURE,False,propose,EUR,"{EUR,RUS,USA}","{EUR,RUS,USA}",1.0,True,1.0,1.0,False,,,
0.7,PURE,False,propose,EUR,"{EUR,RUS}+{USA}","{EUR,RUS}+{USA}",1.0,True,1.0,1.0,False,,,
0.7,PURE,False,propose,EUR,"{EUR,USA}+{RUS}","{EUR,USA}+{RUS}",1.0,True,1.0,1.0,False,,,
0.7,PURE,False,propose,EUR,"{EUR}+{RUS,USA}","{EUR}+{RUS,USA}",1.0,True,1.0,1.0,False,,,
0.7,PURE,False,propose,EUR,{EUR}+{RUS}+{USA},"{EUR,USA}+{RUS}",1.0,False,1.0,1.0,False,USA,,
0.7,PURE,False,propose,RUS,"{EUR,RUS,USA}","{EUR,RUS,USA}",1.0,True,1.0,1.0,False,,,
0.7,PURE,False,propose,RUS,"{EUR,RUS}+{USA}","{EUR,RUS}+{USA}",1.0,True,1.0,1.0,False,,,
0.7,PURE,False,propose,RUS,"{EUR,USA}+{RUS}","{EUR,USA}+{RUS}",1.0,True,1.0,1.0,False,,,
0.7,PURE,False,propose,RUS,"{EUR}+{RUS,USA}",{EUR}+{RUS}+{USA},1.0,False,1.0,1.0,True,,,
0.7,PURE,False,propose,RUS,{EUR}+{RUS}+{USA},"{EUR,RUS}+{USA}",1.0,False,1.0,1.0,False,EUR,,
0.7,PURE,False,propose,USA,"{EUR,RUS,USA}","{EUR,RUS,USA}",1.0,True,1.0,1.0,False,,,
0.7,PURE,False,propose,USA,"{EUR,RUS}+{USA}","{EUR,RUS}+{USA}",1.0,True,1.0,1.0,False,,,
0.7,PURE,False,propose,USA,"{EUR,USA}+{RUS}","{EUR,USA}+{RUS}",1.0,True,1.0,1.0,False,,,
0.7,PURE,False,propose,USA,"{EUR}+{RUS,USA}","{EUR}+{RUS,USA}",1.0,True,1.0,1.0,False,,,
0.7,PURE,False,propose,USA,{EUR}+{RUS}+{USA},"{EUR,USA}+{RUS}",1.0,False,1.0,1.0,False,EUR,,
0.7,PURE,False,accept,EUR,"{EUR,RUS,USA}","{EUR,RUS}+{USA}",0.0,,,,,,-9.538218525895203e-05,
0.7,PURE,False,accept,EUR,"{EUR,RUS,USA}","{EUR,USA}+{RUS}",1.0,,,,,,7.762547036271883e-06,
0.7,PURE,False,accept,EUR,"{EUR,RUS,USA}","{EUR}+{RUS,USA}",0.0,,,,,,-4.662116308473685e-05,
0.7,PURE,False,accept,EUR,"{EUR,RUS,USA}",{EUR}+{RUS}+{USA},0.0,,,,,,-0.00019561715292848447,
0.7,PURE,False,accept,EUR,"{EUR,RUS}+{USA}","{EUR,RUS,USA}",1.0,,,,,,9.538218525895203e-05,
0.7,PURE,False,accept,EUR,"{EUR,RUS}+{USA}","{EUR,USA}+{RUS}",1.0,,,,,,0.00010314473229522392,
0.7,PURE,False,accept,EUR,"{EUR,RUS}+{USA}","{EUR}+{RUS,USA}",1.0,,,,,,4.8761022174215185e-05,
0.7,PURE,False,accept,EUR,"{EUR,RUS}+{USA}",{EUR}+{RUS}+{USA},0.0,,,,,,-0.00010023496766953244,
0.7,PURE,False,accept,EUR,"{EUR,USA}+{RUS}","{EUR,RUS,USA}",0.0,,,,,,-7.762547036271883e-06,
0.7,PURE,False,accept,EUR,"{EUR,USA}+{RUS}","{EUR,RUS}+{USA}",0.0,,,,,,-0.00010314473229522392,
0.7,PURE,False,accept,EUR,"{EUR,USA}+{RUS}","{EUR}+{RUS,USA}",0.0,,,,,,-5.438371012100873e-05,
0.7,PURE,False,accept,EUR,"{EUR,USA}+{RUS}",{EUR}+{RUS}+{USA},0.0,,,,,,-0.00020337969996475636,
0.7,PURE,False,accept,EUR,"{EUR}+{RUS,USA}","{EUR,RUS,USA}",1.0,,,,,,4.662116308473685e-05,
0.7,PURE,False,accept,EUR,"{EUR}+{RUS,USA}","{EUR,RUS}+{USA}",0.0,,,,,,-4.8761022174215185e-05,
0.7,PURE,False,accept,EUR,"{EUR}+{RUS,USA}","{EUR,USA}+{RUS}",1.0,,,,,,5.438371012100873e-05,
0.7,PURE,False,accept,EUR,{EUR}+{RUS}+{USA},"{EUR,RUS,USA}",1.0,,,,,,0.00019561715292848447,
0.7,PURE,False,accept,EUR,{EUR}+{RUS}+{USA},"{EUR,RUS}+{USA}",1.0,,,,,,0.00010023496766953244,RUS
0.7,PURE,False,accept,EUR,{EUR}+{RUS}+{USA},"{EUR,USA}+{RUS}",1.0,,,,,,0.00020337969996475636,USA
0.7,PURE,False,accept,RUS,"{EUR,RUS,USA}","{EUR,RUS}+{USA}",1.0,,,,,,3.835872830992848e-05,
0.7,PURE,False,accept,RUS,"{EUR,RUS,USA}","{EUR,USA}+{RUS}",0.0,,,,,,-9.878462861934167e-06,
0.7,PURE,False,accept,RUS,"{EUR,RUS,USA}","{EUR}+{RUS,USA}",1.0,,,,,,5.2596168300667046e-06,
0.7,PURE,False,accept,RUS,"{EUR,RUS,USA}",{EUR}+{RUS}+{USA},1.0,,,,,,6.364006599923755e-06,
0.7,PURE,False,accept,RUS,"{EUR,RUS}+{USA}","{EUR,RUS,USA}",0.0,,,,,,-3.835872830992848e-05,
0.7,PURE,False,accept,RUS,"{EUR,RUS}+{USA}","{EUR,USA}+{RUS}",0.0,,,,,,-4.823719117186265e-05,
0.7,PURE,False,accept,RUS,"{EUR,RUS}+{USA}","{EUR}+{RUS,USA}",0.0,,,,,,-3.3099111479861776e-05,
0.7,PURE,False,accept,RUS,"{EUR,RUS}+{USA}",{EUR}+{RUS}+{USA},0.0,,,,,,-3.1994721710004725e-05,
0.7,PURE,False,accept,RUS,"{EUR,USA}+{RUS}","{EUR,RUS,USA}",1.0,,,,,,9.878462861934167e-06,
0.7,PURE,False,accept,RUS,"{EUR,USA}+{RUS}","{EUR,RUS}+{USA}",1.0,,,,,,4.823719117186265e-05,
0.7,PURE,False,accept,RUS,"{EUR,USA}+{RUS}","{EUR}+{RUS,USA}",1.0,,,,,,1.5138079692000872e-05,
0.7,PURE,False,accept,RUS,"{EUR}+{RUS,USA}","{EUR,RUS,USA}",0.0,,,,,,-5.2596168300667046e-06,
0.7,PURE,False,accept,RUS,"{EUR}+{RUS,USA}","{EUR,RUS}+{USA}",1.0,,,,,,3.3099111479861776e-05,
0.7,PURE,False,accept,RUS,"{EUR}+{RUS,USA}","{EUR,USA}+{RUS}",0.0,,,,,,-1.5138079692000872e-05,
0.7,PURE,False,accept,RUS,"{EUR}+{RUS,USA}",{EUR}+{RUS}+{USA},1.0,,,,,,1.1043897698570504e-06,
0.7,PURE,False,accept,RUS,{EUR}+{RUS}+{USA},"{EUR,RUS,USA}",0.0,,,,,,-6.364006599923755e-06,
0.7,PURE,False,accept,RUS,{EUR}+{RUS}+{USA},"{EUR,RUS}+{USA}",1.0,,,,,,3.1994721710004725e-05,
0.7,PURE,False,accept,RUS,{EUR}+{RUS}+{USA},"{EUR}+{RUS,USA}",0.0,,,,,,-1.1043897698570504e-06,
0.7,PURE,False,accept,USA,"{EUR,RUS,USA}","{EUR,RUS}+{USA}",0.0,,,,,,-0.00017864330260097816,
0.7,PURE,False,accept,USA,"{EUR,RUS,USA}","{EUR,USA}+{RUS}",1.0,,,,,,2.3793685941075893e-05,
0.7,PURE,False,accept,USA,"{EUR,RUS,USA}","{EUR}+{RUS,USA}",0.0,,,,,,-0.00019862643189183515,
0.7,PURE,False,accept,USA,"{EUR,RUS,USA}",{EUR}+{RUS}+{USA},0.0,,,,,,-0.0002710342899590046,
0.7,PURE,False,accept,USA,"{EUR,RUS}+{USA}","{EUR,RUS,USA}",1.0,,,,,,0.00017864330260097816,
0.7,PURE,False,accept,USA,"{EUR,RUS}+{USA}","{EUR,USA}+{RUS}",1.0,,,,,,0.00020243698854205405,
0.7,PURE,False,accept,USA,"{EUR,RUS}+{USA}","{EUR}+{RUS,USA}",0.0,,,,,,-1.9983129290856994e-05,
0.7,PURE,False,accept,USA,"{EUR,USA}+{RUS}","{EUR,RUS,USA}",0.0,,,,,,-2.3793685941075893e-05,
0.7,PURE,False,accept,USA,"{EUR,USA}+{RUS}","{EUR,RUS}+{USA}",0.0,,,,,,-0.00020243698854205405,
0.7,PURE,False,accept,USA,"{EUR,USA}+{RUS}","{EUR}+{RUS,USA}",0.0,,,,,,-0.00022242011783291105,
0.7,PURE,False,accept,USA,"{EUR,USA}+{RUS}",{EUR}+{RUS}+{USA},0.0,,,,,,-0.0002948279759000805,
0.7,PURE,False,accept,USA,"{EUR}+{RUS,USA}","{EUR,RUS,USA}",1.0,,,,,,0.00019862643189183515,
0.7,PURE,False,accept,USA,"{EUR}+{RUS,USA}","{EUR,RUS}+{USA}",1.0,,,,,,1.9983129290856994e-05,
0.7,PURE,False,accept,USA,"{EUR}+{RUS,USA}","{EUR,USA}+{RUS}",1.0,,,,,,0.00022242011783291105,
0.7,PURE,False,accept,USA,"{EUR}+{RUS,USA}",{EUR}+{RUS}+{USA},0.0,,,,,,-7.240785806716943e-05,
0.7,PURE,False,accept,USA,{EUR}+{RUS}+{USA},"{EUR,RUS,USA}",1.0,,,,,,0.0002710342899590046,
0.7,PURE,False,accept,USA,{EUR}+{RUS}+{USA},"{EUR,USA}+{RUS}",1.0,,,,,,0.0002948279759000805,EUR
0.7,PURE,False,accept,USA,{EUR}+{RUS}+{USA},"{EUR}+{RUS,USA}",1.0,,,,,,7.240785806716943e-05,
0.8,PURE,False,propose,EUR,"{EUR,RUS,USA}","{EUR,RUS,USA}",1.0,True,1.0,1.0,False,,,
0.8,PURE,False,propose,EUR,"{EUR,RUS}+{USA}","{EUR,RUS}+{USA}",1.0,True,1.0,1.0,False,,,
0.8,PURE,False,propose,EUR,"{EUR,USA}+{RUS}","{EUR,USA}+{RUS}",1.0,True,1.0,1.0,False,,,
0.8,PURE,False,propose,EUR,"{EUR}+{RUS,USA}","{EUR}+{RUS,USA}",1.0,True,1.0,1.0,False,,,
0.8,PURE,False,propose,EUR,{EUR}+{RUS}+{USA},"{EUR,USA}+{RUS}",1.0,False,1.0,1.0,False,USA,,
0.8,PURE,False,propose,RUS,"{EUR,RUS,USA}","{EUR,RUS,USA}",1.0,True,1.0,1.0,False,,,
0.8,PURE,False,propose,RUS,"{EUR,RUS}+{USA}","{EUR,RUS}+{USA}",1.0,True,1.0,1.0,False,,,
0.8,PURE,False,propose,RUS,"{EUR,USA}+{RUS}","{EUR,USA}+{RUS}",1.0,True,1.0,1.0,False,,,
0.8,PURE,False,propose,RUS,"{EUR}+{RUS,USA}",{EUR}+{RUS}+{USA},1.0,False,1.0,1.0,True,,,
0.8,PURE,False,propose,RUS,{EUR}+{RUS}+{USA},"{EUR,RUS}+{USA}",1.0,False,1.0,1.0,False,EUR,,
0.8,PURE,False,propose,USA,"{EUR,RUS,USA}","{EUR,RUS,USA}",1.0,True,1.0,1.0,False,,,
0.8,PURE,False,propose,USA,"{EUR,RUS}+{USA}","{EUR,RUS}+{USA}",1.0,True,1.0,1.0,False,,,
0.8,PURE,False,propose,USA,"{EUR,USA}+{RUS}","{EUR,USA}+{RUS}",1.0,True,1.0,1.0,False,,,
0.8,PURE,False,propose,USA,"{EUR}+{RUS,USA}","{EUR}+{RUS,USA}",1.0,True,1.0,1.0,False,,,
0.8,PURE,False,propose,USA,{EUR}+{RUS}+{USA},"{EUR,USA}+{RUS}",1.0,False,1.0,1.0,False,EUR,,
0.8,PURE,False,accept,EUR,"{EUR,RUS,USA}","{EUR,RUS}+{USA}",0.0,,,,,,-9.538218525895203e-05,
0.8,PURE,False,accept,EUR,"{EUR,RUS,USA}","{EUR,USA}+{RUS}",1.0,,,,,,7.762547036271883e-06,
0.8,PURE,False,accept,EUR,"{EUR,RUS,USA}","{EUR}+{RUS,USA}",0.0,,,,,,-4.990628018397558e-05,
0.8,PURE,False,accept,EUR,"{EUR,RUS,USA}",{EUR}+{RUS}+{USA},0.0,,,,,,-0.00013928444541733143,
0.8,PURE,False,accept,EUR,"{EUR,RUS}+{USA}","{EUR,RUS,USA}",1.0,,,,,,9.538218525895203e-05,
0.8,PURE,False,accept,EUR,"{EUR,RUS}+{USA}","{EUR,USA}+{RUS}",1.0,,,,,,0.00010314473229522392,
0.8,PURE,False,accept,EUR,"{EUR,RUS}+{USA}","{EUR}+{RUS,USA}",1.0,,,,,,4.547590507497645e-05,
0.8,PURE,False,accept,EUR,"{EUR,RUS}+{USA}",{EUR}+{RUS}+{USA},0.0,,,,,,-4.390226015837939e-05,
0.8,PURE,False,accept,EUR,"{EUR,USA}+{RUS}","{EUR,RUS,USA}",0.0,,,,,,-7.762547036271883e-06,
0.8,PURE,False,accept,EUR,"{EUR,USA}+{RUS}","{EUR,RUS}+{USA}",0.0,,,,,,-0.00010314473229522392,
0.8,PURE,False,accept,EUR,"{EUR,USA}+{RUS}","{EUR}+{RUS,USA}",0.0,,,,,,-5.7668827220247465e-05,
0.8,PURE,False,accept,EUR,"{EUR,USA}+{RUS}",{EUR}+{RUS}+{USA},0.0,,,,,,-0.0001470469924536033,
0.8,PURE,False,accept,EUR,"{EUR}+{RUS,USA}","{EUR,RUS,USA}",1.0,,,,,,4.990628018397558e-05,
0.8,PURE,False,accept,EUR,"{EUR}+{RUS,USA}","{EUR,RUS}+{USA}",0.0,,,,,,-4.547590507497645e-05,
0.8,PURE,False,accept,EUR,"{EUR}+{RUS,USA}","{EUR,USA}+{RUS}",1.0,,,,,,5.7668827220247465e-05,
0.8,PURE,False,accept,EUR,{EUR}+{RUS}+{USA},"{EUR,RUS,USA}",1.0,,,,,,0.00013928444541733143,
0.8,PURE,False,accept,EUR,{EUR}+{RUS}+{USA},"{EUR,RUS}+{USA}",1.0,,,,,,4.390226015837939e-05,RUS
0.8,PURE,False,accept,EUR,{EUR}+{RUS}+{USA},"{EUR,USA}+{RUS}",1.0,,,,,,0.0001470469924536033,USA
0.8,PURE,False,accept,RUS,"{EUR,RUS,USA}","{EUR,RUS}+{USA}",1.0,,,,,,3.835872830992848e-05,
0.8,PURE,False,accept,RUS,"{EUR,RUS,USA}","{EUR,USA}+{RUS}",0.0,,,,,,-9.878462861934167e-06,
0.8,PURE,False,accept,RUS,"{EUR,RUS,USA}","{EUR}+{RUS,USA}",1.0,,,,,,5.491441872784719e-06,
0.8,PURE,False,accept,RUS,"{EUR,RUS,USA}",{EUR}+{RUS}+{USA},1.0,,,,,,6.309538020721206e-06,
0.8,PURE,False,accept,RUS,"{EUR,RUS}+{USA}","{EUR,RUS,USA}",0.0,,,,,,-3.835872830992848e-05,
0.8,PURE,False,accept,RUS,"{EUR,RUS}+{USA}","{EUR,USA}+{RUS}",0.0,,,,,,-4.823719117186265e-05,
0.8,PURE,False,accept,RUS,"{EUR,RUS}+{USA}","{EUR}+{RUS,USA}",0.0,,,,,,-3.286728643714376e-05,
0.8,PURE,False,accept,RUS,"{EUR,RUS}+{USA}",{EUR}+{RUS}+{USA},0.0,,,,,,-3.2049190289207274e-05,
0.8,PURE,False,accept,RUS,"{EUR,USA}+{RUS}","{EUR,RUS,USA}",1.0,,,,,,9.878462861934167e-06,
0.8,PURE,False,accept,RUS,"{EUR,USA}+{RUS}","{EUR,RUS}+{USA}",1.0,,,,,,4.823719117186265e-05,
0.8,PURE,False,accept,RUS,"{EUR,USA}+{RUS}","{EUR}+{RUS,USA}",1.0,,,,,,1.5369904734718887e-05,
0.8,PURE,False,accept,RUS,"{EUR}+{RUS,USA}","{EUR,RUS,USA}",0.0,,,,,,-5.491441872784719e-06,
0.8,PURE,False,accept,RUS,"{EUR}+{RUS,USA}","{EUR,RUS}+{USA}",1.0,,,,,,3.286728643714376e-05,
0.8,PURE,False,accept,RUS,"{EUR}+{RUS,USA}","{EUR,USA}+{RUS}",0.0,,,,,,-1.5369904734718887e-05,
0.8,PURE,False,accept,RUS,"{EUR}+{RUS,USA}",{EUR}+{RUS}+{USA},1.0,,,,,,8.180961479364868e-07,
0.8,PURE,False,accept,RUS,{EUR}+{RUS}+{USA},"{EUR,RUS,USA}",0.0,,,,,,-6.309538020721206e-06,
0.8,PURE,False,accept,RUS,{EUR}+{RUS}+{USA},"{EUR,RUS}+{USA}",1.0,,,,,,3.2049190289207274e-05,
0.8,PURE,False,accept,RUS,{EUR}+{RUS}+{USA},"{EUR}+{RUS,USA}",0.0,,,,,,-8.180961479364868e-07,
0.8,PURE,False,accept,USA,"{EUR,RUS,USA}","{EUR,RUS}+{USA}",0.0,,,,,,-0.00017864330260097816,
0.8,PURE,False,accept,USA,"{EUR,RUS,USA}","{EUR,USA}+{RUS}",1.0,,,,,,2.3793685941075893e-05,
0.8,PURE,False,accept,USA,"{EUR,RUS,USA}","{EUR}+{RUS,USA}",0.0,,,,,,-0.0001725618305323806,
0.8,PURE,False,accept,USA,"{EUR,RUS,USA}",{EUR}+{RUS}+{USA},0.0,,,,,,-0.00019525129671915664,
0.8,PURE,False,accept,USA,"{EUR,RUS}+{USA}","{EUR,RUS,USA}",1.0,,,,,,0.00017864330260097816,
0.8,PURE,False,accept,USA,"{EUR,RUS}+{USA}","{EUR,USA}+{RUS}",1.0,,,,,,0.00020243698854205405,
0.8,PURE,False,accept,USA,"{EUR,RUS}+{USA}","{EUR}+{RUS,USA}",1.0,,,,,,6.081472068597549e-06,
0.8,PURE,False,accept,USA,"{EUR,USA}+{RUS}","{EUR,RUS,USA}",0.0,,,,,,-2.3793685941075893e-05,
0.8,PURE,False,accept,USA,"{EUR,USA}+{RUS}","{EUR,RUS}+{USA}",0.0,,,,,,-0.00020243698854205405,
0.8,PURE,False,accept,USA,"{EUR,USA}+{RUS}","{EUR}+{RUS,USA}",0.0,,,,,,-0.0001963555164734565,
0.8,PURE,False,accept,USA,"{EUR,USA}+{RUS}",{EUR}+{RUS}+{USA},0.0,,,,,,-0.00021904498266023253,
0.8,PURE,False,accept,USA,"{EUR}+{RUS,USA}","{EUR,RUS,USA}",1.0,,,,,,0.0001725618305323806,
0.8,PURE,False,accept,USA,"{EUR}+{RUS,USA}","{EUR,RUS}+{USA}",0.0,,,,,,-6.081472068597549e-06,
0.8,PURE,False,accept,USA,"{EUR}+{RUS,USA}","{EUR,USA}+{RUS}",1.0,,,,,,0.0001963555164734565,
0.8,PURE,False,accept,USA,"{EUR}+{RUS,USA}",{EUR}+{RUS}+{USA},0.0,,,,,,-2.268946618677603e-05,
0.8,PURE,False,accept,USA,{EUR}+{RUS}+{USA},"{EUR,RUS,USA}",1.0,,,,,,0.00019525129671915664,
0.8,PURE,False,accept,USA,{EUR}+{RUS}+{USA},"{EUR,USA}+{RUS}",1.0,,,,,,0.00021904498266023253,EUR
0.8,PURE,False,accept,USA,{EUR}+{RUS}+{USA},"{EUR}+{RUS,USA}",1.0,,,,,,2.268946618677603e-05,
0.82,PURE,False,propose,EUR,"{EUR,RUS,USA}","{EUR,RUS,USA}",1.0,True,1.0,1.0,False,,,
0.82,PURE,False,propose,EUR,"{EUR,RUS}+{USA}","{EUR,RUS}+{USA}",1.0,True,1.0,1.0,False,,,
0.82,PURE,False,propose,EUR,"{EUR,USA}+{RUS}","{EUR,USA}+{RUS}",1.0,True,1.0,1.0,False,,,
0.82,PURE,False,propose,EUR,"{EUR}+{RUS,USA}","{EUR}+{RUS,USA}",1.0,True,1.0,1.0,False,,,
0.82,PURE,False,propose,EUR,{EUR}+{RUS}+{USA},"{EUR,USA}+{RUS}",1.0,False,1.0,1.0,False,USA,,
0.82,PURE,False,propose,RUS,"{EUR,RUS,USA}","{EUR,RUS,USA}",1.0,True,1.0,1.0,False,,,
0.82,PURE,False,propose,RUS,"{EUR,RUS}+{USA}","{EUR,RUS}+{USA}",1.0,True,1.0,1.0,False,,,
0.82,PURE,False,propose,RUS,"{EUR,USA}+{RUS}","{EUR,USA}+{RUS}",1.0,True,1.0,1.0,False,,,
0.82,PURE,False,propose,RUS,"{EUR}+{RUS,USA}",{EUR}+{RUS}+{USA},1.0,False,1.0,1.0,True,,,
0.82,PURE,False,propose,RUS,{EUR}+{RUS}+{USA},"{EUR,RUS}+{USA}",1.0,False,1.0,1.0,False,EUR,,
0.82,PURE,False,propose,USA,"{EUR,RUS,USA}","{EUR,RUS,USA}",1.0,True,1.0,1.0,False,,,
0.82,PURE,False,propose,USA,"{EUR,RUS}+{USA}","{EUR,RUS}+{USA}",1.0,True,1.0,1.0,False,,,
0.82,PURE,False,propose,USA,"{EUR,USA}+{RUS}","{EUR,USA}+{RUS}",1.0,True,1.0,1.0,False,,,
0.82,PURE,False,propose,USA,"{EUR}+{RUS,USA}","{EUR}+{RUS,USA}",1.0,True,1.0,1.0,False,,,
0.82,PURE,False,propose,USA,{EUR}+{RUS}+{USA},"{EUR,USA}+{RUS}",1.0,False,1.0,1.0,False,EUR,,
0.82,PURE,False,accept,EUR,"{EUR,RUS,USA}","{EUR,RUS}+{USA}",0.0,,,,,,-9.538218525895203e-05,
0.82,PURE,False,accept,EUR,"{EUR,RUS,USA}","{EUR,USA}+{RUS}",1.0,,,,,,7.762547036271883e-06,
0.82,PURE,False,accept,EUR,"{EUR,RUS,USA}","{EUR}+{RUS,USA}",0.0,,,,,,-4.968514231018517e-05,
0.82,PURE,False,accept,EUR,"{EUR,RUS,USA}",{EUR}+{RUS}+{USA},0.0,,,,,,-0.00012801790391536727,
0.82,PURE,False,accept,EUR,"{EUR,RUS}+{USA}","{EUR,RUS,USA}",1.0,,,,,,9.538218525895203e-05,
0.82,PURE,False,accept,EUR,"{EUR,RUS}+{USA}","{EUR,USA}+{RUS}",1.0,,,,,,0.00010314473229522392,
0.82,PURE,False,accept,EUR,"{EUR,RUS}+{USA}","{EUR}+{RUS,USA}",1.0,,,,,,4.5697042948766864e-05,
0.82,PURE,False,accept,EUR,"{EUR,RUS}+{USA}",{EUR}+{RUS}+{USA},0.0,,,,,,-3.2635718656415236e-05,
0.82,PURE,False,accept,EUR,"{EUR,USA}+{RUS}","{EUR,RUS,USA}",0.0,,,,,,-7.762547036271883e-06,
0.82,PURE,False,accept,EUR,"{EUR,USA}+{RUS}","{EUR,RUS}+{USA}",0.0,,,,,,-0.00010314473229522392,
0.82,PURE,False,accept,EUR,"{EUR,USA}+{RUS}","{EUR}+{RUS,USA}",0.0,,,,,,-5.7447689346457054e-05,
0.82,PURE,False,accept,EUR,"{EUR,USA}+{RUS}",{EUR}+{RUS}+{USA},0.0,,,,,,-0.00013578045095163915,
0.82,PURE,False,accept,EUR,"{EUR}+{RUS,USA}","{EUR,RUS,USA}",1.0,,,,,,4.968514231018517e-05,
0.82,PURE,False,accept,EUR,"{EUR}+{RUS,USA}","{EUR,RUS}+{USA}",0.0,,,,,,-4.5697042948766864e-05,
0.82,PURE,False,accept,EUR,"{EUR}+{RUS,USA}","{EUR,USA}+{RUS}",1.0,,,,,,5.7447689346457054e-05,
0.82,PURE,False,accept,EUR,{EUR}+{RUS}+{USA},"{EUR,RUS,USA}",1.0,,,,,,0.00012801790391536727,
0.82,PURE,False,accept,EUR,{EUR}+{RUS}+{USA},"{EUR,RUS}+{USA}",1.0,,,,,,3.2635718656415236e-05,RUS
0.82,PURE,False,accept,EUR,{EUR}+{RUS}+{USA},"{EUR,USA}+{RUS}",1.0,,,,,,0.00013578045095163915,USA
0.82,PURE,False,accept,RUS,"{EUR,RUS,USA}","{EUR,RUS}+{USA}",1.0,,,,,,3.835872830992848e-05,
0.82,PURE,False,accept,RUS,"{EUR,RUS,USA}","{EUR,USA}+{RUS}",0.0,,,,,,-9.878462861934167e-06,
0.82,PURE,False,accept,RUS,"{EUR,RUS,USA}","{EUR}+{RUS,USA}",1.0,,,,,,5.545027731423957e-06,
0.82,PURE,False,accept,RUS,"{EUR,RUS,USA}",{EUR}+{RUS}+{USA},1.0,,,,,,6.298644304791878e-06,
0.82,PURE,False,accept,RUS,"{EUR,RUS}+{USA}","{EUR,RUS,USA}",0.0,,,,,,-3.835872830992848e-05,
0.82,PURE,False,accept,RUS,"{EUR,RUS}+{USA}","{EUR,USA}+{RUS}",0.0,,,,,,-4.823719117186265e-05,
0.82,PURE,False,accept,RUS,"{EUR,RUS}+{USA}","{EUR}+{RUS,USA}",0.0,,,,,,-3.281370057850452e-05,
0.82,PURE,False,accept,RUS,"{EUR,RUS}+{USA}",{EUR}+{RUS}+{USA},0.0,,,,,,-3.20600840051366e-05,
0.82,PURE,False,accept,RUS,"{EUR,USA}+{RUS}","{EUR,RUS,USA}",1.0,,,,,,9.878462861934167e-06,
0.82,PURE,False,accept,RUS,"{EUR,USA}+{RUS}","{EUR,RUS}+{USA}",1.0,,,,,,4.823719117186265e-05,
0.82,PURE,False,accept,RUS,"{EUR,USA}+{RUS}","{EUR}+{RUS,USA}",1.0,,,,,,1.5423490593358125e-05,
0.82,PURE,False,accept,RUS,"{EUR}+{RUS,USA}","{EUR,RUS,USA}",0.0,,,,,,-5.545027731423957e-06,
0.82,PURE,False,accept,RUS,"{EUR}+{RUS,USA}","{EUR,RUS}+{USA}",1.0,,,,,,3.281370057850452e-05,
0.82,PURE,False,accept,RUS,"{EUR}+{RUS,USA}","{EUR,USA}+{RUS}",0.0,,,,,,-1.5423490593358125e-05,
0.82,PURE,False,accept,RUS,"{EUR}+{RUS,USA}",{EUR}+{RUS}+{USA},1.0,,,,,,7.536165733679212e-07,
0.82,PURE,False,accept,RUS,{EUR}+{RUS}+{USA},"{EUR,RUS,USA}",0.0,,,,,,-6.298644304791878e-06,
0.82,PURE,False,accept,RUS,{EUR}+{RUS}+{USA},"{EUR,RUS}+{USA}",1.0,,,,,,3.20600840051366e-05,
0.82,PURE,False,accept,RUS,{EUR}+{RUS}+{USA},"{EUR}+{RUS,USA}",0.0,,,,,,-7.536165733679212e-07,
0.82,PURE,False,accept,USA,"{EUR,RUS,USA}","{EUR,RUS}+{USA}",0.0,,,,,,-0.00017864330260097816,
0.82,PURE,False,accept,USA,"{EUR,RUS,USA}","{EUR,USA}+{RUS}",1.0,,,,,,2.3793685941075893e-05,
0.82,PURE,False,accept,USA,"{EUR,RUS,USA}","{EUR}+{RUS,USA}",0.0,,,,,,-0.0001650916362145871,
0.82,PURE,False,accept,USA,"{EUR,RUS,USA}",{EUR}+{RUS}+{USA},0.0,,,,,,-0.0001800946980714535,
0.82,PURE,False,accept,USA,"{EUR,RUS}+{USA}","{EUR,RUS,USA}",1.0,,,,,,0.00017864330260097816,
0.82,PURE,False,accept,USA,"{EUR,RUS}+{USA}","{EUR,USA}+{RUS}",1.0,,,,,,0.00020243698854205405,
0.82,PURE,False,accept,USA,"{EUR,RUS}+{USA}","{EUR}+{RUS,USA}",1.0,,,,,,1.3551666386391048e-05,
0.82,PURE,False,accept,USA,"{EUR,USA}+{RUS}","{EUR,RUS,USA}",0.0,,,,,,-2.3793685941075893e-05,
0.82,PURE,False,accept,USA,"{EUR,USA}+{RUS}","{EUR,RUS}+{USA}",0.0,,,,,,-0.00020243698854205405,
0.82,PURE,False,accept,USA,"{EUR,USA}+{RUS}","{EUR}+{RUS,USA}",0.0,,,,,,-0.000188885322155663,
0.82,PURE,False,accept,USA,"{EUR,USA}+{RUS}",{EUR}+{RUS}+{USA},0.0,,,,,,-0.0002038883840125294,
0.82,PURE,False,accept,USA,"{EUR}+{RUS,USA}","{EUR,RUS,USA}",1.0,,,,,,0.0001650916362145871,
0.82,PURE,False,accept,USA,"{EUR}+{RUS,USA}","{EUR,RUS}+{USA}",0.0,,,,,,-1.3551666386391048e-05,
0.82,PURE,False,accept,USA,"{EUR}+{RUS,USA}","{EUR,USA}+{RUS}",1.0,,,,,,0.000188885322155663,
0.82,PURE,False,accept,USA,"{EUR}+{RUS,USA}",{EUR}+{RUS}+{USA},0.0,,,,,,-1.5003061856866395e-05,
0.82,PURE,False,accept,USA,{EUR}+{RUS}+{USA},"{EUR,RUS,USA}",1.0,,,,,,0.0001800946980714535,
0.82,PURE,False,accept,USA,{EUR}+{RUS}+{USA},"{EUR,USA}+{RUS}",1.0,,,,,,0.0002038883840125294,EUR
0.82,PURE,False,accept,USA,{EUR}+{RUS}+{USA},"{EUR}+{RUS,USA}",1.0,,,,,,1.5003061856866395e-05,
0.84,PURE,False,propose,EUR,"{EUR,RUS,USA}","{EUR,RUS,USA}",1.0,True,1.0,1.0,False,,,
0.84,PURE,False,propose,EUR,"{EUR,RUS}+{USA}","{EUR,RUS}+{USA}",1.0,True,1.0,1.0,False,,,
0.84,PURE,False,propose,EUR,"{EUR,USA}+{RUS}","{EUR,USA}+{RUS}",1.0,True,1.0,1.0,False,,,
0.84,PURE,False,propose,EUR,"{EUR}+{RUS,USA}","{EUR}+{RUS,USA}",1.0,True,1.0,1.0,False,,,
0.84,PURE,False,propose,EUR,{EUR}+{RUS}+{USA},"{EUR,USA}+{RUS}",1.0,False,1.0,1.0,False,USA,,
0.84,PURE,False,propose,RUS,"{EUR,RUS,USA}","{EUR,RUS,USA}",1.0,True,1.0,1.0,False,,,
0.84,PURE,False,propose,RUS,"{EUR,RUS}+{USA}","{EUR,RUS}+{USA}",1.0,True,1.0,1.0,False,,,
0.84,PURE,False,propose,RUS,"{EUR,USA}+{RUS}","{EUR,USA}+{RUS}",1.0,True,1.0,1.0,False,,,
0.84,PURE,False,propose,RUS,"{EUR}+{RUS,USA}",{EUR}+{RUS}+{USA},1.0,False,1.0,1.0,True,,,
0.84,PURE,False,propose,RUS,{EUR}+{RUS}+{USA},"{EUR,RUS}+{USA}",1.0,False,1.0,1.0,False,EUR,,
0.84,PURE,False,propose,USA,"{EUR,RUS,USA}","{EUR,RUS,USA}",1.0,True,1.0,1.0,False,,,
0.84,PURE,False,propose,USA,"{EUR,RUS}+{USA}","{EUR,RUS}+{USA}",1.0,True,1.0,1.0,False,,,
0.84,PURE,False,propose,USA,"{EUR,USA}+{RUS}","{EUR,USA}+{RUS}",1.0,True,1.0,1.0,False,,,
0.84,PURE,False,propose,USA,"{EUR}+{RUS,USA}","{EUR}+{RUS,USA}",1.0,True,1.0,1.0,False,,,
0.84,PURE,False,propose,USA,{EUR}+{RUS}+{USA},"{EUR,USA}+{RUS}",1.0,False,1.0,1.0,False,EUR,,
0.84,PURE,False,accept,EUR,"{EUR,RUS,USA}","{EUR,RUS}+{USA}",0.0,,,,,,-9.538218525895203e-05,
0.84,PURE,False,accept,EUR,"{EUR,RUS,USA}","{EUR,USA}+{RUS}",1.0,,,,,,7.762547036271883e-06,
0.84,PURE,False,accept,EUR,"{EUR,RUS,USA}","{EUR}+{RUS,USA}",0.0,,,,,,-4.910919179224038e-05,
0.84,PURE,False,accept,EUR,"{EUR,RUS,USA}",{EUR}+{RUS}+{USA},0.0,,,,,,-0.00011675136241295903,
0.84,PURE,False,accept,EUR,"{EUR,RUS}+{USA}","{EUR,RUS,USA}",1.0,,,,,,9.538218525895203e-05,
0.84,PURE,False,accept,EUR,"{EUR,RUS}+{USA}","{EUR,USA}+{RUS}",1.0,,,,,,0.00010314473229522392,
0.84,PURE,False,accept,EUR,"{EUR,RUS}+{USA}","{EUR}+{RUS,USA}",1.0,,,,,,4.6272993466711654e-05,
0.84,PURE,False,accept,EUR,"{EUR,RUS}+{USA}",{EUR}+{RUS}+{USA},0.0,,,,,,-2.136917715400699e-05,
0.84,PURE,False,accept,EUR,"{EUR,USA}+{RUS}","{EUR,RUS,USA}",0.0,,,,,,-7.762547036271883e-06,
0.84,PURE,False,accept,EUR,"{EUR,USA}+{RUS}","{EUR,RUS}+{USA}",0.0,,,,,,-0.00010314473229522392,
0.84,PURE,False,accept,EUR,"{EUR,USA}+{RUS}","{EUR}+{RUS,USA}",0.0,,,,,,-5.6871738828512264e-05,
0.84,PURE,False,accept,EUR,"{EUR,USA}+{RUS}",{EUR}+{RUS}+{USA},0.0,,,,,,-0.0001245139094492309,
0.84,PURE,False,accept,EUR,"{EUR}+{RUS,USA}","{EUR,RUS,USA}",1.0,,,,,,4.910919179224038e-05,
0.84,PURE,False,accept,EUR,"{EUR}+{RUS,USA}","{EUR,RUS}+{USA}",0.0,,,,,,-4.6272993466711654e-05,
0.84,PURE,False,accept,EUR,"{EUR}+{RUS,USA}","{EUR,USA}+{RUS}",1.0,,,,,,5.6871738828512264e-05,
0.84,PURE,False,accept,EUR,{EUR}+{RUS}+{USA},"{EUR,RUS,USA}",1.0,,,,,,0.00011675136241295903,
0.84,PURE,False,accept,EUR,{EUR}+{RUS}+{USA},"{EUR,RUS}+{USA}",1.0,,,,,,2.136917715400699e-05,RUS
0.84,PURE,False,accept,EUR,{EUR}+{RUS}+{USA},"{EUR,USA}+{RUS}",1.0,,,,,,0.0001245139094492309,USA
0.84,PURE,False,accept,RUS,"{EUR,RUS,USA}","{EUR,RUS}+{USA}",1.0,,,,,,3.835872830992848e-05,
0.84,PURE,False,accept,RUS,"{EUR,RUS,USA}","{EUR,USA}+{RUS}",0.0,,,,,,-9.878462861934167e-06,
0.84,PURE,False,accept,RUS,"{EUR,RUS,USA}","{EUR}+{RUS,USA}",1.0,,,,,,5.601531105403623e-06,
0.84,PURE,False,accept,RUS,"{EUR,RUS,USA}",{EUR}+{RUS}+{USA},1.0,,,,,,6.287750588862551e-06,
0.84,PURE,False,accept,RUS,"{EUR,RUS}+{USA}","{EUR,RUS,USA}",0.0,,,,,,-3.835872830992848e-05,
0.84,PURE,False,accept,RUS,"{EUR,RUS}+{USA}","{EUR,USA}+{RUS}",0.0,,,,,,-4.823719117186265e-05,
0.84,PURE,False,accept,RUS,"{EUR,RUS}+{USA}","{EUR}+{RUS,USA}",0.0,,,,,,-3.275719720452486e-05,
0.84,PURE,False,accept,RUS,"{EUR,RUS}+{USA}",{EUR}+{RUS}+{USA},0.0,,,,,,-3.207097772106593e-05,
0.84,PURE,False,accept,RUS,"{EUR,USA}+{RUS}","{EUR,RUS,USA}",1.0,,,,,,9.878462861934167e-06,
0.84,PURE,False,accept,RUS,"{EUR,USA}+{RUS}","{EUR,RUS}+{USA}",1.0,,,,,,4.823719117186265e-05,
0.84,PURE,False,accept,RUS,"{EUR,USA}+{RUS}","{EUR}+{RUS,USA}",1.0,,,,,,1.547999396733779e-05,
0.84,PURE,False,accept,RUS,"{EUR}+{RUS,USA}","{EUR,RUS,USA}",0.0,,,,,,-5.601531105403623e-06,
0.84,PURE,False,accept,RUS,"{EUR}+{RUS,USA}","{EUR,RUS}+{USA}",1.0,,,,,,3.275719720452486e-05,
0.84,PURE,False,accept,RUS,"{EUR}+{RUS,USA}","{EUR,USA}+{RUS}",0.0,,,,,,-1.547999396733779e-05,
0.84,PURE,False,accept,RUS,"{EUR}+{RUS,USA}",{EUR}+{RUS}+{USA},1.0,,,,,,6.862194834589275e-07,
0.84,PURE,False,accept,RUS,{EUR}+{RUS}+{USA},"{EUR,RUS,USA}",0.0,,,,,,-6.287750588862551e-06,
0.84,PURE,False,accept,RUS,{EUR}+{RUS}+{USA},"{EUR,RUS}+{USA}",1.0,,,,,,3.207097772106593e-05,
0.84,PURE,False,accept,RUS,{EUR}+{RUS}+{USA},"{EUR}+{RUS,USA}",0.0,,,,,,-6.862194834589275e-07,
0.84,PURE,False,accept,USA,"{EUR,RUS,USA}","{EUR,RUS}+{USA}",0.0,,,,,,-0.00017864330260097816,
0.84,PURE,False,accept,USA,"{EUR,RUS,USA}","{EUR,USA}+{RUS}",1.0,,,,,,2.3793685941075893e-05,
0.84,PURE,False,accept,USA,"{EUR,RUS,USA}","{EUR}+{RUS,USA}",0.0,,,,,,-0.0001567094119785395,
0.84,PURE,False,accept,USA,"{EUR,RUS,USA}",{EUR}+{RUS}+{USA},0.0,,,,,,-0.00016493809942330628,
0.84,PURE,False,accept,USA,"{EUR,RUS}+{USA}","{EUR,RUS,USA}",1.0,,,,,,0.00017864330260097816,
0.84,PURE,False,accept,USA,"{EUR,RUS}+{USA}","{EUR,USA}+{RUS}",1.0,,,,,,0.00020243698854205405,
0.84,PURE,False,accept,USA,"{EUR,RUS}+{USA}","{EUR}+{RUS,USA}",1.0,,,,,,2.1933890622438668e-05,
0.84,PURE,False,accept,USA,"{EUR,USA}+{RUS}","{EUR,RUS,USA}",0.0,,,,,,-2.3793685941075893e-05,
0.84,PURE,False,accept,USA,"{EUR,USA}+{RUS}","{EUR,RUS}+{USA}",0.0,,,,,,-0.00020243698854205405,
0.84,PURE,False,accept,USA,"{EUR,USA}+{RUS}","{EUR}+{RUS,USA}",0.0,,,,,,-0.00018050309791961539,
0.84,PURE,False,accept,USA,"{EUR,USA}+{RUS}",{EUR}+{RUS}+{USA},0.0,,,,,,-0.00018873178536438218,
0.84,PURE,False,accept,USA,"{EUR}+{RUS,USA}","{EUR,RUS,USA}",1.0,,,,,,0.0001567094119785395,
0.84,PURE,False,accept,USA,"{EUR}+{RUS,USA}","{EUR,RUS}+{USA}",0.0,,,,,,-2.1933890622438668e-05,
0.84,PURE,False,accept,USA,"{EUR}+{RUS,USA}","{EUR,USA}+{RUS}",1.0,,,,,,0.00018050309791961539,
0.84,PURE,False,accept,USA,"{EUR}+{RUS,USA}",{EUR}+{RUS}+{USA},0.0,,,,,,-8.228687444766791e-06,
0.84,PURE,False,accept,USA,{EUR}+{RUS}+{USA},"{EUR,RUS,USA}",1.0,,,,,,0.00016493809942330628,
0.84,PURE,False,accept,USA,{EUR}+{RUS}+{USA},"{EUR,USA}+{RUS}",1.0,,,,,,0.00018873178536438218,EUR
0.84,PURE,False,accept,USA,{EUR}+{RUS}+{USA},"{EUR}+{RUS,USA}",1.0,,,,,,8.228687444766791e-06,
0.86,PURE,False,propose,EUR,"{EUR,RUS,USA}","{EUR,RUS,USA}",1.0,True,1.0,1.0,False,,,
0.86,PURE,False,propose,EUR,"{EUR,RUS}+{USA}","{EUR,RUS}+{USA}",1.0,True,1.0,1.0,False,,,
0.86,PURE,False,propose,EUR,"{EUR,USA}+{RUS}","{EUR,USA}+{RUS}",1.0,True,1.0,1.0,False,,,
0.86,PURE,False,propose,EUR,"{EUR}+{RUS,USA}","{EUR}+{RUS,USA}",1.0,True,1.0,1.0,False,,,
0.86,PURE,False,propose,EUR,{EUR}+{RUS}+{USA},"{EUR,USA}+{RUS}",1.0,False,1.0,1.0,False,USA,,
0.86,PURE,False,propose,RUS,"{EUR,RUS,USA}","{EUR,RUS,USA}",1.0,True,1.0,1.0,False,,,
0.86,PURE,False,propose,RUS,"{EUR,RUS}+{USA}","{EUR,RUS}+{USA}",1.0,True,1.0,1.0,False,,,
0.86,PURE,False,propose,RUS,"{EUR,USA}+{RUS}","{EUR,USA}+{RUS}",1.0,True,1.0,1.0,False,,,
0.86,PURE,False,propose,RUS,"{EUR}+{RUS,USA}",{EUR}+{RUS}+{USA},1.0,False,1.0,1.0,True,,,
0.86,PURE,False,propose,RUS,{EUR}+{RUS}+{USA},"{EUR,RUS}+{USA}",1.0,False,1.0,1.0,False,EUR,,
0.86,PURE,False,propose,USA,"{EUR,RUS,USA}","{EUR,RUS,USA}",1.0,True,1.0,1.0,False,,,
0.86,PURE,False,propose,USA,"{EUR,RUS}+{USA}","{EUR,RUS}+{USA}",1.0,True,1.0,1.0,False,,,
0.86,PURE,False,propose,USA,"{EUR,USA}+{RUS}","{EUR,USA}+{RUS}",1.0,True,1.0,1.0,False,,,
0.86,PURE,False,propose,USA,"{EUR}+{RUS,USA}","{EUR}+{RUS,USA}",1.0,True,1.0,1.0,False,,,
0.86,PURE,False,propose,USA,{EUR}+{RUS}+{USA},"{EUR,USA}+{RUS}",1.0,False,1.0,1.0,False,EUR,,
0.86,PURE,False,accept,EUR,"{EUR,RUS,USA}","{EUR,RUS}+{USA}",0.0,,,,,,-9.538218525895203e-05,
0.86,PURE,False,accept,EUR,"{EUR,RUS,USA}","{EUR,USA}+{RUS}",1.0,,,,,,7.762547036271883e-06,
0.86,PURE,False,accept,EUR,"{EUR,RUS,USA}","{EUR}+{RUS,USA}",0.0,,,,,,-4.814516494500154e-05,
0.86,PURE,False,accept,EUR,"{EUR,RUS,USA}",{EUR}+{RUS}+{USA},0.0,,,,,,-0.00010548482091099487,
0.86,PURE,False,accept,EUR,"{EUR,RUS}+{USA}","{EUR,RUS,USA}",1.0,,,,,,9.538218525895203e-05,
0.86,PURE,False,accept,EUR,"{EUR,RUS}+{USA}","{EUR,USA}+{RUS}",1.0,,,,,,0.00010314473229522392,
0.86,PURE,False,accept,EUR,"{EUR,RUS}+{USA}","{EUR}+{RUS,USA}",1.0,,,,,,4.7237020313950495e-05,
0.86,PURE,False,accept,EUR,"{EUR,RUS}+{USA}",{EUR}+{RUS}+{USA},0.0,,,,,,-1.0102635652042835e-05,
0.86,PURE,False,accept,EUR,"{EUR,USA}+{RUS}","{EUR,RUS,USA}",0.0,,,,,,-7.762547036271883e-06,
0.86,PURE,False,accept,EUR,"{EUR,USA}+{RUS}","{EUR,RUS}+{USA}",0.0,,,,,,-0.00010314473229522392,
0.86,PURE,False,accept,EUR,"{EUR,USA}+{RUS}","{EUR}+{RUS,USA}",0.0,,,,,,-5.590771198127342e-05,
0.86,PURE,False,accept,EUR,"{EUR,USA}+{RUS}",{EUR}+{RUS}+{USA},0.0,,,,,,-0.00011324736794726675,
0.86,PURE,False,accept,EUR,"{EUR}+{RUS,USA}","{EUR,RUS,USA}",1.0,,,,,,4.814516494500154e-05,
0.86,PURE,False,accept,EUR,"{EUR}+{RUS,USA}","{EUR,RUS}+{USA}",0.0,,,,,,-4.7237020313950495e-05,
0.86,PURE,False,accept,EUR,"{EUR}+{RUS,USA}","{EUR,USA}+{RUS}",1.0,,,,,,5.590771198127342e-05,
0.86,PURE,False,accept,EUR,{EUR}+{RUS}+{USA},"{EUR,RUS,USA}",1.0,,,,,,0.00010548482091099487,
0.86,PURE,False,accept,EUR,{EUR}+{RUS}+{USA},"{EUR,RUS}+{USA}",1.0,,,,,,1.0102635652042835e-05,RUS
0.86,PURE,False,accept,EUR,{EUR}+{RUS}+{USA},"{EUR,USA}+{RUS}",1.0,,,,,,0.00011324736794726675,USA
0.86,PURE,False,accept,RUS,"{EUR,RUS,USA}","{EUR,RUS}+{USA}",1.0,,,,,,3.835872830992848e-05,
0.86,PURE,False,accept,RUS,"{EUR,RUS,USA}","{EUR,USA}+{RUS}",0.0,,,,,,-9.878462861934167e-06,
0.86,PURE,False,accept,RUS,"{EUR,RUS,USA}","{EUR}+{RUS,USA}",1.0,,,,,,5.66122551148851e-06,
0.86,PURE,False,accept,RUS,"{EUR,RUS,USA}",{EUR}+{RUS}+{USA},1.0,,,,,,6.276856872933223e-06,
0.86,PURE,False,accept,RUS,"{EUR,RUS}+{USA}","{EUR,RUS,USA}",0.0,,,,,,-3.835872830992848e-05,
0.86,PURE,False,accept,RUS,"{EUR,RUS}+{USA}","{EUR,USA}+{RUS}",0.0,,,,,,-4.823719117186265e-05,
0.86,PURE,False,accept,RUS,"{EUR,RUS}+{USA}","{EUR}+{RUS,USA}",0.0,,,,,,-3.269750279843997e-05,
0.86,PURE,False,accept,RUS,"{EUR,RUS}+{USA}",{EUR}+{RUS}+{USA},0.0,,,,,,-3.208187143699526e-05,
0.86,PURE,False,accept,RUS,"{EUR,USA}+{RUS}","{EUR,RUS,USA}",1.0,,,,,,9.878462861934167e-06,
0.86,PURE,False,accept,RUS,"{EUR,USA}+{RUS}","{EUR,RUS}+{USA}",1.0,,,,,,4.823719117186265e-05,
0.86,PURE,False,accept,RUS,"{EUR,USA}+{RUS}","{EUR}+{RUS,USA}",1.0,,,,,,1.5539688373422678e-05,
0.86,PURE,False,accept,RUS,"{EUR}+{RUS,USA}","{EUR,RUS,USA}",0.0,,,,,,-5.66122551148851e-06,
0.86,PURE,False,accept,RUS,"{EUR}+{RUS,USA}","{EUR,RUS}+{USA}",1.0,,,,,,3.269750279843997e-05,
0.86,PURE,False,accept,RUS,"{EUR}+{RUS,USA}","{EUR,USA}+{RUS}",0.0,,,,,,-1.5539688373422678e-05,
0.86,PURE,False,accept,RUS,"{EUR}+{RUS,USA}",{EUR}+{RUS}+{USA},1.0,,,,,,6.156313614447129e-07,
0.86,PURE,False,accept,RUS,{EUR}+{RUS}+{USA},"{EUR,RUS,USA}",0.0,,,,,,-6.276856872933223e-06,
0.86,PURE,False,accept,RUS,{EUR}+{RUS}+{USA},"{EUR,RUS}+{USA}",1.0,,,,,,3.208187143699526e-05,
0.86,PURE,False,accept,RUS,{EUR}+{RUS}+{USA},"{EUR}+{RUS,USA}",0.0,,,,,,-6.156313614447129e-07,
0.86,PURE,False,accept,USA,"{EUR,RUS,USA}","{EUR,RUS}+{USA}",0.0,,,,,,-0.00017864330260097816,
0.86,PURE,False,accept,USA,"{EUR,RUS,USA}","{EUR,USA}+{RUS}",1.0,,,,,,2.3793685941075893e-05,
0.86,PURE,False,accept,USA,"{EUR,RUS,USA}","{EUR}+{RUS,USA}",0.0,,,,,,-0.0001473296550202896,
0.86,PURE,False,accept,USA,"{EUR,RUS,USA}",{EUR}+{RUS}+{USA},0.0,,,,,,-0.00014978150077515906,
0.86,PURE,False,accept,USA,"{EUR,RUS}+{USA}","{EUR,RUS,USA}",1.0,,,,,,0.00017864330260097816,
0.86,PURE,False,accept,USA,"{EUR,RUS}+{USA}","{EUR,USA}+{RUS}",1.0,,,,,,0.00020243698854205405,
0.86,PURE,False,accept,USA,"{EUR,RUS}+{USA}","{EUR}+{RUS,USA}",1.0,,,,,,3.131364758068855e-05,
0.86,PURE,False,accept,USA,"{EUR,USA}+{RUS}","{EUR,RUS,USA}",0.0,,,,,,-2.3793685941075893e-05,
0.86,PURE,False,accept,USA,"{EUR,USA}+{RUS}","{EUR,RUS}+{USA}",0.0,,,,,,-0.00020243698854205405,
0.86,PURE,False,accept,USA,"{EUR,USA}+{RUS}","{EUR}+{RUS,USA}",0.0,,,,,,-0.0001711233409613655,
0.86,PURE,False,accept,USA,"{EUR,USA}+{RUS}",{EUR}+{RUS}+{USA},0.0,,,,,,-0.00017357518671623495,
0.86,PURE,False,accept,USA,"{EUR}+{RUS,USA}","{EUR,RUS,USA}",1.0,,,,,,0.0001473296550202896,
0.86,PURE,False,accept,USA,"{EUR}+{RUS,USA}","{EUR,RUS}+{USA}",0.0,,,,,,-3.131364758068855e-05,
0.86,PURE,False,accept,USA,"{EUR}+{RUS,USA}","{EUR,USA}+{RUS}",1.0,,,,,,0.0001711233409613655,
0.86,PURE,False,accept,USA,"{EUR}+{RUS,USA}",{EUR}+{RUS}+{USA},0.0,,,,,,-2.4518457548694528e-06,
0.86,PURE,False,accept,USA,{EUR}+{RUS}+{USA},"{EUR,RUS,USA}",1.0,,,,,,0.00014978150077515906,
0.86,PURE,False,accept,USA,{EUR}+{RUS}+{USA},"{EUR,USA}+{RUS}",1.0,,,,,,0.00017357518671623495,EUR
0.86,PURE,False,accept,USA,{EUR}+{RUS}+{USA},"{EUR}+{RUS,USA}",1.0,,,,,,2.4518457548694528e-06,
0.88,PURE,False,propose,EUR,"{EUR,RUS,USA}","{EUR}+{RUS,USA}",1.0,False,1.0,1.0,True,,,
0.88,PURE,False,propose,EUR,"{EUR,RUS}+{USA}",{EUR}+{RUS}+{USA},1.0,False,1.0,1.0,True,,,
0.88,PURE,False,propose,EUR,"{EUR,USA}+{RUS}","{EUR,USA}+{RUS}",1.0,True,1.0,1.0,False,,,
0.88,PURE,False,propose,EUR,"{EUR}+{RUS,USA}","{EUR}+{RUS,USA}",1.0,True,1.0,1.0,False,,,
0.88,PURE,False,propose,EUR,{EUR}+{RUS}+{USA},"{EUR}+{RUS,USA}",1.0,False,1.0,1.0,False,"RUS,USA",,
0.88,PURE,False,propose,RUS,"{EUR,RUS,USA}","{EUR,RUS,USA}",1.0,True,1.0,1.0,False,,,
0.88,PURE,False,propose,RUS,"{EUR,RUS}+{USA}","{EUR,RUS}+{USA}",1.0,True,1.0,1.0,False,,,
0.88,PURE,False,propose,RUS,"{EUR,USA}+{RUS}","{EUR,USA}+{RUS}",1.0,True,1.0,1.0,False,,,
0.88,PURE,False,propose,RUS,"{EUR}+{RUS,USA}","{EUR}+{RUS,USA}",1.0,True,1.0,1.0,False,,,
0.88,PURE,False,propose,RUS,{EUR}+{RUS}+{USA},"{EUR}+{RUS,USA}",1.0,False,1.0,1.0,False,USA,,
0.88,PURE,False,propose,USA,"{EUR,RUS,USA}","{EUR,RUS,USA}",1.0,True,1.0,1.0,False,,,
0.88,PURE,False,propose,USA,"{EUR,RUS}+{USA}","{EUR,RUS}+{USA}",1.0,True,1.0,1.0,False,,,
0.88,PURE,False,propose,USA,"{EUR,USA}+{RUS}","{EUR,USA}+{RUS}",1.0,True,1.0,1.0,False,,,
0.88,PURE,False,propose,USA,"{EUR}+{RUS,USA}","{EUR}+{RUS,USA}",1.0,True,1.0,1.0,False,,,
0.88,PURE,False,propose,USA,{EUR}+{RUS}+{USA},"{EUR,USA}+{RUS}",1.0,False,1.0,1.0,False,EUR,,
0.88,PURE,False,accept,EUR,"{EUR,RUS,USA}","{EUR,RUS}+{USA}",0.0,,,,,,-9.66338464549743e-05,
0.88,PURE,False,accept,EUR,"{EUR,RUS,USA}","{EUR,USA}+{RUS}",0.0,,,,,,-4.1392980365984045e-05,
0.88,PURE,False,accept,EUR,"{EUR,RUS,USA}","{EUR}+{RUS,USA}",1.0,,,,,,2.0109079391872342e-05,
0.88,PURE,False,accept,EUR,"{EUR,RUS,USA}",{EUR}+{RUS}+{USA},0.0,,,,,,-7.703681027981801e-05,
0.88,PURE,False,accept,EUR,"{EUR,RUS}+{USA}","{EUR,RUS,USA}",1.0,,,,,,9.66338464549743e-05,
0.88,PURE,False,accept,EUR,"{EUR,RUS}+{USA}","{EUR,USA}+{RUS}",1.0,,,,,,5.524086608899026e-05,
0.88,PURE,False,accept,EUR,"{EUR,RUS}+{USA}","{EUR}+{RUS,USA}",1.0,,,,,,0.00011674292584684665,
0.88,PURE,False,accept,EUR,"{EUR,RUS}+{USA}",{EUR}+{RUS}+{USA},1.0,,,,,,1.959703617515629e-05,
0.88,PURE,False,accept,EUR,"{EUR,USA}+{RUS}","{EUR,RUS,USA}",1.0,,,,,,4.1392980365984045e-05,
0.88,PURE,False,accept,EUR,"{EUR,USA}+{RUS}","{EUR,RUS}+{USA}",0.0,,,,,,-5.524086608899026e-05,
0.88,PURE,False,accept,EUR,"{EUR,USA}+{RUS}","{EUR}+{RUS,USA}",1.0,,,,,,6.150205975785639e-05,
0.88,PURE,False,accept,EUR,"{EUR,USA}+{RUS}",{EUR}+{RUS}+{USA},0.0,,,,,,-3.564382991383397e-05,
0.88,PURE,False,accept,EUR,"{EUR}+{RUS,USA}","{EUR,RUS,USA}",0.0,,,,,,-2.0109079391872342e-05,
0.88,PURE,False,accept,EUR,"{EUR}+{RUS,USA}","{EUR,RUS}+{USA}",0.0,,,,,,-0.00011674292584684665,
0.88,PURE,False,accept,EUR,"{EUR}+{RUS,USA}","{EUR,USA}+{RUS}",0.0,,,,,,-6.150205975785639e-05,
0.88,PURE,False,accept,EUR,{EUR}+{RUS}+{USA},"{EUR,RUS,USA}",1.0,,,,,,7.703681027981801e-05,
0.88,PURE,False,accept,EUR,{EUR}+{RUS}+{USA},"{EUR,RUS}+{USA}",0.0,,,,,,-1.959703617515629e-05,
0.88,PURE,False,accept,EUR,{EUR}+{RUS}+{USA},"{EUR,USA}+{RUS}",1.0,,,,,,3.564382991383397e-05,USA
0.88,PURE,False,accept,RUS,"{EUR,RUS,USA}","{EUR,RUS}+{USA}",1.0,,,,,,8.363566056601712e-06,
0.88,PURE,False,accept,RUS,"{EUR,RUS,USA}","{EUR,USA}+{RUS}",0.0,,,,,,-1.3001502674692134e-05,
0.88,PURE,False,accept,RUS,"{EUR,RUS,USA}","{EUR}+{RUS,USA}",1.0,,,,,,1.277607196259467e-06,
0.88,PURE,False,accept,RUS,"{EUR,RUS,USA}",{EUR}+{RUS}+{USA},0.0,,,,,,-2.6295749417926118e-06,
0.88,PURE,False,accept,RUS,"{EUR,RUS}+{USA}","{EUR,RUS,USA}",0.0,,,,,,-8.363566056601712e-06,
0.88,PURE,False,accept,RUS,"{EUR,RUS}+{USA}","{EUR,USA}+{RUS}",0.0,,,,,,-2.1365068731293846e-05,
0.88,PURE,False,accept,RUS,"{EUR,RUS}+{USA}","{EUR}+{RUS,USA}",0.0,,,,,,-7.085958860342245e-06,
0.88,PURE,False,accept,RUS,"{EUR,RUS}+{USA}",{EUR}+{RUS}+{USA},0.0,,,,,,-1.0993140998394324e-05,
0.88,PURE,False,accept,RUS,"{EUR,USA}+{RUS}","{EUR,RUS,USA}",1.0,,,,,,1.3001502674692134e-05,
0.88,PURE,False,accept,RUS,"{EUR,USA}+{RUS}","{EUR,RUS}+{USA}",1.0,,,,,,2.1365068731293846e-05,
0.88,PURE,False,accept,RUS,"{EUR,USA}+{RUS}","{EUR}+{RUS,USA}",1.0,,,,,,1.42791098709516e-05,
0.88,PURE,False,accept,RUS,"{EUR}+{RUS,USA}","{EUR,RUS,USA}",0.0,,,,,,-1.277607196259467e-06,
0.88,PURE,False,accept,RUS,"{EUR}+{RUS,USA}","{EUR,RUS}+{USA}",1.0,,,,,,7.085958860342245e-06,
0.88,PURE,False,accept,RUS,"{EUR}+{RUS,USA}","{EUR,USA}+{RUS}",0.0,,,,,,-1.42791098709516e-05,
0.88,PURE,False,accept,RUS,"{EUR}+{RUS,USA}",{EUR}+{RUS}+{USA},0.0,,,,,,-3.907182138052079e-06,
0.88,PURE,False,accept,RUS,{EUR}+{RUS}+{USA},"{EUR,RUS,USA}",1.0,,,,,,2.6295749417926118e-06,
0.88,PURE,False,accept,RUS,{EUR}+{RUS}+{USA},"{EUR,RUS}+{USA}",1.0,,,,,,1.0993140998394324e-05,
0.88,PURE,False,accept,RUS,{EUR}+{RUS}+{USA},"{EUR}+{RUS,USA}",1.0,,,,,,3.907182138052079e-06,EUR
0.88,PURE,False,accept,USA,"{EUR,RUS,USA}","{EUR,RUS}+{USA}",0.0,,,,,,-7.342504206420131e-05,
0.88,PURE,False,accept,USA,"{EUR,RUS,USA}","{EUR,USA}+{RUS}",1.0,,,,,,0.0001247873180991732,
0.88,PURE,False,accept,USA,"{EUR,RUS,USA}","{EUR}+{RUS,USA}",0.0,,,,,,-4.131557679221132e-05,
0.88,PURE,False,accept,USA,"{EUR,RUS,USA}",{EUR}+{RUS}+{USA},0.0,,,,,,-7.169678500007493e-05,
0.88,PURE,False,accept,USA,"{EUR,RUS}+{USA}","{EUR,RUS,USA}",1.0,,,,,,7.342504206420131e-05,
0.88,PURE,False,accept,USA,"{EUR,RUS}+{USA}","{EUR,USA}+{RUS}",1.0,,,,,,0.0001982123601633745,
0.88,PURE,False,accept,USA,"{EUR,RUS}+{USA}","{EUR}+{RUS,USA}",1.0,,,,,,3.210946527198999e-05,
0.88,PURE,False,accept,USA,"{EUR,USA}+{RUS}","{EUR,RUS,USA}",0.0,,,,,,-0.0001247873180991732,
0.88,PURE,False,accept,USA,"{EUR,USA}+{RUS}","{EUR,RUS}+{USA}",0.0,,,,,,-0.0001982123601633745,
0.88,PURE,False,accept,USA,"{EUR,USA}+{RUS}","{EUR}+{RUS,USA}",0.0,,,,,,-0.00016610289489138452,
0.88,PURE,False,accept,USA,"{EUR,USA}+{RUS}",{EUR}+{RUS}+{USA},0.0,,,,,,-0.00019648410309924813,
0.88,PURE,False,accept,USA,"{EUR}+{RUS,USA}","{EUR,RUS,USA}",1.0,,,,,,4.131557679221132e-05,
0.88,PURE,False,accept,USA,"{EUR}+{RUS,USA}","{EUR,RUS}+{USA}",0.0,,,,,,-3.210946527198999e-05,
0.88,PURE,False,accept,USA,"{EUR}+{RUS,USA}","{EUR,USA}+{RUS}",1.0,,,,,,0.00016610289489138452,
0.88,PURE,False,accept,USA,"{EUR}+{RUS,USA}",{EUR}+{RUS}+{USA},0.0,,,,,,-3.0381208207863608e-05,
0.88,PURE,False,accept,USA,{EUR}+{RUS}+{USA},"{EUR,RUS,USA}",1.0,,,,,,7.169678500007493e-05,
0.88,PURE,False,accept,USA,{EUR}+{RUS}+{USA},"{EUR,USA}+{RUS}",1.0,,,,,,0.00019648410309924813,
0.88,PURE,False,accept,USA,{EUR}+{RUS}+{USA},"{EUR}+{RUS,USA}",1.0,,,,,,3.0381208207863608e-05,"EUR,RUS"
0.9,PURE,False,propose,EUR,"{EUR,RUS,USA}","{EUR}+{RUS,USA}",1.0,False,1.0,1.0,True,,,
0.9,PURE,False,propose,EUR,"{EUR,RUS}+{USA}",{EUR}+{RUS}+{USA},1.0,False,1.0,1.0,True,,,
0.9,PURE,False,propose,EUR,"{EUR,USA}+{RUS}","{EUR,USA}+{RUS}",1.0,True,1.0,1.0,False,,,
0.9,PURE,False,propose,EUR,"{EUR}+{RUS,USA}","{EUR}+{RUS,USA}",1.0,True,1.0,1.0,False,,,
0.9,PURE,False,propose,EUR,{EUR}+{RUS}+{USA},"{EUR}+{RUS,USA}",1.0,False,1.0,1.0,False,"RUS,USA",,
0.9,PURE,False,propose,RUS,"{EUR,RUS,USA}","{EUR,RUS,USA}",1.0,True,1.0,1.0,False,,,
0.9,PURE,False,propose,RUS,"{EUR,RUS}+{USA}","{EUR,RUS}+{USA}",1.0,True,1.0,1.0,False,,,
0.9,PURE,False,propose,RUS,"{EUR,USA}+{RUS}","{EUR,USA}+{RUS}",1.0,True,1.0,1.0,False,,,
0.9,PURE,False,propose,RUS,"{EUR}+{RUS,USA}","{EUR}+{RUS,USA}",1.0,True,1.0,1.0,False,,,
0.9,PURE,False,propose,RUS,{EUR}+{RUS}+{USA},"{EUR}+{RUS,USA}",1.0,False,1.0,1.0,False,USA,,
0.9,PURE,False,propose,USA,"{EUR,RUS,USA}","{EUR,RUS,USA}",1.0,True,1.0,1.0,False,,,
0.9,PURE,False,propose,USA,"{EUR,RUS}+{USA}","{EUR,RUS}+{USA}",1.0,True,1.0,1.0,False,,,
0.9,PURE,False,propose,USA,"{EUR,USA}+{RUS}","{EUR,USA}+{RUS}",1.0,True,1.0,1.0,False,,,
0.9,PURE,False,propose,USA,"{EUR}+{RUS,USA}","{EUR}+{RUS,USA}",1.0,True,1.0,1.0,False,,,
0.9,PURE,False,propose,USA,{EUR}+{RUS}+{USA},"{EUR,USA}+{RUS}",1.0,False,1.0,1.0,False,EUR,,
0.9,PURE,False,accept,EUR,"{EUR,RUS,USA}","{EUR,RUS}+{USA}",0.0,,,,,,-8.712431318302905e-05,
0.9,PURE,False,accept,EUR,"{EUR,RUS,USA}","{EUR,USA}+{RUS}",0.0,,,,,,-4.4185908059546364e-05,
0.9,PURE,False,accept,EUR,"{EUR,RUS,USA}","{EUR}+{RUS,USA}",1.0,,,,,,1.7316151698310023e-05,
0.9,PURE,False,accept,EUR,"{EUR,RUS,USA}",{EUR}+{RUS}+{USA},0.0,,,,,,-6.70555374591153e-05,
0.9,PURE,False,accept,EUR,"{EUR,RUS}+{USA}","{EUR,RUS,USA}",1.0,,,,,,8.712431318302905e-05,
0.9,PURE,False,accept,EUR,"{EUR,RUS}+{USA}","{EUR,USA}+{RUS}",1.0,,,,,,4.293840512348268e-05,
0.9,PURE,False,accept,EUR,"{EUR,RUS}+{USA}","{EUR}+{RUS,USA}",1.0,,,,,,0.00010444046488133907,
0.9,PURE,False,accept,EUR,"{EUR,RUS}+{USA}",{EUR}+{RUS}+{USA},1.0,,,,,,2.0068775723913745e-05,
0.9,PURE,False,accept,EUR,"{EUR,USA}+{RUS}","{EUR,RUS,USA}",1.0,,,,,,4.4185908059546364e-05,
0.9,PURE,False,accept,EUR,"{EUR,USA}+{RUS}","{EUR,RUS}+{USA}",0.0,,,,,,-4.293840512348268e-05,
0.9,PURE,False,accept,EUR,"{EUR,USA}+{RUS}","{EUR}+{RUS,USA}",1.0,,,,,,6.150205975785639e-05,
0.9,PURE,False,accept,EUR,"{EUR,USA}+{RUS}",{EUR}+{RUS}+{USA},0.0,,,,,,-2.2869629399568936e-05,
0.9,PURE,False,accept,EUR,"{EUR}+{RUS,USA}","{EUR,RUS,USA}",0.0,,,,,,-1.7316151698310023e-05,
0.9,PURE,False,accept,EUR,"{EUR}+{RUS,USA}","{EUR,RUS}+{USA}",0.0,,,,,,-0.00010444046488133907,
0.9,PURE,False,accept,EUR,"{EUR}+{RUS,USA}","{EUR,USA}+{RUS}",0.0,,,,,,-6.150205975785639e-05,
0.9,PURE,False,accept,EUR,{EUR}+{RUS}+{USA},"{EUR,RUS,USA}",1.0,,,,,,6.70555374591153e-05,
0.9,PURE,False,accept,EUR,{EUR}+{RUS}+{USA},"{EUR,RUS}+{USA}",0.0,,,,,,-2.0068775723913745e-05,
0.9,PURE,False,accept,EUR,{EUR}+{RUS}+{USA},"{EUR,USA}+{RUS}",1.0,,,,,,2.2869629399568936e-05,USA
0.9,PURE,False,accept,RUS,"{EUR,RUS,USA}","{EUR,RUS}+{USA}",1.0,,,,,,6.552730329900669e-06,
0.9,PURE,False,accept,RUS,"{EUR,RUS,USA}","{EUR,USA}+{RUS}",0.0,,,,,,-1.3178948118808265e-05,
0.9,PURE,False,accept,RUS,"{EUR,RUS,USA}","{EUR}+{RUS,USA}",1.0,,,,,,1.100161752143336e-06,
0.9,PURE,False,accept,RUS,"{EUR,RUS,USA}",{EUR}+{RUS}+{USA},0.0,,,,,,-2.949107244631932e-06,
0.9,PURE,False,accept,RUS,"{EUR,RUS}+{USA}","{EUR,RUS,USA}",0.0,,,,,,-6.552730329900669e-06,
0.9,PURE,False,accept,RUS,"{EUR,RUS}+{USA}","{EUR,USA}+{RUS}",0.0,,,,,,-1.9731678448708934e-05,
0.9,PURE,False,accept,RUS,"{EUR,RUS}+{USA}","{EUR}+{RUS,USA}",0.0,,,,,,-5.452568577757333e-06,
0.9,PURE,False,accept,RUS,"{EUR,RUS}+{USA}",{EUR}+{RUS}+{USA},0.0,,,,,,-9.501837574532601e-06,
0.9,PURE,False,accept,RUS,"{EUR,USA}+{RUS}","{EUR,RUS,USA}",1.0,,,,,,1.3178948118808265e-05,
0.9,PURE,False,accept,RUS,"{EUR,USA}+{RUS}","{EUR,RUS}+{USA}",1.0,,,,,,1.9731678448708934e-05,
0.9,PURE,False,accept,RUS,"{EUR,USA}+{RUS}","{EUR}+{RUS,USA}",1.0,,,,,,1.42791098709516e-05,
0.9,PURE,False,accept,RUS,"{EUR}+{RUS,USA}","{EUR,RUS,USA}",0.0,,,,,,-1.100161752143336e-06,
0.9,PURE,False,accept,RUS,"{EUR}+{RUS,USA}","{EUR,RUS}+{USA}",1.0,,,,,,5.452568577757333e-06,
0.9,PURE,False,accept,RUS,"{EUR}+{RUS,USA}","{EUR,USA}+{RUS}",0.0,,,,,,-1.42791098709516e-05,
0.9,PURE,False,accept,RUS,"{EUR}+{RUS,USA}",{EUR}+{RUS}+{USA},0.0,,,,,,-4.049268996775268e-06,
0.9,PURE,False,accept,RUS,{EUR}+{RUS}+{USA},"{EUR,RUS,USA}",1.0,,,,,,2.949107244631932e-06,
0.9,PURE,False,accept,RUS,{EUR}+{RUS}+{USA},"{EUR,RUS}+{USA}",1.0,,,,,,9.501837574532601e-06,
0.9,PURE,False,accept,RUS,{EUR}+{RUS}+{USA},"{EUR}+{RUS,USA}",1.0,,,,,,4.049268996775268e-06,EUR
0.9,PURE,False,accept,USA,"{EUR,RUS,USA}","{EUR,RUS}+{USA}",0.0,,,,,,-5.672812682622208e-05,
0.9,PURE,False,accept,USA,"{EUR,RUS,USA}","{EUR,USA}+{RUS}",1.0,,,,,,0.00013052559265380737,
0.9,PURE,False,accept,USA,"{EUR,RUS,USA}","{EUR}+{RUS,USA}",0.0,,,,,,-3.557730223757716e-05,
0.9,PURE,False,accept,USA,"{EUR,RUS,USA}",{EUR}+{RUS}+{USA},0.0,,,,,,-5.1667037138880545e-05,
0.9,PURE,False,accept,USA,"{EUR,RUS}+{USA}","{EUR,RUS,USA}",1.0,,,,,,5.672812682622208e-05,
0.9,PURE,False,accept,USA,"{EUR,RUS}+{USA}","{EUR,USA}+{RUS}",1.0,,,,,,0.00018725371948002945,
0.9,PURE,False,accept,USA,"{EUR,RUS}+{USA}","{EUR}+{RUS,USA}",1.0,,,,,,2.1150824588644923e-05,
0.9,PURE,False,accept,USA,"{EUR,USA}+{RUS}","{EUR,RUS,USA}",0.0,,,,,,-0.00013052559265380737,
0.9,PURE,False,accept,USA,"{EUR,USA}+{RUS}","{EUR,RUS}+{USA}",0.0,,,,,,-0.00018725371948002945,
0.9,PURE,False,accept,USA,"{EUR,USA}+{RUS}","{EUR}+{RUS,USA}",0.0,,,,,,-0.00016610289489138452,
0.9,PURE,False,accept,USA,"{EUR,USA}+{RUS}",{EUR}+{RUS}+{USA},0.0,,,,,,-0.0001821926297926879,
0.9,PURE,False,accept,USA,"{EUR}+{RUS,USA}","{EUR,RUS,USA}",1.0,,,,,,3.557730223757716e-05,
0.9,PURE,False,accept,USA,"{EUR}+{RUS,USA}","{EUR,RUS}+{USA}",0.0,,,,,,-2.1150824588644923e-05,
0.9,PURE,False,accept,USA,"{EUR}+{RUS,USA}","{EUR,USA}+{RUS}",1.0,,,,,,0.00016610289489138452,
0.9,PURE,False,accept,USA,"{EUR}+{RUS,USA}",{EUR}+{RUS}+{USA},0.0,,,,,,-1.6089734901303387e-05,
0.9,PURE,False,accept,USA,{EUR}+{RUS}+{USA},"{EUR,RUS,USA}",1.0,,,,,,5.1667037138880545e-05,
0.9,PURE,False,accept,USA,{EUR}+{RUS}+{USA},"{EUR,USA}+{RUS}",1.0,,,,,,0.0001821926297926879,
0.9,PURE,False,accept,USA,{EUR}+{RUS}+{USA},"{EUR}+{RUS,USA}",1.0,,,,,,1.6089734901303387e-05,"EUR,RUS"
0.92,PURE,False,propose,EUR,"{EUR,RUS,USA}","{EUR}+{RUS,USA}",1.0,False,1.0,1.0,True,,,
0.92,PURE,False,propose,EUR,"{EUR,RUS}+{USA}",{EUR}+{RUS}+{USA},1.0,False,1.0,1.0,True,,,
0.92,PURE,False,propose,EUR,"{EUR,USA}+{RUS}","{EUR,USA}+{RUS}",1.0,True,1.0,1.0,False,,,
0.92,PURE,False,propose,EUR,"{EUR}+{RUS,USA}","{EUR}+{RUS,USA}",1.0,True,1.0,1.0,False,,,
0.92,PURE,False,propose,EUR,{EUR}+{RUS}+{USA},"{EUR}+{RUS,USA}",1.0,False,1.0,1.0,False,"RUS,USA",,
0.92,PURE,False,propose,RUS,"{EUR,RUS,USA}","{EUR,RUS,USA}",1.0,True,1.0,1.0,False,,,
0.92,PURE,False,propose,RUS,"{EUR,RUS}+{USA}","{EUR,RUS}+{USA}",1.0,True,1.0,1.0,False,,,
0.92,PURE,False,propose,RUS,"{EUR,USA}+{RUS}","{EUR,USA}+{RUS}",1.0,True,1.0,1.0,False,,,
0.92,PURE,False,propose,RUS,"{EUR}+{RUS,USA}","{EUR}+{RUS,USA}",1.0,True,1.0,1.0,False,,,
0.92,PURE,False,propose,RUS,{EUR}+{RUS}+{USA},"{EUR}+{RUS,USA}",1.0,False,1.0,1.0,False,USA,,
0.92,PURE,False,propose,USA,"{EUR,RUS,USA}","{EUR,RUS,USA}",1.0,True,1.0,1.0,False,,,
0.92,PURE,False,propose,USA,"{EUR,RUS}+{USA}","{EUR,RUS}+{USA}",1.0,True,1.0,1.0,False,,,
0.92,PURE,False,propose,USA,"{EUR,USA}+{RUS}","{EUR,USA}+{RUS}",1.0,True,1.0,1.0,False,,,
0.92,PURE,False,propose,USA,"{EUR}+{RUS,USA}","{EUR}+{RUS,USA}",1.0,True,1.0,1.0,False,,,
0.92,PURE,False,propose,USA,{EUR}+{RUS}+{USA},"{EUR,USA}+{RUS}",1.0,False,1.0,1.0,False,EUR,,
0.92,PURE,False,accept,EUR,"{EUR,RUS,USA}","{EUR,RUS}+{USA}",0.0,,,,,,-7.651846035683363e-05,
0.92,PURE,False,accept,EUR,"{EUR,RUS,USA}","{EUR,USA}+{RUS}",0.0,,,,,,-4.717145145560764e-05,
0.92,PURE,False,accept,EUR,"{EUR,RUS,USA}","{EUR}+{RUS,USA}",1.0,,,,,,1.4330608302248748e-05,
0.92,PURE,False,accept,EUR,"{EUR,RUS,USA}",{EUR}+{RUS}+{USA},0.0,,,,,,-5.726688034091154e-05,
0.92,PURE,False,accept,EUR,"{EUR,RUS}+{USA}","{EUR,RUS,USA}",1.0,,,,,,7.651846035683363e-05,
0.92,PURE,False,accept,EUR,"{EUR,RUS}+{USA}","{EUR,USA}+{RUS}",1.0,,,,,,2.934700890122599e-05,
0.92,PURE,False,accept,EUR,"{EUR,RUS}+{USA}","{EUR}+{RUS,USA}",1.0,,,,,,9.084906865908238e-05,
0.92,PURE,False,accept,EUR,"{EUR,RUS}+{USA}",{EUR}+{RUS}+{USA},1.0,,,,,,1.9251580015922087e-05,
0.92,PURE,False,accept,EUR,"{EUR,USA}+{RUS}","{EUR,RUS,USA}",1.0,,,,,,4.717145145560764e-05,
0.92,PURE,False,accept,EUR,"{EUR,USA}+{RUS}","{EUR,RUS}+{USA}",0.0,,,,,,-2.934700890122599e-05,
0.92,PURE,False,accept,EUR,"{EUR,USA}+{RUS}","{EUR}+{RUS,USA}",1.0,,,,,,6.150205975785639e-05,
0.92,PURE,False,accept,EUR,"{EUR,USA}+{RUS}",{EUR}+{RUS}+{USA},0.0,,,,,,-1.0095428885303903e-05,
0.92,PURE,False,accept,EUR,"{EUR}+{RUS,USA}","{EUR,RUS,USA}",0.0,,,,,,-1.4330608302248748e-05,
0.92,PURE,False,accept,EUR,"{EUR}+{RUS,USA}","{EUR,RUS}+{USA}",0.0,,,,,,-9.084906865908238e-05,
0.92,PURE,False,accept,EUR,"{EUR}+{RUS,USA}","{EUR,USA}+{RUS}",0.0,,,,,,-6.150205975785639e-05,
0.92,PURE,False,accept,EUR,{EUR}+{RUS}+{USA},"{EUR,RUS,USA}",1.0,,,,,,5.726688034091154e-05,
0.92,PURE,False,accept,EUR,{EUR}+{RUS}+{USA},"{EUR,RUS}+{USA}",0.0,,,,,,-1.9251580015922087e-05,
0.92,PURE,False,accept,EUR,{EUR}+{RUS}+{USA},"{EUR,USA}+{RUS}",1.0,,,,,,1.0095428885303903e-05,USA
0.92,PURE,False,accept,RUS,"{EUR,RUS,USA}","{EUR,RUS}+{USA}",1.0,,,,,,4.612109834045697e-06,
0.92,PURE,False,accept,RUS,"{EUR,RUS,USA}","{EUR,USA}+{RUS}",0.0,,,,,,-1.3368631179400126e-05,
0.92,PURE,False,accept,RUS,"{EUR,RUS,USA}","{EUR}+{RUS,USA}",1.0,,,,,,9.104786915514751e-07,
0.92,PURE,False,accept,RUS,"{EUR,RUS,USA}",{EUR}+{RUS}+{USA},0.0,,,,,,-3.2808771639469825e-06,
0.92,PURE,False,accept,RUS,"{EUR,RUS}+{USA}","{EUR,RUS,USA}",0.0,,,,,,-4.612109834045697e-06,
0.92,PURE,False,accept,RUS,"{EUR,RUS}+{USA}","{EUR,USA}+{RUS}",0.0,,,,,,-1.7980741013445822e-05,
0.92,PURE,False,accept,RUS,"{EUR,RUS}+{USA}","{EUR}+{RUS,USA}",0.0,,,,,,-3.7016311424942216e-06,
0.92,PURE,False,accept,RUS,"{EUR,RUS}+{USA}",{EUR}+{RUS}+{USA},0.0,,,,,,-7.89298699799268e-06,
0.92,PURE,False,accept,RUS,"{EUR,USA}+{RUS}","{EUR,RUS,USA}",1.0,,,,,,1.3368631179400126e-05,
0.92,PURE,False,accept,RUS,"{EUR,USA}+{RUS}","{EUR,RUS}+{USA}",1.0,,,,,,1.7980741013445822e-05,
0.92,PURE,False,accept,RUS,"{EUR,USA}+{RUS}","{EUR}+{RUS,USA}",1.0,,,,,,1.42791098709516e-05,
0.92,PURE,False,accept,RUS,"{EUR}+{RUS,USA}","{EUR,RUS,USA}",0.0,,,,,,-9.104786915514751e-07,
0.92,PURE,False,accept,RUS,"{EUR}+{RUS,USA}","{EUR,RUS}+{USA}",1.0,,,,,,3.7016311424942216e-06,
0.92,PURE,False,accept,RUS,"{EUR}+{RUS,USA}","{EUR,USA}+{RUS}",0.0,,,,,,-1.42791098709516e-05,
0.92,PURE,False,accept,RUS,"{EUR}+{RUS,USA}",{EUR}+{RUS}+{USA},0.0,,,,,,-4.1913558554984576e-06,
0.92,PURE,False,accept,RUS,{EUR}+{RUS}+{USA},"{EUR,RUS,USA}",1.0,,,,,,3.2808771639469825e-06,
0.92,PURE,False,accept,RUS,{EUR}+{RUS}+{USA},"{EUR,RUS}+{USA}",1.0,,,,,,7.89298699799268e-06,
0.92,PURE,False,accept,RUS,{EUR}+{RUS}+{USA},"{EUR}+{RUS,USA}",1.0,,,,,,4.1913558554984576e-06,EUR
0.92,PURE,False,accept,USA,"{EUR,RUS,USA}","{EUR,RUS}+{USA}",0.0,,,,,,-3.8386890768737914e-05,
0.92,PURE,False,accept,USA,"{EUR,RUS,USA}","{EUR,USA}+{RUS}",1.0,,,,,,0.00013665961028097584,
0.92,PURE,False,accept,USA,"{EUR,RUS,USA}","{EUR}+{RUS,USA}",0.0,,,,,,-2.9443284610408682e-05,
0.92,PURE,False,accept,USA,"{EUR,RUS,USA}",{EUR}+{RUS}+{USA},0.0,,,,,,-3.124154620559594e-05,
0.92,PURE,False,accept,USA,"{EUR,RUS}+{USA}","{EUR,RUS,USA}",1.0,,,,,,3.8386890768737914e-05,
0.92,PURE,False,accept,USA,"{EUR,RUS}+{USA}","{EUR,USA}+{RUS}",1.0,,,,,,0.00017504650104971375,
0.92,PURE,False,accept,USA,"{EUR,RUS}+{USA}","{EUR}+{RUS,USA}",1.0,,,,,,8.943606158329231e-06,
0.92,PURE,False,accept,USA,"{EUR,USA}+{RUS}","{EUR,RUS,USA}",0.0,,,,,,-0.00013665961028097584,
0.92,PURE,False,accept,USA,"{EUR,USA}+{RUS}","{EUR,RUS}+{USA}",0.0,,,,,,-0.00017504650104971375,
0.92,PURE,False,accept,USA,"{EUR,USA}+{RUS}","{EUR}+{RUS,USA}",0.0,,,,,,-0.00016610289489138452,
0.92,PURE,False,accept,USA,"{EUR,USA}+{RUS}",{EUR}+{RUS}+{USA},0.0,,,,,,-0.00016790115648657178,
0.92,PURE,False,accept,USA,"{EUR}+{RUS,USA}","{EUR,RUS,USA}",1.0,,,,,,2.9443284610408682e-05,
0.92,PURE,False,accept,USA,"{EUR}+{RUS,USA}","{EUR,RUS}+{USA}",0.0,,,,,,-8.943606158329231e-06,
0.92,PURE,False,accept,USA,"{EUR}+{RUS,USA}","{EUR,USA}+{RUS}",1.0,,,,,,0.00016610289489138452,
0.92,PURE,False,accept,USA,"{EUR}+{RUS,USA}",{EUR}+{RUS}+{USA},0.0,,,,,,-1.798261595187256e-06,
0.92,PURE,False,accept,USA,{EUR}+{RUS}+{USA},"{EUR,RUS,USA}",1.0,,,,,,3.124154620559594e-05,
0.92,PURE,False,accept,USA,{EUR}+{RUS}+{USA},"{EUR,USA}+{RUS}",1.0,,,,,,0.00016790115648657178,
0.92,PURE,False,accept,USA,{EUR}+{RUS}+{USA},"{EUR}+{RUS,USA}",1.0,,,,,,1.798261595187256e-06,"EUR,RUS"
0.94,MIXED_NONUNIQUE,True,propose,EUR,"{EUR,RUS,USA}","{EUR,RUS,USA}",0.44242590049143427,True,1.0,0.44242590049143427,False,,,
0.94,MIXED_NONUNIQUE,True,propose,EUR,"{EUR,RUS,USA}","{EUR}+{RUS,USA}",0.5575740995085657,False,1.0,0.5575740995085657,True,,,
0.94,MIXED_NONUNIQUE,True,propose,EUR,"{EUR,RUS}+{USA}",{EUR}+{RUS}+{USA},1.0,False,1.0,1.0,True,,,
0.94,MIXED_NONUNIQUE,True,propose,EUR,"{EUR,USA}+{RUS}","{EUR,USA}+{RUS}",1.0,True,1.0,1.0,False,,,
0.94,MIXED_NONUNIQUE,True,propose,EUR,"{EUR}+{RUS,USA}","{EUR,RUS,USA}",0.4796741402671107,False,1.0,0.4796741402671107,False,"RUS,USA",,
0.94,MIXED_NONUNIQUE,True,propose,EUR,"{EUR}+{RUS,USA}","{EUR}+{RUS,USA}",0.5203258597328893,True,1.0,0.5203258597328893,False,,,
0.94,MIXED_NONUNIQUE,True,propose,EUR,{EUR}+{RUS}+{USA},"{EUR,USA}+{RUS}",1.0,False,1.0,1.0,False,USA,,
0.94,MIXED_NONUNIQUE,True,propose,RUS,"{EUR,RUS,USA}","{EUR,RUS,USA}",1.0,True,1.0,1.0,False,,,
0.94,MIXED_NONUNIQUE,True,propose,RUS,"{EUR,RUS}+{USA}","{EUR,RUS}+{USA}",1.0,True,1.0,1.0,False,,,
0.94,MIXED_NONUNIQUE,True,propose,RUS,"{EUR,USA}+{RUS}","{EUR,USA}+{RUS}",1.0,True,1.0,1.0,False,,,
0.94,MIXED_NONUNIQUE,True,propose,RUS,"{EUR}+{RUS,USA}","{EUR,RUS,USA}",1.0,False,0.43762447450737474,0.43762447450737474,False,"EUR,USA",,
0.94,MIXED_NONUNIQUE,True,propose,RUS,{EUR}+{RUS}+{USA},"{EUR,RUS,USA}",1.0,False,1.0,1.0,False,"EUR,USA",,
0.94,MIXED_NONUNIQUE,True,propose,USA,"{EUR,RUS,USA}","{EUR,RUS,USA}",1.0,True,1.0,1.0,False,,,
0.94,MIXED_NONUNIQUE,True,propose,USA,"{EUR,RUS}+{USA}","{EUR,RUS}+{USA}",1.0,True,1.0,1.0,False,,,
0.94,MIXED_NONUNIQUE,True,propose,USA,"{EUR,USA}+{RUS}","{EUR,USA}+{RUS}",1.0,True,1.0,1.0,False,,,
0.94,MIXED_NONUNIQUE,True,propose,USA,"{EUR}+{RUS,USA}","{EUR,RUS,USA}",0.5655924128042142,False,0.43762447450737474,0.24751708243880244,False,"EUR,RUS",,
0.94,MIXED_NONUNIQUE,True,propose,USA,"{EUR}+{RUS,USA}",{EUR}+{RUS}+{USA},0.43440758719578576,False,1.0,0.43440758719578576,True,,,
0.94,MIXED_NONUNIQUE,True,propose,USA,{EUR}+{RUS}+{USA},"{EUR,USA}+{RUS}",1.0,False,1.0,1.0,False,EUR,,
0.94,MIXED_NONUNIQUE,True,accept,EUR,"{EUR,RUS,USA}","{EUR,RUS}+{USA}",0.0,,,,,,-4.0954549990868117e-05,
0.94,MIXED_NONUNIQUE,True,accept,EUR,"{EUR,RUS,USA}","{EUR,USA}+{RUS}",1.0,,,,,,7.762547036271883e-06,
0.94,MIXED_NONUNIQUE,True,accept,EUR,"{EUR,RUS,USA}","{EUR}+{RUS,USA}",0.5,,,,,,0.0,
0.94,MIXED_NONUNIQUE,True,accept,EUR,"{EUR,RUS,USA}",{EUR}+{RUS}+{USA},0.0,,,,,,-3.053223685434148e-05,
0.94,MIXED_NONUNIQUE,True,accept,EUR,"{EUR,RUS}+{USA}","{EUR,RUS,USA}",1.0,,,,,,4.0954549990868117e-05,
0.94,MIXED_NONUNIQUE,True,accept,EUR,"{EUR,RUS}+{USA}","{EUR,USA}+{RUS}",1.0,,,,,,4.871709702714e-05,
0.94,MIXED_NONUNIQUE,True,accept,EUR,"{EUR,RUS}+{USA}","{EUR}+{RUS,USA}",1.0,,,,,,4.0954549990868117e-05,
0.94,MIXED_NONUNIQUE,True,accept,EUR,"{EUR,RUS}+{USA}",{EUR}+{RUS}+{USA},1.0,,,,,,1.042231313652664e-05,
0.94,MIXED_NONUNIQUE,True,accept,EUR,"{EUR,USA}+{RUS}","{EUR,RUS,USA}",0.0,,,,,,-7.762547036271883e-06,
0.94,MIXED_NONUNIQUE,True,accept,EUR,"{EUR,USA}+{RUS}","{EUR,RUS}+{USA}",0.0,,,,,,-4.871709702714e-05,
0.94,MIXED_NONUNIQUE,True,accept,EUR,"{EUR,USA}+{RUS}","{EUR}+{RUS,USA}",0.0,,,,,,-7.762547036271883e-06,
0.94,MIXED_NONUNIQUE,True,accept,EUR,"{EUR,USA}+{RUS}",{EUR}+{RUS}+{USA},0.0,,,,,,-3.829478389061336e-05,
0.94,MIXED_NONUNIQUE,True,accept,EUR,"{EUR}+{RUS,USA}","{EUR,RUS,USA}",0.43762447450737474,,,,,,0.0,"RUS,USA"
0.94,MIXED_NONUNIQUE,True,accept,EUR,"{EUR}+{RUS,USA}","{EUR,RUS}+{USA}",0.0,,,,,,-4.0954549990868117e-05,
0.94,MIXED_NONUNIQUE,True,accept,EUR,"{EUR}+{RUS,USA}","{EUR,USA}+{RUS}",1.0,,,,,,7.762547036271883e-06,
0.94,MIXED_NONUNIQUE,True,accept,EUR,{EUR}+{RUS}+{USA},"{EUR,RUS,USA}",1.0,,,,,,3.053223685434148e-05,RUS
0.94,MIXED_NONUNIQUE,True,accept,EUR,{EUR}+{RUS}+{USA},"{EUR,RUS}+{USA}",0.0,,,,,,-1.042231313652664e-05,
0.94,MIXED_NONUNIQUE,True,accept,EUR,{EUR}+{RUS}+{USA},"{EUR,USA}+{RUS}",1.0,,,,,,3.829478389061336e-05,USA
0.94,MIXED_NONUNIQUE,True,accept,RUS,"{EUR,RUS,USA}","{EUR,RUS}+{USA}",1.0,,,,,,2.4234456630356505e-06,
0.94,MIXED_NONUNIQUE,True,accept,RUS,"{EUR,RUS,USA}","{EUR,USA}+{RUS}",0.0,,,,,,-8.366194566011842e-06,
0.94,MIXED_NONUNIQUE,True,accept,RUS,"{EUR,RUS,USA}","{EUR}+{RUS,USA}",0.0,,,,,,-5.193628809241346e-07,
0.94,MIXED_NONUNIQUE,True,accept,RUS,"{EUR,RUS,USA}",{EUR}+{RUS}+{USA},0.0,,,,,,-4.747361964207997e-06,
0.94,MIXED_NONUNIQUE,True,accept,RUS,"{EUR,RUS}+{USA}","{EUR,RUS,USA}",0.0,,,,,,-2.4234456630356505e-06,
0.94,MIXED_NONUNIQUE,True,accept,RUS,"{EUR,RUS}+{USA}","{EUR,USA}+{RUS}",0.0,,,,,,-1.0789640229047492e-05,
0.94,MIXED_NONUNIQUE,True,accept,RUS,"{EUR,RUS}+{USA}","{EUR}+{RUS,USA}",0.0,,,,,,-2.942808543959785e-06,
0.94,MIXED_NONUNIQUE,True,accept,RUS,"{EUR,RUS}+{USA}",{EUR}+{RUS}+{USA},0.0,,,,,,-7.170807627243647e-06,
0.94,MIXED_NONUNIQUE,True,accept,RUS,"{EUR,USA}+{RUS}","{EUR,RUS,USA}",1.0,,,,,,8.366194566011842e-06,
0.94,MIXED_NONUNIQUE,True,accept,RUS,"{EUR,USA}+{RUS}","{EUR,RUS}+{USA}",1.0,,,,,,1.0789640229047492e-05,
0.94,MIXED_NONUNIQUE,True,accept,RUS,"{EUR,USA}+{RUS}","{EUR}+{RUS,USA}",1.0,,,,,,7.846831685087707e-06,
0.94,MIXED_NONUNIQUE,True,accept,RUS,"{EUR}+{RUS,USA}","{EUR,RUS,USA}",1.0,,,,,,5.193628809241346e-07,"EUR,USA"
0.94,MIXED_NONUNIQUE,True,accept,RUS,"{EUR}+{RUS,USA}","{EUR,RUS}+{USA}",1.0,,,,,,2.942808543959785e-06,
0.94,MIXED_NONUNIQUE,True,accept,RUS,"{EUR}+{RUS,USA}","{EUR,USA}+{RUS}",0.0,,,,,,-7.846831685087707e-06,
0.94,MIXED_NONUNIQUE,True,accept,RUS,"{EUR}+{RUS,USA}",{EUR}+{RUS}+{USA},0.0,,,,,,-4.227999083283862e-06,
0.94,MIXED_NONUNIQUE,True,accept,RUS,{EUR}+{RUS}+{USA},"{EUR,RUS,USA}",1.0,,,,,,4.747361964207997e-06,
0.94,MIXED_NONUNIQUE,True,accept,RUS,{EUR}+{RUS}+{USA},"{EUR,RUS}+{USA}",1.0,,,,,,7.170807627243647e-06,
0.94,MIXED_NONUNIQUE,True,accept,RUS,{EUR}+{RUS}+{USA},"{EUR}+{RUS,USA}",1.0,,,,,,4.227999083283862e-06,
0.94,MIXED_NONUNIQUE,True,accept,USA,"{EUR,RUS,USA}","{EUR,RUS}+{USA}",0.0,,,,,,-2.8762724076258905e-05,
0.94,MIXED_NONUNIQUE,True,accept,USA,"{EUR,RUS,USA}","{EUR,USA}+{RUS}",1.0,,,,,,6.15068210434444e-05,
0.94,MIXED_NONUNIQUE,True,accept,USA,"{EUR,RUS,USA}","{EUR}+{RUS,USA}",0.0,,,,,,-1.2951936208871473e-05,
0.94,MIXED_NONUNIQUE,True,accept,USA,"{EUR,RUS,USA}",{EUR}+{RUS}+{USA},0.0,,,,,,-7.283851931383367e-06,
0.94,MIXED_NONUNIQUE,True,accept,USA,"{EUR,RUS}+{USA}","{EUR,RUS,USA}",1.0,,,,,,2.8762724076258905e-05,
0.94,MIXED_NONUNIQUE,True,accept,USA,"{EUR,RUS}+{USA}","{EUR,USA}+{RUS}",1.0,,,,,,9.026954511970331e-05,
0.94,MIXED_NONUNIQUE,True,accept,USA,"{EUR,RUS}+{USA}","{EUR}+{RUS,USA}",1.0,,,,,,1.5810787867387432e-05,
0.94,MIXED_NONUNIQUE,True,accept,USA,"{EUR,USA}+{RUS}","{EUR,RUS,USA}",0.0,,,,,,-6.15068210434444e-05,
0.94,MIXED_NONUNIQUE,True,accept,USA,"{EUR,USA}+{RUS}","{EUR,RUS}+{USA}",0.0,,,,,,-9.026954511970331e-05,
0.94,MIXED_NONUNIQUE,True,accept,USA,"{EUR,USA}+{RUS}","{EUR}+{RUS,USA}",0.0,,,,,,-7.445875725231588e-05,
0.94,MIXED_NONUNIQUE,True,accept,USA,"{EUR,USA}+{RUS}",{EUR}+{RUS}+{USA},0.0,,,,,,-6.879067297482777e-05,
0.94,MIXED_NONUNIQUE,True,accept,USA,"{EUR}+{RUS,USA}","{EUR,RUS,USA}",1.0,,,,,,1.2951936208871473e-05,"EUR,RUS"
0.94,MIXED_NONUNIQUE,True,accept,USA,"{EUR}+{RUS,USA}","{EUR,RUS}+{USA}",0.0,,,,,,-1.5810787867387432e-05,
0.94,MIXED_NONUNIQUE,True,accept,USA,"{EUR}+{RUS,USA}","{EUR,USA}+{RUS}",1.0,,,,,,7.445875725231588e-05,
0.94,MIXED_NONUNIQUE,True,accept,USA,"{EUR}+{RUS,USA}",{EUR}+{RUS}+{USA},1.0,,,,,,5.668084277488106e-06,
0.94,MIXED_NONUNIQUE,True,accept,USA,{EUR}+{RUS}+{USA},"{EUR,RUS,USA}",1.0,,,,,,7.283851931383367e-06,RUS
0.94,MIXED_NONUNIQUE,True,accept,USA,{EUR}+{RUS}+{USA},"{EUR,USA}+{RUS}",1.0,,,,,,6.879067297482777e-05,EUR
0.94,MIXED_NONUNIQUE,True,accept,USA,{EUR}+{RUS}+{USA},"{EUR}+{RUS,USA}",0.0,,,,,,-5.668084277488106e-06,
0.95,MIXED_NONUNIQUE,True,propose,EUR,"{EUR,RUS,USA}","{EUR,RUS,USA}",0.5333480839936602,True,1.0,0.5333480839936602,False,,,
0.95,MIXED_NONUNIQUE,True,propose,EUR,"{EUR,RUS,USA}","{EUR}+{RUS,USA}",0.4666519160063398,False,1.0,0.4666519160063398,True,,,
0.95,MIXED_NONUNIQUE,True,propose,EUR,"{EUR,RUS}+{USA}",{EUR}+{RUS}+{USA},1.0,False,1.0,1.0,True,,,
0.95,MIXED_NONUNIQUE,True,propose,EUR,"{EUR,USA}+{RUS}","{EUR,USA}+{RUS}",1.0,True,1.0,1.0,False,,,
0.95,MIXED_NONUNIQUE,True,propose,EUR,"{EUR}+{RUS,USA}","{EUR,RUS,USA}",0.5156838145370011,False,1.0,0.5156838145370011,False,"RUS,USA",,
0.95,MIXED_NONUNIQUE,True,propose,EUR,"{EUR}+{RUS,USA}","{EUR}+{RUS,USA}",0.4843161854629989,True,1.0,0.4843161854629989,False,,,
0.95,MIXED_NONUNIQUE,True,propose,EUR,{EUR}+{RUS}+{USA},"{EUR,USA}+{RUS}",1.0,False,1.0,1.0,False,USA,,
0.95,MIXED_NONUNIQUE,True,propose,RUS,"{EUR,RUS,USA}","{EUR,RUS,USA}",1.0,True,1.0,1.0,False,,,
0.95,MIXED_NONUNIQUE,True,propose,RUS,"{EUR,RUS}+{USA}","{EUR,RUS}+{USA}",1.0,True,1.0,1.0,False,,,
0.95,MIXED_NONUNIQUE,True,propose,RUS,"{EUR,USA}+{RUS}","{EUR,USA}+{RUS}",1.0,True,1.0,1.0,False,,,
0.95,MIXED_NONUNIQUE,True,propose,RUS,"{EUR}+{RUS,USA}","{EUR,RUS,USA}",1.0,False,0.5426972076818568,0.5426972076818568,False,"EUR,USA",,
0.95,MIXED_NONUNIQUE,True,propose,RUS,{EUR}+{RUS}+{USA},"{EUR,RUS,USA}",1.0,False,1.0,1.0,False,"EUR,USA",,
0.95,MIXED_NONUNIQUE,True,propose,USA,"{EUR,RUS,USA}","{EUR,RUS,USA}",1.0,True,1.0,1.0,False,,,
0.95,MIXED_NONUNIQUE,True,propose,USA,"{EUR,RUS}+{USA}","{EUR,RUS}+{USA}",1.0,True,1.0,1.0,False,,,
0.95,MIXED_NONUNIQUE,True,propose,USA,"{EUR,USA}+{RUS}","{EUR,USA}+{RUS}",1.0,True,1.0,1.0,False,,,
0.95,MIXED_NONUNIQUE,True,propose,USA,"{EUR}+{RUS,USA}","{EUR,RUS,USA}",0.5550829696418618,False,0.5426972076818568,0.30124197765639127,False,"EUR,RUS",,
0.95,MIXED_NONUNIQUE,True,propose,USA,"{EUR}+{RUS,USA}",{EUR}+{RUS}+{USA},0.44491703035813823,False,1.0,0.44491703035813823,True,,,
0.95,MIXED_NONUNIQUE,True,propose,USA,{EUR}+{RUS}+{USA},"{EUR,USA}+{RUS}",1.0,False,1.0,1.0,False,EUR,,
0.95,MIXED_NONUNIQUE,True,accept,EUR,"{EUR,RUS,USA}","{EUR,RUS}+{USA}",0.0,,,,,,-3.423572909122541e-05,
0.95,MIXED_NONUNIQUE,True,accept,EUR,"{EUR,RUS,USA}","{EUR,USA}+{RUS}",1.0,,,,,,7.762547036271883e-06,
0.95,MIXED_NONUNIQUE,True,accept,EUR,"{EUR,RUS,USA}","{EUR}+{RUS,USA}",0.49999999999999994,,,,,,0.0,
0.95,MIXED_NONUNIQUE,True,accept,EUR,"{EUR,RUS,USA}",{EUR}+{RUS}+{USA},0.0,,,,,,-2.4581025485748143e-05,
0.95,MIXED_NONUNIQUE,True,accept,EUR,"{EUR,RUS}+{USA}","{EUR,RUS,USA}",1.0,,,,,,3.423572909122541e-05,
0.95,MIXED_NONUNIQUE,True,accept,EUR,"{EUR,RUS}+{USA}","{EUR,USA}+{RUS}",1.0,,,,,,4.199827612749729e-05,
0.95,MIXED_NONUNIQUE,True,accept,EUR,"{EUR,RUS}+{USA}","{EUR}+{RUS,USA}",1.0,,,,,,3.423572909122541e-05,
0.95,MIXED_NONUNIQUE,True,accept,EUR,"{EUR,RUS}+{USA}",{EUR}+{RUS}+{USA},1.0,,,,,,9.654703605477266e-06,
0.95,MIXED_NONUNIQUE,True,accept,EUR,"{EUR,USA}+{RUS}","{EUR,RUS,USA}",0.0,,,,,,-7.762547036271883e-06,
0.95,MIXED_NONUNIQUE,True,accept,EUR,"{EUR,USA}+{RUS}","{EUR,RUS}+{USA}",0.0,,,,,,-4.199827612749729e-05,
0.95,MIXED_NONUNIQUE,True,accept,EUR,"{EUR,USA}+{RUS}","{EUR}+{RUS,USA}",0.0,,,,,,-7.762547036271883e-06,
0.95,MIXED_NONUNIQUE,True,accept,EUR,"{EUR,USA}+{RUS}",{EUR}+{RUS}+{USA},0.0,,,,,,-3.2343572522020025e-05,
0.95,MIXED_NONUNIQUE,True,accept,EUR,"{EUR}+{RUS,USA}","{EUR,RUS,USA}",0.5426972076818568,,,,,,0.0,"RUS,USA"
0.95,MIXED_NONUNIQUE,True,accept,EUR,"{EUR}+{RUS,USA}","{EUR,RUS}+{USA}",0.0,,,,,,-3.423572909122541e-05,
0.95,MIXED_NONUNIQUE,True,accept,EUR,"{EUR}+{RUS,USA}","{EUR,USA}+{RUS}",1.0,,,,,,7.762547036271883e-06,
0.95,MIXED_NONUNIQUE,True,accept,EUR,{EUR}+{RUS}+{USA},"{EUR,RUS,USA}",1.0,,,,,,2.4581025485748143e-05,RUS
0.95,MIXED_NONUNIQUE,True,accept,EUR,{EUR}+{RUS}+{USA},"{EUR,RUS}+{USA}",0.0,,,,,,-9.654703605477266e-06,
0.95,MIXED_NONUNIQUE,True,accept,EUR,{EUR}+{RUS}+{USA},"{EUR,USA}+{RUS}",1.0,,,,,,3.2343572522020025e-05,USA
0.95,MIXED_NONUNIQUE,True,accept,RUS,"{EUR,RUS,USA}","{EUR,RUS}+{USA}",1.0,,,,,,1.369736505552055e-06,
0.95,MIXED_NONUNIQUE,True,accept,RUS,"{EUR,RUS,USA}","{EUR,USA}+{RUS}",0.0,,,,,,-8.156617253396448e-06,
0.95,MIXED_NONUNIQUE,True,accept,RUS,"{EUR,RUS,USA}","{EUR}+{RUS,USA}",0.0,,,,,,-5.825977562601281e-07,
0.95,MIXED_NONUNIQUE,True,accept,RUS,"{EUR,RUS,USA}",{EUR}+{RUS}+{USA},0.0,,,,,,-4.742500980592368e-06,
0.95,MIXED_NONUNIQUE,True,accept,RUS,"{EUR,RUS}+{USA}","{EUR,RUS,USA}",0.0,,,,,,-1.369736505552055e-06,
0.95,MIXED_NONUNIQUE,True,accept,RUS,"{EUR,RUS}+{USA}","{EUR,USA}+{RUS}",0.0,,,,,,-9.526353758948503e-06,
0.95,MIXED_NONUNIQUE,True,accept,RUS,"{EUR,RUS}+{USA}","{EUR}+{RUS,USA}",0.0,,,,,,-1.952334261812183e-06,
0.95,MIXED_NONUNIQUE,True,accept,RUS,"{EUR,RUS}+{USA}",{EUR}+{RUS}+{USA},0.0,,,,,,-6.112237486144423e-06,
0.95,MIXED_NONUNIQUE,True,accept,RUS,"{EUR,USA}+{RUS}","{EUR,RUS,USA}",1.0,,,,,,8.156617253396448e-06,
0.95,MIXED_NONUNIQUE,True,accept,RUS,"{EUR,USA}+{RUS}","{EUR,RUS}+{USA}",1.0,,,,,,9.526353758948503e-06,
0.95,MIXED_NONUNIQUE,True,accept,RUS,"{EUR,USA}+{RUS}","{EUR}+{RUS,USA}",1.0,,,,,,7.5740194971363195e-06,
0.95,MIXED_NONUNIQUE,True,accept,RUS,"{EUR}+{RUS,USA}","{EUR,RUS,USA}",1.0,,,,,,5.825977562601281e-07,"EUR,USA"
0.95,MIXED_NONUNIQUE,True,accept,RUS,"{EUR}+{RUS,USA}","{EUR,RUS}+{USA}",1.0,,,,,,1.952334261812183e-06,
0.95,MIXED_NONUNIQUE,True,accept,RUS,"{EUR}+{RUS,USA}","{EUR,USA}+{RUS}",0.0,,,,,,-7.5740194971363195e-06,
0.95,MIXED_NONUNIQUE,True,accept,RUS,"{EUR}+{RUS,USA}",{EUR}+{RUS}+{USA},0.0,,,,,,-4.15990322433224e-06,
0.95,MIXED_NONUNIQUE,True,accept,RUS,{EUR}+{RUS}+{USA},"{EUR,RUS,USA}",1.0,,,,,,4.742500980592368e-06,
0.95,MIXED_NONUNIQUE,True,accept,RUS,{EUR}+{RUS}+{USA},"{EUR,RUS}+{USA}",1.0,,,,,,6.112237486144423e-06,
0.95,MIXED_NONUNIQUE,True,accept,RUS,{EUR}+{RUS}+{USA},"{EUR}+{RUS,USA}",1.0,,,,,,4.15990322433224e-06,
0.95,MIXED_NONUNIQUE,True,accept,USA,"{EUR,RUS,USA}","{EUR,RUS}+{USA}",0.0,,,,,,-2.4278932917898288e-05,
0.95,MIXED_NONUNIQUE,True,accept,USA,"{EUR,RUS,USA}","{EUR,USA}+{RUS}",1.0,,,,,,5.363198687691195e-05,
0.95,MIXED_NONUNIQUE,True,accept,USA,"{EUR,RUS,USA}","{EUR}+{RUS,USA}",0.0,,,,,,-1.0095984849911588e-05,
0.95,MIXED_NONUNIQUE,True,accept,USA,"{EUR,RUS,USA}",{EUR}+{RUS}+{USA},0.0,,,,,,-4.616922062883333e-06,
0.95,MIXED_NONUNIQUE,True,accept,USA,"{EUR,RUS}+{USA}","{EUR,RUS,USA}",1.0,,,,,,2.4278932917898288e-05,
0.95,MIXED_NONUNIQUE,True,accept,USA,"{EUR,RUS}+{USA}","{EUR,USA}+{RUS}",1.0,,,,,,7.791091979481024e-05,
0.95,MIXED_NONUNIQUE,True,accept,USA,"{EUR,RUS}+{USA}","{EUR}+{RUS,USA}",1.0,,,,,,1.41829480679867e-05,
0.95,MIXED_NONUNIQUE,True,accept,USA,"{EUR,USA}+{RUS}","{EUR,RUS,USA}",0.0,,,,,,-5.363198687691195e-05,
0.95,MIXED_NONUNIQUE,True,accept,USA,"{EUR,USA}+{RUS}","{EUR,RUS}+{USA}",0.0,,,,,,-7.791091979481024e-05,
0.95,MIXED_NONUNIQUE,True,accept,USA,"{EUR,USA}+{RUS}","{EUR}+{RUS,USA}",0.0,,,,,,-6.372797172682354e-05,
0.95,MIXED_NONUNIQUE,True,accept,USA,"{EUR,USA}+{RUS}",{EUR}+{RUS}+{USA},0.0,,,,,,-5.8248908939795285e-05,
0.95,MIXED_NONUNIQUE,True,accept,USA,"{EUR}+{RUS,USA}","{EUR,RUS,USA}",1.0,,,,,,1.0095984849911588e-05,"EUR,RUS"
0.95,MIXED_NONUNIQUE,True,accept,USA,"{EUR}+{RUS,USA}","{EUR,RUS}+{USA}",0.0,,,,,,-1.41829480679867e-05,
0.95,MIXED_NONUNIQUE,True,accept,USA,"{EUR}+{RUS,USA}","{EUR,USA}+{RUS}",1.0,,,,,,6.372797172682354e-05,
0.95,MIXED_NONUNIQUE,True,accept,USA,"{EUR}+{RUS,USA}",{EUR}+{RUS}+{USA},1.0,,,,,,5.479062787028255e-06,
0.95,MIXED_NONUNIQUE,True,accept,USA,{EUR}+{RUS}+{USA},"{EUR,RUS,USA}",1.0,,,,,,4.616922062883333e-06,RUS
0.95,MIXED_NONUNIQUE,True,accept,USA,{EUR}+{RUS}+{USA},"{EUR,USA}+{RUS}",1.0,,,,,,5.8248908939795285e-05,EUR
0.95,MIXED_NONUNIQUE,True,accept,USA,{EUR}+{RUS}+{USA},"{EUR}+{RUS,USA}",0.0,,,,,,-5.479062787028255e-06,
0.96,MIXED_NONUNIQUE,True,propose,EUR,"{EUR,RUS,USA}","{EUR,RUS,USA}",0.6486212161844839,True,1.0,0.6486212161844839,False,,,
0.96,MIXED_NONUNIQUE,True,propose,EUR,"{EUR,RUS,USA}","{EUR}+{RUS,USA}",0.3513787838155161,False,1.0,0.3513787838155161,True,,,
0.96,MIXED_NONUNIQUE,True,propose,EUR,"{EUR,RUS}+{USA}",{EUR}+{RUS}+{USA},1.0,False,1.0,1.0,True,,,
0.96,MIXED_NONUNIQUE,True,propose,EUR,"{EUR,USA}+{RUS}","{EUR,USA}+{RUS}",1.0,True,1.0,1.0,False,,,
0.96,MIXED_NONUNIQUE,True,propose,EUR,"{EUR}+{RUS,USA}","{EUR,RUS,USA}",0.5636531453873095,False,1.0,0.5636531453873095,False,"RUS,USA",,
0.96,MIXED_NONUNIQUE,True,propose,EUR,"{EUR}+{RUS,USA}","{EUR}+{RUS,USA}",0.4363468546126905,True,1.0,0.4363468546126905,False,,,
0.96,MIXED_NONUNIQUE,True,propose,EUR,{EUR}+{RUS}+{USA},"{EUR,USA}+{RUS}",1.0,False,1.0,1.0,False,USA,,
0.96,MIXED_NONUNIQUE,True,propose,RUS,"{EUR,RUS,USA}","{EUR,RUS,USA}",1.0,True,1.0,1.0,False,,,
0.96,MIXED_NONUNIQUE,True,propose,RUS,"{EUR,RUS}+{USA}","{EUR,RUS}+{USA}",1.0,True,1.0,1.0,False,,,
0.96,MIXED_NONUNIQUE,True,propose,RUS,"{EUR,USA}+{RUS}","{EUR,USA}+{RUS}",1.0,True,1.0,1.0,False,,,
0.96,MIXED_NONUNIQUE,True,propose,RUS,"{EUR}+{RUS,USA}","{EUR,RUS,USA}",1.0,False,0.666327313122375,0.666327313122375,False,"EUR,USA",,
0.96,MIXED_NONUNIQUE,True,propose,RUS,{EUR}+{RUS}+{USA},"{EUR,RUS,USA}",1.0,False,1.0,1.0,False,"EUR,USA",,
0.96,MIXED_NONUNIQUE,True,propose,USA,"{EUR,RUS,USA}","{EUR,RUS,USA}",1.0,True,1.0,1.0,False,,,
0.96,MIXED_NONUNIQUE,True,propose,USA,"{EUR,RUS}+{USA}","{EUR,RUS}+{USA}",1.0,True,1.0,1.0,False,,,
0.96,MIXED_NONUNIQUE,True,propose,USA,"{EUR,USA}+{RUS}","{EUR,USA}+{RUS}",1.0,True,1.0,1.0,False,,,
0.96,MIXED_NONUNIQUE,True,propose,USA,"{EUR}+{RUS,USA}","{EUR,RUS,USA}",0.5352569921049553,False,0.666327313122375,0.35665635337925916,False,"EUR,RUS",,
0.96,MIXED_NONUNIQUE,True,propose,USA,"{EUR}+{RUS,USA}",{EUR}+{RUS}+{USA},0.46474300789504475,False,1.0,0.46474300789504475,True,,,
0.96,MIXED_NONUNIQUE,True,propose,USA,{EUR}+{RUS}+{USA},"{EUR,USA}+{RUS}",1.0,False,1.0,1.0,False,EUR,,
0.96,MIXED_NONUNIQUE,True,accept,EUR,"{EUR,RUS,USA}","{EUR,RUS}+{USA}",0.0,,,,,,-2.7157855354786875e-05,
0.96,MIXED_NONUNIQUE,True,accept,EUR,"{EUR,RUS,USA}","{EUR,USA}+{RUS}",1.0,,,,,,7.762547036271883e-06,
0.96,MIXED_NONUNIQUE,True,accept,EUR,"{EUR,RUS,USA}","{EUR}+{RUS,USA}",0.5000000000000001,,,,,,0.0,
0.96,MIXED_NONUNIQUE,True,accept,EUR,"{EUR,RUS,USA}",{EUR}+{RUS}+{USA},0.0,,,,,,-1.8629814117154808e-05,
0.96,MIXED_NONUNIQUE,True,accept,EUR,"{EUR,RUS}+{USA}","{EUR,RUS,USA}",1.0,,,,,,2.7157855354786875e-05,
0.96,MIXED_NONUNIQUE,True,accept,EUR,"{EUR,RUS}+{USA}","{EUR,USA}+{RUS}",1.0,,,,,,3.492040239105876e-05,
0.96,MIXED_NONUNIQUE,True,accept,EUR,"{EUR,RUS}+{USA}","{EUR}+{RUS,USA}",1.0,,,,,,2.7157855354786875e-05,
0.96,MIXED_NONUNIQUE,True,accept,EUR,"{EUR,RUS}+{USA}",{EUR}+{RUS}+{USA},1.0,,,,,,8.528041237632067e-06,
0.96,MIXED_NONUNIQUE,True,accept,EUR,"{EUR,USA}+{RUS}","{EUR,RUS,USA}",0.0,,,,,,-7.762547036271883e-06,
0.96,MIXED_NONUNIQUE,True,accept,EUR,"{EUR,USA}+{RUS}","{EUR,RUS}+{USA}",0.0,,,,,,-3.492040239105876e-05,
0.96,MIXED_NONUNIQUE,True,accept,EUR,"{EUR,USA}+{RUS}","{EUR}+{RUS,USA}",0.0,,,,,,-7.762547036271883e-06,
0.96,MIXED_NONUNIQUE,True,accept,EUR,"{EUR,USA}+{RUS}",{EUR}+{RUS}+{USA},0.0,,,,,,-2.639236115342669e-05,
0.96,MIXED_NONUNIQUE,True,accept,EUR,"{EUR}+{RUS,USA}","{EUR,RUS,USA}",0.666327313122375,,,,,,0.0,"RUS,USA"
0.96,MIXED_NONUNIQUE,True,accept,EUR,"{EUR}+{RUS,USA}","{EUR,RUS}+{USA}",0.0,,,,,,-2.7157855354786875e-05,
0.96,MIXED_NONUNIQUE,True,accept,EUR,"{EUR}+{RUS,USA}","{EUR,USA}+{RUS}",1.0,,,,,,7.762547036271883e-06,
0.96,MIXED_NONUNIQUE,True,accept,EUR,{EUR}+{RUS}+{USA},"{EUR,RUS,USA}",1.0,,,,,,1.8629814117154808e-05,RUS
0.96,MIXED_NONUNIQUE,True,accept,EUR,{EUR}+{RUS}+{USA},"{EUR,RUS}+{USA}",0.0,,,,,,-8.528041237632067e-06,
0.96,MIXED_NONUNIQUE,True,accept,EUR,{EUR}+{RUS}+{USA},"{EUR,USA}+{RUS}",1.0,,,,,,2.639236115342669e-05,USA
0.96,MIXED_NONUNIQUE,True,accept,RUS,"{EUR,RUS,USA}","{EUR,RUS}+{USA}",1.0,,,,,,2.14488450334116e-07,
0.96,MIXED_NONUNIQUE,True,accept,RUS,"{EUR,RUS,USA}","{EUR,USA}+{RUS}",0.0,,,,,,-8.016520957276896e-06,
0.96,MIXED_NONUNIQUE,True,accept,RUS,"{EUR,RUS,USA}","{EUR}+{RUS,USA}",0.0,,,,,,-6.623699231322888e-07,
0.96,MIXED_NONUNIQUE,True,accept,RUS,"{EUR,RUS,USA}",{EUR}+{RUS}+{USA},0.0,,,,,,-4.78628427025285e-06,
0.96,MIXED_NONUNIQUE,True,accept,RUS,"{EUR,RUS}+{USA}","{EUR,RUS,USA}",0.0,,,,,,-2.14488450334116e-07,
0.96,MIXED_NONUNIQUE,True,accept,RUS,"{EUR,RUS}+{USA}","{EUR,USA}+{RUS}",0.0,,,,,,-8.231009407611012e-06,
0.96,MIXED_NONUNIQUE,True,accept,RUS,"{EUR,RUS}+{USA}","{EUR}+{RUS,USA}",0.0,,,,,,-8.768583734664048e-07,
0.96,MIXED_NONUNIQUE,True,accept,RUS,"{EUR,RUS}+{USA}",{EUR}+{RUS}+{USA},0.0,,,,,,-5.000772720586966e-06,
0.96,MIXED_NONUNIQUE,True,accept,RUS,"{EUR,USA}+{RUS}","{EUR,RUS,USA}",1.0,,,,,,8.016520957276896e-06,
0.96,MIXED_NONUNIQUE,True,accept,RUS,"{EUR,USA}+{RUS}","{EUR,RUS}+{USA}",1.0,,,,,,8.231009407611012e-06,
0.96,MIXED_NONUNIQUE,True,accept,RUS,"{EUR,USA}+{RUS}","{EUR}+{RUS,USA}",1.0,,,,,,7.354151034144607e-06,
0.96,MIXED_NONUNIQUE,True,accept,RUS,"{EUR}+{RUS,USA}","{EUR,RUS,USA}",1.0,,,,,,6.623699231322888e-07,"EUR,USA"
0.96,MIXED_NONUNIQUE,True,accept,RUS,"{EUR}+{RUS,USA}","{EUR,RUS}+{USA}",1.0,,,,,,8.768583734664048e-07,
0.96,MIXED_NONUNIQUE,True,accept,RUS,"{EUR}+{RUS,USA}","{EUR,USA}+{RUS}",0.0,,,,,,-7.354151034144607e-06,
0.96,MIXED_NONUNIQUE,True,accept,RUS,"{EUR}+{RUS,USA}",{EUR}+{RUS}+{USA},0.0,,,,,,-4.123914347120561e-06,
0.96,MIXED_NONUNIQUE,True,accept,RUS,{EUR}+{RUS}+{USA},"{EUR,RUS,USA}",1.0,,,,,,4.78628427025285e-06,
0.96,MIXED_NONUNIQUE,True,accept,RUS,{EUR}+{RUS}+{USA},"{EUR,RUS}+{USA}",1.0,,,,,,5.000772720586966e-06,
0.96,MIXED_NONUNIQUE,True,accept,RUS,{EUR}+{RUS}+{USA},"{EUR}+{RUS,USA}",1.0,,,,,,4.123914347120561e-06,
0.96,MIXED_NONUNIQUE,True,accept,USA,"{EUR,RUS,USA}","{EUR,RUS}+{USA}",0.0,,,,,,-1.97312583019027e-05,
0.96,MIXED_NONUNIQUE,True,accept,USA,"{EUR,RUS,USA}","{EUR,USA}+{RUS}",1.0,,,,,,4.4868714436319124e-05,
0.96,MIXED_NONUNIQUE,True,accept,USA,"{EUR,RUS,USA}","{EUR}+{RUS,USA}",0.0,,,,,,-7.497261312661152e-06,
0.96,MIXED_NONUNIQUE,True,accept,USA,"{EUR,RUS,USA}",{EUR}+{RUS}+{USA},0.0,,,,,,-2.5016313265346923e-06,
0.96,MIXED_NONUNIQUE,True,accept,USA,"{EUR,RUS}+{USA}","{EUR,RUS,USA}",1.0,,,,,,1.97312583019027e-05,
0.96,MIXED_NONUNIQUE,True,accept,USA,"{EUR,RUS}+{USA}","{EUR,USA}+{RUS}",1.0,,,,,,6.459997273822182e-05,
0.96,MIXED_NONUNIQUE,True,accept,USA,"{EUR,RUS}+{USA}","{EUR}+{RUS,USA}",1.0,,,,,,1.2233996989241547e-05,
0.96,MIXED_NONUNIQUE,True,accept,USA,"{EUR,USA}+{RUS}","{EUR,RUS,USA}",0.0,,,,,,-4.4868714436319124e-05,
0.96,MIXED_NONUNIQUE,True,accept,USA,"{EUR,USA}+{RUS}","{EUR,RUS}+{USA}",0.0,,,,,,-6.459997273822182e-05,
0.96,MIXED_NONUNIQUE,True,accept,USA,"{EUR,USA}+{RUS}","{EUR}+{RUS,USA}",0.0,,,,,,-5.2365975748980276e-05,
0.96,MIXED_NONUNIQUE,True,accept,USA,"{EUR,USA}+{RUS}",{EUR}+{RUS}+{USA},0.0,,,,,,-4.7370345762853816e-05,
0.96,MIXED_NONUNIQUE,True,accept,USA,"{EUR}+{RUS,USA}","{EUR,RUS,USA}",1.0,,,,,,7.497261312661152e-06,"EUR,RUS"
0.96,MIXED_NONUNIQUE,True,accept,USA,"{EUR}+{RUS,USA}","{EUR,RUS}+{USA}",0.0,,,,,,-1.2233996989241547e-05,
0.96,MIXED_NONUNIQUE,True,accept,USA,"{EUR}+{RUS,USA}","{EUR,USA}+{RUS}",1.0,,,,,,5.2365975748980276e-05,
0.96,MIXED_NONUNIQUE,True,accept,USA,"{EUR}+{RUS,USA}",{EUR}+{RUS}+{USA},1.0,,,,,,4.99562998612646e-06,
0.96,MIXED_NONUNIQUE,True,accept,USA,{EUR}+{RUS}+{USA},"{EUR,RUS,USA}",1.0,,,,,,2.5016313265346923e-06,RUS
0.96,MIXED_NONUNIQUE,True,accept,USA,{EUR}+{RUS}+{USA},"{EUR,USA}+{RUS}",1.0,,,,,,4.7370345762853816e-05,EUR
0.96,MIXED_NONUNIQUE,True,accept,USA,{EUR}+{RUS}+{USA},"{EUR}+{RUS,USA}",0.0,,,,,,-4.99562998612646e-06,
0.97,MIXED_NONUNIQUE,True,propose,EUR,"{EUR,RUS,USA}","{EUR,RUS,USA}",0.8274447001082225,True,1.0,0.8274447001082225,False,,,
0.97,MIXED_NONUNIQUE,True,propose,EUR,"{EUR,RUS,USA}","{EUR}+{RUS,USA}",0.17255529989177754,False,1.0,0.17255529989177754,True,,,
0.97,MIXED_NONUNIQUE,True,propose,EUR,"{EUR,RUS}+{USA}","{EUR,RUS,USA}",0.2692439380018375,False,0.06410344610984788,0.01725946427010401,False,"RUS,USA",,
0.97,MIXED_NONUNIQUE,True,propose,EUR,"{EUR,RUS}+{USA}",{EUR}+{RUS}+{USA},0.7307560619981626,False,1.0,0.7307560619981626,True,,,
0.97,MIXED_NONUNIQUE,True,propose,EUR,"{EUR,USA}+{RUS}","{EUR,USA}+{RUS}",1.0,True,1.0,1.0,False,,,
0.97,MIXED_NONUNIQUE,True,propose,EUR,"{EUR}+{RUS,USA}","{EUR,RUS,USA}",0.5937510285732157,False,1.0,0.5937510285732157,False,"RUS,USA",,
0.97,MIXED_NONUNIQUE,True,propose,EUR,"{EUR}+{RUS,USA}","{EUR}+{RUS,USA}",0.4062489714267843,True,1.0,0.4062489714267843,False,,,
0.97,MIXED_NONUNIQUE,True,propose,EUR,{EUR}+{RUS}+{USA},"{EUR,USA}+{RUS}",1.0,False,1.0,1.0,False,USA,,
0.97,MIXED_NONUNIQUE,True,propose,RUS,"{EUR,RUS,USA}","{EUR,RUS,USA}",1.0,True,1.0,1.0,False,,,
0.97,MIXED_NONUNIQUE,True,propose,RUS,"{EUR,RUS}+{USA}","{EUR,RUS,USA}",0.43228228356607795,False,1.0,0.43228228356607795,False,"EUR,USA",,
0.97,MIXED_NONUNIQUE,True,propose,RUS,"{EUR,RUS}+{USA}","{EUR,RUS}+{USA}",0.567717716433922,True,1.0,0.567717716433922,False,,,
0.97,MIXED_NONUNIQUE,True,propose,RUS,"{EUR,USA}+{RUS}","{EUR,USA}+{RUS}",1.0,True,1.0,1.0,False,,,
0.97,MIXED_NONUNIQUE,True,propose,RUS,"{EUR}+{RUS,USA}","{EUR,RUS,USA}",1.0,False,0.7333001883205401,0.7333001883205401,False,"EUR,USA",,
0.97,MIXED_NONUNIQUE,True,propose,RUS,{EUR}+{RUS}+{USA},"{EUR,RUS,USA}",1.0,False,1.0,1.0,False,"EUR,USA",,
0.97,MIXED_NONUNIQUE,True,propose,USA,"{EUR,RUS,USA}","{EUR,RUS,USA}",1.0,True,1.0,1.0,False,,,
0.97,MIXED_NONUNIQUE,True,propose,USA,"{EUR,RUS}+{USA}","{EUR,RUS,USA}",1.0,False,0.06410344610984788,0.06410344610984788,False,"EUR,RUS",,
0.97,MIXED_NONUNIQUE,True,propose,USA,"{EUR,USA}+{RUS}","{EUR,USA}+{RUS}",1.0,True,1.0,1.0,False,,,
0.97,MIXED_NONUNIQUE,True,propose,USA,"{EUR}+{RUS,USA}","{EUR,RUS,USA}",0.49311346612403867,False,0.7333001883205401,0.36160019757215184,False,"EUR,RUS",,
0.97,MIXED_NONUNIQUE,True,propose,USA,"{EUR}+{RUS,USA}",{EUR}+{RUS}+{USA},0.5068865338759614,False,1.0,0.5068865338759614,True,,,
0.97,MIXED_NONUNIQUE,True,propose,USA,{EUR}+{RUS}+{USA},"{EUR,USA}+{RUS}",1.0,False,1.0,1.0,False,EUR,,
0.97,MIXED_NONUNIQUE,True,accept,EUR,"{EUR,RUS,USA}","{EUR,RUS}+{USA}",0.0,,,,,,-1.3547012963854854e-05,
0.97,MIXED_NONUNIQUE,True,accept,EUR,"{EUR,RUS,USA}","{EUR,USA}+{RUS}",1.0,,,,,,7.762547036271883e-06,
0.97,MIXED_NONUNIQUE,True,accept,EUR,"{EUR,RUS,USA}","{EUR}+{RUS,USA}",0.5000000000000002,,,,,,0.0,
0.97,MIXED_NONUNIQUE,True,accept,EUR,"{EUR,RUS,USA}",{EUR}+{RUS}+{USA},0.0,,,,,,-1.2678602748561474e-05,
0.97,MIXED_NONUNIQUE,True,accept,EUR,"{EUR,RUS}+{USA}","{EUR,RUS,USA}",1.0,,,,,,1.3547012963854854e-05,"RUS,USA"
0.97,MIXED_NONUNIQUE,True,accept,EUR,"{EUR,RUS}+{USA}","{EUR,USA}+{RUS}",1.0,,,,,,2.1309560000126737e-05,
0.97,MIXED_NONUNIQUE,True,accept,EUR,"{EUR,RUS}+{USA}","{EUR}+{RUS,USA}",1.0,,,,,,1.3547012963854854e-05,
0.97,MIXED_NONUNIQUE,True,accept,EUR,"{EUR,RUS}+{USA}",{EUR}+{RUS}+{USA},1.0,,,,,,8.684102152933804e-07,
0.97,MIXED_NONUNIQUE,True,accept,EUR,"{EUR,USA}+{RUS}","{EUR,RUS,USA}",0.0,,,,,,-7.762547036271883e-06,
0.97,MIXED_NONUNIQUE,True,accept,EUR,"{EUR,USA}+{RUS}","{EUR,RUS}+{USA}",0.0,,,,,,-2.1309560000126737e-05,
0.97,MIXED_NONUNIQUE,True,accept,EUR,"{EUR,USA}+{RUS}","{EUR}+{RUS,USA}",0.0,,,,,,-7.762547036271883e-06,
0.97,MIXED_NONUNIQUE,True,accept,EUR,"{EUR,USA}+{RUS}",{EUR}+{RUS}+{USA},0.0,,,,,,-2.0441149784833357e-05,
0.97,MIXED_NONUNIQUE,True,accept,EUR,"{EUR}+{RUS,USA}","{EUR,RUS,USA}",0.7333001883205401,,,,,,0.0,"RUS,USA"
0.97,MIXED_NONUNIQUE,True,accept,EUR,"{EUR}+{RUS,USA}","{EUR,RUS}+{USA}",0.0,,,,,,-1.3547012963854854e-05,
0.97,MIXED_NONUNIQUE,True,accept,EUR,"{EUR}+{RUS,USA}","{EUR,USA}+{RUS}",1.0,,,,,,7.762547036271883e-06,
0.97,MIXED_NONUNIQUE,True,accept,EUR,{EUR}+{RUS}+{USA},"{EUR,RUS,USA}",1.0,,,,,,1.2678602748561474e-05,RUS
0.97,MIXED_NONUNIQUE,True,accept,EUR,{EUR}+{RUS}+{USA},"{EUR,RUS}+{USA}",0.0,,,,,,-8.684102152933804e-07,
0.97,MIXED_NONUNIQUE,True,accept,EUR,{EUR}+{RUS}+{USA},"{EUR,USA}+{RUS}",1.0,,,,,,2.0441149784833357e-05,USA
0.97,MIXED_NONUNIQUE,True,accept,RUS,"{EUR,RUS,USA}","{EUR,RUS}+{USA}",0.5,,,,,,0.0,
0.97,MIXED_NONUNIQUE,True,accept,RUS,"{EUR,RUS,USA}","{EUR,USA}+{RUS}",0.0,,,,,,-8.241729776869988e-06,
0.97,MIXED_NONUNIQUE,True,accept,RUS,"{EUR,RUS,USA}","{EUR}+{RUS,USA}",0.0,,,,,,-8.80076316045475e-07,
0.97,MIXED_NONUNIQUE,True,accept,RUS,"{EUR,RUS,USA}",{EUR}+{RUS}+{USA},0.0,,,,,,-5.078191330110116e-06,
0.97,MIXED_NONUNIQUE,True,accept,RUS,"{EUR,RUS}+{USA}","{EUR,RUS,USA}",0.06410344610984788,,,,,,0.0,"EUR,USA"
0.97,MIXED_NONUNIQUE,True,accept,RUS,"{EUR,RUS}+{USA}","{EUR,USA}+{RUS}",0.0,,,,,,-8.241729776869988e-06,
0.97,MIXED_NONUNIQUE,True,accept,RUS,"{EUR,RUS}+{USA}","{EUR}+{RUS,USA}",0.0,,,,,,-8.80076316045475e-07,
0.97,MIXED_NONUNIQUE,True,accept,RUS,"{EUR,RUS}+{USA}",{EUR}+{RUS}+{USA},0.0,,,,,,-5.078191330110116e-06,
0.97,MIXED_NONUNIQUE,True,accept,RUS,"{EUR,USA}+{RUS}","{EUR,RUS,USA}",1.0,,,,,,8.241729776869988e-06,
0.97,MIXED_NONUNIQUE,True,accept,RUS,"{EUR,USA}+{RUS}","{EUR,RUS}+{USA}",1.0,,,,,,8.241729776869988e-06,
0.97,MIXED_NONUNIQUE,True,accept,RUS,"{EUR,USA}+{RUS}","{EUR}+{RUS,USA}",1.0,,,,,,7.361653460824513e-06,
0.97,MIXED_NONUNIQUE,True,accept,RUS,"{EUR}+{RUS,USA}","{EUR,RUS,USA}",1.0,,,,,,8.80076316045475e-07,"EUR,USA"
0.97,MIXED_NONUNIQUE,True,accept,RUS,"{EUR}+{RUS,USA}","{EUR,RUS}+{USA}",1.0,,,,,,8.80076316045475e-07,
0.97,MIXED_NONUNIQUE,True,accept,RUS,"{EUR}+{RUS,USA}","{EUR,USA}+{RUS}",0.0,,,,,,-7.361653460824513e-06,
0.97,MIXED_NONUNIQUE,True,accept,RUS,"{EUR}+{RUS,USA}",{EUR}+{RUS}+{USA},0.0,,,,,,-4.198115014064641e-06,
0.97,MIXED_NONUNIQUE,True,accept,RUS,{EUR}+{RUS}+{USA},"{EUR,RUS,USA}",1.0,,,,,,5.078191330110116e-06,
0.97,MIXED_NONUNIQUE,True,accept,RUS,{EUR}+{RUS}+{USA},"{EUR,RUS}+{USA}",1.0,,,,,,5.078191330110116e-06,
0.97,MIXED_NONUNIQUE,True,accept,RUS,{EUR}+{RUS}+{USA},"{EUR}+{RUS,USA}",1.0,,,,,,4.198115014064641e-06,
0.97,MIXED_NONUNIQUE,True,accept,USA,"{EUR,RUS,USA}","{EUR,RUS}+{USA}",0.0,,,,,,-1.2490397904851847e-05,
0.97,MIXED_NONUNIQUE,True,accept,USA,"{EUR,RUS,USA}","{EUR,USA}+{RUS}",1.0,,,,,,3.435236143412013e-05,
0.97,MIXED_NONUNIQUE,True,accept,USA,"{EUR,RUS,USA}","{EUR}+{RUS,USA}",0.0,,,,,,-5.677431656359033e-06,
0.97,MIXED_NONUNIQUE,True,accept,USA,"{EUR,RUS,USA}",{EUR}+{RUS}+{USA},0.0,,,,,,-1.5141699538645526e-06,
0.97,MIXED_NONUNIQUE,True,accept,USA,"{EUR,RUS}+{USA}","{EUR,RUS,USA}",1.0,,,,,,1.2490397904851847e-05,"EUR,RUS"
0.97,MIXED_NONUNIQUE,True,accept,USA,"{EUR,RUS}+{USA}","{EUR,USA}+{RUS}",1.0,,,,,,4.684275933897197e-05,
0.97,MIXED_NONUNIQUE,True,accept,USA,"{EUR,RUS}+{USA}","{EUR}+{RUS,USA}",1.0,,,,,,6.812966248492813e-06,
0.97,MIXED_NONUNIQUE,True,accept,USA,"{EUR,USA}+{RUS}","{EUR,RUS,USA}",0.0,,,,,,-3.435236143412013e-05,
0.97,MIXED_NONUNIQUE,True,accept,USA,"{EUR,USA}+{RUS}","{EUR,RUS}+{USA}",0.0,,,,,,-4.684275933897197e-05,
0.97,MIXED_NONUNIQUE,True,accept,USA,"{EUR,USA}+{RUS}","{EUR}+{RUS,USA}",0.0,,,,,,-4.002979309047916e-05,
0.97,MIXED_NONUNIQUE,True,accept,USA,"{EUR,USA}+{RUS}",{EUR}+{RUS}+{USA},0.0,,,,,,-3.586653138798468e-05,
0.97,MIXED_NONUNIQUE,True,accept,USA,"{EUR}+{RUS,USA}","{EUR,RUS,USA}",1.0,,,,,,5.677431656359033e-06,"EUR,RUS"
0.97,MIXED_NONUNIQUE,True,accept,USA,"{EUR}+{RUS,USA}","{EUR,RUS}+{USA}",0.0,,,,,,-6.812966248492813e-06,
0.97,MIXED_NONUNIQUE,True,accept,USA,"{EUR}+{RUS,USA}","{EUR,USA}+{RUS}",1.0,,,,,,4.002979309047916e-05,
0.97,MIXED_NONUNIQUE,True,accept,USA,"{EUR}+{RUS,USA}",{EUR}+{RUS}+{USA},1.0,,,,,,4.163261702494481e-06,
0.97,MIXED_NONUNIQUE,True,accept,USA,{EUR}+{RUS}+{USA},"{EUR,RUS,USA}",1.0,,,,,,1.5141699538645526e-06,RUS
0.97,MIXED_NONUNIQUE,True,accept,USA,{EUR}+{RUS}+{USA},"{EUR,USA}+{RUS}",1.0,,,,,,3.586653138798468e-05,EUR
0.97,MIXED_NONUNIQUE,True,accept,USA,{EUR}+{RUS}+{USA},"{EUR}+{RUS,USA}",0.0,,,,,,-4.163261702494481e-06,
0.98,MIXED_NONUNIQUE,True,propose,EUR,"{EUR,RUS,USA}","{EUR,RUS,USA}",0.984564725521947,True,1.0,0.984564725521947,False,,,
0.98,MIXED_NONUNIQUE,True,propose,EUR,"{EUR,RUS,USA}","{EUR}+{RUS,USA}",0.01543527447805304,False,1.0,0.01543527447805304,True,,,
0.98,MIXED_NONUNIQUE,True,propose,EUR,"{EUR,RUS}+{USA}","{EUR,RUS,USA}",0.6132949691542204,False,0.13356743497764842,0.08191623591462523,False,"RUS,USA",,
0.98,MIXED_NONUNIQUE,True,propose,EUR,"{EUR,RUS}+{USA}",{EUR}+{RUS}+{USA},0.38670503084577956,False,1.0,0.38670503084577956,True,,,
0.98,MIXED_NONUNIQUE,True,propose,EUR,"{EUR,USA}+{RUS}","{EUR,USA}+{RUS}",1.0,True,1.0,1.0,False,,,
0.98,MIXED_NONUNIQUE,True,propose,EUR,"{EUR}+{RUS,USA}","{EUR,RUS,USA}",0.9832666589831046,False,1.0,0.9832666589831046,False,"RUS,USA",,
0.98,MIXED_NONUNIQUE,True,propose,EUR,"{EUR}+{RUS,USA}","{EUR}+{RUS,USA}",0.016733341016895387,True,1.0,0.016733341016895387,False,,,
0.98,MIXED_NONUNIQUE,True,propose,EUR,{EUR}+{RUS}+{USA},"{EUR,USA}+{RUS}",1.0,False,1.0,1.0,False,USA,,
0.98,MIXED_NONUNIQUE,True,propose,RUS,"{EUR,RUS,USA}","{EUR,RUS,USA}",1.0,True,1.0,1.0,False,,,
0.98,MIXED_NONUNIQUE,True,propose,RUS,"{EUR,RUS}+{USA}","{EUR,RUS,USA}",0.42374917227005954,False,1.0,0.42374917227005954,False,"EUR,USA",,
0.98,MIXED_NONUNIQUE,True,propose,RUS,"{EUR,RUS}+{USA}","{EUR,RUS}+{USA}",0.5762508277299405,True,1.0,0.5762508277299405,False,,,
0.98,MIXED_NONUNIQUE,True,propose,RUS,"{EUR,USA}+{RUS}","{EUR,USA}+{RUS}",1.0,True,1.0,1.0,False,,,
0.98,MIXED_NONUNIQUE,True,propose,RUS,"{EUR}+{RUS,USA}","{EUR,RUS,USA}",1.0,False,0.9994497011352873,0.9994497011352873,False,"EUR,USA",,
0.98,MIXED_NONUNIQUE,True,propose,RUS,{EUR}+{RUS}+{USA},"{EUR,RUS,USA}",1.0,False,1.0,1.0,False,"EUR,USA",,
0.98,MIXED_NONUNIQUE,True,propose,USA,"{EUR,RUS,USA}","{EUR,RUS,USA}",1.0,True,1.0,1.0,False,,,
0.98,MIXED_NONUNIQUE,True,propose,USA,"{EUR,RUS}+{USA}","{EUR,RUS,USA}",1.0,False,0.13356743497764842,0.13356743497764842,False,"EUR,RUS",,
0.98,MIXED_NONUNIQUE,True,propose,USA,"{EUR,USA}+{RUS}","{EUR,USA}+{RUS}",1.0,True,1.0,1.0,False,,,
0.98,MIXED_NONUNIQUE,True,propose,USA,"{EUR}+{RUS,USA}","{EUR,RUS,USA}",0.3696382486895471,False,0.9994497011352873,0.36943483718093884,False,"EUR,RUS",,
0.98,MIXED_NONUNIQUE,True,propose,USA,"{EUR}+{RUS,USA}",{EUR}+{RUS}+{USA},0.6303617513104529,False,1.0,0.6303617513104529,True,,,
0.98,MIXED_NONUNIQUE,True,propose,USA,{EUR}+{RUS}+{USA},"{EUR,USA}+{RUS}",1.0,False,1.0,1.0,False,EUR,,
0.98,MIXED_NONUNIQUE,True,accept,EUR,"{EUR,RUS,USA}","{EUR,RUS}+{USA}",0.0,,,,,,-7.764471987137256e-06,
0.98,MIXED_NONUNIQUE,True,accept,EUR,"{EUR,RUS,USA}","{EUR,USA}+{RUS}",1.0,,,,,,7.762547036271883e-06,
0.98,MIXED_NONUNIQUE,True,accept,EUR,"{EUR,RUS,USA}","{EUR}+{RUS,USA}",0.961601925225181,,,,,,0.0,
0.98,MIXED_NONUNIQUE,True,accept,EUR,"{EUR,RUS,USA}",{EUR}+{RUS}+{USA},0.0,,,,,,-6.7273913799681395e-06,
0.98,MIXED_NONUNIQUE,True,accept,EUR,"{EUR,RUS}+{USA}","{EUR,RUS,USA}",1.0,,,,,,7.764471987137256e-06,"RUS,USA"
0.98,MIXED_NONUNIQUE,True,accept,EUR,"{EUR,RUS}+{USA}","{EUR,USA}+{RUS}",1.0,,,,,,1.552701902340914e-05,
0.98,MIXED_NONUNIQUE,True,accept,EUR,"{EUR,RUS}+{USA}","{EUR}+{RUS,USA}",1.0,,,,,,7.764471987137256e-06,
0.98,MIXED_NONUNIQUE,True,accept,EUR,"{EUR,RUS}+{USA}",{EUR}+{RUS}+{USA},1.0,,,,,,1.0370806071691163e-06,
0.98,MIXED_NONUNIQUE,True,accept,EUR,"{EUR,USA}+{RUS}","{EUR,RUS,USA}",0.0,,,,,,-7.762547036271883e-06,
0.98,MIXED_NONUNIQUE,True,accept,EUR,"{EUR,USA}+{RUS}","{EUR,RUS}+{USA}",0.0,,,,,,-1.552701902340914e-05,
0.98,MIXED_NONUNIQUE,True,accept,EUR,"{EUR,USA}+{RUS}","{EUR}+{RUS,USA}",0.0,,,,,,-7.762547036271883e-06,
0.98,MIXED_NONUNIQUE,True,accept,EUR,"{EUR,USA}+{RUS}",{EUR}+{RUS}+{USA},0.0,,,,,,-1.4489938416240022e-05,
0.98,MIXED_NONUNIQUE,True,accept,EUR,"{EUR}+{RUS,USA}","{EUR,RUS,USA}",0.9994497011352873,,,,,,0.0,"RUS,USA"
0.98,MIXED_NONUNIQUE,True,accept,EUR,"{EUR}+{RUS,USA}","{EUR,RUS}+{USA}",0.0,,,,,,-7.764471987137256e-06,
0.98,MIXED_NONUNIQUE,True,accept,EUR,"{EUR}+{RUS,USA}","{EUR,USA}+{RUS}",1.0,,,,,,7.762547036271883e-06,
0.98,MIXED_NONUNIQUE,True,accept,EUR,{EUR}+{RUS}+{USA},"{EUR,RUS,USA}",1.0,,,,,,6.7273913799681395e-06,RUS
0.98,MIXED_NONUNIQUE,True,accept,EUR,{EUR}+{RUS}+{USA},"{EUR,RUS}+{USA}",0.0,,,,,,-1.0370806071691163e-06,
0.98,MIXED_NONUNIQUE,True,accept,EUR,{EUR}+{RUS}+{USA},"{EUR,USA}+{RUS}",1.0,,,,,,1.4489938416240022e-05,USA
0.98,MIXED_NONUNIQUE,True,accept,RUS,"{EUR,RUS,USA}","{EUR,RUS}+{USA}",0.6444409052171034,,,,,,-2.220446049250313e-16,
0.98,MIXED_NONUNIQUE,True,accept,RUS,"{EUR,RUS,USA}","{EUR,USA}+{RUS}",0.0,,,,,,-9.5827451807029e-06,
0.98,MIXED_NONUNIQUE,True,accept,RUS,"{EUR,RUS,USA}","{EUR}+{RUS,USA}",0.0,,,,,,-1.1729732563026118e-06,
0.98,MIXED_NONUNIQUE,True,accept,RUS,"{EUR,RUS,USA}",{EUR}+{RUS}+{USA},0.0,,,,,,-6.119906764689986e-06,
0.98,MIXED_NONUNIQUE,True,accept,RUS,"{EUR,RUS}+{USA}","{EUR,RUS,USA}",0.13356743497764842,,,,,,2.220446049250313e-16,"EUR,USA"
0.98,MIXED_NONUNIQUE,True,accept,RUS,"{EUR,RUS}+{USA}","{EUR,USA}+{RUS}",0.0,,,,,,-9.582745180480856e-06,
0.98,MIXED_NONUNIQUE,True,accept,RUS,"{EUR,RUS}+{USA}","{EUR}+{RUS,USA}",0.0,,,,,,-1.1729732560805672e-06,
0.98,MIXED_NONUNIQUE,True,accept,RUS,"{EUR,RUS}+{USA}",{EUR}+{RUS}+{USA},0.0,,,,,,-6.119906764467942e-06,
0.98,MIXED_NONUNIQUE,True,accept,RUS,"{EUR,USA}+{RUS}","{EUR,RUS,USA}",1.0,,,,,,9.5827451807029e-06,
0.98,MIXED_NONUNIQUE,True,accept,RUS,"{EUR,USA}+{RUS}","{EUR,RUS}+{USA}",1.0,,,,,,9.582745180480856e-06,
0.98,MIXED_NONUNIQUE,True,accept,RUS,"{EUR,USA}+{RUS}","{EUR}+{RUS,USA}",1.0,,,,,,8.409771924400289e-06,
0.98,MIXED_NONUNIQUE,True,accept,RUS,"{EUR}+{RUS,USA}","{EUR,RUS,USA}",1.0,,,,,,1.1729732563026118e-06,"EUR,USA"
0.98,MIXED_NONUNIQUE,True,accept,RUS,"{EUR}+{RUS,USA}","{EUR,RUS}+{USA}",1.0,,,,,,1.1729732560805672e-06,
0.98,MIXED_NONUNIQUE,True,accept,RUS,"{EUR}+{RUS,USA}","{EUR,USA}+{RUS}",0.0,,,,,,-8.409771924400289e-06,
0.98,MIXED_NONUNIQUE,True,accept,RUS,"{EUR}+{RUS,USA}",{EUR}+{RUS}+{USA},0.0,,,,,,-4.9469335083873744e-06,
0.98,MIXED_NONUNIQUE,True,accept,RUS,{EUR}+{RUS}+{USA},"{EUR,RUS,USA}",1.0,,,,,,6.119906764689986e-06,
0.98,MIXED_NONUNIQUE,True,accept,RUS,{EUR}+{RUS}+{USA},"{EUR,RUS}+{USA}",1.0,,,,,,6.119906764467942e-06,
0.98,MIXED_NONUNIQUE,True,accept,RUS,{EUR}+{RUS}+{USA},"{EUR}+{RUS,USA}",1.0,,,,,,4.9469335083873744e-06,
0.98,MIXED_NONUNIQUE,True,accept,USA,"{EUR,RUS,USA}","{EUR,RUS}+{USA}",0.0,,,,,,-1.0020568673496655e-05,
0.98,MIXED_NONUNIQUE,True,accept,USA,"{EUR,RUS,USA}","{EUR,USA}+{RUS}",1.0,,,,,,2.4511798650372896e-05,
0.98,MIXED_NONUNIQUE,True,accept,USA,"{EUR,RUS,USA}","{EUR}+{RUS,USA}",0.0,,,,,,-2.8484160945474457e-06,
0.98,MIXED_NONUNIQUE,True,accept,USA,"{EUR,RUS,USA}",{EUR}+{RUS}+{USA},0.0,,,,,,-1.5674803677256932e-09,
0.98,MIXED_NONUNIQUE,True,accept,USA,"{EUR,RUS}+{USA}","{EUR,RUS,USA}",1.0,,,,,,1.0020568673496655e-05,"EUR,RUS"
0.98,MIXED_NONUNIQUE,True,accept,USA,"{EUR,RUS}+{USA}","{EUR,USA}+{RUS}",1.0,,,,,,3.453236732386955e-05,
0.98,MIXED_NONUNIQUE,True,accept,USA,"{EUR,RUS}+{USA}","{EUR}+{RUS,USA}",1.0,,,,,,7.172152578949209e-06,
0.98,MIXED_NONUNIQUE,True,accept,USA,"{EUR,USA}+{RUS}","{EUR,RUS,USA}",0.0,,,,,,-2.4511798650372896e-05,
0.98,MIXED_NONUNIQUE,True,accept,USA,"{EUR,USA}+{RUS}","{EUR,RUS}+{USA}",0.0,,,,,,-3.453236732386955e-05,
0.98,MIXED_NONUNIQUE,True,accept,USA,"{EUR,USA}+{RUS}","{EUR}+{RUS,USA}",0.0,,,,,,-2.736021474492034e-05,
0.98,MIXED_NONUNIQUE,True,accept,USA,"{EUR,USA}+{RUS}",{EUR}+{RUS}+{USA},0.0,,,,,,-2.451336613074062e-05,
0.98,MIXED_NONUNIQUE,True,accept,USA,"{EUR}+{RUS,USA}","{EUR,RUS,USA}",1.0,,,,,,2.8484160945474457e-06,"EUR,RUS"
0.98,MIXED_NONUNIQUE,True,accept,USA,"{EUR}+{RUS,USA}","{EUR,RUS}+{USA}",0.0,,,,,,-7.172152578949209e-06,
0.98,MIXED_NONUNIQUE,True,accept,USA,"{EUR}+{RUS,USA}","{EUR,USA}+{RUS}",1.0,,,,,,2.736021474492034e-05,
0.98,MIXED_NONUNIQUE,True,accept,USA,"{EUR}+{RUS,USA}",{EUR}+{RUS}+{USA},1.0,,,,,,2.84684861417972e-06,
0.98,MIXED_NONUNIQUE,True,accept,USA,{EUR}+{RUS}+{USA},"{EUR,RUS,USA}",1.0,,,,,,1.5674803677256932e-09,RUS
0.98,MIXED_NONUNIQUE,True,accept,USA,{EUR}+{RUS}+{USA},"{EUR,USA}+{RUS}",1.0,,,,,,2.451336613074062e-05,EUR
0.98,MIXED_NONUNIQUE,True,accept,USA,{EUR}+{RUS}+{USA},"{EUR}+{RUS,USA}",0.0,,,,,,-2.84684861417972e-06,
0.99,MIXED,False,propose,EUR,"{EUR,RUS,USA}","{EUR}+{RUS,USA}",1.0,False,1.0,1.0,True,,,
0.99,MIXED,False,propose,EUR,"{EUR,RUS}+{USA}",{EUR}+{RUS}+{USA},1.0,False,1.0,1.0,True,,,
0.99,MIXED,False,propose,EUR,"{EUR,USA}+{RUS}","{EUR,RUS,USA}",0.25,False,0.0,0.0,False,"RUS,USA",,
0.99,MIXED,False,propose,EUR,"{EUR,USA}+{RUS}","{EUR,RUS}+{USA}",0.25,False,0.0,0.0,False,"RUS,USA",,
0.99,MIXED,False,propose,EUR,"{EUR,USA}+{RUS}","{EUR,USA}+{RUS}",0.25,True,1.0,0.25,False,,,
0.99,MIXED,False,propose,EUR,"{EUR,USA}+{RUS}","{EUR}+{RUS,USA}",0.25,False,0.0,0.0,False,"RUS,USA",,
0.99,MIXED,False,propose,EUR,"{EUR}+{RUS,USA}","{EUR,RUS,USA}",0.2,False,0.0,0.0,False,"RUS,USA",,
0.99,MIXED,False,propose,EUR,"{EUR}+{RUS,USA}","{EUR,RUS}+{USA}",0.2,False,0.0,0.0,False,"RUS,USA",,
0.99,MIXED,False,propose,EUR,"{EUR}+{RUS,USA}","{EUR,USA}+{RUS}",0.2,False,0.0,0.0,False,"RUS,USA",,
0.99,MIXED,False,propose,EUR,"{EUR}+{RUS,USA}","{EUR}+{RUS,USA}",0.2,True,1.0,0.2,False,,,
0.99,MIXED,False,propose,EUR,"{EUR}+{RUS,USA}",{EUR}+{RUS}+{USA},0.2,False,0.0,0.0,False,"RUS,USA",,
0.99,MIXED,False,propose,EUR,{EUR}+{RUS}+{USA},"{EUR,USA}+{RUS}",1.0,False,1.0,1.0,False,USA,,
0.99,MIXED,False,propose,RUS,"{EUR,RUS,USA}","{EUR,RUS,USA}",0.3333333333333333,True,1.0,0.3333333333333333,False,,,
0.99,MIXED,False,propose,RUS,"{EUR,RUS,USA}","{EUR,RUS}+{USA}",0.3333333333333333,False,0.0,0.0,False,"EUR,USA",,
0.99,MIXED,False,propose,RUS,"{EUR,RUS,USA}",{EUR}+{RUS}+{USA},0.3333333333333333,False,0.0,0.0,False,"EUR,USA",,
0.99,MIXED,False,propose,RUS,"{EUR,RUS}+{USA}","{EUR,RUS}+{USA}",1.0,True,1.0,1.0,False,,,
0.99,MIXED,False,propose,RUS,"{EUR,USA}+{RUS}","{EUR,RUS,USA}",0.2,False,0.0,0.0,False,"EUR,USA",,
0.99,MIXED,False,propose,RUS,"{EUR,USA}+{RUS}","{EUR,RUS}+{USA}",0.2,False,0.0,0.0,False,"EUR,USA",,
0.99,MIXED,False,propose,RUS,"{EUR,USA}+{RUS}","{EUR,USA}+{RUS}",0.2,True,1.0,0.2,False,,,
0.99,MIXED,False,propose,RUS,"{EUR,USA}+{RUS}","{EUR}+{RUS,USA}",0.2,False,0.0,0.0,False,"EUR,USA",,
0.99,MIXED,False,propose,RUS,"{EUR,USA}+{RUS}",{EUR}+{RUS}+{USA},0.2,False,0.0,0.0,False,"EUR,USA",,
0.99,MIXED,False,propose,RUS,"{EUR}+{RUS,USA}","{EUR,RUS,USA}",0.3333333333333333,False,0.0,0.0,False,"EUR,USA",,
0.99,MIXED,False,propose,RUS,"{EUR}+{RUS,USA}","{EUR,RUS}+{USA}",0.3333333333333333,False,0.0,0.0,False,"EUR,USA",,
0.99,MIXED,False,propose,RUS,"{EUR}+{RUS,USA}","{EUR}+{RUS,USA}",0.3333333333333333,True,1.0,0.3333333333333333,False,,,
0.99,MIXED,False,propose,RUS,{EUR}+{RUS}+{USA},"{EUR,RUS,USA}",0.25,False,0.0,0.0,False,"EUR,USA",,
0.99,MIXED,False,propose,RUS,{EUR}+{RUS}+{USA},"{EUR,RUS}+{USA}",0.25,False,0.0,0.0,False,EUR,,
0.99,MIXED,False,propose,RUS,{EUR}+{RUS}+{USA},"{EUR}+{RUS,USA}",0.25,False,0.0,0.0,False,USA,,
0.99,MIXED,False,propose,RUS,{EUR}+{RUS}+{USA},{EUR}+{RUS}+{USA},0.25,True,1.0,0.25,False,,,
0.99,MIXED,False,propose,USA,"{EUR,RUS,USA}","{EUR,RUS,USA}",0.25,True,1.0,0.25,False,,,
0.99,MIXED,False,propose,USA,"{EUR,RUS,USA}","{EUR,USA}+{RUS}",0.25,False,0.0,0.0,False,"EUR,RUS",,
0.99,MIXED,False,propose,USA,"{EUR,RUS,USA}","{EUR}+{RUS,USA}",0.25,False,0.0,0.0,False,"EUR,RUS",,
0.99,MIXED,False,propose,USA,"{EUR,RUS,USA}",{EUR}+{RUS}+{USA},0.25,False,0.0,0.0,False,"EUR,RUS",,
0.99,MIXED,False,propose,USA,"{EUR,RUS}+{USA}","{EUR,RUS,USA}",0.2,False,0.0,0.0,False,"EUR,RUS",,
0.99,MIXED,False,propose,USA,"{EUR,RUS}+{USA}","{EUR,RUS}+{USA}",0.2,True,1.0,0.2,False,,,
0.99,MIXED,False,propose,USA,"{EUR,RUS}+{USA}","{EUR,USA}+{RUS}",0.2,False,0.0,0.0,False,"EUR,RUS",,
0.99,MIXED,False,propose,USA,"{EUR,RUS}+{USA}","{EUR}+{RUS,USA}",0.2,False,0.0,0.0,False,"EUR,RUS",,
0.99,MIXED,False,propose,USA,"{EUR,RUS}+{USA}",{EUR}+{RUS}+{USA},0.2,False,0.0,0.0,False,"EUR,RUS",,
0.99,MIXED,False,propose,USA,"{EUR,USA}+{RUS}","{EUR,RUS,USA}",0.25,False,0.0,0.0,False,"EUR,RUS",,
0.99,MIXED,False,propose,USA,"{EUR,USA}+{RUS}","{EUR,RUS}+{USA}",0.25,False,0.0,0.0,False,"EUR,RUS",,
0.99,MIXED,False,propose,USA,"{EUR,USA}+{RUS}","{EUR,USA}+{RUS}",0.25,True,1.0,0.25,False,,,
0.99,MIXED,False,propose,USA,"{EUR,USA}+{RUS}","{EUR}+{RUS,USA}",0.25,False,0.0,0.0,False,"EUR,RUS",,
0.99,MIXED,False,propose,USA,"{EUR}+{RUS,USA}",{EUR}+{RUS}+{USA},1.0,False,1.0,1.0,True,,,
0.99,MIXED,False,propose,USA,{EUR}+{RUS}+{USA},"{EUR,USA}+{RUS}",1.0,False,1.0,1.0,False,EUR,,
0.99,MIXED,False,accept,EUR,"{EUR,RUS,USA}","{EUR,RUS}+{USA}",0.0,,,,,,-4.8157059553410875e-06,RUS
0.99,MIXED,False,accept,EUR,"{EUR,RUS,USA}","{EUR,USA}+{RUS}",1.0,,,,,,6.876604227823435e-06,USA
0.99,MIXED,False,accept,EUR,"{EUR,RUS,USA}","{EUR}+{RUS,USA}",1.0,,,,,,2.684675193265207e-08,USA
0.99,MIXED,False,accept,EUR,"{EUR,RUS,USA}",{EUR}+{RUS}+{USA},0.0,,,,,,-2.044420436941863e-06,"RUS,USA"
0.99,MIXED,False,accept,EUR,"{EUR,RUS}+{USA}","{EUR,RUS,USA}",1.0,,,,,,4.8157059553410875e-06,USA
0.99,MIXED,False,accept,EUR,"{EUR,RUS}+{USA}","{EUR,USA}+{RUS}",1.0,,,,,,1.1692310183164523e-05,USA
0.99,MIXED,False,accept,EUR,"{EUR,RUS}+{USA}","{EUR}+{RUS,USA}",1.0,,,,,,4.8425527072737395e-06,USA
0.99,MIXED,False,accept,EUR,"{EUR,RUS}+{USA}",{EUR}+{RUS}+{USA},1.0,,,,,,2.7712855183992247e-06,USA
0.99,MIXED,False,accept,EUR,"{EUR,USA}+{RUS}","{EUR,RUS,USA}",0.0,,,,,,-6.876604227823435e-06,"RUS,USA"
0.99,MIXED,False,accept,EUR,"{EUR,USA}+{RUS}","{EUR,RUS}+{USA}",0.0,,,,,,-1.1692310183164523e-05,"RUS,USA"
0.99,MIXED,False,accept,EUR,"{EUR,USA}+{RUS}","{EUR}+{RUS,USA}",0.0,,,,,,-6.849757475890783e-06,"RUS,USA"
0.99,MIXED,False,accept,EUR,"{EUR,USA}+{RUS}",{EUR}+{RUS}+{USA},0.0,,,,,,-8.921024664765298e-06,RUS
0.99,MIXED,False,accept,EUR,"{EUR}+{RUS,USA}","{EUR,RUS,USA}",0.0,,,,,,-2.684675193265207e-08,RUS
0.99,MIXED,False,accept,EUR,"{EUR}+{RUS,USA}","{EUR,RUS}+{USA}",0.0,,,,,,-4.8425527072737395e-06,RUS
0.99,MIXED,False,accept,EUR,"{EUR}+{RUS,USA}","{EUR,USA}+{RUS}",1.0,,,,,,6.849757475890783e-06,
0.99,MIXED,False,accept,EUR,{EUR}+{RUS}+{USA},"{EUR,RUS,USA}",1.0,,,,,,2.044420436941863e-06,RUS
0.99,MIXED,False,accept,EUR,{EUR}+{RUS}+{USA},"{EUR,RUS}+{USA}",0.0,,,,,,-2.7712855183992247e-06,RUS
0.99,MIXED,False,accept,EUR,{EUR}+{RUS}+{USA},"{EUR,USA}+{RUS}",1.0,,,,,,8.921024664765298e-06,USA
0.99,MIXED,False,accept,RUS,"{EUR,RUS,USA}","{EUR,RUS}+{USA}",1.0,,,,,,7.276591296179191e-07,
0.99,MIXED,False,accept,RUS,"{EUR,RUS,USA}","{EUR,USA}+{RUS}",0.0,,,,,,-9.318999321106247e-07,USA
0.99,MIXED,False,accept,RUS,"{EUR,RUS,USA}","{EUR}+{RUS,USA}",0.0,,,,,,-2.711079674089234e-07,USA
0.99,MIXED,False,accept,RUS,"{EUR,RUS,USA}",{EUR}+{RUS}+{USA},0.0,,,,,,-6.837842676521433e-07,USA
0.99,MIXED,False,accept,RUS,"{EUR,RUS}+{USA}","{EUR,RUS,USA}",0.0,,,,,,-7.276591296179191e-07,USA
0.99,MIXED,False,accept,RUS,"{EUR,RUS}+{USA}","{EUR,USA}+{RUS}",0.0,,,,,,-1.6595590617285438e-06,USA
0.99,MIXED,False,accept,RUS,"{EUR,RUS}+{USA}","{EUR}+{RUS,USA}",0.0,,,,,,-9.987670970268425e-07,USA
0.99,MIXED,False,accept,RUS,"{EUR,RUS}+{USA}",{EUR}+{RUS}+{USA},0.0,,,,,,-1.4114433972700624e-06,USA
0.99,MIXED,False,accept,RUS,"{EUR,USA}+{RUS}","{EUR,RUS,USA}",1.0,,,,,,9.318999321106247e-07,"EUR,USA"
0.99,MIXED,False,accept,RUS,"{EUR,USA}+{RUS}","{EUR,RUS}+{USA}",1.0,,,,,,1.6595590617285438e-06,"EUR,USA"
0.99,MIXED,False,accept,RUS,"{EUR,USA}+{RUS}","{EUR}+{RUS,USA}",1.0,,,,,,6.607919647017013e-07,"EUR,USA"
0.99,MIXED,False,accept,RUS,"{EUR}+{RUS,USA}","{EUR,RUS,USA}",1.0,,,,,,2.711079674089234e-07,EUR
0.99,MIXED,False,accept,RUS,"{EUR}+{RUS,USA}","{EUR,RUS}+{USA}",1.0,,,,,,9.987670970268425e-07,EUR
0.99,MIXED,False,accept,RUS,"{EUR}+{RUS,USA}","{EUR,USA}+{RUS}",0.0,,,,,,-6.607919647017013e-07,EUR
0.99,MIXED,False,accept,RUS,"{EUR}+{RUS,USA}",{EUR}+{RUS}+{USA},0.0,,,,,,-4.126763002432199e-07,EUR
0.99,MIXED,False,accept,RUS,{EUR}+{RUS}+{USA},"{EUR,RUS,USA}",1.0,,,,,,6.837842676521433e-07,
0.99,MIXED,False,accept,RUS,{EUR}+{RUS}+{USA},"{EUR,RUS}+{USA}",1.0,,,,,,1.4114433972700624e-06,
0.99,MIXED,False,accept,RUS,{EUR}+{RUS}+{USA},"{EUR}+{RUS,USA}",1.0,,,,,,4.126763002432199e-07,
0.99,MIXED,False,accept,USA,"{EUR,RUS,USA}","{EUR,RUS}+{USA}",0.0,,,,,,-8.641628022054704e-07,RUS
0.99,MIXED,False,accept,USA,"{EUR,RUS,USA}","{EUR,USA}+{RUS}",1.0,,,,,,1.7045614579380697e-05,
0.99,MIXED,False,accept,USA,"{EUR,RUS,USA}","{EUR}+{RUS,USA}",1.0,,,,,,2.04487010879717e-07,
0.99,MIXED,False,accept,USA,"{EUR,RUS,USA}",{EUR}+{RUS}+{USA},1.0,,,,,,4.727570869444975e-06,RUS
0.99,MIXED,False,accept,USA,"{EUR,RUS}+{USA}","{EUR,RUS,USA}",1.0,,,,,,8.641628022054704e-07,
0.99,MIXED,False,accept,USA,"{EUR,RUS}+{USA}","{EUR,USA}+{RUS}",1.0,,,,,,1.7909777381586167e-05,
0.99,MIXED,False,accept,USA,"{EUR,RUS}+{USA}","{EUR}+{RUS,USA}",1.0,,,,,,1.0686498130851874e-06,
0.99,MIXED,False,accept,USA,"{EUR,USA}+{RUS}","{EUR,RUS,USA}",0.0,,,,,,-1.7045614579380697e-05,"EUR,RUS"
0.99,MIXED,False,accept,USA,"{EUR,USA}+{RUS}","{EUR,RUS}+{USA}",0.0,,,,,,-1.7909777381586167e-05,"EUR,RUS"
0.99,MIXED,False,accept,USA,"{EUR,USA}+{RUS}","{EUR}+{RUS,USA}",0.0,,,,,,-1.684112756850098e-05,"EUR,RUS"
0.99,MIXED,False,accept,USA,"{EUR,USA}+{RUS}",{EUR}+{RUS}+{USA},0.0,,,,,,-1.2318043709935722e-05,RUS
0.99,MIXED,False,accept,USA,"{EUR}+{RUS,USA}","{EUR,RUS,USA}",0.0,,,,,,-2.04487010879717e-07,"EUR,RUS"
0.99,MIXED,False,accept,USA,"{EUR}+{RUS,USA}","{EUR,RUS}+{USA}",0.0,,,,,,-1.0686498130851874e-06,"EUR,RUS"
0.99,MIXED,False,accept,USA,"{EUR}+{RUS,USA}","{EUR,USA}+{RUS}",1.0,,,,,,1.684112756850098e-05,EUR
0.99,MIXED,False,accept,USA,"{EUR}+{RUS,USA}",{EUR}+{RUS}+{USA},1.0,,,,,,4.523083858565258e-06,EUR
0.99,MIXED,False,accept,USA,{EUR}+{RUS}+{USA},"{EUR,RUS,USA}",0.0,,,,,,-4.727570869444975e-06,RUS
0.99,MIXED,False,accept,USA,{EUR}+{RUS}+{USA},"{EUR,USA}+{RUS}",1.0,,,,,,1.2318043709935722e-05,EUR
0.99,MIXED,False,accept,USA,{EUR}+{RUS}+{USA},"{EUR}+{RUS,USA}",0.0,,,,,,-4.523083858565258e-06,RUS
0.995,PURE,False,propose,EUR,"{EUR,RUS,USA}","{EUR}+{RUS,USA}",1.0,False,1.0,1.0,True,,,
0.995,PURE,False,propose,EUR,"{EUR,RUS}+{USA}",{EUR}+{RUS}+{USA},1.0,False,1.0,1.0,True,,,
0.995,PURE,False,propose,EUR,"{EUR,USA}+{RUS}","{EUR,USA}+{RUS}",1.0,True,1.0,1.0,False,,,
0.995,PURE,False,propose,EUR,"{EUR}+{RUS,USA}","{EUR}+{RUS,USA}",1.0,True,1.0,1.0,False,,,
0.995,PURE,False,propose,EUR,{EUR}+{RUS}+{USA},"{EUR,USA}+{RUS}",1.0,False,1.0,1.0,False,USA,,
0.995,PURE,False,propose,RUS,"{EUR,RUS,USA}","{EUR,RUS,USA}",1.0,True,1.0,1.0,False,,,
0.995,PURE,False,propose,RUS,"{EUR,RUS}+{USA}","{EUR,RUS}+{USA}",1.0,True,1.0,1.0,False,,,
0.995,PURE,False,propose,RUS,"{EUR,USA}+{RUS}","{EUR,USA}+{RUS}",1.0,True,1.0,1.0,False,,,
0.995,PURE,False,propose,RUS,"{EUR}+{RUS,USA}","{EUR}+{RUS,USA}",1.0,True,1.0,1.0,False,,,
0.995,PURE,False,propose,RUS,{EUR}+{RUS}+{USA},{EUR}+{RUS}+{USA},1.0,True,1.0,1.0,False,,,
0.995,PURE,False,propose,USA,"{EUR,RUS,USA}","{EUR,RUS,USA}",1.0,True,1.0,1.0,False,,,
0.995,PURE,False,propose,USA,"{EUR,RUS}+{USA}","{EUR,RUS}+{USA}",1.0,True,1.0,1.0,False,,,
0.995,PURE,False,propose,USA,"{EUR,USA}+{RUS}","{EUR,USA}+{RUS}",1.0,True,1.0,1.0,False,,,
0.995,PURE,False,propose,USA,"{EUR}+{RUS,USA}",{EUR}+{RUS}+{USA},1.0,False,1.0,1.0,True,,,
0.995,PURE,False,propose,USA,{EUR}+{RUS}+{USA},"{EUR,USA}+{RUS}",1.0,False,1.0,1.0,False,EUR,,
0.995,PURE,False,accept,EUR,"{EUR,RUS,USA}","{EUR,RUS}+{USA}",0.0,,,,,,-2.381822873154249e-06,
0.995,PURE,False,accept,EUR,"{EUR,RUS,USA}","{EUR,USA}+{RUS}",1.0,,,,,,3.555254958431675e-06,
0.995,PURE,False,accept,EUR,"{EUR,RUS,USA}","{EUR}+{RUS,USA}",1.0,,,,,,6.342651381885389e-08,
0.995,PURE,False,accept,EUR,"{EUR,RUS,USA}",{EUR}+{RUS}+{USA},0.0,,,,,,-9.163808463164003e-07,
0.995,PURE,False,accept,EUR,"{EUR,RUS}+{USA}","{EUR,RUS,USA}",1.0,,,,,,2.381822873154249e-06,
0.995,PURE,False,accept,EUR,"{EUR,RUS}+{USA}","{EUR,USA}+{RUS}",1.0,,,,,,5.937077831585924e-06,
0.995,PURE,False,accept,EUR,"{EUR,RUS}+{USA}","{EUR}+{RUS,USA}",1.0,,,,,,2.445249386973103e-06,
0.995,PURE,False,accept,EUR,"{EUR,RUS}+{USA}",{EUR}+{RUS}+{USA},1.0,,,,,,1.4654420268378487e-06,
0.995,PURE,False,accept,EUR,"{EUR,USA}+{RUS}","{EUR,RUS,USA}",0.0,,,,,,-3.555254958431675e-06,
0.995,PURE,False,accept,EUR,"{EUR,USA}+{RUS}","{EUR,RUS}+{USA}",0.0,,,,,,-5.937077831585924e-06,
0.995,PURE,False,accept,EUR,"{EUR,USA}+{RUS}","{EUR}+{RUS,USA}",0.0,,,,,,-3.491828444612821e-06,
0.995,PURE,False,accept,EUR,"{EUR,USA}+{RUS}",{EUR}+{RUS}+{USA},0.0,,,,,,-4.471635804748075e-06,
0.995,PURE,False,accept,EUR,"{EUR}+{RUS,USA}","{EUR,RUS,USA}",0.0,,,,,,-6.342651381885389e-08,
0.995,PURE,False,accept,EUR,"{EUR}+{RUS,USA}","{EUR,RUS}+{USA}",0.0,,,,,,-2.445249386973103e-06,
0.995,PURE,False,accept,EUR,"{EUR}+{RUS,USA}","{EUR,USA}+{RUS}",1.0,,,,,,3.491828444612821e-06,
0.995,PURE,False,accept,EUR,{EUR}+{RUS}+{USA},"{EUR,RUS,USA}",1.0,,,,,,9.163808463164003e-07,
0.995,PURE,False,accept,EUR,{EUR}+{RUS}+{USA},"{EUR,RUS}+{USA}",0.0,,,,,,-1.4654420268378487e-06,
0.995,PURE,False,accept,EUR,{EUR}+{RUS}+{USA},"{EUR,USA}+{RUS}",1.0,,,,,,4.471635804748075e-06,USA
0.995,PURE,False,accept,RUS,"{EUR,RUS,USA}","{EUR,RUS}+{USA}",1.0,,,,,,3.625871969337169e-07,
0.995,PURE,False,accept,RUS,"{EUR,RUS,USA}","{EUR,USA}+{RUS}",0.0,,,,,,-4.76326897036472e-07,
0.995,PURE,False,accept,RUS,"{EUR,RUS,USA}","{EUR}+{RUS,USA}",0.0,,,,,,-1.417407431425488e-07,
0.995,PURE,False,accept,RUS,"{EUR,RUS,USA}",{EUR}+{RUS}+{USA},0.0,,,,,,-3.5195969361190294e-07,
0.995,PURE,False,accept,RUS,"{EUR,RUS}+{USA}","{EUR,RUS,USA}",0.0,,,,,,-3.625871969337169e-07,
0.995,PURE,False,accept,RUS,"{EUR,RUS}+{USA}","{EUR,USA}+{RUS}",0.0,,,,,,-8.389140939701889e-07,
0.995,PURE,False,accept,RUS,"{EUR,RUS}+{USA}","{EUR}+{RUS,USA}",0.0,,,,,,-5.043279400762657e-07,
0.995,PURE,False,accept,RUS,"{EUR,RUS}+{USA}",{EUR}+{RUS}+{USA},0.0,,,,,,-7.145468905456198e-07,
0.995,PURE,False,accept,RUS,"{EUR,USA}+{RUS}","{EUR,RUS,USA}",1.0,,,,,,4.76326897036472e-07,
0.995,PURE,False,accept,RUS,"{EUR,USA}+{RUS}","{EUR,RUS}+{USA}",1.0,,,,,,8.389140939701889e-07,
0.995,PURE,False,accept,RUS,"{EUR,USA}+{RUS}","{EUR}+{RUS,USA}",1.0,,,,,,3.345861538939232e-07,
0.995,PURE,False,accept,RUS,"{EUR}+{RUS,USA}","{EUR,RUS,USA}",1.0,,,,,,1.417407431425488e-07,
0.995,PURE,False,accept,RUS,"{EUR}+{RUS,USA}","{EUR,RUS}+{USA}",1.0,,,,,,5.043279400762657e-07,
0.995,PURE,False,accept,RUS,"{EUR}+{RUS,USA}","{EUR,USA}+{RUS}",0.0,,,,,,-3.345861538939232e-07,
0.995,PURE,False,accept,RUS,"{EUR}+{RUS,USA}",{EUR}+{RUS}+{USA},0.0,,,,,,-2.1021895046935413e-07,
0.995,PURE,False,accept,RUS,{EUR}+{RUS}+{USA},"{EUR,RUS,USA}",1.0,,,,,,3.5195969361190294e-07,
0.995,PURE,False,accept,RUS,{EUR}+{RUS}+{USA},"{EUR,RUS}+{USA}",1.0,,,,,,7.145468905456198e-07,
0.995,PURE,False,accept,RUS,{EUR}+{RUS}+{USA},"{EUR}+{RUS,USA}",1.0,,,,,,2.1021895046935413e-07,
0.995,PURE,False,accept,USA,"{EUR,RUS,USA}","{EUR,RUS}+{USA}",0.0,,,,,,-3.132172969877445e-07,
0.995,PURE,False,accept,USA,"{EUR,RUS,USA}","{EUR,USA}+{RUS}",1.0,,,,,,8.775954915662965e-06,
0.995,PURE,False,accept,USA,"{EUR,RUS,USA}","{EUR}+{RUS,USA}",1.0,,,,,,2.2639795504986182e-07,
0.995,PURE,False,accept,USA,"{EUR,RUS,USA}",{EUR}+{RUS}+{USA},1.0,,,,,,2.601573903859844e-06,
0.995,PURE,False,accept,USA,"{EUR,RUS}+{USA}","{EUR,RUS,USA}",1.0,,,,,,3.132172969877445e-07,
0.995,PURE,False,accept,USA,"{EUR,RUS}+{USA}","{EUR,USA}+{RUS}",1.0,,,,,,9.089172212650709e-06,
0.995,PURE,False,accept,USA,"{EUR,RUS}+{USA}","{EUR}+{RUS,USA}",1.0,,,,,,5.396152520376063e-07,
0.995,PURE,False,accept,USA,"{EUR,USA}+{RUS}","{EUR,RUS,USA}",0.0,,,,,,-8.775954915662965e-06,
0.995,PURE,False,accept,USA,"{EUR,USA}+{RUS}","{EUR,RUS}+{USA}",0.0,,,,,,-9.089172212650709e-06,
0.995,PURE,False,accept,USA,"{EUR,USA}+{RUS}","{EUR}+{RUS,USA}",0.0,,,,,,-8.549556960613103e-06,
0.995,PURE,False,accept,USA,"{EUR,USA}+{RUS}",{EUR}+{RUS}+{USA},0.0,,,,,,-6.174381011803121e-06,
0.995,PURE,False,accept,USA,"{EUR}+{RUS,USA}","{EUR,RUS,USA}",0.0,,,,,,-2.2639795504986182e-07,
0.995,PURE,False,accept,USA,"{EUR}+{RUS,USA}","{EUR,RUS}+{USA}",0.0,,,,,,-5.396152520376063e-07,
0.995,PURE,False,accept,USA,"{EUR}+{RUS,USA}","{EUR,USA}+{RUS}",1.0,,,,,,8.549556960613103e-06,
0.995,PURE,False,accept,USA,"{EUR}+{RUS,USA}",{EUR}+{RUS}+{USA},1.0,,,,,,2.375175948809982e-06,
0.995,PURE,False,accept,USA,{EUR}+{RUS}+{USA},"{EUR,RUS,USA}",0.0,,,,,,-2.601573903859844e-06,
0.995,PURE,False,accept,USA,{EUR}+{RUS}+{USA},"{EUR,USA}+{RUS}",1.0,,,,,,6.174381011803121e-06,EUR
0.995,PURE,False,accept,USA,{EUR}+{RUS}+{USA},"{EUR}+{RUS,USA}",0.0,,,,,,-2.375175948809982e-06,
0.997,PURE,False,propose,EUR,"{EUR,RUS,USA}","{EUR}+{RUS,USA}",1.0,False,1.0,1.0,True,,,
0.997,PURE,False,propose,EUR,"{EUR,RUS}+{USA}",{EUR}+{RUS}+{USA},1.0,False,1.0,1.0,True,,,
0.997,PURE,False,propose,EUR,"{EUR,USA}+{RUS}","{EUR,USA}+{RUS}",1.0,True,1.0,1.0,False,,,
0.997,PURE,False,propose,EUR,"{EUR}+{RUS,USA}","{EUR}+{RUS,USA}",1.0,True,1.0,1.0,False,,,
0.997,PURE,False,propose,EUR,{EUR}+{RUS}+{USA},"{EUR,USA}+{RUS}",1.0,False,1.0,1.0,False,USA,,
0.997,PURE,False,propose,RUS,"{EUR,RUS,USA}","{EUR,RUS,USA}",1.0,True,1.0,1.0,False,,,
0.997,PURE,False,propose,RUS,"{EUR,RUS}+{USA}","{EUR,RUS}+{USA}",1.0,True,1.0,1.0,False,,,
0.997,PURE,False,propose,RUS,"{EUR,USA}+{RUS}","{EUR,USA}+{RUS}",1.0,True,1.0,1.0,False,,,
0.997,PURE,False,propose,RUS,"{EUR}+{RUS,USA}","{EUR}+{RUS,USA}",1.0,True,1.0,1.0,False,,,
0.997,PURE,False,propose,RUS,{EUR}+{RUS}+{USA},{EUR}+{RUS}+{USA},1.0,True,1.0,1.0,False,,,
0.997,PURE,False,propose,USA,"{EUR,RUS,USA}","{EUR,RUS,USA}",1.0,True,1.0,1.0,False,,,
0.997,PURE,False,propose,USA,"{EUR,RUS}+{USA}","{EUR,RUS}+{USA}",1.0,True,1.0,1.0,False,,,
0.997,PURE,False,propose,USA,"{EUR,USA}+{RUS}","{EUR,USA}+{RUS}",1.0,True,1.0,1.0,False,,,
0.997,PURE,False,propose,USA,"{EUR}+{RUS,USA}",{EUR}+{RUS}+{USA},1.0,False,1.0,1.0,True,,,
0.997,PURE,False,propose,USA,{EUR}+{RUS}+{USA},"{EUR,USA}+{RUS}",1.0,False,1.0,1.0,False,EUR,,
0.997,PURE,False,accept,EUR,"{EUR,RUS,USA}","{EUR,RUS}+{USA}",0.0,,,,,,-1.4224263944484505e-06,
0.997,PURE,False,accept,EUR,"{EUR,RUS,USA}","{EUR,USA}+{RUS}",1.0,,,,,,2.161973262637673e-06,
0.997,PURE,False,accept,EUR,"{EUR,RUS,USA}","{EUR}+{RUS,USA}",1.0,,,,,,5.055683471866246e-08,
0.997,PURE,False,accept,EUR,"{EUR,RUS,USA}",{EUR}+{RUS}+{USA},0.0,,,,,,-5.236871829517042e-07,
0.997,PURE,False,accept,EUR,"{EUR,RUS}+{USA}","{EUR,RUS,USA}",1.0,,,,,,1.4224263944484505e-06,
0.997,PURE,False,accept,EUR,"{EUR,RUS}+{USA}","{EUR,USA}+{RUS}",1.0,,,,,,3.5843996570861236e-06,
0.997,PURE,False,accept,EUR,"{EUR,RUS}+{USA}","{EUR}+{RUS,USA}",1.0,,,,,,1.472983229167113e-06,
0.997,PURE,False,accept,EUR,"{EUR,RUS}+{USA}",{EUR}+{RUS}+{USA},1.0,,,,,,8.987392114967463e-07,
0.997,PURE,False,accept,EUR,"{EUR,USA}+{RUS}","{EUR,RUS,USA}",0.0,,,,,,-2.161973262637673e-06,
0.997,PURE,False,accept,EUR,"{EUR,USA}+{RUS}","{EUR,RUS}+{USA}",0.0,,,,,,-3.5843996570861236e-06,
0.997,PURE,False,accept,EUR,"{EUR,USA}+{RUS}","{EUR}+{RUS,USA}",0.0,,,,,,-2.1114164279190106e-06,
0.997,PURE,False,accept,EUR,"{EUR,USA}+{RUS}",{EUR}+{RUS}+{USA},0.0,,,,,,-2.6856604455893773e-06,
0.997,PURE,False,accept,EUR,"{EUR}+{RUS,USA}","{EUR,RUS,USA}",0.0,,,,,,-5.055683471866246e-08,
0.997,PURE,False,accept,EUR,"{EUR}+{RUS,USA}","{EUR,RUS}+{USA}",0.0,,,,,,-1.472983229167113e-06,
0.997,PURE,False,accept,EUR,"{EUR}+{RUS,USA}","{EUR,USA}+{RUS}",1.0,,,,,,2.1114164279190106e-06,
0.997,PURE,False,accept,EUR,{EUR}+{RUS}+{USA},"{EUR,RUS,USA}",1.0,,,,,,5.236871829517042e-07,
0.997,PURE,False,accept,EUR,{EUR}+{RUS}+{USA},"{EUR,RUS}+{USA}",0.0,,,,,,-8.987392114967463e-07,
0.997,PURE,False,accept,EUR,{EUR}+{RUS}+{USA},"{EUR,USA}+{RUS}",1.0,,,,,,2.6856604455893773e-06,USA
0.997,PURE,False,accept,RUS,"{EUR,RUS,USA}","{EUR,RUS}+{USA}",1.0,,,,,,2.1722914000932292e-07,
0.997,PURE,False,accept,RUS,"{EUR,RUS,USA}","{EUR,USA}+{RUS}",0.0,,,,,,-2.8834289445001104e-07,
0.997,PURE,False,accept,RUS,"{EUR,RUS,USA}","{EUR}+{RUS,USA}",0.0,,,,,,-8.657079209051233e-08,
0.997,PURE,False,accept,RUS,"{EUR,RUS,USA}",{EUR}+{RUS}+{USA},0.0,,,,,,-2.1364806390700153e-07,
0.997,PURE,False,accept,RUS,"{EUR,RUS}+{USA}","{EUR,RUS,USA}",0.0,,,,,,-2.1722914000932292e-07,
0.997,PURE,False,accept,RUS,"{EUR,RUS}+{USA}","{EUR,USA}+{RUS}",0.0,,,,,,-5.05572034459334e-07,
0.997,PURE,False,accept,RUS,"{EUR,RUS}+{USA}","{EUR}+{RUS,USA}",0.0,,,,,,-3.0379993209983525e-07,
0.997,PURE,False,accept,RUS,"{EUR,RUS}+{USA}",{EUR}+{RUS}+{USA},0.0,,,,,,-4.3087720391632445e-07,
0.997,PURE,False,accept,RUS,"{EUR,USA}+{RUS}","{EUR,RUS,USA}",1.0,,,,,,2.8834289445001104e-07,
0.997,PURE,False,accept,RUS,"{EUR,USA}+{RUS}","{EUR,RUS}+{USA}",1.0,,,,,,5.05572034459334e-07,
0.997,PURE,False,accept,RUS,"{EUR,USA}+{RUS}","{EUR}+{RUS,USA}",1.0,,,,,,2.0177210235949872e-07,
0.997,PURE,False,accept,RUS,"{EUR}+{RUS,USA}","{EUR,RUS,USA}",1.0,,,,,,8.657079209051233e-08,
0.997,PURE,False,accept,RUS,"{EUR}+{RUS,USA}","{EUR,RUS}+{USA}",1.0,,,,,,3.0379993209983525e-07,
0.997,PURE,False,accept,RUS,"{EUR}+{RUS,USA}","{EUR,USA}+{RUS}",0.0,,,,,,-2.0177210235949872e-07,
0.997,PURE,False,accept,RUS,"{EUR}+{RUS,USA}",{EUR}+{RUS}+{USA},0.0,,,,,,-1.270772718164892e-07,
0.997,PURE,False,accept,RUS,{EUR}+{RUS}+{USA},"{EUR,RUS,USA}",1.0,,,,,,2.1364806390700153e-07,
0.997,PURE,False,accept,RUS,{EUR}+{RUS}+{USA},"{EUR,RUS}+{USA}",1.0,,,,,,4.3087720391632445e-07,
0.997,PURE,False,accept,RUS,{EUR}+{RUS}+{USA},"{EUR}+{RUS,USA}",1.0,,,,,,1.270772718164892e-07,
0.997,PURE,False,accept,USA,"{EUR,RUS,USA}","{EUR,RUS}+{USA}",0.0,,,,,,-1.583639419600047e-07,
0.997,PURE,False,accept,USA,"{EUR,RUS,USA}","{EUR,USA}+{RUS}",1.0,,,,,,5.3278543492574215e-06,
0.997,PURE,False,accept,USA,"{EUR,RUS,USA}","{EUR}+{RUS,USA}",1.0,,,,,,1.6669256197587856e-07,
0.997,PURE,False,accept,USA,"{EUR,RUS,USA}",{EUR}+{RUS}+{USA},1.0,,,,,,1.6195266621110704e-06,
0.997,PURE,False,accept,USA,"{EUR,RUS}+{USA}","{EUR,RUS,USA}",1.0,,,,,,1.583639419600047e-07,
0.997,PURE,False,accept,USA,"{EUR,RUS}+{USA}","{EUR,USA}+{RUS}",1.0,,,,,,5.486218291217426e-06,
0.997,PURE,False,accept,USA,"{EUR,RUS}+{USA}","{EUR}+{RUS,USA}",1.0,,,,,,3.2505650393588326e-07,
0.997,PURE,False,accept,USA,"{EUR,USA}+{RUS}","{EUR,RUS,USA}",0.0,,,,,,-5.3278543492574215e-06,
0.997,PURE,False,accept,USA,"{EUR,USA}+{RUS}","{EUR,RUS}+{USA}",0.0,,,,,,-5.486218291217426e-06,
0.997,PURE,False,accept,USA,"{EUR,USA}+{RUS}","{EUR}+{RUS,USA}",0.0,,,,,,-5.161161787281543e-06,
0.997,PURE,False,accept,USA,"{EUR,USA}+{RUS}",{EUR}+{RUS}+{USA},0.0,,,,,,-3.708327687146351e-06,
0.997,PURE,False,accept,USA,"{EUR}+{RUS,USA}","{EUR,RUS,USA}",0.0,,,,,,-1.6669256197587856e-07,
0.997,PURE,False,accept,USA,"{EUR}+{RUS,USA}","{EUR,RUS}+{USA}",0.0,,,,,,-3.2505650393588326e-07,
0.997,PURE,False,accept,USA,"{EUR}+{RUS,USA}","{EUR,USA}+{RUS}",1.0,,,,,,5.161161787281543e-06,
0.997,PURE,False,accept,USA,"{EUR}+{RUS,USA}",{EUR}+{RUS}+{USA},1.0,,,,,,1.4528341001351919e-06,
0.997,PURE,False,accept,USA,{EUR}+{RUS}+{USA},"{EUR,RUS,USA}",0.0,,,,,,-1.6195266621110704e-06,
0.997,PURE,False,accept,USA,{EUR}+{RUS}+{USA},"{EUR,USA}+{RUS}",1.0,,,,,,3.708327687146351e-06,EUR
0.997,PURE,False,accept,USA,{EUR}+{RUS}+{USA},"{EUR}+{RUS,USA}",0.0,,,,,,-1.4528341001351919e-06,
0.999,PURE,False,propose,EUR,"{EUR,RUS,USA}","{EUR}+{RUS,USA}",1.0,False,1.0,1.0,True,,,
0.999,PURE,False,propose,EUR,"{EUR,RUS}+{USA}",{EUR}+{RUS}+{USA},1.0,False,1.0,1.0,True,,,
0.999,PURE,False,propose,EUR,"{EUR,USA}+{RUS}","{EUR,USA}+{RUS}",1.0,True,1.0,1.0,False,,,
0.999,PURE,False,propose,EUR,"{EUR}+{RUS,USA}","{EUR}+{RUS,USA}",1.0,True,1.0,1.0,False,,,
0.999,PURE,False,propose,EUR,{EUR}+{RUS}+{USA},"{EUR,USA}+{RUS}",1.0,False,1.0,1.0,False,USA,,
0.999,PURE,False,propose,RUS,"{EUR,RUS,USA}","{EUR,RUS,USA}",1.0,True,1.0,1.0,False,,,
0.999,PURE,False,propose,RUS,"{EUR,RUS}+{USA}","{EUR,RUS}+{USA}",1.0,True,1.0,1.0,False,,,
0.999,PURE,False,propose,RUS,"{EUR,USA}+{RUS}","{EUR,USA}+{RUS}",1.0,True,1.0,1.0,False,,,
0.999,PURE,False,propose,RUS,"{EUR}+{RUS,USA}","{EUR}+{RUS,USA}",1.0,True,1.0,1.0,False,,,
0.999,PURE,False,propose,RUS,{EUR}+{RUS}+{USA},{EUR}+{RUS}+{USA},1.0,True,1.0,1.0,False,,,
0.999,PURE,False,propose,USA,"{EUR,RUS,USA}","{EUR,RUS,USA}",1.0,True,1.0,1.0,False,,,
0.999,PURE,False,propose,USA,"{EUR,RUS}+{USA}","{EUR,RUS}+{USA}",1.0,True,1.0,1.0,False,,,
0.999,PURE,False,propose,USA,"{EUR,USA}+{RUS}","{EUR,USA}+{RUS}",1.0,True,1.0,1.0,False,,,
0.999,PURE,False,propose,USA,"{EUR}+{RUS,USA}",{EUR}+{RUS}+{USA},1.0,False,1.0,1.0,True,,,
0.999,PURE,False,propose,USA,{EUR}+{RUS}+{USA},"{EUR,USA}+{RUS}",1.0,False,1.0,1.0,False,EUR,,
0.999,PURE,False,accept,EUR,"{EUR,RUS,USA}","{EUR,RUS}+{USA}",0.0,,,,,,-4.718369428502456e-07,
0.999,PURE,False,accept,EUR,"{EUR,RUS,USA}","{EUR,USA}+{RUS}",1.0,,,,,,7.304115632322805e-07,
0.999,PURE,False,accept,EUR,"{EUR,RUS,USA}","{EUR}+{RUS,USA}",1.0,,,,,,2.1117524173774882e-08,
0.999,PURE,False,accept,EUR,"{EUR,RUS,USA}",{EUR}+{RUS}+{USA},0.0,,,,,,-1.6570335814591886e-07,
0.999,PURE,False,accept,EUR,"{EUR,RUS}+{USA}","{EUR,RUS,USA}",1.0,,,,,,4.718369428502456e-07,
0.999,PURE,False,accept,EUR,"{EUR,RUS}+{USA}","{EUR,USA}+{RUS}",1.0,,,,,,1.202248506082526e-06,
0.999,PURE,False,accept,EUR,"{EUR,RUS}+{USA}","{EUR}+{RUS,USA}",1.0,,,,,,4.929544670240205e-07,
0.999,PURE,False,accept,EUR,"{EUR,RUS}+{USA}",{EUR}+{RUS}+{USA},1.0,,,,,,3.061335847043267e-07,
0.999,PURE,False,accept,EUR,"{EUR,USA}+{RUS}","{EUR,RUS,USA}",0.0,,,,,,-7.304115632322805e-07,
0.999,PURE,False,accept,EUR,"{EUR,USA}+{RUS}","{EUR,RUS}+{USA}",0.0,,,,,,-1.202248506082526e-06,
0.999,PURE,False,accept,EUR,"{EUR,USA}+{RUS}","{EUR}+{RUS,USA}",0.0,,,,,,-7.092940390585056e-07,
0.999,PURE,False,accept,EUR,"{EUR,USA}+{RUS}",{EUR}+{RUS}+{USA},0.0,,,,,,-8.961149213781994e-07,
0.999,PURE,False,accept,EUR,"{EUR}+{RUS,USA}","{EUR,RUS,USA}",0.0,,,,,,-2.1117524173774882e-08,
0.999,PURE,False,accept,EUR,"{EUR}+{RUS,USA}","{EUR,RUS}+{USA}",0.0,,,,,,-4.929544670240205e-07,
0.999,PURE,False,accept,EUR,"{EUR}+{RUS,USA}","{EUR,USA}+{RUS}",1.0,,,,,,7.092940390585056e-07,
0.999,PURE,False,accept,EUR,{EUR}+{RUS}+{USA},"{EUR,RUS,USA}",1.0,,,,,,1.6570335814591886e-07,
0.999,PURE,False,accept,EUR,{EUR}+{RUS}+{USA},"{EUR,RUS}+{USA}",0.0,,,,,,-3.061335847043267e-07,
0.999,PURE,False,accept,EUR,{EUR}+{RUS}+{USA},"{EUR,USA}+{RUS}",1.0,,,,,,8.961149213781994e-07,USA
0.999,PURE,False,accept,RUS,"{EUR,RUS,USA}","{EUR,RUS}+{USA}",1.0,,,,,,7.229706233680133e-08,
0.999,PURE,False,accept,RUS,"{EUR,RUS,USA}","{EUR,USA}+{RUS}",0.0,,,,,,-9.697420821908054e-08,
0.999,PURE,False,accept,RUS,"{EUR,RUS,USA}","{EUR}+{RUS,USA}",0.0,,,,,,-2.937383980494701e-08,
0.999,PURE,False,accept,RUS,"{EUR,RUS,USA}",{EUR}+{RUS}+{USA},0.0,,,,,,-7.205104557428399e-08,
0.999,PURE,False,accept,RUS,"{EUR,RUS}+{USA}","{EUR,RUS,USA}",0.0,,,,,,-7.229706233680133e-08,
0.999,PURE,False,accept,RUS,"{EUR,RUS}+{USA}","{EUR,USA}+{RUS}",0.0,,,,,,-1.6927127055588187e-07,
0.999,PURE,False,accept,RUS,"{EUR,RUS}+{USA}","{EUR}+{RUS,USA}",0.0,,,,,,-1.0167090214174834e-07,
0.999,PURE,False,accept,RUS,"{EUR,RUS}+{USA}",{EUR}+{RUS}+{USA},0.0,,,,,,-1.4434810791108532e-07,
0.999,PURE,False,accept,RUS,"{EUR,USA}+{RUS}","{EUR,RUS,USA}",1.0,,,,,,9.697420821908054e-08,
0.999,PURE,False,accept,RUS,"{EUR,USA}+{RUS}","{EUR,RUS}+{USA}",1.0,,,,,,1.6927127055588187e-07,
0.999,PURE,False,accept,RUS,"{EUR,USA}+{RUS}","{EUR}+{RUS,USA}",1.0,,,,,,6.760036841413353e-08,
0.999,PURE,False,accept,RUS,"{EUR}+{RUS,USA}","{EUR,RUS,USA}",1.0,,,,,,2.937383980494701e-08,
0.999,PURE,False,accept,RUS,"{EUR}+{RUS,USA}","{EUR,RUS}+{USA}",1.0,,,,,,1.0167090214174834e-07,
0.999,PURE,False,accept,RUS,"{EUR}+{RUS,USA}","{EUR,USA}+{RUS}",0.0,,,,,,-6.760036841413353e-08,
0.999,PURE,False,accept,RUS,"{EUR}+{RUS,USA}",{EUR}+{RUS}+{USA},0.0,,,,,,-4.267720576933698e-08,
0.999,PURE,False,accept,RUS,{EUR}+{RUS}+{USA},"{EUR,RUS,USA}",1.0,,,,,,7.205104557428399e-08,
0.999,PURE,False,accept,RUS,{EUR}+{RUS}+{USA},"{EUR,RUS}+{USA}",1.0,,,,,,1.4434810791108532e-07,
0.999,PURE,False,accept,RUS,{EUR}+{RUS}+{USA},"{EUR}+{RUS,USA}",1.0,,,,,,4.267720576933698e-08,
0.999,PURE,False,accept,USA,"{EUR,RUS,USA}","{EUR,RUS}+{USA}",0.0,,,,,,-4.272862819121315e-08,
0.999,PURE,False,accept,USA,"{EUR,RUS,USA}","{EUR,USA}+{RUS}",1.0,,,,,,1.79701023528267e-06,
0.999,PURE,False,accept,USA,"{EUR,RUS,USA}","{EUR}+{RUS,USA}",1.0,,,,,,6.605608326992751e-08,
0.999,PURE,False,accept,USA,"{EUR,RUS,USA}",{EUR}+{RUS}+{USA},1.0,,,,,,5.596655148210061e-07,
0.999,PURE,False,accept,USA,"{EUR,RUS}+{USA}","{EUR,RUS,USA}",1.0,,,,,,4.272862819121315e-08,
0.999,PURE,False,accept,USA,"{EUR,RUS}+{USA}","{EUR,USA}+{RUS}",1.0,,,,,,1.8397388634738832e-06,
0.999,PURE,False,accept,USA,"{EUR,RUS}+{USA}","{EUR}+{RUS,USA}",1.0,,,,,,1.0878471146114066e-07,
0.999,PURE,False,accept,USA,"{EUR,USA}+{RUS}","{EUR,RUS,USA}",0.0,,,,,,-1.79701023528267e-06,
0.999,PURE,False,accept,USA,"{EUR,USA}+{RUS}","{EUR,RUS}+{USA}",0.0,,,,,,-1.8397388634738832e-06,
0.999,PURE,False,accept,USA,"{EUR,USA}+{RUS}","{EUR}+{RUS,USA}",0.0,,,,,,-1.7309541520127425e-06,
0.999,PURE,False,accept,USA,"{EUR,USA}+{RUS}",{EUR}+{RUS}+{USA},0.0,,,,,,-1.2373447204616639e-06,
0.999,PURE,False,accept,USA,"{EUR}+{RUS,USA}","{EUR,RUS,USA}",0.0,,,,,,-6.605608326992751e-08,
0.999,PURE,False,accept,USA,"{EUR}+{RUS,USA}","{EUR,RUS}+{USA}",0.0,,,,,,-1.0878471146114066e-07,
0.999,PURE,False,accept,USA,"{EUR}+{RUS,USA}","{EUR,USA}+{RUS}",1.0,,,,,,1.7309541520127425e-06,
0.999,PURE,False,accept,USA,"{EUR}+{RUS,USA}",{EUR}+{RUS}+{USA},1.0,,,,,,4.936094315510786e-07,
0.999,PURE,False,accept,USA,{EUR}+{RUS}+{USA},"{EUR,RUS,USA}",0.0,,,,,,-5.596655148210061e-07,
0.999,PURE,False,accept,USA,{EUR}+{RUS}+{USA},"{EUR,USA}+{RUS}",1.0,,,,,,1.2373447204616639e-06,EUR
0.999,PURE,False,accept,USA,{EUR}+{RUS}+{USA},"{EUR}+{RUS,USA}",0.0,,,,,,-4.936094315510786e-07,
