delta,status,nonunique,kind,player,state,target,prob,stay,accept_prob,effective,free_exit,voters,gain,proposed_by
0.5,PURE,False,propose,CHN,"{CHN,RUS,USA}","{CHN,RUS,USA}",1.0,True,1.0,1.0,False,,,
0.5,PURE,False,propose,CHN,"{CHN,RUS}+{USA}","{CHN,RUS}+{USA}",1.0,True,1.0,1.0,False,,,
0.5,PURE,False,propose,CHN,"{CHN,USA}+{RUS}","{CHN,USA}+{RUS}",1.0,True,1.0,1.0,False,,,
0.5,PURE,False,propose,CHN,"{CHN}+{RUS,USA}","{CHN}+{RUS,USA}",1.0,True,1.0,1.0,False,,,
0.5,PURE,False,propose,CHN,{CHN}+{RUS}+{USA},"{CHN,USA}+{RUS}",1.0,False,1.0,1.0,False,USA,,
0.5,PURE,False,propose,RUS,"{CHN,RUS,USA}","{CHN,RUS,USA}",1.0,True,1.0,1.0,False,,,
0.5,PURE,False,propose,RUS,"{CHN,RUS}+{USA}",{CHN}+{RUS}+{USA},1.0,False,1.0,1.0,True,,,
0.5,PURE,False,propose,RUS,"{CHN,USA}+{RUS}","{CHN,USA}+{RUS}",1.0,True,1.0,1.0,False,,,
0.5,PURE,False,propose,RUS,"{CHN}+{RUS,USA}","{CHN}+{RUS,USA}",1.0,True,1.0,1.0,False,,,
0.5,PURE,False,propose,RUS,{CHN}+{RUS}+{USA},"{CHN}+{RUS,USA}",1.0,False,1.0,1.0,False,USA,,
0.5,PURE,False,propose,USA,"{CHN,RUS,USA}","{CHN,RUS,USA}",1.0,True,1.0,1.0,False,,,
0.5,PURE,False,propose,USA,"{CHN,RUS}+{USA}","{CHN,RUS}+{USA}",1.0,True,1.0,1.0,False,,,
0.5,PURE,False,propose,USA,"{CHN,USA}+{RUS}","{CHN,USA}+{RUS}",1.0,True,1.0,1.0,False,,,
0.5,PURE,False,propose,USA,"{CHN}+{RUS,USA}","{CHN}+{RUS,USA}",1.0,True,1.0,1.0,False,,,
0.5,PURE,False,propose,USA,{CHN}+{RUS}+{USA},"{CHN,USA}+{RUS}",1.0,False,1.0,1.0,False,CHN,,
0.5,PURE,False,accept,CHN,"{CHN,RUS,USA}","{CHN,RUS}+{USA}",0.0,,,,,,-0.0008268335498335944,
0.5,PURE,False,accept,CHN,"{CHN,RUS,USA}","{CHN,USA}+{RUS}",1.0,,,,,,7.12350045493082e-05,
0.5,PURE,False,accept,CHN,"{CHN,RUS,USA}","{CHN}+{RUS,USA}",0.0,,,,,,-0.00038020757484069634,
0.5,PURE,False,accept,CHN,"{CHN,RUS,USA}",{CHN}+{RUS}+{USA},0.0,,,,,,-0.0019144769317591681,
0.5,PURE,False,accept,CHN,"{CHN,RUS}+{USA}","{CHN,RUS,USA}",1.0,,,,,,0.0008268335498335944,
0.5,PURE,False,accept,CHN,"{CHN,RUS}+{USA}","{CHN,USA}+{RUS}",1.0,,,,,,0.0008980685543829026,
0.5,PURE,False,accept,CHN,"{CHN,RUS}+{USA}","{CHN}+{RUS,USA}",1.0,,,,,,0.000446625974992898,
0.5,PURE,False,accept,CHN,"{CHN,RUS}+{USA}",{CHN}+{RUS}+{USA},0.0,,,,,,-0.0010876433819255737,
0.5,PURE,False,accept,CHN,"{CHN,USA}+{RUS}","{CHN,RUS,USA}",0.0,,,,,,-7.12350045493082e-05,
0.5,PURE,False,accept,CHN,"{CHN,USA}+{RUS}","{CHN,RUS}+{USA}",0.0,,,,,,-0.0008980685543829026,
0.5,PURE,False,accept,CHN,"{CHN,USA}+{RUS}","{CHN}+{RUS,USA}",0.0,,,,,,-0.00045144257939000454,
0.5,PURE,False,accept,CHN,"{CHN,USA}+{RUS}",{CHN}+{RUS}+{USA},0.0,,,,,,-0.0019857119363084763,
0.5,PURE,False,accept,CHN,"{CHN}+{RUS,USA}","{CHN,RUS,USA}",1.0,,,,,,0.00038020757484069634,
0.5,PURE,False,accept,CHN,"{CHN}+{RUS,USA}","{CHN,RUS}+{USA}",0.0,,,,,,-0.000446625974992898,
0.5,PURE,False,accept,CHN,"{CHN}+{RUS,USA}","{CHN,USA}+{RUS}",1.0,,,,,,0.00045144257939000454,
0.5,PURE,False,accept,CHN,{CHN}+{RUS}+{USA},"{CHN,RUS,USA}",1.0,,,,,,0.0019144769317591681,
0.5,PURE,False,accept,CHN,{CHN}+{RUS}+{USA},"{CHN,RUS}+{USA}",1.0,,,,,,0.0010876433819255737,
0.5,PURE,False,accept,CHN,{CHN}+{RUS}+{USA},"{CHN,USA}+{RUS}",1.0,,,,,,0.0019857119363084763,USA
0.5,PURE,False,accept,RUS,"{CHN,RUS,USA}","{CHN,RUS}+{USA}",1.0,,,,,,2.3027660399188576e-05,
0.5,PURE,False,accept,RUS,"{CHN,RUS,USA}","{CHN,USA}+{RUS}",0.0,,,,,,-1.3606816944955469e-05,
0.5,PURE,False,accept,RUS,"{CHN,RUS,USA}","{CHN}+{RUS,USA}",1.0,,,,,,5.7792082915009146e-05,
0.5,PURE,False,accept,RUS,"{CHN,RUS,USA}",{CHN}+{RUS}+{USA},1.0,,,,,,3.516476945142344e-05,
0.5,PURE,False,accept,RUS,"{CHN,RUS}+{USA}","{CHN,RUS,USA}",0.0,,,,,,-2.3027660399188576e-05,
0.5,PURE,False,accept,RUS,"{CHN,RUS}+{USA}","{CHN,USA}+{RUS}",0.0,,,,,,-3.6634477344144045e-05,
0.5,PURE,False,accept,RUS,"{CHN,RUS}+{USA}","{CHN}+{RUS,USA}",1.0,,,,,,3.476442251582057e-05,
0.5,PURE,False,accept,RUS,"{CHN,RUS}+{USA}",{CHN}+{RUS}+{USA},1.0,,,,,,1.2137109052234862e-05,
0.5,PURE,False,accept,RUS,"{CHN,USA}+{RUS}","{CHN,RUS,USA}",1.0,,,,,,1.3606816944955469e-05,
0.5,PURE,False,accept,RUS,"{CHN,USA}+{RUS}","{CHN,RUS}+{USA}",1.0,,,,,,3.6634477344144045e-05,
0.5,PURE,False,accept,RUS,"{CHN,USA}+{RUS}","{CHN}+{RUS,USA}",1.0,,,,,,7.139889985996462e-05,
0.5,PURE,False,accept,RUS,"{CHN}+{RUS,USA}","{CHN,RUS,USA}",0.0,,,,,,-5.7792082915009146e-05,
0.5,PURE,False,accept,RUS,"{CHN}+{RUS,USA}","{CHN,RUS}+{USA}",0.0,,,,,,-3.476442251582057e-05,
0.5,PURE,False,accept,RUS,"{CHN}+{RUS,USA}","{CHN,USA}+{RUS}",0.0,,,,,,-7.139889985996462e-05,
0.5,PURE,False,accept,RUS,"{CHN}+{RUS,USA}",{CHN}+{RUS}+{USA},0.0,,,,,,-2.2627313463585708e-05,
0.5,PURE,False,accept,RUS,{CHN}+{RUS}+{USA},"{CHN,RUS,USA}",0.0,,,,,,-3.516476945142344e-05,
0.5,PURE,False,accept,RUS,{CHN}+{RUS}+{USA},"{CHN,RUS}+{USA}",0.0,,,,,,-1.2137109052234862e-05,
0.5,PURE,False,accept,RUS,{CHN}+{RUS}+{USA},"{CHN}+{RUS,USA}",1.0,,,,,,2.2627313463585708e-05,
0.5,PURE,False,accept,USA,"{CHN,RUS,USA}","{CHN,RUS}+{USA}",0.0,,,,,,-1.77086137189697e-05,
0.5,PURE,False,accept,USA,"{CHN,RUS,USA}","{CHN,USA}+{RUS}",1.0,,,,,,8.907539139180187e-06,
0.5,PURE,False,accept,USA,"{CHN,RUS,USA}","{CHN}+{RUS,USA}",0.0,,,,,,-9.004099740606009e-05,
0.5,PURE,False,accept,USA,"{CHN,RUS,USA}",{CHN}+{RUS}+{USA},0.0,,,,,,-0.00038666116873464773,
0.5,PURE,False,accept,USA,"{CHN,RUS}+{USA}","{CHN,RUS,USA}",1.0,,,,,,1.77086137189697e-05,
0.5,PURE,False,accept,USA,"{CHN,RUS}+{USA}","{CHN,USA}+{RUS}",1.0,,,,,,2.661615285814989e-05,
0.5,PURE,False,accept,USA,"{CHN,RUS}+{USA}","{CHN}+{RUS,USA}",0.0,,,,,,-7.233238368709038e-05,
0.5,PURE,False,accept,USA,"{CHN,USA}+{RUS}","{CHN,RUS,USA}",0.0,,,,,,-8.907539139180187e-06,
0.5,PURE,False,accept,USA,"{CHN,USA}+{RUS}","{CHN,RUS}+{USA}",0.0,,,,,,-2.661615285814989e-05,
0.5,PURE,False,accept,USA,"{CHN,USA}+{RUS}","{CHN}+{RUS,USA}",0.0,,,,,,-9.894853654524027e-05,
0.5,PURE,False,accept,USA,"{CHN,USA}+{RUS}",{CHN}+{RUS}+{USA},0.0,,,,,,-0.0003955687078738279,
0.5,PURE,False,accept,USA,"{CHN}+{RUS,USA}","{CHN,RUS,USA}",1.0,,,,,,9.004099740606009e-05,
0.5,PURE,False,accept,USA,"{CHN}+{RUS,USA}","{CHN,RUS}+{USA}",1.0,,,,,,7.233238368709038e-05,
0.5,PURE,False,accept,USA,"{CHN}+{RUS,USA}","{CHN,USA}+{RUS}",1.0,,,,,,9.894853654524027e-05,
0.5,PURE,False,accept,USA,"{CHN}+{RUS,USA}",{CHN}+{RUS}+{USA},0.0,,,,,,-0.00029662017132858765,
0.5,PURE,False,accept,USA,{CHN}+{RUS}+{USA},"{CHN,RUS,USA}",1.0,,,,,,0.00038666116873464773,
0.5,PURE,False,accept,USA,{CHN}+{RUS}+{USA},"{CHN,USA}+{RUS}",1.0,,,,,,0.0003955687078738279,CHN
0.5,PURE,False,accept,USA,{CHN}+{RUS}+{USA},"{CHN}+{RUS,USA}",1.0,,,,,,0.00029662017132858765,RUS
0.7,PURE,False,propose,CHN,"{CHN,RUS,USA}","{CHN,RUS,USA}",1.0,True,1.0,1.0,False,,,
0.7,PURE,False,propose,CHN,"{CHN,RUS}+{USA}","{CHN,RUS}+{USA}",1.0,True,1.0,1.0,False,,,
0.7,PURE,False,propose,CHN,"{CHN,USA}+{RUS}","{CHN,USA}+{RUS}",1.0,True,1.0,1.0,False,,,
0.7,PURE,False,propose,CHN,"{CHN}+{RUS,USA}","{CHN}+{RUS,USA}",1.0,True,1.0,1.0,False,,,
0.7,PURE,False,propose,CHN,{CHN}+{RUS}+{USA},"{CHN,USA}+{RUS}",1.0,False,1.0,1.0,False,USA,,
0.7,PURE,False,propose,RUS,"{CHN,RUS,USA}","{CHN,RUS,USA}",1.0,True,1.0,1.0,False,,,
0.7,PURE,False,propose,RUS,"{CHN,RUS}+{USA}",{CHN}+{RUS}+{USA},1.0,False,1.0,1.0,True,,,
0.7,PURE,False,propose,RUS,"{CHN,USA}+{RUS}","{CHN,USA}+{RUS}",1.0,True,1.0,1.0,False,,,
0.7,PURE,False,propose,RUS,"{CHN}+{RUS,USA}","{CHN}+{RUS,USA}",1.0,True,1.0,1.0,False,,,
0.7,PURE,False,propose,RUS,{CHN}+{RUS}+{USA},"{CHN}+{RUS,USA}",1.0,False,1.0,1.0,False,USA,,
0.7,PURE,False,propose,USA,"{CHN,RUS,USA}","{CHN,RUS,USA}",1.0,True,1.0,1.0,False,,,
0.7,PURE,False,propose,USA,"{CHN,RUS}+{USA}","{CHN,RUS}+{USA}",1.0,True,1.0,1.0,False,,,
0.7,PURE,False,propose,USA,"{CHN,USA}+{RUS}","{CHN,USA}+{RUS}",1.0,True,1.0,1.0,False,,,
0.7,PURE,False,propose,USA,"{CHN}+{RUS,USA}","{CHN}+{RUS,USA}",1.0,True,1.0,1.0,False,,,
0.7,PURE,False,propose,USA,{CHN}+{RUS}+{USA},"{CHN,USA}+{RUS}",1.0,False,1.0,1.0,False,CHN,,
0.7,PURE,False,accept,CHN,"{CHN,RUS,USA}","{CHN,RUS}+{USA}",0.0,,,,,,-0.0007775789569262059,
0.7,PURE,False,accept,CHN,"{CHN,RUS,USA}","{CHN,USA}+{RUS}",1.0,,,,,,7.12350045493082e-05,
0.7,PURE,False,accept,CHN,"{CHN,RUS,USA}","{CHN}+{RUS,USA}",0.0,,,,,,-0.00038020757484069634,
0.7,PURE,False,accept,CHN,"{CHN,RUS,USA}",{CHN}+{RUS}+{USA},0.0,,,,,,-0.001180384501154208,
0.7,PURE,False,accept,CHN,"{CHN,RUS}+{USA}","{CHN,RUS,USA}",1.0,,,,,,0.0007775789569262059,
0.7,PURE,False,accept,CHN,"{CHN,RUS}+{USA}","{CHN,USA}+{RUS}",1.0,,,,,,0.0008488139614755141,
0.7,PURE,False,accept,CHN,"{CHN,RUS}+{USA}","{CHN}+{RUS,USA}",1.0,,,,,,0.0003973713820855096,
0.7,PURE,False,accept,CHN,"{CHN,RUS}+{USA}",{CHN}+{RUS}+{USA},0.0,,,,,,-0.0004028055442280021,
0.7,PURE,False,accept,CHN,"{CHN,USA}+{RUS}","{CHN,RUS,USA}",0.0,,,,,,-7.12350045493082e-05,
0.7,PURE,False,accept,CHN,"{CHN,USA}+{RUS}","{CHN,RUS}+{USA}",0.0,,,,,,-0.0008488139614755141,
0.7,PURE,False,accept,CHN,"{CHN,USA}+{RUS}","{CHN}+{RUS,USA}",0.0,,,,,,-0.00045144257939000454,
0.7,PURE,False,accept,CHN,"{CHN,USA}+{RUS}",{CHN}+{RUS}+{USA},0.0,,,,,,-0.0012516195057035162,
0.7,PURE,False,accept,CHN,"{CHN}+{RUS,USA}","{CHN,RUS,USA}",1.0,,,,,,0.00038020757484069634,
0.7,PURE,False,accept,CHN,"{CHN}+{RUS,USA}","{CHN,RUS}+{USA}",0.0,,,,,,-0.0003973713820855096,
0.7,PURE,False,accept,CHN,"{CHN}+{RUS,USA}","{CHN,USA}+{RUS}",1.0,,,,,,0.00045144257939000454,
0.7,PURE,False,accept,CHN,{CHN}+{RUS}+{USA},"{CHN,RUS,USA}",1.0,,,,,,0.001180384501154208,
0.7,PURE,False,accept,CHN,{CHN}+{RUS}+{USA},"{CHN,RUS}+{USA}",1.0,,,,,,0.0004028055442280021,
0.7,PURE,False,accept,CHN,{CHN}+{RUS}+{USA},"{CHN,USA}+{RUS}",1.0,,,,,,0.0012516195057035162,USA
0.7,PURE,False,accept,RUS,"{CHN,RUS,USA}","{CHN,RUS}+{USA}",1.0,,,,,,2.1691845868199167e-05,
0.7,PURE,False,accept,RUS,"{CHN,RUS,USA}","{CHN,USA}+{RUS}",0.0,,,,,,-1.3606816944955469e-05,
0.7,PURE,False,accept,RUS,"{CHN,RUS,USA}","{CHN}+{RUS,USA}",1.0,,,,,,5.7792082915009146e-05,
0.7,PURE,False,accept,RUS,"{CHN,RUS,USA}",{CHN}+{RUS}+{USA},1.0,,,,,,2.517598820750422e-05,
0.7,PURE,False,accept,RUS,"{CHN,RUS}+{USA}","{CHN,RUS,USA}",0.0,,,,,,-2.1691845868199167e-05,
0.7,PURE,False,accept,RUS,"{CHN,RUS}+{USA}","{CHN,USA}+{RUS}",0.0,,,,,,-3.5298662813154635e-05,
0.7,PURE,False,accept,RUS,"{CHN,RUS}+{USA}","{CHN}+{RUS,USA}",1.0,,,,,,3.610023704680998e-05,
0.7,PURE,False,accept,RUS,"{CHN,RUS}+{USA}",{CHN}+{RUS}+{USA},1.0,,,,,,3.484142339305052e-06,
0.7,PURE,False,accept,RUS,"{CHN,USA}+{RUS}","{CHN,RUS,USA}",1.0,,,,,,1.3606816944955469e-05,
0.7,PURE,False,accept,RUS,"{CHN,USA}+{RUS}","{CHN,RUS}+{USA}",1.0,,,,,,3.5298662813154635e-05,
0.7,PURE,False,accept,RUS,"{CHN,USA}+{RUS}","{CHN}+{RUS,USA}",1.0,,,,,,7.139889985996462e-05,
0.7,PURE,False,accept,RUS,"{CHN}+{RUS,USA}","{CHN,RUS,USA}",0.0,,,,,,-5.7792082915009146e-05,
0.7,PURE,False,accept,RUS,"{CHN}+{RUS,USA}","{CHN,RUS}+{USA}",0.0,,,,,,-3.610023704680998e-05,
0.7,PURE,False,accept,RUS,"{CHN}+{RUS,USA}","{CHN,USA}+{RUS}",0.0,,,,,,-7.139889985996462e-05,
0.7,PURE,False,accept,RUS,"{CHN}+{RUS,USA}",{CHN}+{RUS}+{USA},0.0,,,,,,-3.261609470750493e-05,
0.7,PURE,False,accept,RUS,{CHN}+{RUS}+{USA},"{CHN,RUS,USA}",0.0,,,,,,-2.517598820750422e-05,
0.7,PURE,False,accept,RUS,{CHN}+{RUS}+{USA},"{CHN,RUS}+{USA}",0.0,,,,,,-3.484142339305052e-06,
0.7,PURE,False,accept,RUS,{CHN}+{RUS}+{USA},"{CHN}+{RUS,USA}",1.0,,,,,,3.261609470750493e-05,
0.7,PURE,False,accept,USA,"{CHN,RUS,USA}","{CHN,RUS}+{USA}",0.0,,,,,,-4.6494226560334084e-05,
0.7,PURE,False,accept,USA,"{CHN,RUS,USA}","{CHN,USA}+{RUS}",1.0,,,,,,8.907539139180187e-06,
0.7,PURE,False,accept,USA,"{CHN,RUS,USA}","{CHN}+{RUS,USA}",0.0,,,,,,-9.004099740606009e-05,
0.7,PURE,False,accept,USA,"{CHN,RUS,USA}",{CHN}+{RUS}+{USA},0.0,,,,,,-0.00024162682379103018,
0.7,PURE,False,accept,USA,"{CHN,RUS}+{USA}","{CHN,RUS,USA}",1.0,,,,,,4.6494226560334084e-05,
0.7,PURE,False,accept,USA,"{CHN,RUS}+{USA}","{CHN,USA}+{RUS}",1.0,,,,,,5.540176569951427e-05,
0.7,PURE,False,accept,USA,"{CHN,RUS}+{USA}","{CHN}+{RUS,USA}",0.0,,,,,,-4.3546770845726e-05,
0.7,PURE,False,accept,USA,"{CHN,USA}+{RUS}","{CHN,RUS,USA}",0.0,,,,,,-8.907539139180187e-06,
0.7,PURE,False,accept,USA,"{CHN,USA}+{RUS}","{CHN,RUS}+{USA}",0.0,,,,,,-5.540176569951427e-05,
0.7,PURE,False,accept,USA,"{CHN,USA}+{RUS}","{CHN}+{RUS,USA}",0.0,,,,,,-9.894853654524027e-05,
0.7,PURE,False,accept,USA,"{CHN,USA}+{RUS}",{CHN}+{RUS}+{USA},0.0,,,,,,-0.00025053436293021036,
0.7,PURE,False,accept,USA,"{CHN}+{RUS,USA}","{CHN,RUS,USA}",1.0,,,,,,9.004099740606009e-05,
0.7,PURE,False,accept,USA,"{CHN}+{RUS,USA}","{CHN,RUS}+{USA}",1.0,,,,,,4.3546770845726e-05,
0.7,PURE,False,accept,USA,"{CHN}+{RUS,USA}","{CHN,USA}+{RUS}",1.0,,,,,,9.894853654524027e-05,
0.7,PURE,False,accept,USA,"{CHN}+{RUS,USA}",{CHN}+{RUS}+{USA},0.0,,,,,,-0.0001515858263849701,
0.7,PURE,False,accept,USA,{CHN}+{RUS}+{USA},"{CHN,RUS,USA}",1.0,,,,,,0.00024162682379103018,
0.7,PURE,False,accept,USA,{CHN}+{RUS}+{USA},"{CHN,USA}+{RUS}",1.0,,,,,,0.00025053436293021036,CHN
0.7,PURE,False,accept,USA,{CHN}+{RUS}+{USA},"{CHN}+{RUS,USA}",1.0,,,,,,0.0001515858263849701,RUS
0.8,PURE,False,propose,CHN,"{CHN,RUS,USA}","{CHN,RUS,USA}",1.0,True,1.0,1.0,False,,,
0.8,PURE,False,propose,CHN,"{CHN,RUS}+{USA}","{CHN,RUS}+{USA}",1.0,True,1.0,1.0,False,,,
0.8,PURE,False,propose,CHN,"{CHN,USA}+{RUS}","{CHN,USA}+{RUS}",1.0,True,1.0,1.0,False,,,
0.8,PURE,False,propose,CHN,"{CHN}+{RUS,USA}","{CHN}+{RUS,USA}",1.0,True,1.0,1.0,False,,,
0.8,PURE,False,propose,CHN,{CHN}+{RUS}+{USA},"{CHN,USA}+{RUS}",1.0,False,1.0,1.0,False,USA,,
0.8,PURE,False,propose,RUS,"{CHN,RUS,USA}","{CHN,RUS,USA}",1.0,True,1.0,1.0,False,,,
0.8,PURE,False,propose,RUS,"{CHN,RUS}+{USA}",{CHN}+{RUS}+{USA},1.0,False,1.0,1.0,True,,,
0.8,PURE,False,propose,RUS,"{CHN,USA}+{RUS}","{CHN,USA}+{RUS}",1.0,True,1.0,1.0,False,,,
0.8,PURE,False,propose,RUS,"{CHN}+{RUS,USA}","{CHN}+{RUS,USA}",1.0,True,1.0,1.0,False,,,
0.8,PURE,False,propose,RUS,{CHN}+{RUS}+{USA},"{CHN}+{RUS,USA}",1.0,False,1.0,1.0,False,USA,,
0.8,PURE,False,propose,USA,"{CHN,RUS,USA}","{CHN,RUS,USA}",1.0,True,1.0,1.0,False,,,
0.8,PURE,False,propose,USA,"{CHN,RUS}+{USA}","{CHN,RUS}+{USA}",1.0,True,1.0,1.0,False,,,
0.8,PURE,False,propose,USA,"{CHN,USA}+{RUS}","{CHN,USA}+{RUS}",1.0,True,1.0,1.0,False,,,
0.8,PURE,False,propose,USA,"{CHN}+{RUS,USA}","{CHN}+{RUS,USA}",1.0,True,1.0,1.0,False,,,
0.8,PURE,False,propose,USA,{CHN}+{RUS}+{USA},"{CHN,USA}+{RUS}",1.0,False,1.0,1.0,False,CHN,,
0.8,PURE,False,accept,CHN,"{CHN,RUS,USA}","{CHN,RUS}+{USA}",0.0,,,,,,-0.0006637443444255098,
0.8,PURE,False,accept,CHN,"{CHN,RUS,USA}","{CHN,USA}+{RUS}",1.0,,,,,,7.12350045493082e-05,
0.8,PURE,False,accept,CHN,"{CHN,RUS,USA}","{CHN}+{RUS,USA}",0.0,,,,,,-0.00038020757484069634,
0.8,PURE,False,accept,CHN,"{CHN,RUS,USA}",{CHN}+{RUS}+{USA},0.0,,,,,,-0.000813338285851728,
0.8,PURE,False,accept,CHN,"{CHN,RUS}+{USA}","{CHN,RUS,USA}",1.0,,,,,,0.0006637443444255098,
0.8,PURE,False,accept,CHN,"{CHN,RUS}+{USA}","{CHN,USA}+{RUS}",1.0,,,,,,0.000734979348974818,
0.8,PURE,False,accept,CHN,"{CHN,RUS}+{USA}","{CHN}+{RUS,USA}",1.0,,,,,,0.00028353676958481344,
0.8,PURE,False,accept,CHN,"{CHN,RUS}+{USA}",{CHN}+{RUS}+{USA},0.0,,,,,,-0.00014959394142621818,
0.8,PURE,False,accept,CHN,"{CHN,USA}+{RUS}","{CHN,RUS,USA}",0.0,,,,,,-7.12350045493082e-05,
0.8,PURE,False,accept,CHN,"{CHN,USA}+{RUS}","{CHN,RUS}+{USA}",0.0,,,,,,-0.000734979348974818,
0.8,PURE,False,accept,CHN,"{CHN,USA}+{RUS}","{CHN}+{RUS,USA}",0.0,,,,,,-0.00045144257939000454,
0.8,PURE,False,accept,CHN,"{CHN,USA}+{RUS}",{CHN}+{RUS}+{USA},0.0,,,,,,-0.0008845732904010362,
0.8,PURE,False,accept,CHN,"{CHN}+{RUS,USA}","{CHN,RUS,USA}",1.0,,,,,,0.00038020757484069634,
0.8,PURE,False,accept,CHN,"{CHN}+{RUS,USA}","{CHN,RUS}+{USA}",0.0,,,,,,-0.00028353676958481344,
0.8,PURE,False,accept,CHN,"{CHN}+{RUS,USA}","{CHN,USA}+{RUS}",1.0,,,,,,0.00045144257939000454,
0.8,PURE,False,accept,CHN,{CHN}+{RUS}+{USA},"{CHN,RUS,USA}",1.0,,,,,,0.000813338285851728,
0.8,PURE,False,accept,CHN,{CHN}+{RUS}+{USA},"{CHN,RUS}+{USA}",1.0,,,,,,0.00014959394142621818,
0.8,PURE,False,accept,CHN,{CHN}+{RUS}+{USA},"{CHN,USA}+{RUS}",1.0,,,,,,0.0008845732904010362,USA
0.8,PURE,False,accept,RUS,"{CHN,RUS,USA}","{CHN,RUS}+{USA}",1.0,,,,,,1.9667466069739348e-05,
0.8,PURE,False,accept,RUS,"{CHN,RUS,USA}","{CHN,USA}+{RUS}",0.0,,,,,,-1.3606816944955469e-05,
0.8,PURE,False,accept,RUS,"{CHN,RUS,USA}","{CHN}+{RUS,USA}",1.0,,,,,,5.7792082915009146e-05,
0.8,PURE,False,accept,RUS,"{CHN,RUS,USA}",{CHN}+{RUS}+{USA},1.0,,,,,,2.018159758554461e-05,
0.8,PURE,False,accept,RUS,"{CHN,RUS}+{USA}","{CHN,RUS,USA}",0.0,,,,,,-1.9667466069739348e-05,
0.8,PURE,False,accept,RUS,"{CHN,RUS}+{USA}","{CHN,USA}+{RUS}",0.0,,,,,,-3.3274283014694817e-05,
0.8,PURE,False,accept,RUS,"{CHN,RUS}+{USA}","{CHN}+{RUS,USA}",1.0,,,,,,3.81246168452698e-05,
0.8,PURE,False,accept,RUS,"{CHN,RUS}+{USA}",{CHN}+{RUS}+{USA},1.0,,,,,,5.141315158052606e-07,
0.8,PURE,False,accept,RUS,"{CHN,USA}+{RUS}","{CHN,RUS,USA}",1.0,,,,,,1.3606816944955469e-05,
0.8,PURE,False,accept,RUS,"{CHN,USA}+{RUS}","{CHN,RUS}+{USA}",1.0,,,,,,3.3274283014694817e-05,
0.8,PURE,False,accept,RUS,"{CHN,USA}+{RUS}","{CHN}+{RUS,USA}",1.0,,,,,,7.139889985996462e-05,
0.8,PURE,False,accept,RUS,"{CHN}+{RUS,USA}","{CHN,RUS,USA}",0.0,,,,,,-5.7792082915009146e-05,
0.8,PURE,False,accept,RUS,"{CHN}+{RUS,USA}","{CHN,RUS}+{USA}",0.0,,,,,,-3.81246168452698e-05,
0.8,PURE,False,accept,RUS,"{CHN}+{RUS,USA}","{CHN,USA}+{RUS}",0.0,,,,,,-7.139889985996462e-05,
0.8,PURE,False,accept,RUS,"{CHN}+{RUS,USA}",{CHN}+{RUS}+{USA},0.0,,,,,,-3.761048532946454e-05,
0.8,PURE,False,accept,RUS,{CHN}+{RUS}+{USA},"{CHN,RUS,USA}",0.0,,,,,,-2.018159758554461e-05,
0.8,PURE,False,accept,RUS,{CHN}+{RUS}+{USA},"{CHN,RUS}+{USA}",0.0,,,,,,-5.141315158052606e-07,
0.8,PURE,False,accept,RUS,{CHN}+{RUS}+{USA},"{CHN}+{RUS,USA}",1.0,,,,,,3.761048532946454e-05,
0.8,PURE,False,accept,USA,"{CHN,RUS,USA}","{CHN,RUS}+{USA}",0.0,,,,,,-5.1515984488492705e-05,
0.8,PURE,False,accept,USA,"{CHN,RUS,USA}","{CHN,USA}+{RUS}",1.0,,,,,,8.907539139180187e-06,
0.8,PURE,False,accept,USA,"{CHN,RUS,USA}","{CHN}+{RUS,USA}",0.0,,,,,,-9.004099740606009e-05,
0.8,PURE,False,accept,USA,"{CHN,RUS,USA}",{CHN}+{RUS}+{USA},0.0,,,,,,-0.0001691096513196655,
0.8,PURE,False,accept,USA,"{CHN,RUS}+{USA}","{CHN,RUS,USA}",1.0,,,,,,5.1515984488492705e-05,
0.8,PURE,False,accept,USA,"{CHN,RUS}+{USA}","{CHN,USA}+{RUS}",1.0,,,,,,6.042352362767289e-05,
0.8,PURE,False,accept,USA,"{CHN,RUS}+{USA}","{CHN}+{RUS,USA}",0.0,,,,,,-3.852501291756738e-05,
0.8,PURE,False,accept,USA,"{CHN,USA}+{RUS}","{CHN,RUS,USA}",0.0,,,,,,-8.907539139180187e-06,
0.8,PURE,False,accept,USA,"{CHN,USA}+{RUS}","{CHN,RUS}+{USA}",0.0,,,,,,-6.042352362767289e-05,
0.8,PURE,False,accept,USA,"{CHN,USA}+{RUS}","{CHN}+{RUS,USA}",0.0,,,,,,-9.894853654524027e-05,
0.8,PURE,False,accept,USA,"{CHN,USA}+{RUS}",{CHN}+{RUS}+{USA},0.0,,,,,,-0.00017801719045884568,
0.8,PURE,False,accept,USA,"{CHN}+{RUS,USA}","{CHN,RUS,USA}",1.0,,,,,,9.004099740606009e-05,
0.8,PURE,False,accept,USA,"{CHN}+{RUS,USA}","{CHN,RUS}+{USA}",1.0,,,,,,3.852501291756738e-05,
0.8,PURE,False,accept,USA,"{CHN}+{RUS,USA}","{CHN,USA}+{RUS}",1.0,,,,,,9.894853654524027e-05,
0.8,PURE,False,accept,USA,"{CHN}+{RUS,USA}",{CHN}+{RUS}+{USA},0.0,,,,,,-7.90686539136054e-05,
0.8,PURE,False,accept,USA,{CHN}+{RUS}+{USA},"{CHN,RUS,USA}",1.0,,,,,,0.0001691096513196655,
0.8,PURE,False,accept,USA,{CHN}+{RUS}+{USA},"{CHN,USA}+{RUS}",1.0,,,,,,0.00017801719045884568,CHN
0.8,PURE,False,accept,USA,{CHN}+{RUS}+{USA},"{CHN}+{RUS,USA}",1.0,,,,,,7.90686539136054e-05,RUS
0.82,PURE,False,propose,CHN,"{CHN,RUS,USA}","{CHN,RUS,USA}",1.0,True,1.0,1.0,False,,,
0.82,PURE,False,propose,CHN,"{CHN,RUS}+{USA}","{CHN,RUS}+{USA}",1.0,True,1.0,1.0,False,,,
0.82,PURE,False,propose,CHN,"{CHN,USA}+{RUS}","{CHN,USA}+{RUS}",1.0,True,1.0,1.0,False,,,
0.82,PURE,False,propose,CHN,"{CHN}+{RUS,USA}","{CHN}+{RUS,USA}",1.0,True,1.0,1.0,False,,,
0.82,PURE,False,propose,CHN,{CHN}+{RUS}+{USA},"{CHN,USA}+{RUS}",1.0,False,1.0,1.0,False,USA,,
0.82,PURE,False,propose,RUS,"{CHN,RUS,USA}","{CHN,RUS,USA}",1.0,True,1.0,1.0,False,,,
0.82,PURE,False,propose,RUS,"{CHN,RUS}+{USA}",{CHN}+{RUS}+{USA},1.0,False,1.0,1.0,True,,,
0.82,PURE,False,propose,RUS,"{CHN,USA}+{RUS}","{CHN,USA}+{RUS}",1.0,True,1.0,1.0,False,,,
0.82,PURE,False,propose,RUS,"{CHN}+{RUS,USA}","{CHN}+{RUS,USA}",1.0,True,1.0,1.0,False,,,
0.82,PURE,False,propose,RUS,{CHN}+{RUS}+{USA},"{CHN}+{RUS,USA}",1.0,False,1.0,1.0,False,USA,,
0.82,PURE,False,propose,USA,"{CHN,RUS,USA}","{CHN,RUS,USA}",1.0,True,1.0,1.0,False,,,
0.82,PURE,False,propose,USA,"{CHN,RUS}+{USA}","{CHN,RUS}+{USA}",1.0,True,1.0,1.0,False,,,
0.82,PURE,False,propose,USA,"{CHN,USA}+{RUS}","{CHN,USA}+{RUS}",1.0,True,1.0,1.0,False,,,
0.82,PURE,False,propose,USA,"{CHN}+{RUS,USA}","{CHN}+{RUS,USA}",1.0,True,1.0,1.0,False,,,
0.82,PURE,False,propose,USA,{CHN}+{RUS}+{USA},"{CHN,USA}+{RUS}",1.0,False,1.0,1.0,False,CHN,,
0.82,PURE,False,accept,CHN,"{CHN,RUS,USA}","{CHN,RUS}+{USA}",0.0,,,,,,-0.0006304824435687806,
0.82,PURE,False,accept,CHN,"{CHN,RUS,USA}","{CHN,USA}+{RUS}",1.0,,,,,,7.12350045493082e-05,
0.82,PURE,False,accept,CHN,"{CHN,RUS,USA}","{CHN}+{RUS,USA}",0.0,,,,,,-0.00038020757484069634,
0.82,PURE,False,accept,CHN,"{CHN,RUS,USA}",{CHN}+{RUS}+{USA},0.0,,,,,,-0.0007399290427905214,
0.82,PURE,False,accept,CHN,"{CHN,RUS}+{USA}","{CHN,RUS,USA}",1.0,,,,,,0.0006304824435687806,
0.82,PURE,False,accept,CHN,"{CHN,RUS}+{USA}","{CHN,USA}+{RUS}",1.0,,,,,,0.0007017174481180888,
0.82,PURE,False,accept,CHN,"{CHN,RUS}+{USA}","{CHN}+{RUS,USA}",1.0,,,,,,0.00025027486872808424,
0.82,PURE,False,accept,CHN,"{CHN,RUS}+{USA}",{CHN}+{RUS}+{USA},0.0,,,,,,-0.00010944659922174083,
0.82,PURE,False,accept,CHN,"{CHN,USA}+{RUS}","{CHN,RUS,USA}",0.0,,,,,,-7.12350045493082e-05,
0.82,PURE,False,accept,CHN,"{CHN,USA}+{RUS}","{CHN,RUS}+{USA}",0.0,,,,,,-0.0007017174481180888,
0.82,PURE,False,accept,CHN,"{CHN,USA}+{RUS}","{CHN}+{RUS,USA}",0.0,,,,,,-0.00045144257939000454,
0.82,PURE,False,accept,CHN,"{CHN,USA}+{RUS}",{CHN}+{RUS}+{USA},0.0,,,,,,-0.0008111640473398296,
0.82,PURE,False,accept,CHN,"{CHN}+{RUS,USA}","{CHN,RUS,USA}",1.0,,,,,,0.00038020757484069634,
0.82,PURE,False,accept,CHN,"{CHN}+{RUS,USA}","{CHN,RUS}+{USA}",0.0,,,,,,-0.00025027486872808424,
0.82,PURE,False,accept,CHN,"{CHN}+{RUS,USA}","{CHN,USA}+{RUS}",1.0,,,,,,0.00045144257939000454,
0.82,PURE,False,accept,CHN,{CHN}+{RUS}+{USA},"{CHN,RUS,USA}",1.0,,,,,,0.0007399290427905214,
0.82,PURE,False,accept,CHN,{CHN}+{RUS}+{USA},"{CHN,RUS}+{USA}",1.0,,,,,,0.00010944659922174083,
0.82,PURE,False,accept,CHN,{CHN}+{RUS}+{USA},"{CHN,USA}+{RUS}",1.0,,,,,,0.0008111640473398296,USA
0.82,PURE,False,accept,RUS,"{CHN,RUS,USA}","{CHN,RUS}+{USA}",1.0,,,,,,1.9103005106213544e-05,
0.82,PURE,False,accept,RUS,"{CHN,RUS,USA}","{CHN,USA}+{RUS}",0.0,,,,,,-1.3606816944955469e-05,
0.82,PURE,False,accept,RUS,"{CHN,RUS,USA}","{CHN}+{RUS,USA}",1.0,,,,,,5.7792082915009146e-05,
0.82,PURE,False,accept,RUS,"{CHN,RUS,USA}",{CHN}+{RUS}+{USA},1.0,,,,,,1.9182719461108277e-05,
0.82,PURE,False,accept,RUS,"{CHN,RUS}+{USA}","{CHN,RUS,USA}",0.0,,,,,,-1.9103005106213544e-05,
0.82,PURE,False,accept,RUS,"{CHN,RUS}+{USA}","{CHN,USA}+{RUS}",0.0,,,,,,-3.270982205116901e-05,
0.82,PURE,False,accept,RUS,"{CHN,RUS}+{USA}","{CHN}+{RUS,USA}",1.0,,,,,,3.86890778087956e-05,
0.82,PURE,False,accept,RUS,"{CHN,RUS}+{USA}",{CHN}+{RUS}+{USA},1.0,,,,,,7.971435489473322e-08,
0.82,PURE,False,accept,RUS,"{CHN,USA}+{RUS}","{CHN,RUS,USA}",1.0,,,,,,1.3606816944955469e-05,
0.82,PURE,False,accept,RUS,"{CHN,USA}+{RUS}","{CHN,RUS}+{USA}",1.0,,,,,,3.270982205116901e-05,
0.82,PURE,False,accept,RUS,"{CHN,USA}+{RUS}","{CHN}+{RUS,USA}",1.0,,,,,,7.139889985996462e-05,
0.82,PURE,False,accept,RUS,"{CHN}+{RUS,USA}","{CHN,RUS,USA}",0.0,,,,,,-5.7792082915009146e-05,
0.82,PURE,False,accept,RUS,"{CHN}+{RUS,USA}","{CHN,RUS}+{USA}",0.0,,,,,,-3.86890778087956e-05,
0.82,PURE,False,accept,RUS,"{CHN}+{RUS,USA}","{CHN,USA}+{RUS}",0.0,,,,,,-7.139889985996462e-05,
0.82,PURE,False,accept,RUS,"{CHN}+{RUS,USA}",{CHN}+{RUS}+{USA},0.0,,,,,,-3.860936345390087e-05,
0.82,PURE,False,accept,RUS,{CHN}+{RUS}+{USA},"{CHN,RUS,USA}",0.0,,,,,,-1.9182719461108277e-05,
0.82,PURE,False,accept,RUS,{CHN}+{RUS}+{USA},"{CHN,RUS}+{USA}",0.0,,,,,,-7.971435489473322e-08,
0.82,PURE,False,accept,RUS,{CHN}+{RUS}+{USA},"{CHN}+{RUS,USA}",1.0,,,,,,3.860936345390087e-05,
0.82,PURE,False,accept,USA,"{CHN,RUS,USA}","{CHN,RUS}+{USA}",0.0,,,,,,-5.14178597810222e-05,
0.82,PURE,False,accept,USA,"{CHN,RUS,USA}","{CHN,USA}+{RUS}",1.0,,,,,,8.907539139180187e-06,
0.82,PURE,False,accept,USA,"{CHN,RUS,USA}","{CHN}+{RUS,USA}",0.0,,,,,,-9.004099740606009e-05,
0.82,PURE,False,accept,USA,"{CHN,RUS,USA}",{CHN}+{RUS}+{USA},0.0,,,,,,-0.00015460621682494846,
0.82,PURE,False,accept,USA,"{CHN,RUS}+{USA}","{CHN,RUS,USA}",1.0,,,,,,5.14178597810222e-05,
0.82,PURE,False,accept,USA,"{CHN,RUS}+{USA}","{CHN,USA}+{RUS}",1.0,,,,,,6.032539892020239e-05,
0.82,PURE,False,accept,USA,"{CHN,RUS}+{USA}","{CHN}+{RUS,USA}",0.0,,,,,,-3.8623137625037884e-05,
0.82,PURE,False,accept,USA,"{CHN,USA}+{RUS}","{CHN,RUS,USA}",0.0,,,,,,-8.907539139180187e-06,
0.82,PURE,False,accept,USA,"{CHN,USA}+{RUS}","{CHN,RUS}+{USA}",0.0,,,,,,-6.032539892020239e-05,
0.82,PURE,False,accept,USA,"{CHN,USA}+{RUS}","{CHN}+{RUS,USA}",0.0,,,,,,-9.894853654524027e-05,
0.82,PURE,False,accept,USA,"{CHN,USA}+{RUS}",{CHN}+{RUS}+{USA},0.0,,,,,,-0.00016351375596412865,
0.82,PURE,False,accept,USA,"{CHN}+{RUS,USA}","{CHN,RUS,USA}",1.0,,,,,,9.004099740606009e-05,
0.82,PURE,False,accept,USA,"{CHN}+{RUS,USA}","{CHN,RUS}+{USA}",1.0,,,,,,3.8623137625037884e-05,
0.82,PURE,False,accept,USA,"{CHN}+{RUS,USA}","{CHN,USA}+{RUS}",1.0,,,,,,9.894853654524027e-05,
0.82,PURE,False,accept,USA,"{CHN}+{RUS,USA}",{CHN}+{RUS}+{USA},0.0,,,,,,-6.456521941888838e-05,
0.82,PURE,False,accept,USA,{CHN}+{RUS}+{USA},"{CHN,RUS,USA}",1.0,,,,,,0.00015460621682494846,
0.82,PURE,False,accept,USA,{CHN}+{RUS}+{USA},"{CHN,USA}+{RUS}",1.0,,,,,,0.00016351375596412865,CHN
0.82,PURE,False,accept,USA,{CHN}+{RUS}+{USA},"{CHN}+{RUS,USA}",1.0,,,,,,6.456521941888838e-05,RUS
0.84,MIXED_NONUNIQUE,True,propose,CHN,"{CHN,RUS,USA}","{CHN,RUS,USA}",1.0,True,1.0,1.0,False,,,
0.84,MIXED_NONUNIQUE,True,propose,CHN,"{CHN,RUS}+{USA}","{CHN,RUS}+{USA}",1.0,True,1.0,1.0,False,,,
0.84,MIXED_NONUNIQUE,True,propose,CHN,"{CHN,USA}+{RUS}","{CHN,USA}+{RUS}",1.0,True,1.0,1.0,False,,,
0.84,MIXED_NONUNIQUE,True,propose,CHN,"{CHN}+{RUS,USA}","{CHN}+{RUS,USA}",1.0,True,1.0,1.0,False,,,
0.84,MIXED_NONUNIQUE,True,propose,CHN,{CHN}+{RUS}+{USA},"{CHN,USA}+{RUS}",1.0,False,1.0,1.0,False,USA,,
0.84,MIXED_NONUNIQUE,True,propose,RUS,"{CHN,RUS,USA}","{CHN,RUS,USA}",1.0,True,1.0,1.0,False,,,
0.84,MIXED_NONUNIQUE,True,propose,RUS,"{CHN,RUS}+{USA}","{CHN,RUS}+{USA}",0.6304454188257862,True,1.0,0.6304454188257862,False,,,
0.84,MIXED_NONUNIQUE,True,propose,RUS,"{CHN,RUS}+{USA}",{CHN}+{RUS}+{USA},0.3695545811742138,False,1.0,0.3695545811742138,True,,,
0.84,MIXED_NONUNIQUE,True,propose,RUS,"{CHN,USA}+{RUS}","{CHN,USA}+{RUS}",1.0,True,1.0,1.0,False,,,
0.84,MIXED_NONUNIQUE,True,propose,RUS,"{CHN}+{RUS,USA}","{CHN}+{RUS,USA}",1.0,True,1.0,1.0,False,,,
0.84,MIXED_NONUNIQUE,True,propose,RUS,{CHN}+{RUS}+{USA},"{CHN}+{RUS,USA}",1.0,False,1.0,1.0,False,USA,,
0.84,MIXED_NONUNIQUE,True,propose,USA,"{CHN,RUS,USA}","{CHN,RUS}+{USA}",1.0,False,1.0,1.0,True,,,
0.84,MIXED_NONUNIQUE,True,propose,USA,"{CHN,RUS}+{USA}","{CHN,RUS}+{USA}",1.0,True,1.0,1.0,False,,,
0.84,MIXED_NONUNIQUE,True,propose,USA,"{CHN,USA}+{RUS}","{CHN,USA}+{RUS}",1.0,True,1.0,1.0,False,,,
0.84,MIXED_NONUNIQUE,True,propose,USA,"{CHN}+{RUS,USA}","{CHN}+{RUS,USA}",1.0,True,1.0,1.0,False,,,
0.84,MIXED_NONUNIQUE,True,propose,USA,{CHN}+{RUS}+{USA},"{CHN,RUS}+{USA}",0.08746614457877228,False,1.0,0.08746614457877228,False,"CHN,RUS",,
0.84,MIXED_NONUNIQUE,True,propose,USA,{CHN}+{RUS}+{USA},"{CHN,USA}+{RUS}",0.9125338554212277,False,1.0,0.9125338554212277,False,CHN,,
0.84,MIXED_NONUNIQUE,True,accept,CHN,"{CHN,RUS,USA}","{CHN,RUS}+{USA}",0.0,,,,,,-0.00019988426682182592,
0.84,MIXED_NONUNIQUE,True,accept,CHN,"{CHN,RUS,USA}","{CHN,USA}+{RUS}",1.0,,,,,,0.0004210324714861713,
0.84,MIXED_NONUNIQUE,True,accept,CHN,"{CHN,RUS,USA}","{CHN}+{RUS,USA}",0.0,,,,,,-3.041010790383325e-05,
0.84,MIXED_NONUNIQUE,True,accept,CHN,"{CHN,RUS,USA}",{CHN}+{RUS}+{USA},0.0,,,,,,-0.0003319289068919318,
0.84,MIXED_NONUNIQUE,True,accept,CHN,"{CHN,RUS}+{USA}","{CHN,RUS,USA}",1.0,,,,,,0.00019988426682182592,
0.84,MIXED_NONUNIQUE,True,accept,CHN,"{CHN,RUS}+{USA}","{CHN,USA}+{RUS}",1.0,,,,,,0.0006209167383079972,
0.84,MIXED_NONUNIQUE,True,accept,CHN,"{CHN,RUS}+{USA}","{CHN}+{RUS,USA}",1.0,,,,,,0.00016947415891799267,
0.84,MIXED_NONUNIQUE,True,accept,CHN,"{CHN,RUS}+{USA}",{CHN}+{RUS}+{USA},0.0,,,,,,-0.00013204464007010586,
0.84,MIXED_NONUNIQUE,True,accept,CHN,"{CHN,USA}+{RUS}","{CHN,RUS,USA}",0.0,,,,,,-0.0004210324714861713,
0.84,MIXED_NONUNIQUE,True,accept,CHN,"{CHN,USA}+{RUS}","{CHN,RUS}+{USA}",0.0,,,,,,-0.0006209167383079972,
0.84,MIXED_NONUNIQUE,True,accept,CHN,"{CHN,USA}+{RUS}","{CHN}+{RUS,USA}",0.0,,,,,,-0.00045144257939000454,
0.84,MIXED_NONUNIQUE,True,accept,CHN,"{CHN,USA}+{RUS}",{CHN}+{RUS}+{USA},0.0,,,,,,-0.0007529613783781031,
0.84,MIXED_NONUNIQUE,True,accept,CHN,"{CHN}+{RUS,USA}","{CHN,RUS,USA}",1.0,,,,,,3.041010790383325e-05,
0.84,MIXED_NONUNIQUE,True,accept,CHN,"{CHN}+{RUS,USA}","{CHN,RUS}+{USA}",0.0,,,,,,-0.00016947415891799267,
0.84,MIXED_NONUNIQUE,True,accept,CHN,"{CHN}+{RUS,USA}","{CHN,USA}+{RUS}",1.0,,,,,,0.00045144257939000454,
0.84,MIXED_NONUNIQUE,True,accept,CHN,{CHN}+{RUS}+{USA},"{CHN,RUS,USA}",1.0,,,,,,0.0003319289068919318,
0.84,MIXED_NONUNIQUE,True,accept,CHN,{CHN}+{RUS}+{USA},"{CHN,RUS}+{USA}",1.0,,,,,,0.00013204464007010586,USA
0.84,MIXED_NONUNIQUE,True,accept,CHN,{CHN}+{RUS}+{USA},"{CHN,USA}+{RUS}",1.0,,,,,,0.0007529613783781031,USA
0.84,MIXED_NONUNIQUE,True,accept,RUS,"{CHN,RUS,USA}","{CHN,RUS}+{USA}",1.0,,,,,,6.90252995716456e-06,
0.84,MIXED_NONUNIQUE,True,accept,RUS,"{CHN,RUS,USA}","{CHN,USA}+{RUS}",0.0,,,,,,-2.5686244369715894e-05,
0.84,MIXED_NONUNIQUE,True,accept,RUS,"{CHN,RUS,USA}","{CHN}+{RUS,USA}",1.0,,,,,,4.571265549024872e-05,
0.84,MIXED_NONUNIQUE,True,accept,RUS,"{CHN,RUS,USA}",{CHN}+{RUS}+{USA},1.0,,,,,,6.90252995716456e-06,
0.84,MIXED_NONUNIQUE,True,accept,RUS,"{CHN,RUS}+{USA}","{CHN,RUS,USA}",0.0,,,,,,-6.90252995716456e-06,
0.84,MIXED_NONUNIQUE,True,accept,RUS,"{CHN,RUS}+{USA}","{CHN,USA}+{RUS}",0.0,,,,,,-3.2588774326880454e-05,
0.84,MIXED_NONUNIQUE,True,accept,RUS,"{CHN,RUS}+{USA}","{CHN}+{RUS,USA}",1.0,,,,,,3.881012553308416e-05,
0.84,MIXED_NONUNIQUE,True,accept,RUS,"{CHN,RUS}+{USA}",{CHN}+{RUS}+{USA},0.5000000000000034,,,,,,0.0,
0.84,MIXED_NONUNIQUE,True,accept,RUS,"{CHN,USA}+{RUS}","{CHN,RUS,USA}",1.0,,,,,,2.5686244369715894e-05,
0.84,MIXED_NONUNIQUE,True,accept,RUS,"{CHN,USA}+{RUS}","{CHN,RUS}+{USA}",1.0,,,,,,3.2588774326880454e-05,
0.84,MIXED_NONUNIQUE,True,accept,RUS,"{CHN,USA}+{RUS}","{CHN}+{RUS,USA}",1.0,,,,,,7.139889985996462e-05,
0.84,MIXED_NONUNIQUE,True,accept,RUS,"{CHN}+{RUS,USA}","{CHN,RUS,USA}",0.0,,,,,,-4.571265549024872e-05,
0.84,MIXED_NONUNIQUE,True,accept,RUS,"{CHN}+{RUS,USA}","{CHN,RUS}+{USA}",0.0,,,,,,-3.881012553308416e-05,
0.84,MIXED_NONUNIQUE,True,accept,RUS,"{CHN}+{RUS,USA}","{CHN,USA}+{RUS}",0.0,,,,,,-7.139889985996462e-05,
0.84,MIXED_NONUNIQUE,True,accept,RUS,"{CHN}+{RUS,USA}",{CHN}+{RUS}+{USA},0.0,,,,,,-3.881012553308416e-05,
0.84,MIXED_NONUNIQUE,True,accept,RUS,{CHN}+{RUS}+{USA},"{CHN,RUS,USA}",0.0,,,,,,-6.90252995716456e-06,
0.84,MIXED_NONUNIQUE,True,accept,RUS,{CHN}+{RUS}+{USA},"{CHN,RUS}+{USA}",1.0,,,,,,0.0,USA
0.84,MIXED_NONUNIQUE,True,accept,RUS,{CHN}+{RUS}+{USA},"{CHN}+{RUS,USA}",1.0,,,,,,3.881012553308416e-05,
0.84,MIXED_NONUNIQUE,True,accept,USA,"{CHN,RUS,USA}","{CHN,RUS}+{USA}",1.0,,,,,,3.2391051414393246e-06,
0.84,MIXED_NONUNIQUE,True,accept,USA,"{CHN,RUS,USA}","{CHN,USA}+{RUS}",1.0,,,,,,3.239105141883414e-06,
0.84,MIXED_NONUNIQUE,True,accept,USA,"{CHN,RUS,USA}","{CHN}+{RUS,USA}",0.0,,,,,,-9.570943140335686e-05,
0.84,MIXED_NONUNIQUE,True,accept,USA,"{CHN,RUS,USA}",{CHN}+{RUS}+{USA},0.0,,,,,,-0.0001457712163279723,
0.84,MIXED_NONUNIQUE,True,accept,USA,"{CHN,RUS}+{USA}","{CHN,RUS,USA}",0.0,,,,,,-3.2391051414393246e-06,
0.84,MIXED_NONUNIQUE,True,accept,USA,"{CHN,RUS}+{USA}","{CHN,USA}+{RUS}",1.0,,,,,,4.440892098500626e-16,
0.84,MIXED_NONUNIQUE,True,accept,USA,"{CHN,RUS}+{USA}","{CHN}+{RUS,USA}",0.0,,,,,,-9.894853654479618e-05,
0.84,MIXED_NONUNIQUE,True,accept,USA,"{CHN,USA}+{RUS}","{CHN,RUS,USA}",0.0,,,,,,-3.239105141883414e-06,
0.84,MIXED_NONUNIQUE,True,accept,USA,"{CHN,USA}+{RUS}","{CHN,RUS}+{USA}",1.0,,,,,,-4.440892098500626e-16,
0.84,MIXED_NONUNIQUE,True,accept,USA,"{CHN,USA}+{RUS}","{CHN}+{RUS,USA}",0.0,,,,,,-9.894853654524027e-05,
0.84,MIXED_NONUNIQUE,True,accept,USA,"{CHN,USA}+{RUS}",{CHN}+{RUS}+{USA},0.0,,,,,,-0.0001490103214698557,
0.84,MIXED_NONUNIQUE,True,accept,USA,"{CHN}+{RUS,USA}","{CHN,RUS,USA}",1.0,,,,,,9.570943140335686e-05,
0.84,MIXED_NONUNIQUE,True,accept,USA,"{CHN}+{RUS,USA}","{CHN,RUS}+{USA}",1.0,,,,,,9.894853654479618e-05,
0.84,MIXED_NONUNIQUE,True,accept,USA,"{CHN}+{RUS,USA}","{CHN,USA}+{RUS}",1.0,,,,,,9.894853654524027e-05,
0.84,MIXED_NONUNIQUE,True,accept,USA,"{CHN}+{RUS,USA}",{CHN}+{RUS}+{USA},0.0,,,,,,-5.006178492461544e-05,
0.84,MIXED_NONUNIQUE,True,accept,USA,{CHN}+{RUS}+{USA},"{CHN,RUS,USA}",1.0,,,,,,0.0001457712163279723,
0.84,MIXED_NONUNIQUE,True,accept,USA,{CHN}+{RUS}+{USA},"{CHN,USA}+{RUS}",1.0,,,,,,0.0001490103214698557,CHN
0.84,MIXED_NONUNIQUE,True,accept,USA,{CHN}+{RUS}+{USA},"{CHN}+{RUS,USA}",1.0,,,,,,5.006178492461544e-05,RUS
0.86,MIXED_NONUNIQUE,True,propose,CHN,"{CHN,RUS,USA}","{CHN,RUS,USA}",1.0,True,1.0,1.0,False,,,
0.86,MIXED_NONUNIQUE,True,propose,CHN,"{CHN,RUS}+{USA}","{CHN,RUS}+{USA}",1.0,True,1.0,1.0,False,,,
0.86,MIXED_NONUNIQUE,True,propose,CHN,"{CHN,USA}+{RUS}","{CHN,USA}+{RUS}",1.0,True,1.0,1.0,False,,,
0.86,MIXED_NONUNIQUE,True,propose,CHN,"{CHN}+{RUS,USA}","{CHN}+{RUS,USA}",1.0,True,1.0,1.0,False,,,
0.86,MIXED_NONUNIQUE,True,propose,CHN,{CHN}+{RUS}+{USA},"{CHN,USA}+{RUS}",1.0,False,1.0,1.0,False,USA,,
0.86,MIXED_NONUNIQUE,True,propose,RUS,"{CHN,RUS,USA}","{CHN,RUS,USA}",1.0,True,1.0,1.0,False,,,
0.86,MIXED_NONUNIQUE,True,propose,RUS,"{CHN,RUS}+{USA}","{CHN,RUS}+{USA}",0.6627539850205072,True,1.0,0.6627539850205072,False,,,
0.86,MIXED_NONUNIQUE,True,propose,RUS,"{CHN,RUS}+{USA}",{CHN}+{RUS}+{USA},0.3372460149794928,False,1.0,0.3372460149794928,True,,,
0.86,MIXED_NONUNIQUE,True,propose,RUS,"{CHN,USA}+{RUS}","{CHN,USA}+{RUS}",1.0,True,1.0,1.0,False,,,
0.86,MIXED_NONUNIQUE,True,propose,RUS,"{CHN}+{RUS,USA}","{CHN}+{RUS,USA}",1.0,True,1.0,1.0,False,,,
0.86,MIXED_NONUNIQUE,True,propose,RUS,{CHN}+{RUS}+{USA},"{CHN}+{RUS,USA}",1.0,False,1.0,1.0,False,USA,,
0.86,MIXED_NONUNIQUE,True,propose,USA,"{CHN,RUS,USA}","{CHN,RUS}+{USA}",1.0,False,1.0,1.0,True,,,
0.86,MIXED_NONUNIQUE,True,propose,USA,"{CHN,RUS}+{USA}","{CHN,RUS}+{USA}",1.0,True,1.0,1.0,False,,,
0.86,MIXED_NONUNIQUE,True,propose,USA,"{CHN,USA}+{RUS}","{CHN,USA}+{RUS}",1.0,True,1.0,1.0,False,,,
0.86,MIXED_NONUNIQUE,True,propose,USA,"{CHN}+{RUS,USA}","{CHN}+{RUS,USA}",1.0,True,1.0,1.0,False,,,
0.86,MIXED_NONUNIQUE,True,propose,USA,{CHN}+{RUS}+{USA},"{CHN,RUS}+{USA}",0.19235409866643322,False,0.9849090672508948,0.18945129589944332,False,"CHN,RUS",,
0.86,MIXED_NONUNIQUE,True,propose,USA,{CHN}+{RUS}+{USA},"{CHN,USA}+{RUS}",0.8076459013335668,False,1.0,0.8076459013335668,False,CHN,,
0.86,MIXED_NONUNIQUE,True,accept,CHN,"{CHN,RUS,USA}","{CHN,RUS}+{USA}",0.0,,,,,,-0.00017406823689825046,
0.86,MIXED_NONUNIQUE,True,accept,CHN,"{CHN,RUS,USA}","{CHN,USA}+{RUS}",1.0,,,,,,0.00042766044201059117,
0.86,MIXED_NONUNIQUE,True,accept,CHN,"{CHN,RUS,USA}","{CHN}+{RUS,USA}",0.0,,,,,,-2.378213737941337e-05,
0.86,MIXED_NONUNIQUE,True,accept,CHN,"{CHN,RUS,USA}",{CHN}+{RUS}+{USA},0.0,,,,,,-0.0002699451288314947,
0.86,MIXED_NONUNIQUE,True,accept,CHN,"{CHN,RUS}+{USA}","{CHN,RUS,USA}",1.0,,,,,,0.00017406823689825046,
0.86,MIXED_NONUNIQUE,True,accept,CHN,"{CHN,RUS}+{USA}","{CHN,USA}+{RUS}",1.0,,,,,,0.0006017286789088416,
0.86,MIXED_NONUNIQUE,True,accept,CHN,"{CHN,RUS}+{USA}","{CHN}+{RUS,USA}",1.0,,,,,,0.0001502860995188371,
0.86,MIXED_NONUNIQUE,True,accept,CHN,"{CHN,RUS}+{USA}",{CHN}+{RUS}+{USA},0.0,,,,,,-9.587689193324422e-05,
0.86,MIXED_NONUNIQUE,True,accept,CHN,"{CHN,USA}+{RUS}","{CHN,RUS,USA}",0.0,,,,,,-0.00042766044201059117,
0.86,MIXED_NONUNIQUE,True,accept,CHN,"{CHN,USA}+{RUS}","{CHN,RUS}+{USA}",0.0,,,,,,-0.0006017286789088416,
0.86,MIXED_NONUNIQUE,True,accept,CHN,"{CHN,USA}+{RUS}","{CHN}+{RUS,USA}",0.0,,,,,,-0.00045144257939000454,
0.86,MIXED_NONUNIQUE,True,accept,CHN,"{CHN,USA}+{RUS}",{CHN}+{RUS}+{USA},0.0,,,,,,-0.0006976055708420859,
0.86,MIXED_NONUNIQUE,True,accept,CHN,"{CHN}+{RUS,USA}","{CHN,RUS,USA}",1.0,,,,,,2.378213737941337e-05,
0.86,MIXED_NONUNIQUE,True,accept,CHN,"{CHN}+{RUS,USA}","{CHN,RUS}+{USA}",0.0,,,,,,-0.0001502860995188371,
0.86,MIXED_NONUNIQUE,True,accept,CHN,"{CHN}+{RUS,USA}","{CHN,USA}+{RUS}",1.0,,,,,,0.00045144257939000454,
0.86,MIXED_NONUNIQUE,True,accept,CHN,{CHN}+{RUS}+{USA},"{CHN,RUS,USA}",1.0,,,,,,0.0002699451288314947,
0.86,MIXED_NONUNIQUE,True,accept,CHN,{CHN}+{RUS}+{USA},"{CHN,RUS}+{USA}",1.0,,,,,,9.587689193324422e-05,USA
0.86,MIXED_NONUNIQUE,True,accept,CHN,{CHN}+{RUS}+{USA},"{CHN,USA}+{RUS}",1.0,,,,,,0.0006976055708420859,USA
0.86,MIXED_NONUNIQUE,True,accept,RUS,"{CHN,RUS,USA}","{CHN,RUS}+{USA}",1.0,,,,,,6.228454765944136e-06,
0.86,MIXED_NONUNIQUE,True,accept,RUS,"{CHN,RUS,USA}","{CHN,USA}+{RUS}",0.0,,,,,,-2.636031956093632e-05,
0.86,MIXED_NONUNIQUE,True,accept,RUS,"{CHN,RUS,USA}","{CHN}+{RUS,USA}",1.0,,,,,,4.50385802990283e-05,
0.86,MIXED_NONUNIQUE,True,accept,RUS,"{CHN,RUS,USA}",{CHN}+{RUS}+{USA},1.0,,,,,,6.228454765944136e-06,
0.86,MIXED_NONUNIQUE,True,accept,RUS,"{CHN,RUS}+{USA}","{CHN,RUS,USA}",0.0,,,,,,-6.228454765944136e-06,
0.86,MIXED_NONUNIQUE,True,accept,RUS,"{CHN,RUS}+{USA}","{CHN,USA}+{RUS}",0.0,,,,,,-3.2588774326880454e-05,
0.86,MIXED_NONUNIQUE,True,accept,RUS,"{CHN,RUS}+{USA}","{CHN}+{RUS,USA}",1.0,,,,,,3.881012553308416e-05,
0.86,MIXED_NONUNIQUE,True,accept,RUS,"{CHN,RUS}+{USA}",{CHN}+{RUS}+{USA},0.5,,,,,,0.0,
0.86,MIXED_NONUNIQUE,True,accept,RUS,"{CHN,USA}+{RUS}","{CHN,RUS,USA}",1.0,,,,,,2.636031956093632e-05,
0.86,MIXED_NONUNIQUE,True,accept,RUS,"{CHN,USA}+{RUS}","{CHN,RUS}+{USA}",1.0,,,,,,3.2588774326880454e-05,
0.86,MIXED_NONUNIQUE,True,accept,RUS,"{CHN,USA}+{RUS}","{CHN}+{RUS,USA}",1.0,,,,,,7.139889985996462e-05,
0.86,MIXED_NONUNIQUE,True,accept,RUS,"{CHN}+{RUS,USA}","{CHN,RUS,USA}",0.0,,,,,,-4.50385802990283e-05,
0.86,MIXED_NONUNIQUE,True,accept,RUS,"{CHN}+{RUS,USA}","{CHN,RUS}+{USA}",0.0,,,,,,-3.881012553308416e-05,
0.86,MIXED_NONUNIQUE,True,accept,RUS,"{CHN}+{RUS,USA}","{CHN,USA}+{RUS}",0.0,,,,,,-7.139889985996462e-05,
0.86,MIXED_NONUNIQUE,True,accept,RUS,"{CHN}+{RUS,USA}",{CHN}+{RUS}+{USA},0.0,,,,,,-3.881012553308416e-05,
0.86,MIXED_NONUNIQUE,True,accept,RUS,{CHN}+{RUS}+{USA},"{CHN,RUS,USA}",0.0,,,,,,-6.228454765944136e-06,
0.86,MIXED_NONUNIQUE,True,accept,RUS,{CHN}+{RUS}+{USA},"{CHN,RUS}+{USA}",0.9849090672508948,,,,,,0.0,USA
0.86,MIXED_NONUNIQUE,True,accept,RUS,{CHN}+{RUS}+{USA},"{CHN}+{RUS,USA}",1.0,,,,,,3.881012553308416e-05,
0.86,MIXED_NONUNIQUE,True,accept,USA,"{CHN,RUS,USA}","{CHN,RUS}+{USA}",1.0,,,,,,3.599030848899787e-06,
0.86,MIXED_NONUNIQUE,True,accept,USA,"{CHN,RUS,USA}","{CHN,USA}+{RUS}",1.0,,,,,,1.538095019348873e-06,
0.86,MIXED_NONUNIQUE,True,accept,USA,"{CHN,RUS,USA}","{CHN}+{RUS,USA}",0.0,,,,,,-9.74104415258914e-05,
0.86,MIXED_NONUNIQUE,True,accept,USA,"{CHN,RUS,USA}",{CHN}+{RUS}+{USA},0.0,,,,,,-0.0001329687919562339,
0.86,MIXED_NONUNIQUE,True,accept,USA,"{CHN,RUS}+{USA}","{CHN,RUS,USA}",0.0,,,,,,-3.599030848899787e-06,
0.86,MIXED_NONUNIQUE,True,accept,USA,"{CHN,RUS}+{USA}","{CHN,USA}+{RUS}",0.0,,,,,,-2.060935829550914e-06,
0.86,MIXED_NONUNIQUE,True,accept,USA,"{CHN,RUS}+{USA}","{CHN}+{RUS,USA}",0.0,,,,,,-0.00010100947237479119,
0.86,MIXED_NONUNIQUE,True,accept,USA,"{CHN,USA}+{RUS}","{CHN,RUS,USA}",0.0,,,,,,-1.538095019348873e-06,
0.86,MIXED_NONUNIQUE,True,accept,USA,"{CHN,USA}+{RUS}","{CHN,RUS}+{USA}",1.0,,,,,,2.060935829550914e-06,
0.86,MIXED_NONUNIQUE,True,accept,USA,"{CHN,USA}+{RUS}","{CHN}+{RUS,USA}",0.0,,,,,,-9.894853654524027e-05,
0.86,MIXED_NONUNIQUE,True,accept,USA,"{CHN,USA}+{RUS}",{CHN}+{RUS}+{USA},0.0,,,,,,-0.00013450688697558277,
0.86,MIXED_NONUNIQUE,True,accept,USA,"{CHN}+{RUS,USA}","{CHN,RUS,USA}",1.0,,,,,,9.74104415258914e-05,
0.86,MIXED_NONUNIQUE,True,accept,USA,"{CHN}+{RUS,USA}","{CHN,RUS}+{USA}",1.0,,,,,,0.00010100947237479119,
0.86,MIXED_NONUNIQUE,True,accept,USA,"{CHN}+{RUS,USA}","{CHN,USA}+{RUS}",1.0,,,,,,9.894853654524027e-05,
0.86,MIXED_NONUNIQUE,True,accept,USA,"{CHN}+{RUS,USA}",{CHN}+{RUS}+{USA},0.0,,,,,,-3.55583504303425e-05,
0.86,MIXED_NONUNIQUE,True,accept,USA,{CHN}+{RUS}+{USA},"{CHN,RUS,USA}",1.0,,,,,,0.0001329687919562339,
0.86,MIXED_NONUNIQUE,True,accept,USA,{CHN}+{RUS}+{USA},"{CHN,USA}+{RUS}",1.0,,,,,,0.00013450688697558277,CHN
0.86,MIXED_NONUNIQUE,True,accept,USA,{CHN}+{RUS}+{USA},"{CHN}+{RUS,USA}",1.0,,,,,,3.55583504303425e-05,RUS
0.88,MIXED_NONUNIQUE,True,propose,CHN,"{CHN,RUS,USA}","{CHN,RUS,USA}",1.0,True,1.0,1.0,False,,,
0.88,MIXED_NONUNIQUE,True,propose,CHN,"{CHN,RUS}+{USA}","{CHN,RUS}+{USA}",1.0,True,1.0,1.0,False,,,
0.88,MIXED_NONUNIQUE,True,propose,CHN,"{CHN,USA}+{RUS}","{CHN,USA}+{RUS}",1.0,True,1.0,1.0,False,,,
0.88,MIXED_NONUNIQUE,True,propose,CHN,"{CHN}+{RUS,USA}","{CHN}+{RUS,USA}",1.0,True,1.0,1.0,False,,,
0.88,MIXED_NONUNIQUE,True,propose,CHN,{CHN}+{RUS}+{USA},"{CHN,USA}+{RUS}",1.0,False,1.0,1.0,False,USA,,
0.88,MIXED_NONUNIQUE,True,propose,RUS,"{CHN,RUS,USA}","{CHN,RUS,USA}",1.0,True,1.0,1.0,False,,,
0.88,MIXED_NONUNIQUE,True,propose,RUS,"{CHN,RUS}+{USA}","{CHN,RUS}+{USA}",0.6967629250345605,True,1.0,0.6967629250345605,False,,,
0.88,MIXED_NONUNIQUE,True,propose,RUS,"{CHN,RUS}+{USA}",{CHN}+{RUS}+{USA},0.3032370749654395,False,1.0,0.3032370749654395,True,,,
0.88,MIXED_NONUNIQUE,True,propose,RUS,"{CHN,USA}+{RUS}","{CHN,USA}+{RUS}",1.0,True,1.0,1.0,False,,,
0.88,MIXED_NONUNIQUE,True,propose,RUS,"{CHN}+{RUS,USA}","{CHN}+{RUS,USA}",1.0,True,1.0,1.0,False,,,
0.88,MIXED_NONUNIQUE,True,propose,RUS,{CHN}+{RUS}+{USA},"{CHN}+{RUS,USA}",1.0,False,1.0,1.0,False,USA,,
0.88,MIXED_NONUNIQUE,True,propose,USA,"{CHN,RUS,USA}","{CHN,RUS}+{USA}",1.0,False,1.0,1.0,True,,,
0.88,MIXED_NONUNIQUE,True,propose,USA,"{CHN,RUS}+{USA}","{CHN,RUS}+{USA}",1.0,True,1.0,1.0,False,,,
0.88,MIXED_NONUNIQUE,True,propose,USA,"{CHN,USA}+{RUS}","{CHN,USA}+{RUS}",1.0,True,1.0,1.0,False,,,
0.88,MIXED_NONUNIQUE,True,propose,USA,"{CHN}+{RUS,USA}","{CHN}+{RUS,USA}",1.0,True,1.0,1.0,False,,,
0.88,MIXED_NONUNIQUE,True,propose,USA,{CHN}+{RUS}+{USA},"{CHN,RUS}+{USA}",0.2924744184774208,False,0.9657259318092194,0.28245013031446675,False,"CHN,RUS",,
0.88,MIXED_NONUNIQUE,True,propose,USA,{CHN}+{RUS}+{USA},"{CHN,USA}+{RUS}",0.7075255815225792,False,1.0,0.7075255815225792,False,CHN,,
0.88,MIXED_NONUNIQUE,True,accept,CHN,"{CHN,RUS,USA}","{CHN,RUS}+{USA}",0.0,,,,,,-0.00014781729656654363,
0.88,MIXED_NONUNIQUE,True,accept,CHN,"{CHN,RUS,USA}","{CHN,USA}+{RUS}",1.0,,,,,,0.00043256617393616636,
0.88,MIXED_NONUNIQUE,True,accept,CHN,"{CHN,RUS,USA}","{CHN}+{RUS,USA}",0.0,,,,,,-1.8876405453838174e-05,
0.88,MIXED_NONUNIQUE,True,accept,CHN,"{CHN,RUS,USA}",{CHN}+{RUS}+{USA},0.0,,,,,,-0.0002083406572364055,
0.88,MIXED_NONUNIQUE,True,accept,CHN,"{CHN,RUS}+{USA}","{CHN,RUS,USA}",1.0,,,,,,0.00014781729656654363,
0.88,MIXED_NONUNIQUE,True,accept,CHN,"{CHN,RUS}+{USA}","{CHN,USA}+{RUS}",1.0,,,,,,0.00058038347050271,
0.88,MIXED_NONUNIQUE,True,accept,CHN,"{CHN,RUS}+{USA}","{CHN}+{RUS,USA}",1.0,,,,,,0.00012894089111270546,
0.88,MIXED_NONUNIQUE,True,accept,CHN,"{CHN,RUS}+{USA}",{CHN}+{RUS}+{USA},0.0,,,,,,-6.052336066986186e-05,
0.88,MIXED_NONUNIQUE,True,accept,CHN,"{CHN,USA}+{RUS}","{CHN,RUS,USA}",0.0,,,,,,-0.00043256617393616636,
0.88,MIXED_NONUNIQUE,True,accept,CHN,"{CHN,USA}+{RUS}","{CHN,RUS}+{USA}",0.0,,,,,,-0.00058038347050271,
0.88,MIXED_NONUNIQUE,True,accept,CHN,"{CHN,USA}+{RUS}","{CHN}+{RUS,USA}",0.0,,,,,,-0.00045144257939000454,
0.88,MIXED_NONUNIQUE,True,accept,CHN,"{CHN,USA}+{RUS}",{CHN}+{RUS}+{USA},0.0,,,,,,-0.0006409068311725719,
0.88,MIXED_NONUNIQUE,True,accept,CHN,"{CHN}+{RUS,USA}","{CHN,RUS,USA}",1.0,,,,,,1.8876405453838174e-05,
0.88,MIXED_NONUNIQUE,True,accept,CHN,"{CHN}+{RUS,USA}","{CHN,RUS}+{USA}",0.0,,,,,,-0.00012894089111270546,
0.88,MIXED_NONUNIQUE,True,accept,CHN,"{CHN}+{RUS,USA}","{CHN,USA}+{RUS}",1.0,,,,,,0.00045144257939000454,
0.88,MIXED_NONUNIQUE,True,accept,CHN,{CHN}+{RUS}+{USA},"{CHN,RUS,USA}",1.0,,,,,,0.0002083406572364055,
0.88,MIXED_NONUNIQUE,True,accept,CHN,{CHN}+{RUS}+{USA},"{CHN,RUS}+{USA}",1.0,,,,,,6.052336066986186e-05,USA
0.88,MIXED_NONUNIQUE,True,accept,CHN,{CHN}+{RUS}+{USA},"{CHN,USA}+{RUS}",1.0,,,,,,0.0006409068311725719,USA
0.88,MIXED_NONUNIQUE,True,accept,RUS,"{CHN,RUS,USA}","{CHN,RUS}+{USA}",1.0,,,,,,5.510890852766792e-06,
0.88,MIXED_NONUNIQUE,True,accept,RUS,"{CHN,RUS,USA}","{CHN,USA}+{RUS}",0.0,,,,,,-2.7077883474113662e-05,
0.88,MIXED_NONUNIQUE,True,accept,RUS,"{CHN,RUS,USA}","{CHN}+{RUS,USA}",1.0,,,,,,4.432101638585095e-05,
0.88,MIXED_NONUNIQUE,True,accept,RUS,"{CHN,RUS,USA}",{CHN}+{RUS}+{USA},1.0,,,,,,5.510890852766792e-06,
0.88,MIXED_NONUNIQUE,True,accept,RUS,"{CHN,RUS}+{USA}","{CHN,RUS,USA}",0.0,,,,,,-5.510890852766792e-06,
0.88,MIXED_NONUNIQUE,True,accept,RUS,"{CHN,RUS}+{USA}","{CHN,USA}+{RUS}",0.0,,,,,,-3.2588774326880454e-05,
0.88,MIXED_NONUNIQUE,True,accept,RUS,"{CHN,RUS}+{USA}","{CHN}+{RUS,USA}",1.0,,,,,,3.881012553308416e-05,
0.88,MIXED_NONUNIQUE,True,accept,RUS,"{CHN,RUS}+{USA}",{CHN}+{RUS}+{USA},0.5000000000000009,,,,,,0.0,
0.88,MIXED_NONUNIQUE,True,accept,RUS,"{CHN,USA}+{RUS}","{CHN,RUS,USA}",1.0,,,,,,2.7077883474113662e-05,
0.88,MIXED_NONUNIQUE,True,accept,RUS,"{CHN,USA}+{RUS}","{CHN,RUS}+{USA}",1.0,,,,,,3.2588774326880454e-05,
0.88,MIXED_NONUNIQUE,True,accept,RUS,"{CHN,USA}+{RUS}","{CHN}+{RUS,USA}",1.0,,,,,,7.139889985996462e-05,
0.88,MIXED_NONUNIQUE,True,accept,RUS,"{CHN}+{RUS,USA}","{CHN,RUS,USA}",0.0,,,,,,-4.432101638585095e-05,
0.88,MIXED_NONUNIQUE,True,accept,RUS,"{CHN}+{RUS,USA}","{CHN,RUS}+{USA}",0.0,,,,,,-3.881012553308416e-05,
0.88,MIXED_NONUNIQUE,True,accept,RUS,"{CHN}+{RUS,USA}","{CHN,USA}+{RUS}",0.0,,,,,,-7.139889985996462e-05,
0.88,MIXED_NONUNIQUE,True,accept,RUS,"{CHN}+{RUS,USA}",{CHN}+{RUS}+{USA},0.0,,,,,,-3.881012553308416e-05,
0.88,MIXED_NONUNIQUE,True,accept,RUS,{CHN}+{RUS}+{USA},"{CHN,RUS,USA}",0.0,,,,,,-5.510890852766792e-06,
0.88,MIXED_NONUNIQUE,True,accept,RUS,{CHN}+{RUS}+{USA},"{CHN,RUS}+{USA}",0.9657259318092194,,,,,,0.0,USA
0.88,MIXED_NONUNIQUE,True,accept,RUS,{CHN}+{RUS}+{USA},"{CHN}+{RUS,USA}",1.0,,,,,,3.881012553308416e-05,
0.88,MIXED_NONUNIQUE,True,accept,USA,"{CHN,RUS,USA}","{CHN,RUS}+{USA}",1.0,,,,,,3.8225375393885486e-06,
0.88,MIXED_NONUNIQUE,True,accept,USA,"{CHN,RUS,USA}","{CHN,USA}+{RUS}",0.0,,,,,,-4.3644151270783027e-07,
0.88,MIXED_NONUNIQUE,True,accept,USA,"{CHN,RUS,USA}","{CHN}+{RUS,USA}",0.0,,,,,,-9.93849780579481e-05,
0.88,MIXED_NONUNIQUE,True,accept,USA,"{CHN,RUS,USA}",{CHN}+{RUS}+{USA},0.0,,,,,,-0.00012043989399401767,
0.88,MIXED_NONUNIQUE,True,accept,USA,"{CHN,RUS}+{USA}","{CHN,RUS,USA}",0.0,,,,,,-3.8225375393885486e-06,
0.88,MIXED_NONUNIQUE,True,accept,USA,"{CHN,RUS}+{USA}","{CHN,USA}+{RUS}",0.0,,,,,,-4.258979052096379e-06,
0.88,MIXED_NONUNIQUE,True,accept,USA,"{CHN,RUS}+{USA}","{CHN}+{RUS,USA}",0.0,,,,,,-0.00010320751559733665,
0.88,MIXED_NONUNIQUE,True,accept,USA,"{CHN,USA}+{RUS}","{CHN,RUS,USA}",1.0,,,,,,4.3644151270783027e-07,
0.88,MIXED_NONUNIQUE,True,accept,USA,"{CHN,USA}+{RUS}","{CHN,RUS}+{USA}",1.0,,,,,,4.258979052096379e-06,
0.88,MIXED_NONUNIQUE,True,accept,USA,"{CHN,USA}+{RUS}","{CHN}+{RUS,USA}",0.0,,,,,,-9.894853654524027e-05,
0.88,MIXED_NONUNIQUE,True,accept,USA,"{CHN,USA}+{RUS}",{CHN}+{RUS}+{USA},0.0,,,,,,-0.00012000345248130984,
0.88,MIXED_NONUNIQUE,True,accept,USA,"{CHN}+{RUS,USA}","{CHN,RUS,USA}",1.0,,,,,,9.93849780579481e-05,
0.88,MIXED_NONUNIQUE,True,accept,USA,"{CHN}+{RUS,USA}","{CHN,RUS}+{USA}",1.0,,,,,,0.00010320751559733665,
0.88,MIXED_NONUNIQUE,True,accept,USA,"{CHN}+{RUS,USA}","{CHN,USA}+{RUS}",1.0,,,,,,9.894853654524027e-05,
0.88,MIXED_NONUNIQUE,True,accept,USA,"{CHN}+{RUS,USA}",{CHN}+{RUS}+{USA},0.0,,,,,,-2.1054915936069563e-05,
0.88,MIXED_NONUNIQUE,True,accept,USA,{CHN}+{RUS}+{USA},"{CHN,RUS,USA}",1.0,,,,,,0.00012043989399401767,
0.88,MIXED_NONUNIQUE,True,accept,USA,{CHN}+{RUS}+{USA},"{CHN,USA}+{RUS}",1.0,,,,,,0.00012000345248130984,CHN
0.88,MIXED_NONUNIQUE,True,accept,USA,{CHN}+{RUS}+{USA},"{CHN}+{RUS,USA}",1.0,,,,,,2.1054915936069563e-05,RUS
0.9,MIXED_NONUNIQUE,True,propose,CHN,"{CHN,RUS,USA}","{CHN,RUS,USA}",1.0,True,1.0,1.0,False,,,
0.9,MIXED_NONUNIQUE,True,propose,CHN,"{CHN,RUS}+{USA}","{CHN,RUS}+{USA}",1.0,True,1.0,1.0,False,,,
0.9,MIXED_NONUNIQUE,True,propose,CHN,"{CHN,USA}+{RUS}","{CHN,USA}+{RUS}",1.0,True,1.0,1.0,False,,,
0.9,MIXED_NONUNIQUE,True,propose,CHN,"{CHN}+{RUS,USA}","{CHN}+{RUS,USA}",1.0,True,1.0,1.0,False,,,
0.9,MIXED_NONUNIQUE,True,propose,CHN,{CHN}+{RUS}+{USA},"{CHN,USA}+{RUS}",1.0,False,1.0,1.0,False,USA,,
0.9,MIXED_NONUNIQUE,True,propose,RUS,"{CHN,RUS,USA}","{CHN,RUS,USA}",1.0,True,1.0,1.0,False,,,
0.9,MIXED_NONUNIQUE,True,propose,RUS,"{CHN,RUS}+{USA}","{CHN,RUS}+{USA}",0.7265810383263102,True,1.0,0.7265810383263102,False,,,
0.9,MIXED_NONUNIQUE,True,propose,RUS,"{CHN,RUS}+{USA}",{CHN}+{RUS}+{USA},0.27341896167368984,False,1.0,0.27341896167368984,True,,,
0.9,MIXED_NONUNIQUE,True,propose,RUS,"{CHN,USA}+{RUS}","{CHN,USA}+{RUS}",1.0,True,1.0,1.0,False,,,
0.9,MIXED_NONUNIQUE,True,propose,RUS,"{CHN}+{RUS,USA}","{CHN}+{RUS,USA}",1.0,True,1.0,1.0,False,,,
0.9,MIXED_NONUNIQUE,True,propose,RUS,{CHN}+{RUS}+{USA},"{CHN}+{RUS,USA}",1.0,False,1.0,1.0,False,USA,,
0.9,MIXED_NONUNIQUE,True,propose,USA,"{CHN,RUS,USA}","{CHN,RUS}+{USA}",1.0,False,1.0,1.0,True,,,
0.9,MIXED_NONUNIQUE,True,propose,USA,"{CHN,RUS}+{USA}","{CHN,RUS}+{USA}",1.0,True,1.0,1.0,False,,,
0.9,MIXED_NONUNIQUE,True,propose,USA,"{CHN,USA}+{RUS}","{CHN,USA}+{RUS}",1.0,True,1.0,1.0,False,,,
0.9,MIXED_NONUNIQUE,True,propose,USA,"{CHN}+{RUS,USA}","{CHN}+{RUS,USA}",1.0,True,1.0,1.0,False,,,
0.9,MIXED_NONUNIQUE,True,propose,USA,{CHN}+{RUS}+{USA},"{CHN,RUS}+{USA}",0.38814494629678786,False,0.9513002874056513,0.3692423989671854,False,"CHN,RUS",,
0.9,MIXED_NONUNIQUE,True,propose,USA,{CHN}+{RUS}+{USA},"{CHN,USA}+{RUS}",0.6118550537032121,False,1.0,0.6118550537032121,False,CHN,,
0.9,MIXED_NONUNIQUE,True,accept,CHN,"{CHN,RUS,USA}","{CHN,RUS}+{USA}",0.0,,,,,,-0.00012136354473035738,
0.9,MIXED_NONUNIQUE,True,accept,CHN,"{CHN,RUS,USA}","{CHN,USA}+{RUS}",1.0,,,,,,0.00043532563873860397,
0.9,MIXED_NONUNIQUE,True,accept,CHN,"{CHN,RUS,USA}","{CHN}+{RUS,USA}",0.0,,,,,,-1.611694065140057e-05,
0.9,MIXED_NONUNIQUE,True,accept,CHN,"{CHN,RUS,USA}",{CHN}+{RUS}+{USA},0.0,,,,,,-0.00014717061010927068,
0.9,MIXED_NONUNIQUE,True,accept,CHN,"{CHN,RUS}+{USA}","{CHN,RUS,USA}",1.0,,,,,,0.00012136354473035738,
0.9,MIXED_NONUNIQUE,True,accept,CHN,"{CHN,RUS}+{USA}","{CHN,USA}+{RUS}",1.0,,,,,,0.0005566891834689613,
0.9,MIXED_NONUNIQUE,True,accept,CHN,"{CHN,RUS}+{USA}","{CHN}+{RUS,USA}",1.0,,,,,,0.00010524660407895681,
0.9,MIXED_NONUNIQUE,True,accept,CHN,"{CHN,RUS}+{USA}",{CHN}+{RUS}+{USA},0.0,,,,,,-2.5807065378913308e-05,
0.9,MIXED_NONUNIQUE,True,accept,CHN,"{CHN,USA}+{RUS}","{CHN,RUS,USA}",0.0,,,,,,-0.00043532563873860397,
0.9,MIXED_NONUNIQUE,True,accept,CHN,"{CHN,USA}+{RUS}","{CHN,RUS}+{USA}",0.0,,,,,,-0.0005566891834689613,
0.9,MIXED_NONUNIQUE,True,accept,CHN,"{CHN,USA}+{RUS}","{CHN}+{RUS,USA}",0.0,,,,,,-0.00045144257939000454,
0.9,MIXED_NONUNIQUE,True,accept,CHN,"{CHN,USA}+{RUS}",{CHN}+{RUS}+{USA},0.0,,,,,,-0.0005824962488478747,
0.9,MIXED_NONUNIQUE,True,accept,CHN,"{CHN}+{RUS,USA}","{CHN,RUS,USA}",1.0,,,,,,1.611694065140057e-05,
0.9,MIXED_NONUNIQUE,True,accept,CHN,"{CHN}+{RUS,USA}","{CHN,RUS}+{USA}",0.0,,,,,,-0.00010524660407895681,
0.9,MIXED_NONUNIQUE,True,accept,CHN,"{CHN}+{RUS,USA}","{CHN,USA}+{RUS}",1.0,,,,,,0.00045144257939000454,
0.9,MIXED_NONUNIQUE,True,accept,CHN,{CHN}+{RUS}+{USA},"{CHN,RUS,USA}",1.0,,,,,,0.00014717061010927068,
0.9,MIXED_NONUNIQUE,True,accept,CHN,{CHN}+{RUS}+{USA},"{CHN,RUS}+{USA}",1.0,,,,,,2.5807065378913308e-05,USA
0.9,MIXED_NONUNIQUE,True,accept,CHN,{CHN}+{RUS}+{USA},"{CHN,USA}+{RUS}",1.0,,,,,,0.0005824962488478747,USA
0.9,MIXED_NONUNIQUE,True,accept,RUS,"{CHN,RUS,USA}","{CHN,RUS}+{USA}",1.0,,,,,,4.745489345481246e-06,
0.9,MIXED_NONUNIQUE,True,accept,RUS,"{CHN,RUS,USA}","{CHN,USA}+{RUS}",0.0,,,,,,-2.7843284981399208e-05,
0.9,MIXED_NONUNIQUE,True,accept,RUS,"{CHN,RUS,USA}","{CHN}+{RUS,USA}",1.0,,,,,,4.355561487856541e-05,
0.9,MIXED_NONUNIQUE,True,accept,RUS,"{CHN,RUS,USA}",{CHN}+{RUS}+{USA},1.0,,,,,,4.745489345481246e-06,
0.9,MIXED_NONUNIQUE,True,accept,RUS,"{CHN,RUS}+{USA}","{CHN,RUS,USA}",0.0,,,,,,-4.745489345481246e-06,
0.9,MIXED_NONUNIQUE,True,accept,RUS,"{CHN,RUS}+{USA}","{CHN,USA}+{RUS}",0.0,,,,,,-3.2588774326880454e-05,
0.9,MIXED_NONUNIQUE,True,accept,RUS,"{CHN,RUS}+{USA}","{CHN}+{RUS,USA}",1.0,,,,,,3.881012553308416e-05,
0.9,MIXED_NONUNIQUE,True,accept,RUS,"{CHN,RUS}+{USA}",{CHN}+{RUS}+{USA},0.49999999999999994,,,,,,0.0,
0.9,MIXED_NONUNIQUE,True,accept,RUS,"{CHN,USA}+{RUS}","{CHN,RUS,USA}",1.0,,,,,,2.7843284981399208e-05,
0.9,MIXED_NONUNIQUE,True,accept,RUS,"{CHN,USA}+{RUS}","{CHN,RUS}+{USA}",1.0,,,,,,3.2588774326880454e-05,
0.9,MIXED_NONUNIQUE,True,accept,RUS,"{CHN,USA}+{RUS}","{CHN}+{RUS,USA}",1.0,,,,,,7.139889985996462e-05,
0.9,MIXED_NONUNIQUE,True,accept,RUS,"{CHN}+{RUS,USA}","{CHN,RUS,USA}",0.0,,,,,,-4.355561487856541e-05,
0.9,MIXED_NONUNIQUE,True,accept,RUS,"{CHN}+{RUS,USA}","{CHN,RUS}+{USA}",0.0,,,,,,-3.881012553308416e-05,
0.9,MIXED_NONUNIQUE,True,accept,RUS,"{CHN}+{RUS,USA}","{CHN,USA}+{RUS}",0.0,,,,,,-7.139889985996462e-05,
0.9,MIXED_NONUNIQUE,True,accept,RUS,"{CHN}+{RUS,USA}",{CHN}+{RUS}+{USA},0.0,,,,,,-3.881012553308416e-05,
0.9,MIXED_NONUNIQUE,True,accept,RUS,{CHN}+{RUS}+{USA},"{CHN,RUS,USA}",0.0,,,,,,-4.745489345481246e-06,
0.9,MIXED_NONUNIQUE,True,accept,RUS,{CHN}+{RUS}+{USA},"{CHN,RUS}+{USA}",0.9513002874056513,,,,,,0.0,USA
0.9,MIXED_NONUNIQUE,True,accept,RUS,{CHN}+{RUS}+{USA},"{CHN}+{RUS,USA}",1.0,,,,,,3.881012553308416e-05,
0.9,MIXED_NONUNIQUE,True,accept,USA,"{CHN,RUS,USA}","{CHN,RUS}+{USA}",1.0,,,,,,3.5770947612867587e-06,
0.9,MIXED_NONUNIQUE,True,accept,USA,"{CHN,RUS,USA}","{CHN,USA}+{RUS}",0.0,,,,,,-1.823745144680089e-06,
0.9,MIXED_NONUNIQUE,True,accept,USA,"{CHN,RUS,USA}","{CHN}+{RUS,USA}",0.0,,,,,,-0.00010077228168992036,
0.9,MIXED_NONUNIQUE,True,accept,USA,"{CHN,RUS,USA}",{CHN}+{RUS}+{USA},0.0,,,,,,-0.00010732376313171699,
0.9,MIXED_NONUNIQUE,True,accept,USA,"{CHN,RUS}+{USA}","{CHN,RUS,USA}",0.0,,,,,,-3.5770947612867587e-06,
0.9,MIXED_NONUNIQUE,True,accept,USA,"{CHN,RUS}+{USA}","{CHN,USA}+{RUS}",0.0,,,,,,-5.400839905966848e-06,
0.9,MIXED_NONUNIQUE,True,accept,USA,"{CHN,RUS}+{USA}","{CHN}+{RUS,USA}",0.0,,,,,,-0.00010434937645120712,
0.9,MIXED_NONUNIQUE,True,accept,USA,"{CHN,USA}+{RUS}","{CHN,RUS,USA}",1.0,,,,,,1.823745144680089e-06,
0.9,MIXED_NONUNIQUE,True,accept,USA,"{CHN,USA}+{RUS}","{CHN,RUS}+{USA}",1.0,,,,,,5.400839905966848e-06,
0.9,MIXED_NONUNIQUE,True,accept,USA,"{CHN,USA}+{RUS}","{CHN}+{RUS,USA}",0.0,,,,,,-9.894853654524027e-05,
0.9,MIXED_NONUNIQUE,True,accept,USA,"{CHN,USA}+{RUS}",{CHN}+{RUS}+{USA},0.0,,,,,,-0.0001055000179870369,
0.9,MIXED_NONUNIQUE,True,accept,USA,"{CHN}+{RUS,USA}","{CHN,RUS,USA}",1.0,,,,,,0.00010077228168992036,
0.9,MIXED_NONUNIQUE,True,accept,USA,"{CHN}+{RUS,USA}","{CHN,RUS}+{USA}",1.0,,,,,,0.00010434937645120712,
0.9,MIXED_NONUNIQUE,True,accept,USA,"{CHN}+{RUS,USA}","{CHN,USA}+{RUS}",1.0,,,,,,9.894853654524027e-05,
0.9,MIXED_NONUNIQUE,True,accept,USA,"{CHN}+{RUS,USA}",{CHN}+{RUS}+{USA},0.0,,,,,,-6.551481441796625e-06,
0.9,MIXED_NONUNIQUE,True,accept,USA,{CHN}+{RUS}+{USA},"{CHN,RUS,USA}",1.0,,,,,,0.00010732376313171699,
0.9,MIXED_NONUNIQUE,True,accept,USA,{CHN}+{RUS}+{USA},"{CHN,USA}+{RUS}",1.0,,,,,,0.0001055000179870369,CHN
0.9,MIXED_NONUNIQUE,True,accept,USA,{CHN}+{RUS}+{USA},"{CHN}+{RUS,USA}",1.0,,,,,,6.551481441796625e-06,RUS
0.92,PURE,False,propose,CHN,"{CHN,RUS,USA}","{CHN,RUS,USA}",1.0,True,1.0,1.0,False,,,
0.92,PURE,False,propose,CHN,"{CHN,RUS}+{USA}","{CHN,RUS}+{USA}",1.0,True,1.0,1.0,False,,,
0.92,PURE,False,propose,CHN,"{CHN,USA}+{RUS}","{CHN,USA}+{RUS}",1.0,True,1.0,1.0,False,,,
0.92,PURE,False,propose,CHN,"{CHN}+{RUS,USA}","{CHN}+{RUS,USA}",1.0,True,1.0,1.0,False,,,
0.92,PURE,False,propose,CHN,{CHN}+{RUS}+{USA},"{CHN,USA}+{RUS}",1.0,False,1.0,1.0,False,USA,,
0.92,PURE,False,propose,RUS,"{CHN,RUS,USA}","{CHN,RUS,USA}",1.0,True,1.0,1.0,False,,,
0.92,PURE,False,propose,RUS,"{CHN,RUS}+{USA}","{CHN,RUS}+{USA}",1.0,True,1.0,1.0,False,,,
0.92,PURE,False,propose,RUS,"{CHN,USA}+{RUS}","{CHN,USA}+{RUS}",1.0,True,1.0,1.0,False,,,
0.92,PURE,False,propose,RUS,"{CHN}+{RUS,USA}","{CHN}+{RUS,USA}",1.0,True,1.0,1.0,False,,,
0.92,PURE,False,propose,RUS,{CHN}+{RUS}+{USA},"{CHN,RUS}+{USA}",1.0,False,1.0,1.0,False,CHN,,
0.92,PURE,False,propose,USA,"{CHN,RUS,USA}","{CHN,RUS}+{USA}",1.0,False,1.0,1.0,True,,,
0.92,PURE,False,propose,USA,"{CHN,RUS}+{USA}","{CHN,RUS}+{USA}",1.0,True,1.0,1.0,False,,,
0.92,PURE,False,propose,USA,"{CHN,USA}+{RUS}","{CHN,USA}+{RUS}",1.0,True,1.0,1.0,False,,,
0.92,PURE,False,propose,USA,"{CHN}+{RUS,USA}",{CHN}+{RUS}+{USA},1.0,False,1.0,1.0,True,,,
0.92,PURE,False,propose,USA,{CHN}+{RUS}+{USA},"{CHN,RUS}+{USA}",1.0,False,1.0,1.0,False,"CHN,RUS",,
0.92,PURE,False,accept,CHN,"{CHN,RUS,USA}","{CHN,RUS}+{USA}",0.0,,,,,,-9.605912190124855e-05,
0.92,PURE,False,accept,CHN,"{CHN,RUS,USA}","{CHN,USA}+{RUS}",1.0,,,,,,0.0004394616385070549,
0.92,PURE,False,accept,CHN,"{CHN,RUS,USA}","{CHN}+{RUS,USA}",0.0,,,,,,-0.00015686951597793097,
0.92,PURE,False,accept,CHN,"{CHN,RUS,USA}",{CHN}+{RUS}+{USA},0.0,,,,,,-0.00019466653556854396,
0.92,PURE,False,accept,CHN,"{CHN,RUS}+{USA}","{CHN,RUS,USA}",1.0,,,,,,9.605912190124855e-05,
0.92,PURE,False,accept,CHN,"{CHN,RUS}+{USA}","{CHN,USA}+{RUS}",1.0,,,,,,0.0005355207604083034,
0.92,PURE,False,accept,CHN,"{CHN,RUS}+{USA}","{CHN}+{RUS,USA}",0.0,,,,,,-6.081039407668243e-05,
0.92,PURE,False,accept,CHN,"{CHN,RUS}+{USA}",{CHN}+{RUS}+{USA},0.0,,,,,,-9.860741366729542e-05,
0.92,PURE,False,accept,CHN,"{CHN,USA}+{RUS}","{CHN,RUS,USA}",0.0,,,,,,-0.0004394616385070549,
0.92,PURE,False,accept,CHN,"{CHN,USA}+{RUS}","{CHN,RUS}+{USA}",0.0,,,,,,-0.0005355207604083034,
0.92,PURE,False,accept,CHN,"{CHN,USA}+{RUS}","{CHN}+{RUS,USA}",0.0,,,,,,-0.0005963311544849859,
0.92,PURE,False,accept,CHN,"{CHN,USA}+{RUS}",{CHN}+{RUS}+{USA},0.0,,,,,,-0.0006341281740755988,
0.92,PURE,False,accept,CHN,"{CHN}+{RUS,USA}","{CHN,RUS,USA}",1.0,,,,,,0.00015686951597793097,
0.92,PURE,False,accept,CHN,"{CHN}+{RUS,USA}","{CHN,RUS}+{USA}",1.0,,,,,,6.081039407668243e-05,
0.92,PURE,False,accept,CHN,"{CHN}+{RUS,USA}","{CHN,USA}+{RUS}",1.0,,,,,,0.0005963311544849859,
0.92,PURE,False,accept,CHN,{CHN}+{RUS}+{USA},"{CHN,RUS,USA}",1.0,,,,,,0.00019466653556854396,
0.92,PURE,False,accept,CHN,{CHN}+{RUS}+{USA},"{CHN,RUS}+{USA}",1.0,,,,,,9.860741366729542e-05,"RUS,USA"
0.92,PURE,False,accept,CHN,{CHN}+{RUS}+{USA},"{CHN,USA}+{RUS}",1.0,,,,,,0.0006341281740755988,
0.92,PURE,False,accept,RUS,"{CHN,RUS,USA}","{CHN,RUS}+{USA}",1.0,,,,,,3.927301527317795e-06,
0.92,PURE,False,accept,RUS,"{CHN,RUS,USA}","{CHN,USA}+{RUS}",0.0,,,,,,-2.866147279956266e-05,
0.92,PURE,False,accept,RUS,"{CHN,RUS,USA}","{CHN}+{RUS,USA}",1.0,,,,,,6.6419923161475936e-06,
0.92,PURE,False,accept,RUS,"{CHN,RUS,USA}",{CHN}+{RUS}+{USA},0.0,,,,,,-2.774208051947724e-06,
0.92,PURE,False,accept,RUS,"{CHN,RUS}+{USA}","{CHN,RUS,USA}",0.0,,,,,,-3.927301527317795e-06,
0.92,PURE,False,accept,RUS,"{CHN,RUS}+{USA}","{CHN,USA}+{RUS}",0.0,,,,,,-3.2588774326880454e-05,
0.92,PURE,False,accept,RUS,"{CHN,RUS}+{USA}","{CHN}+{RUS,USA}",1.0,,,,,,2.714690788829799e-06,
0.92,PURE,False,accept,RUS,"{CHN,RUS}+{USA}",{CHN}+{RUS}+{USA},0.0,,,,,,-6.701509579265519e-06,
0.92,PURE,False,accept,RUS,"{CHN,USA}+{RUS}","{CHN,RUS,USA}",1.0,,,,,,2.866147279956266e-05,
0.92,PURE,False,accept,RUS,"{CHN,USA}+{RUS}","{CHN,RUS}+{USA}",1.0,,,,,,3.2588774326880454e-05,
0.92,PURE,False,accept,RUS,"{CHN,USA}+{RUS}","{CHN}+{RUS,USA}",1.0,,,,,,3.530346511571025e-05,
0.92,PURE,False,accept,RUS,"{CHN}+{RUS,USA}","{CHN,RUS,USA}",0.0,,,,,,-6.6419923161475936e-06,
0.92,PURE,False,accept,RUS,"{CHN}+{RUS,USA}","{CHN,RUS}+{USA}",0.0,,,,,,-2.714690788829799e-06,
0.92,PURE,False,accept,RUS,"{CHN}+{RUS,USA}","{CHN,USA}+{RUS}",0.0,,,,,,-3.530346511571025e-05,
0.92,PURE,False,accept,RUS,"{CHN}+{RUS,USA}",{CHN}+{RUS}+{USA},0.0,,,,,,-9.416200368095318e-06,
0.92,PURE,False,accept,RUS,{CHN}+{RUS}+{USA},"{CHN,RUS,USA}",1.0,,,,,,2.774208051947724e-06,
0.92,PURE,False,accept,RUS,{CHN}+{RUS}+{USA},"{CHN,RUS}+{USA}",1.0,,,,,,6.701509579265519e-06,USA
0.92,PURE,False,accept,RUS,{CHN}+{RUS}+{USA},"{CHN}+{RUS,USA}",1.0,,,,,,9.416200368095318e-06,
0.92,PURE,False,accept,USA,"{CHN,RUS,USA}","{CHN,RUS}+{USA}",1.0,,,,,,2.178115267970071e-05,
0.92,PURE,False,accept,USA,"{CHN,RUS,USA}","{CHN,USA}+{RUS}",0.0,,,,,,-7.458687946737541e-05,
0.92,PURE,False,accept,USA,"{CHN,RUS,USA}","{CHN}+{RUS,USA}",0.0,,,,,,-9.628563538743862e-05,
0.92,PURE,False,accept,USA,"{CHN,RUS,USA}",{CHN}+{RUS}+{USA},0.0,,,,,,-7.613351870228158e-05,
0.92,PURE,False,accept,USA,"{CHN,RUS}+{USA}","{CHN,RUS,USA}",0.0,,,,,,-2.178115267970071e-05,
0.92,PURE,False,accept,USA,"{CHN,RUS}+{USA}","{CHN,USA}+{RUS}",0.0,,,,,,-9.636803214707612e-05,
0.92,PURE,False,accept,USA,"{CHN,RUS}+{USA}","{CHN}+{RUS,USA}",0.0,,,,,,-0.00011806678806713933,
0.92,PURE,False,accept,USA,"{CHN,USA}+{RUS}","{CHN,RUS,USA}",1.0,,,,,,7.458687946737541e-05,
0.92,PURE,False,accept,USA,"{CHN,USA}+{RUS}","{CHN,RUS}+{USA}",1.0,,,,,,9.636803214707612e-05,
0.92,PURE,False,accept,USA,"{CHN,USA}+{RUS}","{CHN}+{RUS,USA}",0.0,,,,,,-2.1698755920063206e-05,
0.92,PURE,False,accept,USA,"{CHN,USA}+{RUS}",{CHN}+{RUS}+{USA},0.0,,,,,,-1.5466392349061664e-06,
0.92,PURE,False,accept,USA,"{CHN}+{RUS,USA}","{CHN,RUS,USA}",1.0,,,,,,9.628563538743862e-05,
0.92,PURE,False,accept,USA,"{CHN}+{RUS,USA}","{CHN,RUS}+{USA}",1.0,,,,,,0.00011806678806713933,
0.92,PURE,False,accept,USA,"{CHN}+{RUS,USA}","{CHN,USA}+{RUS}",1.0,,,,,,2.1698755920063206e-05,
0.92,PURE,False,accept,USA,"{CHN}+{RUS,USA}",{CHN}+{RUS}+{USA},1.0,,,,,,2.015211668515704e-05,
0.92,PURE,False,accept,USA,{CHN}+{RUS}+{USA},"{CHN,RUS,USA}",1.0,,,,,,7.613351870228158e-05,
0.92,PURE,False,accept,USA,{CHN}+{RUS}+{USA},"{CHN,USA}+{RUS}",1.0,,,,,,1.5466392349061664e-06,CHN
0.92,PURE,False,accept,USA,{CHN}+{RUS}+{USA},"{CHN}+{RUS,USA}",0.0,,,,,,-2.015211668515704e-05,
0.94,MIXED_NONUNIQUE,True,propose,CHN,"{CHN,RUS,USA}","{CHN,RUS,USA}",1.0,True,1.0,1.0,False,,,
0.94,MIXED_NONUNIQUE,True,propose,CHN,"{CHN,RUS}+{USA}","{CHN,RUS,USA}",0.2610208301605544,False,0.0,0.0,False,"RUS,USA",,
0.94,MIXED_NONUNIQUE,True,propose,CHN,"{CHN,RUS}+{USA}",{CHN}+{RUS}+{USA},0.7389791698394457,False,1.0,0.7389791698394457,True,,,
0.94,MIXED_NONUNIQUE,True,propose,CHN,"{CHN,USA}+{RUS}","{CHN,USA}+{RUS}",1.0,True,1.0,1.0,False,,,
0.94,MIXED_NONUNIQUE,True,propose,CHN,"{CHN}+{RUS,USA}","{CHN}+{RUS,USA}",1.0,True,1.0,1.0,False,,,
0.94,MIXED_NONUNIQUE,True,propose,CHN,{CHN}+{RUS}+{USA},"{CHN,USA}+{RUS}",1.0,False,1.0,1.0,False,USA,,
0.94,MIXED_NONUNIQUE,True,propose,RUS,"{CHN,RUS,USA}","{CHN,RUS,USA}",1.0,True,1.0,1.0,False,,,
0.94,MIXED_NONUNIQUE,True,propose,RUS,"{CHN,RUS}+{USA}","{CHN,RUS,USA}",0.30149531939945723,False,1.0,0.30149531939945723,False,"CHN,USA",,
0.94,MIXED_NONUNIQUE,True,propose,RUS,"{CHN,RUS}+{USA}","{CHN,RUS}+{USA}",0.6985046806005428,True,1.0,0.6985046806005428,False,,,
0.94,MIXED_NONUNIQUE,True,propose,RUS,"{CHN,USA}+{RUS}","{CHN,USA}+{RUS}",1.0,True,1.0,1.0,False,,,
0.94,MIXED_NONUNIQUE,True,propose,RUS,"{CHN}+{RUS,USA}","{CHN}+{RUS,USA}",1.0,True,1.0,1.0,False,,,
0.94,MIXED_NONUNIQUE,True,propose,RUS,{CHN}+{RUS}+{USA},"{CHN,RUS,USA}",1.0,False,1.0,1.0,False,"CHN,USA",,
0.94,MIXED_NONUNIQUE,True,propose,USA,"{CHN,RUS,USA}","{CHN,RUS,USA}",1.0,True,1.0,1.0,False,,,
0.94,MIXED_NONUNIQUE,True,propose,USA,"{CHN,RUS}+{USA}","{CHN,RUS,USA}",1.0,False,0.0,0.0,False,"CHN,RUS",,
0.94,MIXED_NONUNIQUE,True,propose,USA,"{CHN,USA}+{RUS}","{CHN,USA}+{RUS}",1.0,True,1.0,1.0,False,,,
0.94,MIXED_NONUNIQUE,True,propose,USA,"{CHN}+{RUS,USA}",{CHN}+{RUS}+{USA},1.0,False,1.0,1.0,True,,,
0.94,MIXED_NONUNIQUE,True,propose,USA,{CHN}+{RUS}+{USA},"{CHN,USA}+{RUS}",1.0,False,1.0,1.0,False,CHN,,
0.94,MIXED_NONUNIQUE,True,accept,CHN,"{CHN,RUS,USA}","{CHN,RUS}+{USA}",0.0,,,,,,-0.00018034187764293108,
0.94,MIXED_NONUNIQUE,True,accept,CHN,"{CHN,RUS,USA}","{CHN,USA}+{RUS}",1.0,,,,,,7.12350045493082e-05,
0.94,MIXED_NONUNIQUE,True,accept,CHN,"{CHN,RUS,USA}","{CHN}+{RUS,USA}",0.0,,,,,,-0.00021246315040812647,
0.94,MIXED_NONUNIQUE,True,accept,CHN,"{CHN,RUS,USA}",{CHN}+{RUS}+{USA},0.0,,,,,,-0.00018034187764470744,
0.94,MIXED_NONUNIQUE,True,accept,CHN,"{CHN,RUS}+{USA}","{CHN,RUS,USA}",1.0,,,,,,0.00018034187764293108,"RUS,USA"
0.94,MIXED_NONUNIQUE,True,accept,CHN,"{CHN,RUS}+{USA}","{CHN,USA}+{RUS}",1.0,,,,,,0.0002515768821922393,
0.94,MIXED_NONUNIQUE,True,accept,CHN,"{CHN,RUS}+{USA}","{CHN}+{RUS,USA}",0.0,,,,,,-3.2121272765195386e-05,
0.94,MIXED_NONUNIQUE,True,accept,CHN,"{CHN,RUS}+{USA}",{CHN}+{RUS}+{USA},1.0,,,,,,-1.7763568394002505e-15,
0.94,MIXED_NONUNIQUE,True,accept,CHN,"{CHN,USA}+{RUS}","{CHN,RUS,USA}",0.0,,,,,,-7.12350045493082e-05,
0.94,MIXED_NONUNIQUE,True,accept,CHN,"{CHN,USA}+{RUS}","{CHN,RUS}+{USA}",0.0,,,,,,-0.0002515768821922393,
0.94,MIXED_NONUNIQUE,True,accept,CHN,"{CHN,USA}+{RUS}","{CHN}+{RUS,USA}",0.0,,,,,,-0.00028369815495743467,
0.94,MIXED_NONUNIQUE,True,accept,CHN,"{CHN,USA}+{RUS}",{CHN}+{RUS}+{USA},0.0,,,,,,-0.00025157688219401564,
0.94,MIXED_NONUNIQUE,True,accept,CHN,"{CHN}+{RUS,USA}","{CHN,RUS,USA}",1.0,,,,,,0.00021246315040812647,
0.94,MIXED_NONUNIQUE,True,accept,CHN,"{CHN}+{RUS,USA}","{CHN,RUS}+{USA}",1.0,,,,,,3.2121272765195386e-05,
0.94,MIXED_NONUNIQUE,True,accept,CHN,"{CHN}+{RUS,USA}","{CHN,USA}+{RUS}",1.0,,,,,,0.00028369815495743467,
0.94,MIXED_NONUNIQUE,True,accept,CHN,{CHN}+{RUS}+{USA},"{CHN,RUS,USA}",1.0,,,,,,0.00018034187764470744,RUS
0.94,MIXED_NONUNIQUE,True,accept,CHN,{CHN}+{RUS}+{USA},"{CHN,RUS}+{USA}",0.0,,,,,,1.7763568394002505e-15,
0.94,MIXED_NONUNIQUE,True,accept,CHN,{CHN}+{RUS}+{USA},"{CHN,USA}+{RUS}",1.0,,,,,,0.00025157688219401564,USA
0.94,MIXED_NONUNIQUE,True,accept,RUS,"{CHN,RUS,USA}","{CHN,RUS}+{USA}",0.5000000000000063,,,,,,0.0,
0.94,MIXED_NONUNIQUE,True,accept,RUS,"{CHN,RUS,USA}","{CHN,USA}+{RUS}",0.0,,,,,,-1.3606816944955469e-05,
0.94,MIXED_NONUNIQUE,True,accept,RUS,"{CHN,RUS,USA}","{CHN}+{RUS,USA}",1.0,,,,,,5.159789085107391e-06,
0.94,MIXED_NONUNIQUE,True,accept,RUS,"{CHN,RUS,USA}",{CHN}+{RUS}+{USA},0.0,,,,,,-4.918735265091456e-06,
0.94,MIXED_NONUNIQUE,True,accept,RUS,"{CHN,RUS}+{USA}","{CHN,RUS,USA}",0.0,,,,,,0.0,"CHN,USA"
0.94,MIXED_NONUNIQUE,True,accept,RUS,"{CHN,RUS}+{USA}","{CHN,USA}+{RUS}",0.0,,,,,,-1.3606816944955469e-05,
0.94,MIXED_NONUNIQUE,True,accept,RUS,"{CHN,RUS}+{USA}","{CHN}+{RUS,USA}",1.0,,,,,,5.159789085107391e-06,
0.94,MIXED_NONUNIQUE,True,accept,RUS,"{CHN,RUS}+{USA}",{CHN}+{RUS}+{USA},0.0,,,,,,-4.918735265091456e-06,
0.94,MIXED_NONUNIQUE,True,accept,RUS,"{CHN,USA}+{RUS}","{CHN,RUS,USA}",1.0,,,,,,1.3606816944955469e-05,
0.94,MIXED_NONUNIQUE,True,accept,RUS,"{CHN,USA}+{RUS}","{CHN,RUS}+{USA}",1.0,,,,,,1.3606816944955469e-05,
0.94,MIXED_NONUNIQUE,True,accept,RUS,"{CHN,USA}+{RUS}","{CHN}+{RUS,USA}",1.0,,,,,,1.876660603006286e-05,
0.94,MIXED_NONUNIQUE,True,accept,RUS,"{CHN}+{RUS,USA}","{CHN,RUS,USA}",0.0,,,,,,-5.159789085107391e-06,
0.94,MIXED_NONUNIQUE,True,accept,RUS,"{CHN}+{RUS,USA}","{CHN,RUS}+{USA}",0.0,,,,,,-5.159789085107391e-06,
0.94,MIXED_NONUNIQUE,True,accept,RUS,"{CHN}+{RUS,USA}","{CHN,USA}+{RUS}",0.0,,,,,,-1.876660603006286e-05,
0.94,MIXED_NONUNIQUE,True,accept,RUS,"{CHN}+{RUS,USA}",{CHN}+{RUS}+{USA},0.0,,,,,,-1.0078524350198848e-05,
0.94,MIXED_NONUNIQUE,True,accept,RUS,{CHN}+{RUS}+{USA},"{CHN,RUS,USA}",1.0,,,,,,4.918735265091456e-06,
0.94,MIXED_NONUNIQUE,True,accept,RUS,{CHN}+{RUS}+{USA},"{CHN,RUS}+{USA}",1.0,,,,,,4.918735265091456e-06,
0.94,MIXED_NONUNIQUE,True,accept,RUS,{CHN}+{RUS}+{USA},"{CHN}+{RUS,USA}",1.0,,,,,,1.0078524350198848e-05,
0.94,MIXED_NONUNIQUE,True,accept,USA,"{CHN,RUS,USA}","{CHN,RUS}+{USA}",0.0,,,,,,-7.253865852874242e-06,
0.94,MIXED_NONUNIQUE,True,accept,USA,"{CHN,RUS,USA}","{CHN,USA}+{RUS}",1.0,,,,,,8.907539139180187e-06,
0.94,MIXED_NONUNIQUE,True,accept,USA,"{CHN,RUS,USA}","{CHN}+{RUS,USA}",0.0,,,,,,-4.751587294471449e-05,
0.94,MIXED_NONUNIQUE,True,accept,USA,"{CHN,RUS,USA}",{CHN}+{RUS}+{USA},0.0,,,,,,-3.937276400511891e-05,
0.94,MIXED_NONUNIQUE,True,accept,USA,"{CHN,RUS}+{USA}","{CHN,RUS,USA}",1.0,,,,,,7.253865852874242e-06,"CHN,RUS"
0.94,MIXED_NONUNIQUE,True,accept,USA,"{CHN,RUS}+{USA}","{CHN,USA}+{RUS}",1.0,,,,,,1.616140499205443e-05,
0.94,MIXED_NONUNIQUE,True,accept,USA,"{CHN,RUS}+{USA}","{CHN}+{RUS,USA}",0.0,,,,,,-4.0262007091840246e-05,
0.94,MIXED_NONUNIQUE,True,accept,USA,"{CHN,USA}+{RUS}","{CHN,RUS,USA}",0.0,,,,,,-8.907539139180187e-06,
0.94,MIXED_NONUNIQUE,True,accept,USA,"{CHN,USA}+{RUS}","{CHN,RUS}+{USA}",0.0,,,,,,-1.616140499205443e-05,
0.94,MIXED_NONUNIQUE,True,accept,USA,"{CHN,USA}+{RUS}","{CHN}+{RUS,USA}",0.0,,,,,,-5.6423412083894675e-05,
0.94,MIXED_NONUNIQUE,True,accept,USA,"{CHN,USA}+{RUS}",{CHN}+{RUS}+{USA},0.0,,,,,,-4.82803031442991e-05,
0.94,MIXED_NONUNIQUE,True,accept,USA,"{CHN}+{RUS,USA}","{CHN,RUS,USA}",1.0,,,,,,4.751587294471449e-05,
0.94,MIXED_NONUNIQUE,True,accept,USA,"{CHN}+{RUS,USA}","{CHN,RUS}+{USA}",1.0,,,,,,4.0262007091840246e-05,
0.94,MIXED_NONUNIQUE,True,accept,USA,"{CHN}+{RUS,USA}","{CHN,USA}+{RUS}",1.0,,,,,,5.6423412083894675e-05,
0.94,MIXED_NONUNIQUE,True,accept,USA,"{CHN}+{RUS,USA}",{CHN}+{RUS}+{USA},1.0,,,,,,8.143108939595578e-06,
0.94,MIXED_NONUNIQUE,True,accept,USA,{CHN}+{RUS}+{USA},"{CHN,RUS,USA}",1.0,,,,,,3.937276400511891e-05,RUS
0.94,MIXED_NONUNIQUE,True,accept,USA,{CHN}+{RUS}+{USA},"{CHN,USA}+{RUS}",1.0,,,,,,4.82803031442991e-05,CHN
0.94,MIXED_NONUNIQUE,True,accept,USA,{CHN}+{RUS}+{USA},"{CHN}+{RUS,USA}",0.0,,,,,,-8.143108939595578e-06,
0.95,MIXED_NONUNIQUE,True,propose,CHN,"{CHN,RUS,USA}","{CHN,RUS,USA}",1.0,True,1.0,1.0,False,,,
0.95,MIXED_NONUNIQUE,True,propose,CHN,"{CHN,RUS}+{USA}","{CHN,RUS,USA}",0.46582602042113513,False,0.012318785955998201,0.00573841103830241,False,"RUS,USA",,
0.95,MIXED_NONUNIQUE,True,propose,CHN,"{CHN,RUS}+{USA}",{CHN}+{RUS}+{USA},0.5341739795788649,False,1.0,0.5341739795788649,True,,,
0.95,MIXED_NONUNIQUE,True,propose,CHN,"{CHN,USA}+{RUS}","{CHN,USA}+{RUS}",1.0,True,1.0,1.0,False,,,
0.95,MIXED_NONUNIQUE,True,propose,CHN,"{CHN}+{RUS,USA}","{CHN}+{RUS,USA}",1.0,True,1.0,1.0,False,,,
0.95,MIXED_NONUNIQUE,True,propose,CHN,{CHN}+{RUS}+{USA},"{CHN,USA}+{RUS}",1.0,False,1.0,1.0,False,USA,,
0.95,MIXED_NONUNIQUE,True,propose,RUS,"{CHN,RUS,USA}","{CHN,RUS,USA}",1.0,True,1.0,1.0,False,,,
0.95,MIXED_NONUNIQUE,True,propose,RUS,"{CHN,RUS}+{USA}","{CHN,RUS,USA}",0.3260387411643205,False,1.0,0.3260387411643205,False,"CHN,USA",,
0.95,MIXED_NONUNIQUE,True,propose,RUS,"{CHN,RUS}+{USA}","{CHN,RUS}+{USA}",0.6739612588356795,True,1.0,0.6739612588356795,False,,,
0.95,MIXED_NONUNIQUE,True,propose,RUS,"{CHN,USA}+{RUS}","{CHN,USA}+{RUS}",1.0,True,1.0,1.0,False,,,
0.95,MIXED_NONUNIQUE,True,propose,RUS,"{CHN}+{RUS,USA}","{CHN}+{RUS,USA}",1.0,True,1.0,1.0,False,,,
0.95,MIXED_NONUNIQUE,True,propose,RUS,{CHN}+{RUS}+{USA},"{CHN,RUS,USA}",1.0,False,1.0,1.0,False,"CHN,USA",,
0.95,MIXED_NONUNIQUE,True,propose,USA,"{CHN,RUS,USA}","{CHN,RUS,USA}",1.0,True,1.0,1.0,False,,,
0.95,MIXED_NONUNIQUE,True,propose,USA,"{CHN,RUS}+{USA}","{CHN,RUS,USA}",1.0,False,0.012318785955998201,0.012318785955998201,False,"CHN,RUS",,
0.95,MIXED_NONUNIQUE,True,propose,USA,"{CHN,USA}+{RUS}","{CHN,USA}+{RUS}",1.0,True,1.0,1.0,False,,,
0.95,MIXED_NONUNIQUE,True,propose,USA,"{CHN}+{RUS,USA}",{CHN}+{RUS}+{USA},1.0,False,1.0,1.0,True,,,
0.95,MIXED_NONUNIQUE,True,propose,USA,{CHN}+{RUS}+{USA},"{CHN,USA}+{RUS}",1.0,False,1.0,1.0,False,CHN,,
0.95,MIXED_NONUNIQUE,True,accept,CHN,"{CHN,RUS,USA}","{CHN,RUS}+{USA}",0.0,,,,,,-0.00014414559627873302,
0.95,MIXED_NONUNIQUE,True,accept,CHN,"{CHN,RUS,USA}","{CHN,USA}+{RUS}",1.0,,,,,,7.12350045493082e-05,
0.95,MIXED_NONUNIQUE,True,accept,CHN,"{CHN,RUS,USA}","{CHN}+{RUS,USA}",0.0,,,,,,-0.0001748023080736516,
0.95,MIXED_NONUNIQUE,True,accept,CHN,"{CHN,RUS,USA}",{CHN}+{RUS}+{USA},0.0,,,,,,-0.00014236989753158014,
0.95,MIXED_NONUNIQUE,True,accept,CHN,"{CHN,RUS}+{USA}","{CHN,RUS,USA}",1.0,,,,,,0.00014414559627873302,"RUS,USA"
0.95,MIXED_NONUNIQUE,True,accept,CHN,"{CHN,RUS}+{USA}","{CHN,USA}+{RUS}",1.0,,,,,,0.00021538060082804122,
0.95,MIXED_NONUNIQUE,True,accept,CHN,"{CHN,RUS}+{USA}","{CHN}+{RUS,USA}",0.0,,,,,,-3.065671179491858e-05,
0.95,MIXED_NONUNIQUE,True,accept,CHN,"{CHN,RUS}+{USA}",{CHN}+{RUS}+{USA},1.0,,,,,,1.7756987471528873e-06,
0.95,MIXED_NONUNIQUE,True,accept,CHN,"{CHN,USA}+{RUS}","{CHN,RUS,USA}",0.0,,,,,,-7.12350045493082e-05,
0.95,MIXED_NONUNIQUE,True,accept,CHN,"{CHN,USA}+{RUS}","{CHN,RUS}+{USA}",0.0,,,,,,-0.00021538060082804122,
0.95,MIXED_NONUNIQUE,True,accept,CHN,"{CHN,USA}+{RUS}","{CHN}+{RUS,USA}",0.0,,,,,,-0.0002460373126229598,
0.95,MIXED_NONUNIQUE,True,accept,CHN,"{CHN,USA}+{RUS}",{CHN}+{RUS}+{USA},0.0,,,,,,-0.00021360490208088834,
0.95,MIXED_NONUNIQUE,True,accept,CHN,"{CHN}+{RUS,USA}","{CHN,RUS,USA}",1.0,,,,,,0.0001748023080736516,
0.95,MIXED_NONUNIQUE,True,accept,CHN,"{CHN}+{RUS,USA}","{CHN,RUS}+{USA}",1.0,,,,,,3.065671179491858e-05,
0.95,MIXED_NONUNIQUE,True,accept,CHN,"{CHN}+{RUS,USA}","{CHN,USA}+{RUS}",1.0,,,,,,0.0002460373126229598,
0.95,MIXED_NONUNIQUE,True,accept,CHN,{CHN}+{RUS}+{USA},"{CHN,RUS,USA}",1.0,,,,,,0.00014236989753158014,RUS
0.95,MIXED_NONUNIQUE,True,accept,CHN,{CHN}+{RUS}+{USA},"{CHN,RUS}+{USA}",0.0,,,,,,-1.7756987471528873e-06,
0.95,MIXED_NONUNIQUE,True,accept,CHN,{CHN}+{RUS}+{USA},"{CHN,USA}+{RUS}",1.0,,,,,,0.00021360490208088834,USA
0.95,MIXED_NONUNIQUE,True,accept,RUS,"{CHN,RUS,USA}","{CHN,RUS}+{USA}",0.5000000000000004,,,,,,0.0,
0.95,MIXED_NONUNIQUE,True,accept,RUS,"{CHN,RUS,USA}","{CHN,USA}+{RUS}",0.0,,,,,,-1.3606816944955469e-05,
0.95,MIXED_NONUNIQUE,True,accept,RUS,"{CHN,RUS,USA}","{CHN}+{RUS,USA}",1.0,,,,,,3.0350350579411156e-06,
0.95,MIXED_NONUNIQUE,True,accept,RUS,"{CHN,RUS,USA}",{CHN}+{RUS}+{USA},0.0,,,,,,-5.610814603818071e-06,
0.95,MIXED_NONUNIQUE,True,accept,RUS,"{CHN,RUS}+{USA}","{CHN,RUS,USA}",0.012318785955998201,,,,,,0.0,"CHN,USA"
0.95,MIXED_NONUNIQUE,True,accept,RUS,"{CHN,RUS}+{USA}","{CHN,USA}+{RUS}",0.0,,,,,,-1.3606816944955469e-05,
0.95,MIXED_NONUNIQUE,True,accept,RUS,"{CHN,RUS}+{USA}","{CHN}+{RUS,USA}",1.0,,,,,,3.0350350579411156e-06,
0.95,MIXED_NONUNIQUE,True,accept,RUS,"{CHN,RUS}+{USA}",{CHN}+{RUS}+{USA},0.0,,,,,,-5.610814603818071e-06,
0.95,MIXED_NONUNIQUE,True,accept,RUS,"{CHN,USA}+{RUS}","{CHN,RUS,USA}",1.0,,,,,,1.3606816944955469e-05,
0.95,MIXED_NONUNIQUE,True,accept,RUS,"{CHN,USA}+{RUS}","{CHN,RUS}+{USA}",1.0,,,,,,1.3606816944955469e-05,
0.95,MIXED_NONUNIQUE,True,accept,RUS,"{CHN,USA}+{RUS}","{CHN}+{RUS,USA}",1.0,,,,,,1.6641852002896584e-05,
0.95,MIXED_NONUNIQUE,True,accept,RUS,"{CHN}+{RUS,USA}","{CHN,RUS,USA}",0.0,,,,,,-3.0350350579411156e-06,
0.95,MIXED_NONUNIQUE,True,accept,RUS,"{CHN}+{RUS,USA}","{CHN,RUS}+{USA}",0.0,,,,,,-3.0350350579411156e-06,
0.95,MIXED_NONUNIQUE,True,accept,RUS,"{CHN}+{RUS,USA}","{CHN,USA}+{RUS}",0.0,,,,,,-1.6641852002896584e-05,
0.95,MIXED_NONUNIQUE,True,accept,RUS,"{CHN}+{RUS,USA}",{CHN}+{RUS}+{USA},0.0,,,,,,-8.645849661759186e-06,
0.95,MIXED_NONUNIQUE,True,accept,RUS,{CHN}+{RUS}+{USA},"{CHN,RUS,USA}",1.0,,,,,,5.610814603818071e-06,
0.95,MIXED_NONUNIQUE,True,accept,RUS,{CHN}+{RUS}+{USA},"{CHN,RUS}+{USA}",1.0,,,,,,5.610814603818071e-06,
0.95,MIXED_NONUNIQUE,True,accept,RUS,{CHN}+{RUS}+{USA},"{CHN}+{RUS,USA}",1.0,,,,,,8.645849661759186e-06,
0.95,MIXED_NONUNIQUE,True,accept,USA,"{CHN,RUS,USA}","{CHN,RUS}+{USA}",0.0,,,,,,-3.623396689356184e-07,
0.95,MIXED_NONUNIQUE,True,accept,USA,"{CHN,RUS,USA}","{CHN,USA}+{RUS}",1.0,,,,,,8.907539139180187e-06,
0.95,MIXED_NONUNIQUE,True,accept,USA,"{CHN,RUS,USA}","{CHN}+{RUS,USA}",0.0,,,,,,-3.9760012914502596e-05,
0.95,MIXED_NONUNIQUE,True,accept,USA,"{CHN,RUS,USA}",{CHN}+{RUS}+{USA},0.0,,,,,,-3.1820910099789046e-05,
0.95,MIXED_NONUNIQUE,True,accept,USA,"{CHN,RUS}+{USA}","{CHN,RUS,USA}",1.0,,,,,,3.623396689356184e-07,"CHN,RUS"
0.95,MIXED_NONUNIQUE,True,accept,USA,"{CHN,RUS}+{USA}","{CHN,USA}+{RUS}",1.0,,,,,,9.269878808115806e-06,
0.95,MIXED_NONUNIQUE,True,accept,USA,"{CHN,RUS}+{USA}","{CHN}+{RUS,USA}",0.0,,,,,,-3.939767324556698e-05,
0.95,MIXED_NONUNIQUE,True,accept,USA,"{CHN,USA}+{RUS}","{CHN,RUS,USA}",0.0,,,,,,-8.907539139180187e-06,
0.95,MIXED_NONUNIQUE,True,accept,USA,"{CHN,USA}+{RUS}","{CHN,RUS}+{USA}",0.0,,,,,,-9.269878808115806e-06,
0.95,MIXED_NONUNIQUE,True,accept,USA,"{CHN,USA}+{RUS}","{CHN}+{RUS,USA}",0.0,,,,,,-4.866755205368278e-05,
0.95,MIXED_NONUNIQUE,True,accept,USA,"{CHN,USA}+{RUS}",{CHN}+{RUS}+{USA},0.0,,,,,,-4.072844923896923e-05,
0.95,MIXED_NONUNIQUE,True,accept,USA,"{CHN}+{RUS,USA}","{CHN,RUS,USA}",1.0,,,,,,3.9760012914502596e-05,
0.95,MIXED_NONUNIQUE,True,accept,USA,"{CHN}+{RUS,USA}","{CHN,RUS}+{USA}",1.0,,,,,,3.939767324556698e-05,
0.95,MIXED_NONUNIQUE,True,accept,USA,"{CHN}+{RUS,USA}","{CHN,USA}+{RUS}",1.0,,,,,,4.866755205368278e-05,
0.95,MIXED_NONUNIQUE,True,accept,USA,"{CHN}+{RUS,USA}",{CHN}+{RUS}+{USA},1.0,,,,,,7.93910281471355e-06,
0.95,MIXED_NONUNIQUE,True,accept,USA,{CHN}+{RUS}+{USA},"{CHN,RUS,USA}",1.0,,,,,,3.1820910099789046e-05,RUS
0.95,MIXED_NONUNIQUE,True,accept,USA,{CHN}+{RUS}+{USA},"{CHN,USA}+{RUS}",1.0,,,,,,4.072844923896923e-05,CHN
0.95,MIXED_NONUNIQUE,True,accept,USA,{CHN}+{RUS}+{USA},"{CHN}+{RUS,USA}",0.0,,,,,,-7.93910281471355e-06,
0.96,MIXED_NONUNIQUE,True,propose,CHN,"{CHN,RUS,USA}","{CHN,RUS,USA}",1.0,True,1.0,1.0,False,,,
0.96,MIXED_NONUNIQUE,True,propose,CHN,"{CHN,RUS}+{USA}","{CHN,RUS,USA}",0.45776851373104815,False,0.4320704441602063,0.19778824505033146,False,"RUS,USA",,
0.96,MIXED_NONUNIQUE,True,propose,CHN,"{CHN,RUS}+{USA}",{CHN}+{RUS}+{USA},0.5422314862689519,False,1.0,0.5422314862689519,True,,,
0.96,MIXED_NONUNIQUE,True,propose,CHN,"{CHN,USA}+{RUS}","{CHN,USA}+{RUS}",1.0,True,1.0,1.0,False,,,
0.96,MIXED_NONUNIQUE,True,propose,CHN,"{CHN}+{RUS,USA}","{CHN}+{RUS,USA}",1.0,True,1.0,1.0,False,,,
0.96,MIXED_NONUNIQUE,True,propose,CHN,{CHN}+{RUS}+{USA},"{CHN,USA}+{RUS}",1.0,False,1.0,1.0,False,USA,,
0.96,MIXED_NONUNIQUE,True,propose,RUS,"{CHN,RUS,USA}","{CHN,RUS,USA}",1.0,True,1.0,1.0,False,,,
0.96,MIXED_NONUNIQUE,True,propose,RUS,"{CHN,RUS}+{USA}","{CHN,RUS,USA}",1.0,False,0.4320704441602063,0.4320704441602063,False,"CHN,USA",,
0.96,MIXED_NONUNIQUE,True,propose,RUS,"{CHN,USA}+{RUS}","{CHN,USA}+{RUS}",1.0,True,1.0,1.0,False,,,
0.96,MIXED_NONUNIQUE,True,propose,RUS,"{CHN}+{RUS,USA}","{CHN}+{RUS,USA}",1.0,True,1.0,1.0,False,,,
0.96,MIXED_NONUNIQUE,True,propose,RUS,{CHN}+{RUS}+{USA},"{CHN,RUS,USA}",1.0,False,1.0,1.0,False,"CHN,USA",,
0.96,MIXED_NONUNIQUE,True,propose,USA,"{CHN,RUS,USA}","{CHN,RUS,USA}",0.4328617149313879,True,1.0,0.4328617149313879,False,,,
0.96,MIXED_NONUNIQUE,True,propose,USA,"{CHN,RUS,USA}","{CHN,RUS}+{USA}",0.5671382850686121,False,1.0,0.5671382850686121,True,,,
0.96,MIXED_NONUNIQUE,True,propose,USA,"{CHN,RUS}+{USA}","{CHN,RUS,USA}",0.47454558091751964,False,1.0,0.47454558091751964,False,"CHN,RUS",,
0.96,MIXED_NONUNIQUE,True,propose,USA,"{CHN,RUS}+{USA}","{CHN,RUS}+{USA}",0.5254544190824804,True,1.0,0.5254544190824804,False,,,
0.96,MIXED_NONUNIQUE,True,propose,USA,"{CHN,USA}+{RUS}","{CHN,USA}+{RUS}",1.0,True,1.0,1.0,False,,,
0.96,MIXED_NONUNIQUE,True,propose,USA,"{CHN}+{RUS,USA}",{CHN}+{RUS}+{USA},1.0,False,1.0,1.0,True,,,
0.96,MIXED_NONUNIQUE,True,propose,USA,{CHN}+{RUS}+{USA},"{CHN,USA}+{RUS}",1.0,False,1.0,1.0,False,CHN,,
0.96,MIXED_NONUNIQUE,True,accept,CHN,"{CHN,RUS,USA}","{CHN,RUS}+{USA}",0.0,,,,,,-2.8577413861086143e-05,
0.96,MIXED_NONUNIQUE,True,accept,CHN,"{CHN,RUS,USA}","{CHN,USA}+{RUS}",1.0,,,,,,0.0002008937684578882,
0.96,MIXED_NONUNIQUE,True,accept,CHN,"{CHN,RUS,USA}","{CHN}+{RUS,USA}",0.0,,,,,,-4.2265386069217925e-05,
0.96,MIXED_NONUNIQUE,True,accept,CHN,"{CHN,RUS,USA}",{CHN}+{RUS}+{USA},0.0,,,,,,-1.6229957962465846e-05,
0.96,MIXED_NONUNIQUE,True,accept,CHN,"{CHN,RUS}+{USA}","{CHN,RUS,USA}",1.0,,,,,,2.8577413861086143e-05,"RUS,USA"
0.96,MIXED_NONUNIQUE,True,accept,CHN,"{CHN,RUS}+{USA}","{CHN,USA}+{RUS}",1.0,,,,,,0.00022947118231897434,
0.96,MIXED_NONUNIQUE,True,accept,CHN,"{CHN,RUS}+{USA}","{CHN}+{RUS,USA}",0.0,,,,,,-1.3687972208131782e-05,
0.96,MIXED_NONUNIQUE,True,accept,CHN,"{CHN,RUS}+{USA}",{CHN}+{RUS}+{USA},1.0,,,,,,1.2347455898620296e-05,
0.96,MIXED_NONUNIQUE,True,accept,CHN,"{CHN,USA}+{RUS}","{CHN,RUS,USA}",0.0,,,,,,-0.0002008937684578882,
0.96,MIXED_NONUNIQUE,True,accept,CHN,"{CHN,USA}+{RUS}","{CHN,RUS}+{USA}",0.0,,,,,,-0.00022947118231897434,
0.96,MIXED_NONUNIQUE,True,accept,CHN,"{CHN,USA}+{RUS}","{CHN}+{RUS,USA}",0.0,,,,,,-0.00024315915452710612,
0.96,MIXED_NONUNIQUE,True,accept,CHN,"{CHN,USA}+{RUS}",{CHN}+{RUS}+{USA},0.0,,,,,,-0.00021712372642035405,
0.96,MIXED_NONUNIQUE,True,accept,CHN,"{CHN}+{RUS,USA}","{CHN,RUS,USA}",1.0,,,,,,4.2265386069217925e-05,
0.96,MIXED_NONUNIQUE,True,accept,CHN,"{CHN}+{RUS,USA}","{CHN,RUS}+{USA}",1.0,,,,,,1.3687972208131782e-05,
0.96,MIXED_NONUNIQUE,True,accept,CHN,"{CHN}+{RUS,USA}","{CHN,USA}+{RUS}",1.0,,,,,,0.00024315915452710612,
0.96,MIXED_NONUNIQUE,True,accept,CHN,{CHN}+{RUS}+{USA},"{CHN,RUS,USA}",1.0,,,,,,1.6229957962465846e-05,RUS
0.96,MIXED_NONUNIQUE,True,accept,CHN,{CHN}+{RUS}+{USA},"{CHN,RUS}+{USA}",0.0,,,,,,-1.2347455898620296e-05,
0.96,MIXED_NONUNIQUE,True,accept,CHN,{CHN}+{RUS}+{USA},"{CHN,USA}+{RUS}",1.0,,,,,,0.00021712372642035405,USA
0.96,MIXED_NONUNIQUE,True,accept,RUS,"{CHN,RUS,USA}","{CHN,RUS}+{USA}",0.0,,,,,,-2.604599080857639e-07,
0.96,MIXED_NONUNIQUE,True,accept,RUS,"{CHN,RUS,USA}","{CHN,USA}+{RUS}",0.0,,,,,,-1.242508266030562e-05,
0.96,MIXED_NONUNIQUE,True,accept,RUS,"{CHN,RUS,USA}","{CHN}+{RUS,USA}",1.0,,,,,,1.6643666855831185e-06,
0.96,MIXED_NONUNIQUE,True,accept,RUS,"{CHN,RUS,USA}",{CHN}+{RUS}+{USA},0.0,,,,,,-5.499314628787388e-06,
0.96,MIXED_NONUNIQUE,True,accept,RUS,"{CHN,RUS}+{USA}","{CHN,RUS,USA}",1.0,,,,,,2.604599080857639e-07,"CHN,USA"
0.96,MIXED_NONUNIQUE,True,accept,RUS,"{CHN,RUS}+{USA}","{CHN,USA}+{RUS}",0.0,,,,,,-1.2164622752219856e-05,
0.96,MIXED_NONUNIQUE,True,accept,RUS,"{CHN,RUS}+{USA}","{CHN}+{RUS,USA}",1.0,,,,,,1.9248265936688824e-06,
0.96,MIXED_NONUNIQUE,True,accept,RUS,"{CHN,RUS}+{USA}",{CHN}+{RUS}+{USA},0.0,,,,,,-5.2388547207016245e-06,
0.96,MIXED_NONUNIQUE,True,accept,RUS,"{CHN,USA}+{RUS}","{CHN,RUS,USA}",1.0,,,,,,1.242508266030562e-05,
0.96,MIXED_NONUNIQUE,True,accept,RUS,"{CHN,USA}+{RUS}","{CHN,RUS}+{USA}",1.0,,,,,,1.2164622752219856e-05,
0.96,MIXED_NONUNIQUE,True,accept,RUS,"{CHN,USA}+{RUS}","{CHN}+{RUS,USA}",1.0,,,,,,1.4089449345888738e-05,
0.96,MIXED_NONUNIQUE,True,accept,RUS,"{CHN}+{RUS,USA}","{CHN,RUS,USA}",0.0,,,,,,-1.6643666855831185e-06,
0.96,MIXED_NONUNIQUE,True,accept,RUS,"{CHN}+{RUS,USA}","{CHN,RUS}+{USA}",0.0,,,,,,-1.9248265936688824e-06,
0.96,MIXED_NONUNIQUE,True,accept,RUS,"{CHN}+{RUS,USA}","{CHN,USA}+{RUS}",0.0,,,,,,-1.4089449345888738e-05,
0.96,MIXED_NONUNIQUE,True,accept,RUS,"{CHN}+{RUS,USA}",{CHN}+{RUS}+{USA},0.0,,,,,,-7.163681314370507e-06,
0.96,MIXED_NONUNIQUE,True,accept,RUS,{CHN}+{RUS}+{USA},"{CHN,RUS,USA}",1.0,,,,,,5.499314628787388e-06,
0.96,MIXED_NONUNIQUE,True,accept,RUS,{CHN}+{RUS}+{USA},"{CHN,RUS}+{USA}",1.0,,,,,,5.2388547207016245e-06,
0.96,MIXED_NONUNIQUE,True,accept,RUS,{CHN}+{RUS}+{USA},"{CHN}+{RUS,USA}",1.0,,,,,,7.163681314370507e-06,
0.96,MIXED_NONUNIQUE,True,accept,USA,"{CHN,RUS,USA}","{CHN,RUS}+{USA}",0.5,,,,,,0.0,
0.96,MIXED_NONUNIQUE,True,accept,USA,"{CHN,RUS,USA}","{CHN,USA}+{RUS}",1.0,,,,,,8.907539139180187e-06,
0.96,MIXED_NONUNIQUE,True,accept,USA,"{CHN,RUS,USA}","{CHN}+{RUS,USA}",0.0,,,,,,-3.157704966261221e-05,
0.96,MIXED_NONUNIQUE,True,accept,USA,"{CHN,RUS,USA}",{CHN}+{RUS}+{USA},0.0,,,,,,-2.4269056194459182e-05,
0.96,MIXED_NONUNIQUE,True,accept,USA,"{CHN,RUS}+{USA}","{CHN,RUS,USA}",0.4320704441602063,,,,,,0.0,"CHN,RUS"
0.96,MIXED_NONUNIQUE,True,accept,USA,"{CHN,RUS}+{USA}","{CHN,USA}+{RUS}",1.0,,,,,,8.907539139180187e-06,
0.96,MIXED_NONUNIQUE,True,accept,USA,"{CHN,RUS}+{USA}","{CHN}+{RUS,USA}",0.0,,,,,,-3.157704966261221e-05,
0.96,MIXED_NONUNIQUE,True,accept,USA,"{CHN,USA}+{RUS}","{CHN,RUS,USA}",0.0,,,,,,-8.907539139180187e-06,
0.96,MIXED_NONUNIQUE,True,accept,USA,"{CHN,USA}+{RUS}","{CHN,RUS}+{USA}",0.0,,,,,,-8.907539139180187e-06,
0.96,MIXED_NONUNIQUE,True,accept,USA,"{CHN,USA}+{RUS}","{CHN}+{RUS,USA}",0.0,,,,,,-4.04845888017924e-05,
0.96,MIXED_NONUNIQUE,True,accept,USA,"{CHN,USA}+{RUS}",{CHN}+{RUS}+{USA},0.0,,,,,,-3.317659533363937e-05,
0.96,MIXED_NONUNIQUE,True,accept,USA,"{CHN}+{RUS,USA}","{CHN,RUS,USA}",1.0,,,,,,3.157704966261221e-05,
0.96,MIXED_NONUNIQUE,True,accept,USA,"{CHN}+{RUS,USA}","{CHN,RUS}+{USA}",1.0,,,,,,3.157704966261221e-05,
0.96,MIXED_NONUNIQUE,True,accept,USA,"{CHN}+{RUS,USA}","{CHN,USA}+{RUS}",1.0,,,,,,4.04845888017924e-05,
0.96,MIXED_NONUNIQUE,True,accept,USA,"{CHN}+{RUS,USA}",{CHN}+{RUS}+{USA},1.0,,,,,,7.307993468153029e-06,
0.96,MIXED_NONUNIQUE,True,accept,USA,{CHN}+{RUS}+{USA},"{CHN,RUS,USA}",1.0,,,,,,2.4269056194459182e-05,RUS
0.96,MIXED_NONUNIQUE,True,accept,USA,{CHN}+{RUS}+{USA},"{CHN,USA}+{RUS}",1.0,,,,,,3.317659533363937e-05,CHN
0.96,MIXED_NONUNIQUE,True,accept,USA,{CHN}+{RUS}+{USA},"{CHN}+{RUS,USA}",0.0,,,,,,-7.307993468153029e-06,
0.97,MIXED_NONUNIQUE,True,propose,CHN,"{CHN,RUS,USA}","{CHN,RUS,USA}",1.0,True,1.0,1.0,False,,,
0.97,MIXED_NONUNIQUE,True,propose,CHN,"{CHN,RUS}+{USA}","{CHN,RUS,USA}",0.41570148270211293,False,0.5883001238516057,0.24455723375894917,False,"RUS,USA",,
0.97,MIXED_NONUNIQUE,True,propose,CHN,"{CHN,RUS}+{USA}",{CHN}+{RUS}+{USA},0.5842985172978871,False,1.0,0.5842985172978871,True,,,
0.97,MIXED_NONUNIQUE,True,propose,CHN,"{CHN,USA}+{RUS}","{CHN,USA}+{RUS}",1.0,True,1.0,1.0,False,,,
0.97,MIXED_NONUNIQUE,True,propose,CHN,"{CHN}+{RUS,USA}","{CHN}+{RUS,USA}",1.0,True,1.0,1.0,False,,,
0.97,MIXED_NONUNIQUE,True,propose,CHN,{CHN}+{RUS}+{USA},"{CHN,USA}+{RUS}",1.0,False,1.0,1.0,False,USA,,
0.97,MIXED_NONUNIQUE,True,propose,RUS,"{CHN,RUS,USA}","{CHN,RUS,USA}",1.0,True,1.0,1.0,False,,,
0.97,MIXED_NONUNIQUE,True,propose,RUS,"{CHN,RUS}+{USA}","{CHN,RUS,USA}",1.0,False,0.5883001238516057,0.5883001238516057,False,"CHN,USA",,
0.97,MIXED_NONUNIQUE,True,propose,RUS,"{CHN,USA}+{RUS}","{CHN,USA}+{RUS}",1.0,True,1.0,1.0,False,,,
0.97,MIXED_NONUNIQUE,True,propose,RUS,"{CHN}+{RUS,USA}","{CHN}+{RUS,USA}",1.0,True,1.0,1.0,False,,,
0.97,MIXED_NONUNIQUE,True,propose,RUS,{CHN}+{RUS}+{USA},"{CHN,RUS,USA}",1.0,False,1.0,1.0,False,"CHN,USA",,
0.97,MIXED_NONUNIQUE,True,propose,USA,"{CHN,RUS,USA}","{CHN,RUS,USA}",0.5875973088104707,True,1.0,0.5875973088104707,False,,,
0.97,MIXED_NONUNIQUE,True,propose,USA,"{CHN,RUS,USA}","{CHN,RUS}+{USA}",0.4124026911895293,False,1.0,0.4124026911895293,True,,,
0.97,MIXED_NONUNIQUE,True,propose,USA,"{CHN,RUS}+{USA}","{CHN,RUS,USA}",0.5356970915111853,False,1.0,0.5356970915111853,False,"CHN,RUS",,
0.97,MIXED_NONUNIQUE,True,propose,USA,"{CHN,RUS}+{USA}","{CHN,RUS}+{USA}",0.4643029084888147,True,1.0,0.4643029084888147,False,,,
0.97,MIXED_NONUNIQUE,True,propose,USA,"{CHN,USA}+{RUS}","{CHN,USA}+{RUS}",1.0,True,1.0,1.0,False,,,
0.97,MIXED_NONUNIQUE,True,propose,USA,"{CHN}+{RUS,USA}",{CHN}+{RUS}+{USA},1.0,False,1.0,1.0,True,,,
0.97,MIXED_NONUNIQUE,True,propose,USA,{CHN}+{RUS}+{USA},"{CHN,USA}+{RUS}",1.0,False,1.0,1.0,False,CHN,,
0.97,MIXED_NONUNIQUE,True,accept,CHN,"{CHN,RUS,USA}","{CHN,RUS}+{USA}",0.0,,,,,,-1.9426552276158304e-05,
0.97,MIXED_NONUNIQUE,True,accept,CHN,"{CHN,RUS,USA}","{CHN,USA}+{RUS}",1.0,,,,,,0.0001575818441654775,
0.97,MIXED_NONUNIQUE,True,accept,CHN,"{CHN,RUS,USA}","{CHN}+{RUS,USA}",0.0,,,,,,-3.226928119026695e-05,
0.97,MIXED_NONUNIQUE,True,accept,CHN,"{CHN,RUS,USA}",{CHN}+{RUS}+{USA},0.0,,,,,,-7.99790916694576e-06,
0.97,MIXED_NONUNIQUE,True,accept,CHN,"{CHN,RUS}+{USA}","{CHN,RUS,USA}",1.0,,,,,,1.9426552276158304e-05,"RUS,USA"
0.97,MIXED_NONUNIQUE,True,accept,CHN,"{CHN,RUS}+{USA}","{CHN,USA}+{RUS}",1.0,,,,,,0.0001770083964416358,
0.97,MIXED_NONUNIQUE,True,accept,CHN,"{CHN,RUS}+{USA}","{CHN}+{RUS,USA}",0.0,,,,,,-1.2842728914108648e-05,
0.97,MIXED_NONUNIQUE,True,accept,CHN,"{CHN,RUS}+{USA}",{CHN}+{RUS}+{USA},1.0,,,,,,1.1428643109212544e-05,
0.97,MIXED_NONUNIQUE,True,accept,CHN,"{CHN,USA}+{RUS}","{CHN,RUS,USA}",0.0,,,,,,-0.0001575818441654775,
0.97,MIXED_NONUNIQUE,True,accept,CHN,"{CHN,USA}+{RUS}","{CHN,RUS}+{USA}",0.0,,,,,,-0.0001770083964416358,
0.97,MIXED_NONUNIQUE,True,accept,CHN,"{CHN,USA}+{RUS}","{CHN}+{RUS,USA}",0.0,,,,,,-0.00018985112535574444,
0.97,MIXED_NONUNIQUE,True,accept,CHN,"{CHN,USA}+{RUS}",{CHN}+{RUS}+{USA},0.0,,,,,,-0.00016557975333242325,
0.97,MIXED_NONUNIQUE,True,accept,CHN,"{CHN}+{RUS,USA}","{CHN,RUS,USA}",1.0,,,,,,3.226928119026695e-05,
0.97,MIXED_NONUNIQUE,True,accept,CHN,"{CHN}+{RUS,USA}","{CHN,RUS}+{USA}",1.0,,,,,,1.2842728914108648e-05,
0.97,MIXED_NONUNIQUE,True,accept,CHN,"{CHN}+{RUS,USA}","{CHN,USA}+{RUS}",1.0,,,,,,0.00018985112535574444,
0.97,MIXED_NONUNIQUE,True,accept,CHN,{CHN}+{RUS}+{USA},"{CHN,RUS,USA}",1.0,,,,,,7.99790916694576e-06,RUS
0.97,MIXED_NONUNIQUE,True,accept,CHN,{CHN}+{RUS}+{USA},"{CHN,RUS}+{USA}",0.0,,,,,,-1.1428643109212544e-05,
0.97,MIXED_NONUNIQUE,True,accept,CHN,{CHN}+{RUS}+{USA},"{CHN,USA}+{RUS}",1.0,,,,,,0.00016557975333242325,USA
0.97,MIXED_NONUNIQUE,True,accept,RUS,"{CHN,RUS,USA}","{CHN,RUS}+{USA}",0.0,,,,,,-5.517724182002581e-07,
0.97,MIXED_NONUNIQUE,True,accept,RUS,"{CHN,RUS,USA}","{CHN,USA}+{RUS}",0.0,,,,,,-1.1154307419491971e-05,
0.97,MIXED_NONUNIQUE,True,accept,RUS,"{CHN,RUS,USA}","{CHN}+{RUS,USA}",1.0,,,,,,2.3267428250761668e-07,
0.97,MIXED_NONUNIQUE,True,accept,RUS,"{CHN,RUS,USA}",{CHN}+{RUS}+{USA},0.0,,,,,,-5.335441835452315e-06,
0.97,MIXED_NONUNIQUE,True,accept,RUS,"{CHN,RUS}+{USA}","{CHN,RUS,USA}",1.0,,,,,,5.517724182002581e-07,"CHN,USA"
0.97,MIXED_NONUNIQUE,True,accept,RUS,"{CHN,RUS}+{USA}","{CHN,USA}+{RUS}",0.0,,,,,,-1.0602535001291713e-05,
0.97,MIXED_NONUNIQUE,True,accept,RUS,"{CHN,RUS}+{USA}","{CHN}+{RUS,USA}",1.0,,,,,,7.844467007078748e-07,
0.97,MIXED_NONUNIQUE,True,accept,RUS,"{CHN,RUS}+{USA}",{CHN}+{RUS}+{USA},0.0,,,,,,-4.783669417252057e-06,
0.97,MIXED_NONUNIQUE,True,accept,RUS,"{CHN,USA}+{RUS}","{CHN,RUS,USA}",1.0,,,,,,1.1154307419491971e-05,
0.97,MIXED_NONUNIQUE,True,accept,RUS,"{CHN,USA}+{RUS}","{CHN,RUS}+{USA}",1.0,,,,,,1.0602535001291713e-05,
0.97,MIXED_NONUNIQUE,True,accept,RUS,"{CHN,USA}+{RUS}","{CHN}+{RUS,USA}",1.0,,,,,,1.1386981701999588e-05,
0.97,MIXED_NONUNIQUE,True,accept,RUS,"{CHN}+{RUS,USA}","{CHN,RUS,USA}",0.0,,,,,,-2.3267428250761668e-07,
0.97,MIXED_NONUNIQUE,True,accept,RUS,"{CHN}+{RUS,USA}","{CHN,RUS}+{USA}",0.0,,,,,,-7.844467007078748e-07,
0.97,MIXED_NONUNIQUE,True,accept,RUS,"{CHN}+{RUS,USA}","{CHN,USA}+{RUS}",0.0,,,,,,-1.1386981701999588e-05,
0.97,MIXED_NONUNIQUE,True,accept,RUS,"{CHN}+{RUS,USA}",{CHN}+{RUS}+{USA},0.0,,,,,,-5.5681161179599314e-06,
0.97,MIXED_NONUNIQUE,True,accept,RUS,{CHN}+{RUS}+{USA},"{CHN,RUS,USA}",1.0,,,,,,5.335441835452315e-06,
0.97,MIXED_NONUNIQUE,True,accept,RUS,{CHN}+{RUS}+{USA},"{CHN,RUS}+{USA}",1.0,,,,,,4.783669417252057e-06,
0.97,MIXED_NONUNIQUE,True,accept,RUS,{CHN}+{RUS}+{USA},"{CHN}+{RUS,USA}",1.0,,,,,,5.5681161179599314e-06,
0.97,MIXED_NONUNIQUE,True,accept,USA,"{CHN,RUS,USA}","{CHN,RUS}+{USA}",0.5,,,,,,0.0,
0.97,MIXED_NONUNIQUE,True,accept,USA,"{CHN,RUS,USA}","{CHN,USA}+{RUS}",1.0,,,,,,8.907539139180187e-06,
0.97,MIXED_NONUNIQUE,True,accept,USA,"{CHN,RUS,USA}","{CHN}+{RUS,USA}",0.0,,,,,,-2.2942807535120124e-05,
0.97,MIXED_NONUNIQUE,True,accept,USA,"{CHN,RUS,USA}",{CHN}+{RUS}+{USA},0.0,,,,,,-1.6717202289573407e-05,
0.97,MIXED_NONUNIQUE,True,accept,USA,"{CHN,RUS}+{USA}","{CHN,RUS,USA}",0.5883001238516057,,,,,,0.0,"CHN,RUS"
0.97,MIXED_NONUNIQUE,True,accept,USA,"{CHN,RUS}+{USA}","{CHN,USA}+{RUS}",1.0,,,,,,8.907539139180187e-06,
0.97,MIXED_NONUNIQUE,True,accept,USA,"{CHN,RUS}+{USA}","{CHN}+{RUS,USA}",0.0,,,,,,-2.2942807535120124e-05,
0.97,MIXED_NONUNIQUE,True,accept,USA,"{CHN,USA}+{RUS}","{CHN,RUS,USA}",0.0,,,,,,-8.907539139180187e-06,
0.97,MIXED_NONUNIQUE,True,accept,USA,"{CHN,USA}+{RUS}","{CHN,RUS}+{USA}",0.0,,,,,,-8.907539139180187e-06,
0.97,MIXED_NONUNIQUE,True,accept,USA,"{CHN,USA}+{RUS}","{CHN}+{RUS,USA}",0.0,,,,,,-3.185034667430031e-05,
0.97,MIXED_NONUNIQUE,True,accept,USA,"{CHN,USA}+{RUS}",{CHN}+{RUS}+{USA},0.0,,,,,,-2.5624741428753595e-05,
0.97,MIXED_NONUNIQUE,True,accept,USA,"{CHN}+{RUS,USA}","{CHN,RUS,USA}",1.0,,,,,,2.2942807535120124e-05,
0.97,MIXED_NONUNIQUE,True,accept,USA,"{CHN}+{RUS,USA}","{CHN,RUS}+{USA}",1.0,,,,,,2.2942807535120124e-05,
0.97,MIXED_NONUNIQUE,True,accept,USA,"{CHN}+{RUS,USA}","{CHN,USA}+{RUS}",1.0,,,,,,3.185034667430031e-05,
0.97,MIXED_NONUNIQUE,True,accept,USA,"{CHN}+{RUS,USA}",{CHN}+{RUS}+{USA},1.0,,,,,,6.225605245546717e-06,
0.97,MIXED_NONUNIQUE,True,accept,USA,{CHN}+{RUS}+{USA},"{CHN,RUS,USA}",1.0,,,,,,1.6717202289573407e-05,RUS
0.97,MIXED_NONUNIQUE,True,accept,USA,{CHN}+{RUS}+{USA},"{CHN,USA}+{RUS}",1.0,,,,,,2.5624741428753595e-05,CHN
0.97,MIXED_NONUNIQUE,True,accept,USA,{CHN}+{RUS}+{USA},"{CHN}+{RUS,USA}",0.0,,,,,,-6.225605245546717e-06,
0.98,MIXED_NONUNIQUE,True,propose,CHN,"{CHN,RUS,USA}","{CHN,RUS,USA}",1.0,True,1.0,1.0,False,,,
0.98,MIXED_NONUNIQUE,True,propose,CHN,"{CHN,RUS}+{USA}","{CHN,RUS,USA}",0.2967596135207723,False,0.6641122282586127,0.19708168819244481,False,"RUS,USA",,
0.98,MIXED_NONUNIQUE,True,propose,CHN,"{CHN,RUS}+{USA}",{CHN}+{RUS}+{USA},0.7032403864792277,False,1.0,0.7032403864792277,True,,,
0.98,MIXED_NONUNIQUE,True,propose,CHN,"{CHN,USA}+{RUS}","{CHN,USA}+{RUS}",1.0,True,1.0,1.0,False,,,
0.98,MIXED_NONUNIQUE,True,propose,CHN,"{CHN}+{RUS,USA}","{CHN,RUS,USA}",1.0,False,0.05312937940221893,0.05312937940221893,False,"RUS,USA",,
0.98,MIXED_NONUNIQUE,True,propose,CHN,{CHN}+{RUS}+{USA},"{CHN,USA}+{RUS}",1.0,False,1.0,1.0,False,USA,,
0.98,MIXED_NONUNIQUE,True,propose,RUS,"{CHN,RUS,USA}","{CHN,RUS,USA}",1.0,True,1.0,1.0,False,,,
0.98,MIXED_NONUNIQUE,True,propose,RUS,"{CHN,RUS}+{USA}","{CHN,RUS,USA}",1.0,False,0.6641122282586127,0.6641122282586127,False,"CHN,USA",,
0.98,MIXED_NONUNIQUE,True,propose,RUS,"{CHN,USA}+{RUS}","{CHN,USA}+{RUS}",1.0,True,1.0,1.0,False,,,
0.98,MIXED_NONUNIQUE,True,propose,RUS,"{CHN}+{RUS,USA}","{CHN,RUS,USA}",0.40203433301963365,False,1.0,0.40203433301963365,False,"CHN,USA",,
0.98,MIXED_NONUNIQUE,True,propose,RUS,"{CHN}+{RUS,USA}","{CHN}+{RUS,USA}",0.5979656669803664,True,1.0,0.5979656669803664,False,,,
0.98,MIXED_NONUNIQUE,True,propose,RUS,{CHN}+{RUS}+{USA},"{CHN,RUS,USA}",1.0,False,1.0,1.0,False,"CHN,USA",,
0.98,MIXED_NONUNIQUE,True,propose,USA,"{CHN,RUS,USA}","{CHN,RUS,USA}",0.8375375013223726,True,1.0,0.8375375013223726,False,,,
0.98,MIXED_NONUNIQUE,True,propose,USA,"{CHN,RUS,USA}","{CHN,RUS}+{USA}",0.1624624986776274,False,1.0,0.1624624986776274,True,,,
0.98,MIXED_NONUNIQUE,True,propose,USA,"{CHN,RUS}+{USA}","{CHN,RUS,USA}",0.5685917542570781,False,1.0,0.5685917542570781,False,"CHN,RUS",,
0.98,MIXED_NONUNIQUE,True,propose,USA,"{CHN,RUS}+{USA}","{CHN,RUS}+{USA}",0.4314082457429219,True,1.0,0.4314082457429219,False,,,
0.98,MIXED_NONUNIQUE,True,propose,USA,"{CHN,USA}+{RUS}","{CHN,USA}+{RUS}",1.0,True,1.0,1.0,False,,,
0.98,MIXED_NONUNIQUE,True,propose,USA,"{CHN}+{RUS,USA}","{CHN,RUS,USA}",0.3327256100678583,False,0.05312937940221893,0.017677505174129998,False,"CHN,RUS",,
0.98,MIXED_NONUNIQUE,True,propose,USA,"{CHN}+{RUS,USA}",{CHN}+{RUS}+{USA},0.6672743899321417,False,1.0,0.6672743899321417,True,,,
0.98,MIXED_NONUNIQUE,True,propose,USA,{CHN}+{RUS}+{USA},"{CHN,USA}+{RUS}",1.0,False,1.0,1.0,False,CHN,,
0.98,MIXED_NONUNIQUE,True,accept,CHN,"{CHN,RUS,USA}","{CHN,RUS}+{USA}",0.0,,,,,,-1.3405147671008422e-05,
0.98,MIXED_NONUNIQUE,True,accept,CHN,"{CHN,RUS,USA}","{CHN,USA}+{RUS}",1.0,,,,,,0.00010680628971648787,
0.98,MIXED_NONUNIQUE,True,accept,CHN,"{CHN,RUS,USA}","{CHN}+{RUS,USA}",0.0,,,,,,-2.0064815554832194e-05,
0.98,MIXED_NONUNIQUE,True,accept,CHN,"{CHN,RUS,USA}",{CHN}+{RUS}+{USA},0.0,,,,,,-4.5026251811464135e-06,
0.98,MIXED_NONUNIQUE,True,accept,CHN,"{CHN,RUS}+{USA}","{CHN,RUS,USA}",1.0,,,,,,1.3405147671008422e-05,"RUS,USA"
0.98,MIXED_NONUNIQUE,True,accept,CHN,"{CHN,RUS}+{USA}","{CHN,USA}+{RUS}",1.0,,,,,,0.00012021143738749629,
0.98,MIXED_NONUNIQUE,True,accept,CHN,"{CHN,RUS}+{USA}","{CHN}+{RUS,USA}",0.0,,,,,,-6.659667883823772e-06,
0.98,MIXED_NONUNIQUE,True,accept,CHN,"{CHN,RUS}+{USA}",{CHN}+{RUS}+{USA},1.0,,,,,,8.902522489862008e-06,
0.98,MIXED_NONUNIQUE,True,accept,CHN,"{CHN,USA}+{RUS}","{CHN,RUS,USA}",0.0,,,,,,-0.00010680628971648787,
0.98,MIXED_NONUNIQUE,True,accept,CHN,"{CHN,USA}+{RUS}","{CHN,RUS}+{USA}",0.0,,,,,,-0.00012021143738749629,
0.98,MIXED_NONUNIQUE,True,accept,CHN,"{CHN,USA}+{RUS}","{CHN}+{RUS,USA}",0.0,,,,,,-0.00012687110527132006,
0.98,MIXED_NONUNIQUE,True,accept,CHN,"{CHN,USA}+{RUS}",{CHN}+{RUS}+{USA},0.0,,,,,,-0.00011130891489763428,
0.98,MIXED_NONUNIQUE,True,accept,CHN,"{CHN}+{RUS,USA}","{CHN,RUS,USA}",1.0,,,,,,2.0064815554832194e-05,"RUS,USA"
0.98,MIXED_NONUNIQUE,True,accept,CHN,"{CHN}+{RUS,USA}","{CHN,RUS}+{USA}",1.0,,,,,,6.659667883823772e-06,
0.98,MIXED_NONUNIQUE,True,accept,CHN,"{CHN}+{RUS,USA}","{CHN,USA}+{RUS}",1.0,,,,,,0.00012687110527132006,
0.98,MIXED_NONUNIQUE,True,accept,CHN,{CHN}+{RUS}+{USA},"{CHN,RUS,USA}",1.0,,,,,,4.5026251811464135e-06,RUS
0.98,MIXED_NONUNIQUE,True,accept,CHN,{CHN}+{RUS}+{USA},"{CHN,RUS}+{USA}",0.0,,,,,,-8.902522489862008e-06,
0.98,MIXED_NONUNIQUE,True,accept,CHN,{CHN}+{RUS}+{USA},"{CHN,USA}+{RUS}",1.0,,,,,,0.00011130891489763428,USA
0.98,MIXED_NONUNIQUE,True,accept,RUS,"{CHN,RUS,USA}","{CHN,RUS}+{USA}",0.0,,,,,,-1.174491305766523e-06,
0.98,MIXED_NONUNIQUE,True,accept,RUS,"{CHN,RUS,USA}","{CHN,USA}+{RUS}",0.0,,,,,,-1.0490240672567097e-05,
0.98,MIXED_NONUNIQUE,True,accept,RUS,"{CHN,RUS,USA}","{CHN}+{RUS,USA}",0.5,,,,,,0.0,
0.98,MIXED_NONUNIQUE,True,accept,RUS,"{CHN,RUS,USA}",{CHN}+{RUS}+{USA},0.0,,,,,,-5.588557929536719e-06,
0.98,MIXED_NONUNIQUE,True,accept,RUS,"{CHN,RUS}+{USA}","{CHN,RUS,USA}",1.0,,,,,,1.174491305766523e-06,"CHN,USA"
0.98,MIXED_NONUNIQUE,True,accept,RUS,"{CHN,RUS}+{USA}","{CHN,USA}+{RUS}",0.0,,,,,,-9.315749366800574e-06,
0.98,MIXED_NONUNIQUE,True,accept,RUS,"{CHN,RUS}+{USA}","{CHN}+{RUS,USA}",1.0,,,,,,1.174491305766523e-06,
0.98,MIXED_NONUNIQUE,True,accept,RUS,"{CHN,RUS}+{USA}",{CHN}+{RUS}+{USA},0.0,,,,,,-4.4140666237701964e-06,
0.98,MIXED_NONUNIQUE,True,accept,RUS,"{CHN,USA}+{RUS}","{CHN,RUS,USA}",1.0,,,,,,1.0490240672567097e-05,
0.98,MIXED_NONUNIQUE,True,accept,RUS,"{CHN,USA}+{RUS}","{CHN,RUS}+{USA}",1.0,,,,,,9.315749366800574e-06,
0.98,MIXED_NONUNIQUE,True,accept,RUS,"{CHN,USA}+{RUS}","{CHN}+{RUS,USA}",1.0,,,,,,1.0490240672567097e-05,
0.98,MIXED_NONUNIQUE,True,accept,RUS,"{CHN}+{RUS,USA}","{CHN,RUS,USA}",0.05312937940221893,,,,,,0.0,"CHN,USA"
0.98,MIXED_NONUNIQUE,True,accept,RUS,"{CHN}+{RUS,USA}","{CHN,RUS}+{USA}",0.0,,,,,,-1.174491305766523e-06,
0.98,MIXED_NONUNIQUE,True,accept,RUS,"{CHN}+{RUS,USA}","{CHN,USA}+{RUS}",0.0,,,,,,-1.0490240672567097e-05,
0.98,MIXED_NONUNIQUE,True,accept,RUS,"{CHN}+{RUS,USA}",{CHN}+{RUS}+{USA},0.0,,,,,,-5.588557929536719e-06,
0.98,MIXED_NONUNIQUE,True,accept,RUS,{CHN}+{RUS}+{USA},"{CHN,RUS,USA}",1.0,,,,,,5.588557929536719e-06,
0.98,MIXED_NONUNIQUE,True,accept,RUS,{CHN}+{RUS}+{USA},"{CHN,RUS}+{USA}",1.0,,,,,,4.4140666237701964e-06,
0.98,MIXED_NONUNIQUE,True,accept,RUS,{CHN}+{RUS}+{USA},"{CHN}+{RUS,USA}",1.0,,,,,,5.588557929536719e-06,
0.98,MIXED_NONUNIQUE,True,accept,USA,"{CHN,RUS,USA}","{CHN,RUS}+{USA}",0.5,,,,,,0.0,
0.98,MIXED_NONUNIQUE,True,accept,USA,"{CHN,RUS,USA}","{CHN,USA}+{RUS}",1.0,,,,,,8.907539139180187e-06,
0.98,MIXED_NONUNIQUE,True,accept,USA,"{CHN,RUS,USA}","{CHN}+{RUS,USA}",0.0,,,,,,-9.67962062059513e-06,
0.98,MIXED_NONUNIQUE,True,accept,USA,"{CHN,RUS,USA}",{CHN}+{RUS}+{USA},0.0,,,,,,-9.165348384243543e-06,
0.98,MIXED_NONUNIQUE,True,accept,USA,"{CHN,RUS}+{USA}","{CHN,RUS,USA}",0.6641122282586127,,,,,,0.0,"CHN,RUS"
0.98,MIXED_NONUNIQUE,True,accept,USA,"{CHN,RUS}+{USA}","{CHN,USA}+{RUS}",1.0,,,,,,8.907539139180187e-06,
0.98,MIXED_NONUNIQUE,True,accept,USA,"{CHN,RUS}+{USA}","{CHN}+{RUS,USA}",0.0,,,,,,-9.67962062059513e-06,
0.98,MIXED_NONUNIQUE,True,accept,USA,"{CHN,USA}+{RUS}","{CHN,RUS,USA}",0.0,,,,,,-8.907539139180187e-06,
0.98,MIXED_NONUNIQUE,True,accept,USA,"{CHN,USA}+{RUS}","{CHN,RUS}+{USA}",0.0,,,,,,-8.907539139180187e-06,
0.98,MIXED_NONUNIQUE,True,accept,USA,"{CHN,USA}+{RUS}","{CHN}+{RUS,USA}",0.0,,,,,,-1.8587159759775318e-05,
0.98,MIXED_NONUNIQUE,True,accept,USA,"{CHN,USA}+{RUS}",{CHN}+{RUS}+{USA},0.0,,,,,,-1.807288752342373e-05,
0.98,MIXED_NONUNIQUE,True,accept,USA,"{CHN}+{RUS,USA}","{CHN,RUS,USA}",1.0,,,,,,9.67962062059513e-06,"CHN,RUS"
0.98,MIXED_NONUNIQUE,True,accept,USA,"{CHN}+{RUS,USA}","{CHN,RUS}+{USA}",1.0,,,,,,9.67962062059513e-06,
0.98,MIXED_NONUNIQUE,True,accept,USA,"{CHN}+{RUS,USA}","{CHN,USA}+{RUS}",1.0,,,,,,1.8587159759775318e-05,
0.98,MIXED_NONUNIQUE,True,accept,USA,"{CHN}+{RUS,USA}",{CHN}+{RUS}+{USA},1.0,,,,,,5.142722363515873e-07,
0.98,MIXED_NONUNIQUE,True,accept,USA,{CHN}+{RUS}+{USA},"{CHN,RUS,USA}",1.0,,,,,,9.165348384243543e-06,RUS
0.98,MIXED_NONUNIQUE,True,accept,USA,{CHN}+{RUS}+{USA},"{CHN,USA}+{RUS}",1.0,,,,,,1.807288752342373e-05,CHN
0.98,MIXED_NONUNIQUE,True,accept,USA,{CHN}+{RUS}+{USA},"{CHN}+{RUS,USA}",0.0,,,,,,-5.142722363515873e-07,
0.99,MIXED,False,propose,CHN,"{CHN,RUS,USA}","{CHN}+{RUS,USA}",1.0,False,1.0,1.0,True,,,
0.99,MIXED,False,propose,CHN,"{CHN,RUS}+{USA}",{CHN}+{RUS}+{USA},1.0,False,1.0,1.0,True,,,
0.99,MIXED,False,propose,CHN,"{CHN,USA}+{RUS}","{CHN,RUS,USA}",0.25,False,0.0,0.0,False,"RUS,USA",,
0.99,MIXED,False,propose,CHN,"{CHN,USA}+{RUS}","{CHN,RUS}+{USA}",0.25,False,0.0,0.0,False,"RUS,USA",,
0.99,MIXED,False,propose,CHN,"{CHN,USA}+{RUS}","{CHN,USA}+{RUS}",0.25,True,1.0,0.25,False,,,
0.99,MIXED,False,propose,CHN,"{CHN,USA}+{RUS}","{CHN}+{RUS,USA}",0.25,False,0.0,0.0,False,"RUS,USA",,
0.99,MIXED,False,propose,CHN,"{CHN}+{RUS,USA}","{CHN,RUS,USA}",0.2,False,0.0,0.0,False,"RUS,USA",,
0.99,MIXED,False,propose,CHN,"{CHN}+{RUS,USA}","{CHN,RUS}+{USA}",0.2,False,0.0,0.0,False,"RUS,USA",,
0.99,MIXED,False,propose,CHN,"{CHN}+{RUS,USA}","{CHN,USA}+{RUS}",0.2,False,0.0,0.0,False,"RUS,USA",,
0.99,MIXED,False,propose,CHN,"{CHN}+{RUS,USA}","{CHN}+{RUS,USA}",0.2,True,1.0,0.2,False,,,
0.99,MIXED,False,propose,CHN,"{CHN}+{RUS,USA}",{CHN}+{RUS}+{USA},0.2,False,0.0,0.0,False,"RUS,USA",,
0.99,MIXED,False,propose,CHN,{CHN}+{RUS}+{USA},"{CHN,USA}+{RUS}",1.0,False,1.0,1.0,False,USA,,
0.99,MIXED,False,propose,RUS,"{CHN,RUS,USA}","{CHN,RUS,USA}",0.25,True,1.0,0.25,False,,,
0.99,MIXED,False,propose,RUS,"{CHN,RUS,USA}","{CHN,RUS}+{USA}",0.25,False,0.0,0.0,False,"CHN,USA",,
0.99,MIXED,False,propose,RUS,"{CHN,RUS,USA}","{CHN}+{RUS,USA}",0.25,False,0.0,0.0,False,"CHN,USA",,
0.99,MIXED,False,propose,RUS,"{CHN,RUS,USA}",{CHN}+{RUS}+{USA},0.25,False,0.0,0.0,False,"CHN,USA",,
0.99,MIXED,False,propose,RUS,"{CHN,RUS}+{USA}","{CHN,RUS,USA}",0.3333333333333333,False,0.0,0.0,False,"CHN,USA",,
0.99,MIXED,False,propose,RUS,"{CHN,RUS}+{USA}","{CHN,RUS}+{USA}",0.3333333333333333,True,1.0,0.3333333333333333,False,,,
0.99,MIXED,False,propose,RUS,"{CHN,RUS}+{USA}","{CHN}+{RUS,USA}",0.3333333333333333,False,0.0,0.0,False,"CHN,USA",,
0.99,MIXED,False,propose,RUS,"{CHN,USA}+{RUS}","{CHN,RUS,USA}",0.2,False,0.0,0.0,False,"CHN,USA",,
0.99,MIXED,False,propose,RUS,"{CHN,USA}+{RUS}","{CHN,RUS}+{USA}",0.2,False,0.0,0.0,False,"CHN,USA",,
0.99,MIXED,False,propose,RUS,"{CHN,USA}+{RUS}","{CHN,USA}+{RUS}",0.2,True,1.0,0.2,False,,,
0.99,MIXED,False,propose,RUS,"{CHN,USA}+{RUS}","{CHN}+{RUS,USA}",0.2,False,0.0,0.0,False,"CHN,USA",,
0.99,MIXED,False,propose,RUS,"{CHN,USA}+{RUS}",{CHN}+{RUS}+{USA},0.2,False,0.0,0.0,False,"CHN,USA",,
0.99,MIXED,False,propose,RUS,"{CHN}+{RUS,USA}","{CHN,RUS,USA}",0.3333333333333333,False,0.0,0.0,False,"CHN,USA",,
0.99,MIXED,False,propose,RUS,"{CHN}+{RUS,USA}","{CHN,RUS}+{USA}",0.3333333333333333,False,0.0,0.0,False,"CHN,USA",,
0.99,MIXED,False,propose,RUS,"{CHN}+{RUS,USA}","{CHN}+{RUS,USA}",0.3333333333333333,True,1.0,0.3333333333333333,False,,,
0.99,MIXED,False,propose,RUS,{CHN}+{RUS}+{USA},"{CHN,RUS,USA}",0.25,False,0.0,0.0,False,"CHN,USA",,
0.99,MIXED,False,propose,RUS,{CHN}+{RUS}+{USA},"{CHN,RUS}+{USA}",0.25,False,0.0,0.0,False,CHN,,
0.99,MIXED,False,propose,RUS,{CHN}+{RUS}+{USA},"{CHN}+{RUS,USA}",0.25,False,0.0,0.0,False,USA,,
0.99,MIXED,False,propose,RUS,{CHN}+{RUS}+{USA},{CHN}+{RUS}+{USA},0.25,True,1.0,0.25,False,,,
0.99,MIXED,False,propose,USA,"{CHN,RUS,USA}","{CHN,RUS}+{USA}",1.0,False,1.0,1.0,True,,,
0.99,MIXED,False,propose,USA,"{CHN,RUS}+{USA}","{CHN,RUS}+{USA}",0.3333333333333333,True,1.0,0.3333333333333333,False,,,
0.99,MIXED,False,propose,USA,"{CHN,RUS}+{USA}","{CHN,USA}+{RUS}",0.3333333333333333,False,0.0,0.0,False,"CHN,RUS",,
0.99,MIXED,False,propose,USA,"{CHN,RUS}+{USA}",{CHN}+{RUS}+{USA},0.3333333333333333,False,0.0,0.0,False,"CHN,RUS",,
0.99,MIXED,False,propose,USA,"{CHN,USA}+{RUS}","{CHN,RUS,USA}",0.25,False,0.0,0.0,False,"CHN,RUS",,
0.99,MIXED,False,propose,USA,"{CHN,USA}+{RUS}","{CHN,RUS}+{USA}",0.25,False,0.0,0.0,False,"CHN,RUS",,
0.99,MIXED,False,propose,USA,"{CHN,USA}+{RUS}","{CHN,USA}+{RUS}",0.25,True,1.0,0.25,False,,,
0.99,MIXED,False,propose,USA,"{CHN,USA}+{RUS}","{CHN}+{RUS,USA}",0.25,False,0.0,0.0,False,"CHN,RUS",,
0.99,MIXED,False,propose,USA,"{CHN}+{RUS,USA}",{CHN}+{RUS}+{USA},1.0,False,1.0,1.0,True,,,
0.99,MIXED,False,propose,USA,{CHN}+{RUS}+{USA},"{CHN,USA}+{RUS}",1.0,False,1.0,1.0,False,CHN,,
0.99,MIXED,False,accept,CHN,"{CHN,RUS,USA}","{CHN,RUS}+{USA}",0.0,,,,,,-1.216008596927054e-06,RUS
0.99,MIXED,False,accept,CHN,"{CHN,RUS,USA}","{CHN,USA}+{RUS}",1.0,,,,,,6.988627865922581e-05,
0.99,MIXED,False,accept,CHN,"{CHN,RUS,USA}","{CHN}+{RUS,USA}",1.0,,,,,,1.2568790790368212e-06,RUS
0.99,MIXED,False,accept,CHN,"{CHN,RUS,USA}",{CHN}+{RUS}+{USA},1.0,,,,,,1.2857278468558775e-05,RUS
0.99,MIXED,False,accept,CHN,"{CHN,RUS}+{USA}","{CHN,RUS,USA}",1.0,,,,,,1.216008596927054e-06,RUS
0.99,MIXED,False,accept,CHN,"{CHN,RUS}+{USA}","{CHN,USA}+{RUS}",1.0,,,,,,7.110228725615286e-05,USA
0.99,MIXED,False,accept,CHN,"{CHN,RUS}+{USA}","{CHN}+{RUS,USA}",1.0,,,,,,2.472887675963875e-06,RUS
0.99,MIXED,False,accept,CHN,"{CHN,RUS}+{USA}",{CHN}+{RUS}+{USA},1.0,,,,,,1.4073287065485829e-05,USA
0.99,MIXED,False,accept,CHN,"{CHN,USA}+{RUS}","{CHN,RUS,USA}",0.0,,,,,,-6.988627865922581e-05,"RUS,USA"
0.99,MIXED,False,accept,CHN,"{CHN,USA}+{RUS}","{CHN,RUS}+{USA}",0.0,,,,,,-7.110228725615286e-05,"RUS,USA"
0.99,MIXED,False,accept,CHN,"{CHN,USA}+{RUS}","{CHN}+{RUS,USA}",0.0,,,,,,-6.862939958018899e-05,"RUS,USA"
0.99,MIXED,False,accept,CHN,"{CHN,USA}+{RUS}",{CHN}+{RUS}+{USA},0.0,,,,,,-5.7029000190667034e-05,RUS
0.99,MIXED,False,accept,CHN,"{CHN}+{RUS,USA}","{CHN,RUS,USA}",0.0,,,,,,-1.2568790790368212e-06,RUS
0.99,MIXED,False,accept,CHN,"{CHN}+{RUS,USA}","{CHN,RUS}+{USA}",0.0,,,,,,-2.472887675963875e-06,RUS
0.99,MIXED,False,accept,CHN,"{CHN}+{RUS,USA}","{CHN,USA}+{RUS}",1.0,,,,,,6.862939958018899e-05,
0.99,MIXED,False,accept,CHN,{CHN}+{RUS}+{USA},"{CHN,RUS,USA}",0.0,,,,,,-1.2857278468558775e-05,RUS
0.99,MIXED,False,accept,CHN,{CHN}+{RUS}+{USA},"{CHN,RUS}+{USA}",0.0,,,,,,-1.4073287065485829e-05,RUS
0.99,MIXED,False,accept,CHN,{CHN}+{RUS}+{USA},"{CHN,USA}+{RUS}",1.0,,,,,,5.7029000190667034e-05,USA
0.99,MIXED,False,accept,RUS,"{CHN,RUS,USA}","{CHN,RUS}+{USA}",0.0,,,,,,-7.35055179612587e-07,
0.99,MIXED,False,accept,RUS,"{CHN,RUS,USA}","{CHN,USA}+{RUS}",0.0,,,,,,-2.761826331409978e-06,
0.99,MIXED,False,accept,RUS,"{CHN,RUS,USA}","{CHN}+{RUS,USA}",1.0,,,,,,4.064191005959117e-07,
0.99,MIXED,False,accept,RUS,"{CHN,RUS,USA}",{CHN}+{RUS}+{USA},0.0,,,,,,-1.6611764881435676e-06,
0.99,MIXED,False,accept,RUS,"{CHN,RUS}+{USA}","{CHN,RUS,USA}",1.0,,,,,,7.35055179612587e-07,
0.99,MIXED,False,accept,RUS,"{CHN,RUS}+{USA}","{CHN,USA}+{RUS}",0.0,,,,,,-2.0267711517973908e-06,USA
0.99,MIXED,False,accept,RUS,"{CHN,RUS}+{USA}","{CHN}+{RUS,USA}",1.0,,,,,,1.1414742802084987e-06,
0.99,MIXED,False,accept,RUS,"{CHN,RUS}+{USA}",{CHN}+{RUS}+{USA},0.0,,,,,,-9.261213085309805e-07,USA
0.99,MIXED,False,accept,RUS,"{CHN,USA}+{RUS}","{CHN,RUS,USA}",1.0,,,,,,2.761826331409978e-06,"CHN,USA"
0.99,MIXED,False,accept,RUS,"{CHN,USA}+{RUS}","{CHN,RUS}+{USA}",1.0,,,,,,2.0267711517973908e-06,"CHN,USA"
0.99,MIXED,False,accept,RUS,"{CHN,USA}+{RUS}","{CHN}+{RUS,USA}",1.0,,,,,,3.1682454320058895e-06,"CHN,USA"
0.99,MIXED,False,accept,RUS,"{CHN}+{RUS,USA}","{CHN,RUS,USA}",0.0,,,,,,-4.064191005959117e-07,CHN
0.99,MIXED,False,accept,RUS,"{CHN}+{RUS,USA}","{CHN,RUS}+{USA}",0.0,,,,,,-1.1414742802084987e-06,CHN
0.99,MIXED,False,accept,RUS,"{CHN}+{RUS,USA}","{CHN,USA}+{RUS}",0.0,,,,,,-3.1682454320058895e-06,CHN
0.99,MIXED,False,accept,RUS,"{CHN}+{RUS,USA}",{CHN}+{RUS}+{USA},0.0,,,,,,-2.0675955887394792e-06,CHN
0.99,MIXED,False,accept,RUS,{CHN}+{RUS}+{USA},"{CHN,RUS,USA}",1.0,,,,,,1.6611764881435676e-06,
0.99,MIXED,False,accept,RUS,{CHN}+{RUS}+{USA},"{CHN,RUS}+{USA}",1.0,,,,,,9.261213085309805e-07,
0.99,MIXED,False,accept,RUS,{CHN}+{RUS}+{USA},"{CHN}+{RUS,USA}",1.0,,,,,,2.0675955887394792e-06,
0.99,MIXED,False,accept,USA,"{CHN,RUS,USA}","{CHN,RUS}+{USA}",1.0,,,,,,2.8407601910807045e-06,RUS
0.99,MIXED,False,accept,USA,"{CHN,RUS,USA}","{CHN,USA}+{RUS}",1.0,,,,,,1.098933028043092e-05,
0.99,MIXED,False,accept,USA,"{CHN,RUS,USA}","{CHN}+{RUS,USA}",0.0,,,,,,-2.9038447704188286e-06,RUS
0.99,MIXED,False,accept,USA,"{CHN,RUS,USA}",{CHN}+{RUS}+{USA},0.0,,,,,,-3.2640957359220124e-07,RUS
0.99,MIXED,False,accept,USA,"{CHN,RUS}+{USA}","{CHN,RUS,USA}",0.0,,,,,,-2.8407601910807045e-06,RUS
0.99,MIXED,False,accept,USA,"{CHN,RUS}+{USA}","{CHN,USA}+{RUS}",1.0,,,,,,8.148570089350216e-06,
0.99,MIXED,False,accept,USA,"{CHN,RUS}+{USA}","{CHN}+{RUS,USA}",0.0,,,,,,-5.744604961499533e-06,RUS
0.99,MIXED,False,accept,USA,"{CHN,USA}+{RUS}","{CHN,RUS,USA}",0.0,,,,,,-1.098933028043092e-05,"CHN,RUS"
0.99,MIXED,False,accept,USA,"{CHN,USA}+{RUS}","{CHN,RUS}+{USA}",0.0,,,,,,-8.148570089350216e-06,"CHN,RUS"
0.99,MIXED,False,accept,USA,"{CHN,USA}+{RUS}","{CHN}+{RUS,USA}",0.0,,,,,,-1.3893175050849749e-05,"CHN,RUS"
0.99,MIXED,False,accept,USA,"{CHN,USA}+{RUS}",{CHN}+{RUS}+{USA},0.0,,,,,,-1.1315739854023121e-05,RUS
0.99,MIXED,False,accept,USA,"{CHN}+{RUS,USA}","{CHN,RUS,USA}",1.0,,,,,,2.9038447704188286e-06,"CHN,RUS"
0.99,MIXED,False,accept,USA,"{CHN}+{RUS,USA}","{CHN,RUS}+{USA}",1.0,,,,,,5.744604961499533e-06,"CHN,RUS"
0.99,MIXED,False,accept,USA,"{CHN}+{RUS,USA}","{CHN,USA}+{RUS}",1.0,,,,,,1.3893175050849749e-05,CHN
0.99,MIXED,False,accept,USA,"{CHN}+{RUS,USA}",{CHN}+{RUS}+{USA},1.0,,,,,,2.5774351968266274e-06,CHN
0.99,MIXED,False,accept,USA,{CHN}+{RUS}+{USA},"{CHN,RUS,USA}",1.0,,,,,,3.2640957359220124e-07,RUS
0.99,MIXED,False,accept,USA,{CHN}+{RUS}+{USA},"{CHN,USA}+{RUS}",1.0,,,,,,1.1315739854023121e-05,CHN
0.99,MIXED,False,accept,USA,{CHN}+{RUS}+{USA},"{CHN}+{RUS,USA}",0.0,,,,,,-2.5774351968266274e-06,RUS
0.995,PURE,False,propose,CHN,"{CHN,RUS,USA}","{CHN}+{RUS,USA}",1.0,False,1.0,1.0,True,,,
0.995,PURE,False,propose,CHN,"{CHN,RUS}+{USA}",{CHN}+{RUS}+{USA},1.0,False,1.0,1.0,True,,,
0.995,PURE,False,propose,CHN,"{CHN,USA}+{RUS}","{CHN,USA}+{RUS}",1.0,True,1.0,1.0,False,,,
0.995,PURE,False,propose,CHN,"{CHN}+{RUS,USA}","{CHN}+{RUS,USA}",1.0,True,1.0,1.0,False,,,
0.995,PURE,False,propose,CHN,{CHN}+{RUS}+{USA},"{CHN,USA}+{RUS}",1.0,False,1.0,1.0,False,USA,,
0.995,PURE,False,propose,RUS,"{CHN,RUS,USA}","{CHN,RUS,USA}",1.0,True,1.0,1.0,False,,,
0.995,PURE,False,propose,RUS,"{CHN,RUS}+{USA}","{CHN,RUS}+{USA}",1.0,True,1.0,1.0,False,,,
0.995,PURE,False,propose,RUS,"{CHN,USA}+{RUS}","{CHN,USA}+{RUS}",1.0,True,1.0,1.0,False,,,
0.995,PURE,False,propose,RUS,"{CHN}+{RUS,USA}","{CHN}+{RUS,USA}",1.0,True,1.0,1.0,False,,,
0.995,PURE,False,propose,RUS,{CHN}+{RUS}+{USA},{CHN}+{RUS}+{USA},1.0,True,1.0,1.0,False,,,
0.995,PURE,False,propose,USA,"{CHN,RUS,USA}","{CHN,RUS}+{USA}",1.0,False,1.0,1.0,True,,,
0.995,PURE,False,propose,USA,"{CHN,RUS}+{USA}","{CHN,RUS}+{USA}",1.0,True,1.0,1.0,False,,,
0.995,PURE,False,propose,USA,"{CHN,USA}+{RUS}","{CHN,USA}+{RUS}",1.0,True,1.0,1.0,False,,,
0.995,PURE,False,propose,USA,"{CHN}+{RUS,USA}",{CHN}+{RUS}+{USA},1.0,False,1.0,1.0,True,,,
0.995,PURE,False,propose,USA,{CHN}+{RUS}+{USA},"{CHN,USA}+{RUS}",1.0,False,1.0,1.0,False,CHN,,
0.995,PURE,False,accept,CHN,"{CHN,RUS,USA}","{CHN,RUS}+{USA}",0.0,,,,,,-3.569239837020177e-07,
0.995,PURE,False,accept,CHN,"{CHN,RUS,USA}","{CHN,USA}+{RUS}",1.0,,,,,,3.575742447026187e-05,
0.995,PURE,False,accept,CHN,"{CHN,RUS,USA}","{CHN}+{RUS,USA}",1.0,,,,,,8.917618732340316e-07,
0.995,PURE,False,accept,CHN,"{CHN,RUS,USA}",{CHN}+{RUS}+{USA},1.0,,,,,,7.171815894935207e-06,
0.995,PURE,False,accept,CHN,"{CHN,RUS}+{USA}","{CHN,RUS,USA}",1.0,,,,,,3.569239837020177e-07,
0.995,PURE,False,accept,CHN,"{CHN,RUS}+{USA}","{CHN,USA}+{RUS}",1.0,,,,,,3.6114348453963885e-05,
0.995,PURE,False,accept,CHN,"{CHN,RUS}+{USA}","{CHN}+{RUS,USA}",1.0,,,,,,1.2486858569360493e-06,
0.995,PURE,False,accept,CHN,"{CHN,RUS}+{USA}",{CHN}+{RUS}+{USA},1.0,,,,,,7.528739878637225e-06,
0.995,PURE,False,accept,CHN,"{CHN,USA}+{RUS}","{CHN,RUS,USA}",0.0,,,,,,-3.575742447026187e-05,
0.995,PURE,False,accept,CHN,"{CHN,USA}+{RUS}","{CHN,RUS}+{USA}",0.0,,,,,,-3.6114348453963885e-05,
0.995,PURE,False,accept,CHN,"{CHN,USA}+{RUS}","{CHN}+{RUS,USA}",0.0,,,,,,-3.4865662597027836e-05,
0.995,PURE,False,accept,CHN,"{CHN,USA}+{RUS}",{CHN}+{RUS}+{USA},0.0,,,,,,-2.858560857532666e-05,
0.995,PURE,False,accept,CHN,"{CHN}+{RUS,USA}","{CHN,RUS,USA}",0.0,,,,,,-8.917618732340316e-07,
0.995,PURE,False,accept,CHN,"{CHN}+{RUS,USA}","{CHN,RUS}+{USA}",0.0,,,,,,-1.2486858569360493e-06,
0.995,PURE,False,accept,CHN,"{CHN}+{RUS,USA}","{CHN,USA}+{RUS}",1.0,,,,,,3.4865662597027836e-05,
0.995,PURE,False,accept,CHN,{CHN}+{RUS}+{USA},"{CHN,RUS,USA}",0.0,,,,,,-7.171815894935207e-06,
0.995,PURE,False,accept,CHN,{CHN}+{RUS}+{USA},"{CHN,RUS}+{USA}",0.0,,,,,,-7.528739878637225e-06,
0.995,PURE,False,accept,CHN,{CHN}+{RUS}+{USA},"{CHN,USA}+{RUS}",1.0,,,,,,2.858560857532666e-05,USA
0.995,PURE,False,accept,RUS,"{CHN,RUS,USA}","{CHN,RUS}+{USA}",0.0,,,,,,-3.801475734199755e-07,
0.995,PURE,False,accept,RUS,"{CHN,RUS,USA}","{CHN,USA}+{RUS}",0.0,,,,,,-1.407643050121976e-06,
0.995,PURE,False,accept,RUS,"{CHN,RUS,USA}","{CHN}+{RUS,USA}",1.0,,,,,,1.9624042946198017e-07,
0.995,PURE,False,accept,RUS,"{CHN,RUS,USA}",{CHN}+{RUS}+{USA},0.0,,,,,,-8.559457471690735e-07,
0.995,PURE,False,accept,RUS,"{CHN,RUS}+{USA}","{CHN,RUS,USA}",1.0,,,,,,3.801475734199755e-07,
0.995,PURE,False,accept,RUS,"{CHN,RUS}+{USA}","{CHN,USA}+{RUS}",0.0,,,,,,-1.0274954767020006e-06,
0.995,PURE,False,accept,RUS,"{CHN,RUS}+{USA}","{CHN}+{RUS,USA}",1.0,,,,,,5.763880028819557e-07,
0.995,PURE,False,accept,RUS,"{CHN,RUS}+{USA}",{CHN}+{RUS}+{USA},0.0,,,,,,-4.7579817374909794e-07,
0.995,PURE,False,accept,RUS,"{CHN,USA}+{RUS}","{CHN,RUS,USA}",1.0,,,,,,1.407643050121976e-06,
0.995,PURE,False,accept,RUS,"{CHN,USA}+{RUS}","{CHN,RUS}+{USA}",1.0,,,,,,1.0274954767020006e-06,
0.995,PURE,False,accept,RUS,"{CHN,USA}+{RUS}","{CHN}+{RUS,USA}",1.0,,,,,,1.6038834795839563e-06,
0.995,PURE,False,accept,RUS,"{CHN}+{RUS,USA}","{CHN,RUS,USA}",0.0,,,,,,-1.9624042946198017e-07,
0.995,PURE,False,accept,RUS,"{CHN}+{RUS,USA}","{CHN,RUS}+{USA}",0.0,,,,,,-5.763880028819557e-07,
0.995,PURE,False,accept,RUS,"{CHN}+{RUS,USA}","{CHN,USA}+{RUS}",0.0,,,,,,-1.6038834795839563e-06,
0.995,PURE,False,accept,RUS,"{CHN}+{RUS,USA}",{CHN}+{RUS}+{USA},0.0,,,,,,-1.0521861766310536e-06,
0.995,PURE,False,accept,RUS,{CHN}+{RUS}+{USA},"{CHN,RUS,USA}",1.0,,,,,,8.559457471690735e-07,
0.995,PURE,False,accept,RUS,{CHN}+{RUS}+{USA},"{CHN,RUS}+{USA}",1.0,,,,,,4.7579817374909794e-07,
0.995,PURE,False,accept,RUS,{CHN}+{RUS}+{USA},"{CHN}+{RUS,USA}",1.0,,,,,,1.0521861766310536e-06,
0.995,PURE,False,accept,USA,"{CHN,RUS,USA}","{CHN,RUS}+{USA}",1.0,,,,,,1.4750635894955622e-06,
0.995,PURE,False,accept,USA,"{CHN,RUS,USA}","{CHN,USA}+{RUS}",1.0,,,,,,5.631597202793159e-06,
0.995,PURE,False,accept,USA,"{CHN,RUS,USA}","{CHN}+{RUS,USA}",0.0,,,,,,-1.4256775298093771e-06,
0.995,PURE,False,accept,USA,"{CHN,RUS,USA}",{CHN}+{RUS}+{USA},0.0,,,,,,-4.0382125643390054e-08,
0.995,PURE,False,accept,USA,"{CHN,RUS}+{USA}","{CHN,RUS,USA}",0.0,,,,,,-1.4750635894955622e-06,
0.995,PURE,False,accept,USA,"{CHN,RUS}+{USA}","{CHN,USA}+{RUS}",1.0,,,,,,4.156533613297597e-06,
0.995,PURE,False,accept,USA,"{CHN,RUS}+{USA}","{CHN}+{RUS,USA}",0.0,,,,,,-2.9007411193049393e-06,
0.995,PURE,False,accept,USA,"{CHN,USA}+{RUS}","{CHN,RUS,USA}",0.0,,,,,,-5.631597202793159e-06,
0.995,PURE,False,accept,USA,"{CHN,USA}+{RUS}","{CHN,RUS}+{USA}",0.0,,,,,,-4.156533613297597e-06,
0.995,PURE,False,accept,USA,"{CHN,USA}+{RUS}","{CHN}+{RUS,USA}",0.0,,,,,,-7.0572747326025365e-06,
0.995,PURE,False,accept,USA,"{CHN,USA}+{RUS}",{CHN}+{RUS}+{USA},0.0,,,,,,-5.671979328436549e-06,
0.995,PURE,False,accept,USA,"{CHN}+{RUS,USA}","{CHN,RUS,USA}",1.0,,,,,,1.4256775298093771e-06,
0.995,PURE,False,accept,USA,"{CHN}+{RUS,USA}","{CHN,RUS}+{USA}",1.0,,,,,,2.9007411193049393e-06,
0.995,PURE,False,accept,USA,"{CHN}+{RUS,USA}","{CHN,USA}+{RUS}",1.0,,,,,,7.0572747326025365e-06,
0.995,PURE,False,accept,USA,"{CHN}+{RUS,USA}",{CHN}+{RUS}+{USA},1.0,,,,,,1.385295404165987e-06,
0.995,PURE,False,accept,USA,{CHN}+{RUS}+{USA},"{CHN,RUS,USA}",1.0,,,,,,4.0382125643390054e-08,
0.995,PURE,False,accept,USA,{CHN}+{RUS}+{USA},"{CHN,USA}+{RUS}",1.0,,,,,,5.671979328436549e-06,CHN
0.995,PURE,False,accept,USA,{CHN}+{RUS}+{USA},"{CHN}+{RUS,USA}",0.0,,,,,,-1.385295404165987e-06,
0.997,PURE,False,propose,CHN,"{CHN,RUS,USA}","{CHN}+{RUS,USA}",1.0,False,1.0,1.0,True,,,
0.997,PURE,False,propose,CHN,"{CHN,RUS}+{USA}",{CHN}+{RUS}+{USA},1.0,False,1.0,1.0,True,,,
0.997,PURE,False,propose,CHN,"{CHN,USA}+{RUS}","{CHN,USA}+{RUS}",1.0,True,1.0,1.0,False,,,
0.997,PURE,False,propose,CHN,"{CHN}+{RUS,USA}","{CHN}+{RUS,USA}",1.0,True,1.0,1.0,False,,,
0.997,PURE,False,propose,CHN,{CHN}+{RUS}+{USA},"{CHN,USA}+{RUS}",1.0,False,1.0,1.0,False,USA,,
0.997,PURE,False,propose,RUS,"{CHN,RUS,USA}","{CHN,RUS,USA}",1.0,True,1.0,1.0,False,,,
0.997,PURE,False,propose,RUS,"{CHN,RUS}+{USA}","{CHN,RUS}+{USA}",1.0,True,1.0,1.0,False,,,
0.997,PURE,False,propose,RUS,"{CHN,USA}+{RUS}","{CHN,USA}+{RUS}",1.0,True,1.0,1.0,False,,,
0.997,PURE,False,propose,RUS,"{CHN}+{RUS,USA}","{CHN}+{RUS,USA}",1.0,True,1.0,1.0,False,,,
0.997,PURE,False,propose,RUS,{CHN}+{RUS}+{USA},{CHN}+{RUS}+{USA},1.0,True,1.0,1.0,False,,,
0.997,PURE,False,propose,USA,"{CHN,RUS,USA}","{CHN,RUS}+{USA}",1.0,False,1.0,1.0,True,,,
0.997,PURE,False,propose,USA,"{CHN,RUS}+{USA}","{CHN,RUS}+{USA}",1.0,True,1.0,1.0,False,,,
0.997,PURE,False,propose,USA,"{CHN,USA}+{RUS}","{CHN,USA}+{RUS}",1.0,True,1.0,1.0,False,,,
0.997,PURE,False,propose,USA,"{CHN}+{RUS,USA}",{CHN}+{RUS}+{USA},1.0,False,1.0,1.0,True,,,
0.997,PURE,False,propose,USA,{CHN}+{RUS}+{USA},"{CHN,USA}+{RUS}",1.0,False,1.0,1.0,False,CHN,,
0.997,PURE,False,accept,CHN,"{CHN,RUS,USA}","{CHN,RUS}+{USA}",0.0,,,,,,-1.523072441500517e-07,
0.997,PURE,False,accept,CHN,"{CHN,RUS,USA}","{CHN,USA}+{RUS}",1.0,,,,,,2.1653529925558246e-05,
0.997,PURE,False,accept,CHN,"{CHN,RUS,USA}","{CHN}+{RUS,USA}",1.0,,,,,,5.998832417475342e-07,
0.997,PURE,False,accept,CHN,"{CHN,RUS,USA}",{CHN}+{RUS}+{USA},1.0,,,,,,4.485039104551447e-06,
0.997,PURE,False,accept,CHN,"{CHN,RUS}+{USA}","{CHN,RUS,USA}",1.0,,,,,,1.523072441500517e-07,
0.997,PURE,False,accept,CHN,"{CHN,RUS}+{USA}","{CHN,USA}+{RUS}",1.0,,,,,,2.1805837169708298e-05,
0.997,PURE,False,accept,CHN,"{CHN,RUS}+{USA}","{CHN}+{RUS,USA}",1.0,,,,,,7.521904858975859e-07,
0.997,PURE,False,accept,CHN,"{CHN,RUS}+{USA}",{CHN}+{RUS}+{USA},1.0,,,,,,4.637346348701499e-06,
0.997,PURE,False,accept,CHN,"{CHN,USA}+{RUS}","{CHN,RUS,USA}",0.0,,,,,,-2.1653529925558246e-05,
0.997,PURE,False,accept,CHN,"{CHN,USA}+{RUS}","{CHN,RUS}+{USA}",0.0,,,,,,-2.1805837169708298e-05,
0.997,PURE,False,accept,CHN,"{CHN,USA}+{RUS}","{CHN}+{RUS,USA}",0.0,,,,,,-2.105364668381071e-05,
0.997,PURE,False,accept,CHN,"{CHN,USA}+{RUS}",{CHN}+{RUS}+{USA},0.0,,,,,,-1.71684908210068e-05,
0.997,PURE,False,accept,CHN,"{CHN}+{RUS,USA}","{CHN,RUS,USA}",0.0,,,,,,-5.998832417475342e-07,
0.997,PURE,False,accept,CHN,"{CHN}+{RUS,USA}","{CHN,RUS}+{USA}",0.0,,,,,,-7.521904858975859e-07,
0.997,PURE,False,accept,CHN,"{CHN}+{RUS,USA}","{CHN,USA}+{RUS}",1.0,,,,,,2.105364668381071e-05,
0.997,PURE,False,accept,CHN,{CHN}+{RUS}+{USA},"{CHN,RUS,USA}",0.0,,,,,,-4.485039104551447e-06,
0.997,PURE,False,accept,CHN,{CHN}+{RUS}+{USA},"{CHN,RUS}+{USA}",0.0,,,,,,-4.637346348701499e-06,
0.997,PURE,False,accept,CHN,{CHN}+{RUS}+{USA},"{CHN,USA}+{RUS}",1.0,,,,,,1.71684908210068e-05,USA
0.997,PURE,False,accept,RUS,"{CHN,RUS,USA}","{CHN,RUS}+{USA}",0.0,,,,,,-2.3117733571886845e-07,
0.997,PURE,False,accept,RUS,"{CHN,RUS,USA}","{CHN,USA}+{RUS}",0.0,,,,,,-8.511115570097871e-07,
0.997,PURE,False,accept,RUS,"{CHN,RUS,USA}","{CHN}+{RUS,USA}",1.0,,,,,,1.1603054672626456e-07,
0.997,PURE,False,accept,RUS,"{CHN,RUS,USA}",{CHN}+{RUS}+{USA},0.0,,,,,,-5.197626526953769e-07,
0.997,PURE,False,accept,RUS,"{CHN,RUS}+{USA}","{CHN,RUS,USA}",1.0,,,,,,2.3117733571886845e-07,
0.997,PURE,False,accept,RUS,"{CHN,RUS}+{USA}","{CHN,USA}+{RUS}",0.0,,,,,,-6.199342212909187e-07,
0.997,PURE,False,accept,RUS,"{CHN,RUS}+{USA}","{CHN}+{RUS,USA}",1.0,,,,,,3.47207882445133e-07,
0.997,PURE,False,accept,RUS,"{CHN,RUS}+{USA}",{CHN}+{RUS}+{USA},0.0,,,,,,-2.8858531697650847e-07,
0.997,PURE,False,accept,RUS,"{CHN,USA}+{RUS}","{CHN,RUS,USA}",1.0,,,,,,8.511115570097871e-07,
0.997,PURE,False,accept,RUS,"{CHN,USA}+{RUS}","{CHN,RUS}+{USA}",1.0,,,,,,6.199342212909187e-07,
0.997,PURE,False,accept,RUS,"{CHN,USA}+{RUS}","{CHN}+{RUS,USA}",1.0,,,,,,9.671421037360517e-07,
0.997,PURE,False,accept,RUS,"{CHN}+{RUS,USA}","{CHN,RUS,USA}",0.0,,,,,,-1.1603054672626456e-07,
0.997,PURE,False,accept,RUS,"{CHN}+{RUS,USA}","{CHN,RUS}+{USA}",0.0,,,,,,-3.47207882445133e-07,
0.997,PURE,False,accept,RUS,"{CHN}+{RUS,USA}","{CHN,USA}+{RUS}",0.0,,,,,,-9.671421037360517e-07,
0.997,PURE,False,accept,RUS,"{CHN}+{RUS,USA}",{CHN}+{RUS}+{USA},0.0,,,,,,-6.357931994216415e-07,
0.997,PURE,False,accept,RUS,{CHN}+{RUS}+{USA},"{CHN,RUS,USA}",1.0,,,,,,5.197626526953769e-07,
0.997,PURE,False,accept,RUS,{CHN}+{RUS}+{USA},"{CHN,RUS}+{USA}",1.0,,,,,,2.8858531697650847e-07,
0.997,PURE,False,accept,RUS,{CHN}+{RUS}+{USA},"{CHN}+{RUS,USA}",1.0,,,,,,6.357931994216415e-07,
0.997,PURE,False,accept,USA,"{CHN,RUS,USA}","{CHN,RUS}+{USA}",1.0,,,,,,8.984847519322159e-07,
0.997,PURE,False,accept,USA,"{CHN,RUS,USA}","{CHN,USA}+{RUS}",1.0,,,,,,3.412454574025503e-06,
0.997,PURE,False,accept,USA,"{CHN,RUS,USA}","{CHN}+{RUS,USA}",0.0,,,,,,-8.488801768180565e-07,
0.997,PURE,False,accept,USA,"{CHN,RUS,USA}",{CHN}+{RUS}+{USA},1.0,,,,,,5.868886709947674e-09,
0.997,PURE,False,accept,USA,"{CHN,RUS}+{USA}","{CHN,RUS,USA}",0.0,,,,,,-8.984847519322159e-07,
0.997,PURE,False,accept,USA,"{CHN,RUS}+{USA}","{CHN,USA}+{RUS}",1.0,,,,,,2.513969822093287e-06,
0.997,PURE,False,accept,USA,"{CHN,RUS}+{USA}","{CHN}+{RUS,USA}",0.0,,,,,,-1.7473649287502724e-06,
0.997,PURE,False,accept,USA,"{CHN,USA}+{RUS}","{CHN,RUS,USA}",0.0,,,,,,-3.412454574025503e-06,
0.997,PURE,False,accept,USA,"{CHN,USA}+{RUS}","{CHN,RUS}+{USA}",0.0,,,,,,-2.513969822093287e-06,
0.997,PURE,False,accept,USA,"{CHN,USA}+{RUS}","{CHN}+{RUS,USA}",0.0,,,,,,-4.2613347508435595e-06,
0.997,PURE,False,accept,USA,"{CHN,USA}+{RUS}",{CHN}+{RUS}+{USA},0.0,,,,,,-3.4065856873155553e-06,
0.997,PURE,False,accept,USA,"{CHN}+{RUS,USA}","{CHN,RUS,USA}",1.0,,,,,,8.488801768180565e-07,
0.997,PURE,False,accept,USA,"{CHN}+{RUS,USA}","{CHN,RUS}+{USA}",1.0,,,,,,1.7473649287502724e-06,
0.997,PURE,False,accept,USA,"{CHN}+{RUS,USA}","{CHN,USA}+{RUS}",1.0,,,,,,4.2613347508435595e-06,
0.997,PURE,False,accept,USA,"{CHN}+{RUS,USA}",{CHN}+{RUS}+{USA},1.0,,,,,,8.547490635280042e-07,
0.997,PURE,False,accept,USA,{CHN}+{RUS}+{USA},"{CHN,RUS,USA}",0.0,,,,,,-5.868886709947674e-09,
0.997,PURE,False,accept,USA,{CHN}+{RUS}+{USA},"{CHN,USA}+{RUS}",1.0,,,,,,3.4065856873155553e-06,CHN
0.997,PURE,False,accept,USA,{CHN}+{RUS}+{USA},"{CHN}+{RUS,USA}",0.0,,,,,,-8.547490635280042e-07,
0.999,PURE,False,propose,CHN,"{CHN,RUS,USA}","{CHN}+{RUS,USA}",1.0,False,1.0,1.0,True,,,
0.999,PURE,False,propose,CHN,"{CHN,RUS}+{USA}",{CHN}+{RUS}+{USA},1.0,False,1.0,1.0,True,,,
0.999,PURE,False,propose,CHN,"{CHN,USA}+{RUS}","{CHN,USA}+{RUS}",1.0,True,1.0,1.0,False,,,
0.999,PURE,False,propose,CHN,"{CHN}+{RUS,USA}","{CHN}+{RUS,USA}",1.0,True,1.0,1.0,False,,,
0.999,PURE,False,propose,CHN,{CHN}+{RUS}+{USA},"{CHN,USA}+{RUS}",1.0,False,1.0,1.0,False,USA,,
0.999,PURE,False,propose,RUS,"{CHN,RUS,USA}","{CHN,RUS,USA}",1.0,True,1.0,1.0,False,,,
0.999,PURE,False,propose,RUS,"{CHN,RUS}+{USA}","{CHN,RUS}+{USA}",1.0,True,1.0,1.0,False,,,
0.999,PURE,False,propose,RUS,"{CHN,USA}+{RUS}","{CHN,USA}+{RUS}",1.0,True,1.0,1.0,False,,,
0.999,PURE,False,propose,RUS,"{CHN}+{RUS,USA}","{CHN}+{RUS,USA}",1.0,True,1.0,1.0,False,,,
0.999,PURE,False,propose,RUS,{CHN}+{RUS}+{USA},{CHN}+{RUS}+{USA},1.0,True,1.0,1.0,False,,,
0.999,PURE,False,propose,USA,"{CHN,RUS,USA}","{CHN,RUS}+{USA}",1.0,False,1.0,1.0,True,,,
0.999,PURE,False,propose,USA,"{CHN,RUS}+{USA}","{CHN,RUS}+{USA}",1.0,True,1.0,1.0,False,,,
0.999,PURE,False,propose,USA,"{CHN,USA}+{RUS}","{CHN,USA}+{RUS}",1.0,True,1.0,1.0,False,,,
0.999,PURE,False,propose,USA,"{CHN}+{RUS,USA}",{CHN}+{RUS}+{USA},1.0,False,1.0,1.0,True,,,
0.999,PURE,False,propose,USA,{CHN}+{RUS}+{USA},"{CHN,USA}+{RUS}",1.0,False,1.0,1.0,False,CHN,,
0.999,PURE,False,accept,CHN,"{CHN,RUS,USA}","{CHN,RUS}+{USA}",0.0,,,,,,-2.9844377635868113e-08,
0.999,PURE,False,accept,CHN,"{CHN,RUS,USA}","{CHN,USA}+{RUS}",1.0,,,,,,7.284910088500851e-06,
0.999,PURE,False,accept,CHN,"{CHN,RUS,USA}","{CHN}+{RUS,USA}",1.0,,,,,,2.2188670278922018e-07,
0.999,PURE,False,accept,CHN,"{CHN,RUS,USA}",{CHN}+{RUS}+{USA},1.0,,,,,,1.5563598445567095e-06,
0.999,PURE,False,accept,CHN,"{CHN,RUS}+{USA}","{CHN,RUS,USA}",1.0,,,,,,2.9844377635868113e-08,
0.999,PURE,False,accept,CHN,"{CHN,RUS}+{USA}","{CHN,USA}+{RUS}",1.0,,,,,,7.314754466136719e-06,
0.999,PURE,False,accept,CHN,"{CHN,RUS}+{USA}","{CHN}+{RUS,USA}",1.0,,,,,,2.517310804250883e-07,
0.999,PURE,False,accept,CHN,"{CHN,RUS}+{USA}",{CHN}+{RUS}+{USA},1.0,,,,,,1.5862042221925776e-06,
0.999,PURE,False,accept,CHN,"{CHN,USA}+{RUS}","{CHN,RUS,USA}",0.0,,,,,,-7.284910088500851e-06,
0.999,PURE,False,accept,CHN,"{CHN,USA}+{RUS}","{CHN,RUS}+{USA}",0.0,,,,,,-7.314754466136719e-06,
0.999,PURE,False,accept,CHN,"{CHN,USA}+{RUS}","{CHN}+{RUS,USA}",0.0,,,,,,-7.063023385711631e-06,
0.999,PURE,False,accept,CHN,"{CHN,USA}+{RUS}",{CHN}+{RUS}+{USA},0.0,,,,,,-5.728550243944142e-06,
0.999,PURE,False,accept,CHN,"{CHN}+{RUS,USA}","{CHN,RUS,USA}",0.0,,,,,,-2.2188670278922018e-07,
0.999,PURE,False,accept,CHN,"{CHN}+{RUS,USA}","{CHN,RUS}+{USA}",0.0,,,,,,-2.517310804250883e-07,
0.999,PURE,False,accept,CHN,"{CHN}+{RUS,USA}","{CHN,USA}+{RUS}",1.0,,,,,,7.063023385711631e-06,
0.999,PURE,False,accept,CHN,{CHN}+{RUS}+{USA},"{CHN,RUS,USA}",0.0,,,,,,-1.5563598445567095e-06,
0.999,PURE,False,accept,CHN,{CHN}+{RUS}+{USA},"{CHN,RUS}+{USA}",0.0,,,,,,-1.5862042221925776e-06,
0.999,PURE,False,accept,CHN,{CHN}+{RUS}+{USA},"{CHN,USA}+{RUS}",1.0,,,,,,5.728550243944142e-06,USA
0.999,PURE,False,accept,RUS,"{CHN,RUS,USA}","{CHN,RUS}+{USA}",0.0,,,,,,-7.810036639632756e-08,
0.999,PURE,False,accept,RUS,"{CHN,RUS,USA}","{CHN,USA}+{RUS}",0.0,,,,,,-2.859005581168361e-07,
0.999,PURE,False,accept,RUS,"{CHN,RUS,USA}","{CHN}+{RUS,USA}",1.0,,,,,,3.809761439654835e-08,
0.999,PURE,False,accept,RUS,"{CHN,RUS,USA}",{CHN}+{RUS}+{USA},0.0,,,,,,-1.7534052876300166e-07,
0.999,PURE,False,accept,RUS,"{CHN,RUS}+{USA}","{CHN,RUS,USA}",1.0,,,,,,7.810036639632756e-08,
0.999,PURE,False,accept,RUS,"{CHN,RUS}+{USA}","{CHN,USA}+{RUS}",0.0,,,,,,-2.0780019172050856e-07,
0.999,PURE,False,accept,RUS,"{CHN,RUS}+{USA}","{CHN}+{RUS,USA}",1.0,,,,,,1.1619798079287591e-07,
0.999,PURE,False,accept,RUS,"{CHN,RUS}+{USA}",{CHN}+{RUS}+{USA},0.0,,,,,,-9.72401623666741e-08,
0.999,PURE,False,accept,RUS,"{CHN,USA}+{RUS}","{CHN,RUS,USA}",1.0,,,,,,2.859005581168361e-07,
0.999,PURE,False,accept,RUS,"{CHN,USA}+{RUS}","{CHN,RUS}+{USA}",1.0,,,,,,2.0780019172050856e-07,
0.999,PURE,False,accept,RUS,"{CHN,USA}+{RUS}","{CHN}+{RUS,USA}",1.0,,,,,,3.239981725133845e-07,
0.999,PURE,False,accept,RUS,"{CHN}+{RUS,USA}","{CHN,RUS,USA}",0.0,,,,,,-3.809761439654835e-08,
0.999,PURE,False,accept,RUS,"{CHN}+{RUS,USA}","{CHN,RUS}+{USA}",0.0,,,,,,-1.1619798079287591e-07,
0.999,PURE,False,accept,RUS,"{CHN}+{RUS,USA}","{CHN,USA}+{RUS}",0.0,,,,,,-3.239981725133845e-07,
0.999,PURE,False,accept,RUS,"{CHN}+{RUS,USA}",{CHN}+{RUS}+{USA},0.0,,,,,,-2.1343814315955e-07,
0.999,PURE,False,accept,RUS,{CHN}+{RUS}+{USA},"{CHN,RUS,USA}",1.0,,,,,,1.7534052876300166e-07,
0.999,PURE,False,accept,RUS,{CHN}+{RUS}+{USA},"{CHN,RUS}+{USA}",1.0,,,,,,9.72401623666741e-08,
0.999,PURE,False,accept,RUS,{CHN}+{RUS}+{USA},"{CHN}+{RUS,USA}",1.0,,,,,,2.1343814315955e-07,
0.999,PURE,False,accept,USA,"{CHN,RUS,USA}","{CHN,RUS}+{USA}",1.0,,,,,,3.040398715015158e-07,
0.999,PURE,False,accept,USA,"{CHN,RUS,USA}","{CHN,USA}+{RUS}",1.0,,,,,,1.1487731685910774e-06,
0.999,PURE,False,accept,USA,"{CHN,RUS,USA}","{CHN}+{RUS,USA}",0.0,,,,,,-2.807402741389353e-07,
0.999,PURE,False,accept,USA,"{CHN,RUS,USA}",{CHN}+{RUS}+{USA},1.0,,,,,,1.2109644842439593e-08,
0.999,PURE,False,accept,USA,"{CHN,RUS}+{USA}","{CHN,RUS,USA}",0.0,,,,,,-3.040398715015158e-07,
0.999,PURE,False,accept,USA,"{CHN,RUS}+{USA}","{CHN,USA}+{RUS}",1.0,,,,,,8.447332970895616e-07,
0.999,PURE,False,accept,USA,"{CHN,RUS}+{USA}","{CHN}+{RUS,USA}",0.0,,,,,,-5.847801456404511e-07,
0.999,PURE,False,accept,USA,"{CHN,USA}+{RUS}","{CHN,RUS,USA}",0.0,,,,,,-1.1487731685910774e-06,
0.999,PURE,False,accept,USA,"{CHN,USA}+{RUS}","{CHN,RUS}+{USA}",0.0,,,,,,-8.447332970895616e-07,
0.999,PURE,False,accept,USA,"{CHN,USA}+{RUS}","{CHN}+{RUS,USA}",0.0,,,,,,-1.4295134427300127e-06,
0.999,PURE,False,accept,USA,"{CHN,USA}+{RUS}",{CHN}+{RUS}+{USA},0.0,,,,,,-1.1366635237486378e-06,
0.999,PURE,False,accept,USA,"{CHN}+{RUS,USA}","{CHN,RUS,USA}",1.0,,,,,,2.807402741389353e-07,
0.999,PURE,False,accept,USA,"{CHN}+{RUS,USA}","{CHN,RUS}+{USA}",1.0,,,,,,5.847801456404511e-07,
0.999,PURE,False,accept,USA,"{CHN}+{RUS,USA}","{CHN,USA}+{RUS}",1.0,,,,,,1.4295134427300127e-06,
0.999,PURE,False,accept,USA,"{CHN}+{RUS,USA}",{CHN}+{RUS}+{USA},1.0,,,,,,2.928499189813749e-07,
0.999,PURE,False,accept,USA,{CHN}+{RUS}+{USA},"{CHN,RUS,USA}",0.0,,,,,,-1.2109644842439593e-08,
0.999,PURE,False,accept,USA,{CHN}+{RUS}+{USA},"{CHN,USA}+{RUS}",1.0,,,,,,1.1366635237486378e-06,CHN
0.999,PURE,False,accept,USA,{CHN}+{RUS}+{USA},"{CHN}+{RUS,USA}",0.0,,,,,,-2.928499189813749e-07,
