delta,status,nonunique,kind,player,state,target,prob,stay,accept_prob,effective,free_exit,voters,gain,proposed_by
0.5,PURE,False,propose,CHN,"{CHN,NDE,RUS}","{CHN,NDE,RUS}",1.0,True,1.0,1.0,False,,,
0.5,PURE,False,propose,CHN,"{CHN,NDE}+{RUS}","{CHN,NDE}+{RUS}",1.0,True,1.0,1.0,False,,,
0.5,PURE,False,propose,CHN,"{CHN,RUS}+{NDE}","{CHN,RUS}+{NDE}",1.0,True,1.0,1.0,False,,,
0.5,PURE,False,propose,CHN,"{CHN}+{NDE,RUS}","{CHN,NDE,RUS}",1.0,False,1.0,1.0,False,"NDE,RUS",,
0.5,PURE,False,propose,CHN,{CHN}+{NDE}+{RUS},"{CHN,NDE}+{RUS}",1.0,False,1.0,1.0,False,NDE,,
0.5,PURE,False,propose,NDE,"{CHN,NDE,RUS}","{CHN,NDE,RUS}",1.0,True,1.0,1.0,False,,,
0.5,PURE,False,propose,NDE,"{CHN,NDE}+{RUS}","{CHN,NDE}+{RUS}",1.0,True,1.0,1.0,False,,,
0.5,PURE,False,propose,NDE,"{CHN,RUS}+{NDE}","{CHN,RUS}+{NDE}",1.0,True,1.0,1.0,False,,,
0.5,PURE,False,propose,NDE,"{CHN}+{NDE,RUS}","{CHN,NDE}+{RUS}",1.0,False,1.0,1.0,False,"CHN,RUS",,
0.5,PURE,False,propose,NDE,{CHN}+{NDE}+{RUS},"{CHN,NDE}+{RUS}",1.0,False,1.0,1.0,False,CHN,,
0.5,PURE,False,propose,RUS,"{CHN,NDE,RUS}","{CHN,NDE,RUS}",1.0,True,1.0,1.0,False,,,
0.5,PURE,False,propose,RUS,"{CHN,NDE}+{RUS}","{CHN,NDE}+{RUS}",1.0,True,1.0,1.0,False,,,
0.5,PURE,False,propose,RUS,"{CHN,RUS}+{NDE}","{CHN,RUS}+{NDE}",1.0,True,1.0,1.0,False,,,
0.5,PURE,False,propose,RUS,"{CHN}+{NDE,RUS}",{CHN}+{NDE}+{RUS},1.0,False,1.0,1.0,True,,,
0.5,PURE,False,propose,RUS,{CHN}+{NDE}+{RUS},"{CHN,RUS}+{NDE}",1.0,False,1.0,1.0,False,CHN,,
0.5,PURE,False,accept,CHN,"{CHN,NDE,RUS}","{CHN,NDE}+{RUS}",0.0,,,,,,-1.0546301350444764e-05,
0.5,PURE,False,accept,CHN,"{CHN,NDE,RUS}","{CHN,RUS}+{NDE}",0.0,,,,,,-0.00038875964187923273,
0.5,PURE,False,accept,CHN,"{CHN,NDE,RUS}","{CHN}+{NDE,RUS}",0.0,,,,,,-2.790707593725017e-05,
0.5,PURE,False,accept,CHN,"{CHN,NDE,RUS}",{CHN}+{NDE}+{RUS},0.0,,,,,,-0.0019053996545750351,
0.5,PURE,False,accept,CHN,"{CHN,NDE}+{RUS}","{CHN,NDE,RUS}",1.0,,,,,,1.0546301350444764e-05,
0.5,PURE,False,accept,CHN,"{CHN,NDE}+{RUS}","{CHN,RUS}+{NDE}",0.0,,,,,,-0.00037821334052878797,
0.5,PURE,False,accept,CHN,"{CHN,NDE}+{RUS}","{CHN}+{NDE,RUS}",0.0,,,,,,-1.7360774586805405e-05,
0.5,PURE,False,accept,CHN,"{CHN,NDE}+{RUS}",{CHN}+{NDE}+{RUS},0.0,,,,,,-0.0018948533532245904,
0.5,PURE,False,accept,CHN,"{CHN,RUS}+{NDE}","{CHN,NDE,RUS}",1.0,,,,,,0.00038875964187923273,
0.5,PURE,False,accept,CHN,"{CHN,RUS}+{NDE}","{CHN,NDE}+{RUS}",1.0,,,,,,0.00037821334052878797,
0.5,PURE,False,accept,CHN,"{CHN,RUS}+{NDE}","{CHN}+{NDE,RUS}",1.0,,,,,,0.00036085256594198256,
0.5,PURE,False,accept,CHN,"{CHN,RUS}+{NDE}",{CHN}+{NDE}+{RUS},0.0,,,,,,-0.0015166400126958024,
0.5,PURE,False,accept,CHN,"{CHN}+{NDE,RUS}","{CHN,NDE,RUS}",1.0,,,,,,2.790707593725017e-05,
0.5,PURE,False,accept,CHN,"{CHN}+{NDE,RUS}","{CHN,NDE}+{RUS}",1.0,,,,,,1.7360774586805405e-05,NDE
0.5,PURE,False,accept,CHN,"{CHN}+{NDE,RUS}","{CHN,RUS}+{NDE}",0.0,,,,,,-0.00036085256594198256,
0.5,PURE,False,accept,CHN,{CHN}+{NDE}+{RUS},"{CHN,NDE,RUS}",1.0,,,,,,0.0019053996545750351,
0.5,PURE,False,accept,CHN,{CHN}+{NDE}+{RUS},"{CHN,NDE}+{RUS}",1.0,,,,,,0.0018948533532245904,NDE
0.5,PURE,False,accept,CHN,{CHN}+{NDE}+{RUS},"{CHN,RUS}+{NDE}",1.0,,,,,,0.0015166400126958024,RUS
0.5,PURE,False,accept,NDE,"{CHN,NDE,RUS}","{CHN,NDE}+{RUS}",1.0,,,,,,0.0003406427980507942,
0.5,PURE,False,accept,NDE,"{CHN,NDE,RUS}","{CHN,RUS}+{NDE}",0.0,,,,,,-0.003655289577640275,
0.5,PURE,False,accept,NDE,"{CHN,NDE,RUS}","{CHN}+{NDE,RUS}",0.0,,,,,,-0.000588974106371154,
0.5,PURE,False,accept,NDE,"{CHN,NDE,RUS}",{CHN}+{NDE}+{RUS},0.0,,,,,,-0.008268727812858145,
0.5,PURE,False,accept,NDE,"{CHN,NDE}+{RUS}","{CHN,NDE,RUS}",0.0,,,,,,-0.0003406427980507942,
0.5,PURE,False,accept,NDE,"{CHN,NDE}+{RUS}","{CHN,RUS}+{NDE}",0.0,,,,,,-0.003995932375691069,
0.5,PURE,False,accept,NDE,"{CHN,NDE}+{RUS}","{CHN}+{NDE,RUS}",0.0,,,,,,-0.0009296169044219482,
0.5,PURE,False,accept,NDE,"{CHN,NDE}+{RUS}",{CHN}+{NDE}+{RUS},0.0,,,,,,-0.00860937061090894,
0.5,PURE,False,accept,NDE,"{CHN,RUS}+{NDE}","{CHN,NDE,RUS}",1.0,,,,,,0.003655289577640275,
0.5,PURE,False,accept,NDE,"{CHN,RUS}+{NDE}","{CHN,NDE}+{RUS}",1.0,,,,,,0.003995932375691069,
0.5,PURE,False,accept,NDE,"{CHN,RUS}+{NDE}","{CHN}+{NDE,RUS}",1.0,,,,,,0.003066315471269121,
0.5,PURE,False,accept,NDE,"{CHN}+{NDE,RUS}","{CHN,NDE,RUS}",1.0,,,,,,0.000588974106371154,CHN
0.5,PURE,False,accept,NDE,"{CHN}+{NDE,RUS}","{CHN,NDE}+{RUS}",1.0,,,,,,0.0009296169044219482,
0.5,PURE,False,accept,NDE,"{CHN}+{NDE,RUS}","{CHN,RUS}+{NDE}",0.0,,,,,,-0.003066315471269121,
0.5,PURE,False,accept,NDE,"{CHN}+{NDE,RUS}",{CHN}+{NDE}+{RUS},0.0,,,,,,-0.007679753706486991,
0.5,PURE,False,accept,NDE,{CHN}+{NDE}+{RUS},"{CHN,NDE,RUS}",1.0,,,,,,0.008268727812858145,
0.5,PURE,False,accept,NDE,{CHN}+{NDE}+{RUS},"{CHN,NDE}+{RUS}",1.0,,,,,,0.00860937061090894,CHN
0.5,PURE,False,accept,NDE,{CHN}+{NDE}+{RUS},"{CHN}+{NDE,RUS}",1.0,,,,,,0.007679753706486991,
0.5,PURE,False,accept,RUS,"{CHN,NDE,RUS}","{CHN,NDE}+{RUS}",0.0,,,,,,-2.6551645172068206e-05,
0.5,PURE,False,accept,RUS,"{CHN,NDE,RUS}","{CHN,RUS}+{NDE}",1.0,,,,,,0.00016236086336385291,
0.5,PURE,False,accept,RUS,"{CHN,NDE,RUS}","{CHN}+{NDE,RUS}",0.0,,,,,,-0.0006142054070950032,
0.5,PURE,False,accept,RUS,"{CHN,NDE,RUS}",{CHN}+{NDE}+{RUS},1.0,,,,,,0.00011996740977471276,
0.5,PURE,False,accept,RUS,"{CHN,NDE}+{RUS}","{CHN,NDE,RUS}",1.0,,,,,,2.6551645172068206e-05,
0.5,PURE,False,accept,RUS,"{CHN,NDE}+{RUS}","{CHN,RUS}+{NDE}",1.0,,,,,,0.00018891250853592112,
0.5,PURE,False,accept,RUS,"{CHN,NDE}+{RUS}","{CHN}+{NDE,RUS}",0.0,,,,,,-0.000587653761922935,
0.5,PURE,False,accept,RUS,"{CHN,RUS}+{NDE}","{CHN,NDE,RUS}",0.0,,,,,,-0.00016236086336385291,
0.5,PURE,False,accept,RUS,"{CHN,RUS}+{NDE}","{CHN,NDE}+{RUS}",0.0,,,,,,-0.00018891250853592112,
0.5,PURE,False,accept,RUS,"{CHN,RUS}+{NDE}","{CHN}+{NDE,RUS}",0.0,,,,,,-0.0007765662704588561,
0.5,PURE,False,accept,RUS,"{CHN,RUS}+{NDE}",{CHN}+{NDE}+{RUS},0.0,,,,,,-4.239345358914015e-05,
0.5,PURE,False,accept,RUS,"{CHN}+{NDE,RUS}","{CHN,NDE,RUS}",1.0,,,,,,0.0006142054070950032,CHN
0.5,PURE,False,accept,RUS,"{CHN}+{NDE,RUS}","{CHN,NDE}+{RUS}",1.0,,,,,,0.000587653761922935,NDE
0.5,PURE,False,accept,RUS,"{CHN}+{NDE,RUS}","{CHN,RUS}+{NDE}",1.0,,,,,,0.0007765662704588561,
0.5,PURE,False,accept,RUS,"{CHN}+{NDE,RUS}",{CHN}+{NDE}+{RUS},1.0,,,,,,0.0007341728168697159,
0.5,PURE,False,accept,RUS,{CHN}+{NDE}+{RUS},"{CHN,NDE,RUS}",0.0,,,,,,-0.00011996740977471276,
0.5,PURE,False,accept,RUS,{CHN}+{NDE}+{RUS},"{CHN,RUS}+{NDE}",1.0,,,,,,4.239345358914015e-05,
0.5,PURE,False,accept,RUS,{CHN}+{NDE}+{RUS},"{CHN}+{NDE,RUS}",0.0,,,,,,-0.0007341728168697159,
0.7,PURE,False,propose,CHN,"{CHN,NDE,RUS}","{CHN,NDE,RUS}",1.0,True,1.0,1.0,False,,,
0.7,PURE,False,propose,CHN,"{CHN,NDE}+{RUS}","{CHN,NDE}+{RUS}",1.0,True,1.0,1.0,False,,,
0.7,PURE,False,propose,CHN,"{CHN,RUS}+{NDE}","{CHN,RUS}+{NDE}",1.0,True,1.0,1.0,False,,,
0.7,PURE,False,propose,CHN,"{CHN}+{NDE,RUS}","{CHN,NDE,RUS}",1.0,False,1.0,1.0,False,"NDE,RUS",,
0.7,PURE,False,propose,CHN,{CHN}+{NDE}+{RUS},"{CHN,NDE}+{RUS}",1.0,False,1.0,1.0,False,NDE,,
0.7,PURE,False,propose,NDE,"{CHN,NDE,RUS}","{CHN,NDE,RUS}",1.0,True,1.0,1.0,False,,,
0.7,PURE,False,propose,NDE,"{CHN,NDE}+{RUS}","{CHN,NDE}+{RUS}",1.0,True,1.0,1.0,False,,,
0.7,PURE,False,propose,NDE,"{CHN,RUS}+{NDE}","{CHN,RUS}+{NDE}",1.0,True,1.0,1.0,False,,,
0.7,PURE,False,propose,NDE,"{CHN}+{NDE,RUS}","{CHN,NDE}+{RUS}",1.0,False,1.0,1.0,False,"CHN,RUS",,
0.7,PURE,False,propose,NDE,{CHN}+{NDE}+{RUS},"{CHN,NDE}+{RUS}",1.0,False,1.0,1.0,False,CHN,,
0.7,PURE,False,propose,RUS,"{CHN,NDE,RUS}","{CHN,NDE,RUS}",1.0,True,1.0,1.0,False,,,
0.7,PURE,False,propose,RUS,"{CHN,NDE}+{RUS}","{CHN,NDE}+{RUS}",1.0,True,1.0,1.0,False,,,
0.7,PURE,False,propose,RUS,"{CHN,RUS}+{NDE}","{CHN,RUS}+{NDE}",1.0,True,1.0,1.0,False,,,
0.7,PURE,False,propose,RUS,"{CHN}+{NDE,RUS}",{CHN}+{NDE}+{RUS},1.0,False,1.0,1.0,True,,,
0.7,PURE,False,propose,RUS,{CHN}+{NDE}+{RUS},"{CHN,RUS}+{NDE}",1.0,False,1.0,1.0,False,CHN,,
0.7,PURE,False,accept,CHN,"{CHN,NDE,RUS}","{CHN,NDE}+{RUS}",0.0,,,,,,-1.0546301350444764e-05,
0.7,PURE,False,accept,CHN,"{CHN,NDE,RUS}","{CHN,RUS}+{NDE}",0.0,,,,,,-0.00038875964187923273,
0.7,PURE,False,accept,CHN,"{CHN,NDE,RUS}","{CHN}+{NDE,RUS}",0.0,,,,,,-0.00010711736397972516,
0.7,PURE,False,accept,CHN,"{CHN,NDE,RUS}",{CHN}+{NDE}+{RUS},0.0,,,,,,-0.0011978867586890374,
0.7,PURE,False,accept,CHN,"{CHN,NDE}+{RUS}","{CHN,NDE,RUS}",1.0,,,,,,1.0546301350444764e-05,
0.7,PURE,False,accept,CHN,"{CHN,NDE}+{RUS}","{CHN,RUS}+{NDE}",0.0,,,,,,-0.00037821334052878797,
0.7,PURE,False,accept,CHN,"{CHN,NDE}+{RUS}","{CHN}+{NDE,RUS}",0.0,,,,,,-9.657106262928039e-05,
0.7,PURE,False,accept,CHN,"{CHN,NDE}+{RUS}",{CHN}+{NDE}+{RUS},0.0,,,,,,-0.0011873404573385926,
0.7,PURE,False,accept,CHN,"{CHN,RUS}+{NDE}","{CHN,NDE,RUS}",1.0,,,,,,0.00038875964187923273,
0.7,PURE,False,accept,CHN,"{CHN,RUS}+{NDE}","{CHN,NDE}+{RUS}",1.0,,,,,,0.00037821334052878797,
0.7,PURE,False,accept,CHN,"{CHN,RUS}+{NDE}","{CHN}+{NDE,RUS}",1.0,,,,,,0.0002816422778995076,
0.7,PURE,False,accept,CHN,"{CHN,RUS}+{NDE}",{CHN}+{NDE}+{RUS},0.0,,,,,,-0.0008091271168098046,
0.7,PURE,False,accept,CHN,"{CHN}+{NDE,RUS}","{CHN,NDE,RUS}",1.0,,,,,,0.00010711736397972516,
0.7,PURE,False,accept,CHN,"{CHN}+{NDE,RUS}","{CHN,NDE}+{RUS}",1.0,,,,,,9.657106262928039e-05,NDE
0.7,PURE,False,accept,CHN,"{CHN}+{NDE,RUS}","{CHN,RUS}+{NDE}",0.0,,,,,,-0.0002816422778995076,
0.7,PURE,False,accept,CHN,{CHN}+{NDE}+{RUS},"{CHN,NDE,RUS}",1.0,,,,,,0.0011978867586890374,
0.7,PURE,False,accept,CHN,{CHN}+{NDE}+{RUS},"{CHN,NDE}+{RUS}",1.0,,,,,,0.0011873404573385926,NDE
0.7,PURE,False,accept,CHN,{CHN}+{NDE}+{RUS},"{CHN,RUS}+{NDE}",1.0,,,,,,0.0008091271168098046,RUS
0.7,PURE,False,accept,NDE,"{CHN,NDE,RUS}","{CHN,NDE}+{RUS}",1.0,,,,,,0.0003406427980507942,
0.7,PURE,False,accept,NDE,"{CHN,NDE,RUS}","{CHN,RUS}+{NDE}",0.0,,,,,,-0.003655289577640275,
0.7,PURE,False,accept,NDE,"{CHN,NDE,RUS}","{CHN}+{NDE,RUS}",0.0,,,,,,-0.0007312391049119071,
0.7,PURE,False,accept,NDE,"{CHN,NDE,RUS}",{CHN}+{NDE}+{RUS},0.0,,,,,,-0.005357770551920993,
0.7,PURE,False,accept,NDE,"{CHN,NDE}+{RUS}","{CHN,NDE,RUS}",0.0,,,,,,-0.0003406427980507942,
0.7,PURE,False,accept,NDE,"{CHN,NDE}+{RUS}","{CHN,RUS}+{NDE}",0.0,,,,,,-0.003995932375691069,
0.7,PURE,False,accept,NDE,"{CHN,NDE}+{RUS}","{CHN}+{NDE,RUS}",0.0,,,,,,-0.0010718819029627014,
0.7,PURE,False,accept,NDE,"{CHN,NDE}+{RUS}",{CHN}+{NDE}+{RUS},0.0,,,,,,-0.005698413349971787,
0.7,PURE,False,accept,NDE,"{CHN,RUS}+{NDE}","{CHN,NDE,RUS}",1.0,,,,,,0.003655289577640275,
0.7,PURE,False,accept,NDE,"{CHN,RUS}+{NDE}","{CHN,NDE}+{RUS}",1.0,,,,,,0.003995932375691069,
0.7,PURE,False,accept,NDE,"{CHN,RUS}+{NDE}","{CHN}+{NDE,RUS}",1.0,,,,,,0.002924050472728368,
0.7,PURE,False,accept,NDE,"{CHN}+{NDE,RUS}","{CHN,NDE,RUS}",1.0,,,,,,0.0007312391049119071,CHN
0.7,PURE,False,accept,NDE,"{CHN}+{NDE,RUS}","{CHN,NDE}+{RUS}",1.0,,,,,,0.0010718819029627014,
0.7,PURE,False,accept,NDE,"{CHN}+{NDE,RUS}","{CHN,RUS}+{NDE}",0.0,,,,,,-0.002924050472728368,
0.7,PURE,False,accept,NDE,"{CHN}+{NDE,RUS}",{CHN}+{NDE}+{RUS},0.0,,,,,,-0.004626531447009086,
0.7,PURE,False,accept,NDE,{CHN}+{NDE}+{RUS},"{CHN,NDE,RUS}",1.0,,,,,,0.005357770551920993,
0.7,PURE,False,accept,NDE,{CHN}+{NDE}+{RUS},"{CHN,NDE}+{RUS}",1.0,,,,,,0.005698413349971787,CHN
0.7,PURE,False,accept,NDE,{CHN}+{NDE}+{RUS},"{CHN}+{NDE,RUS}",1.0,,,,,,0.004626531447009086,
0.7,PURE,False,accept,RUS,"{CHN,NDE,RUS}","{CHN,NDE}+{RUS}",0.0,,,,,,-2.6551645172068206e-05,
0.7,PURE,False,accept,RUS,"{CHN,NDE,RUS}","{CHN,RUS}+{NDE}",1.0,,,,,,0.00016236086336385291,
0.7,PURE,False,accept,RUS,"{CHN,NDE,RUS}","{CHN}+{NDE,RUS}",0.0,,,,,,-0.00036386564272827826,
0.7,PURE,False,accept,RUS,"{CHN,NDE,RUS}",{CHN}+{NDE}+{RUS},1.0,,,,,,8.654812226738251e-05,
0.7,PURE,False,accept,RUS,"{CHN,NDE}+{RUS}","{CHN,NDE,RUS}",1.0,,,,,,2.6551645172068206e-05,
0.7,PURE,False,accept,RUS,"{CHN,NDE}+{RUS}","{CHN,RUS}+{NDE}",1.0,,,,,,0.00018891250853592112,
0.7,PURE,False,accept,RUS,"{CHN,NDE}+{RUS}","{CHN}+{NDE,RUS}",0.0,,,,,,-0.00033731399755621005,
0.7,PURE,False,accept,RUS,"{CHN,RUS}+{NDE}","{CHN,NDE,RUS}",0.0,,,,,,-0.00016236086336385291,
0.7,PURE,False,accept,RUS,"{CHN,RUS}+{NDE}","{CHN,NDE}+{RUS}",0.0,,,,,,-0.00018891250853592112,
0.7,PURE,False,accept,RUS,"{CHN,RUS}+{NDE}","{CHN}+{NDE,RUS}",0.0,,,,,,-0.0005262265060921312,
0.7,PURE,False,accept,RUS,"{CHN,RUS}+{NDE}",{CHN}+{NDE}+{RUS},0.0,,,,,,-7.58127410964704e-05,
0.7,PURE,False,accept,RUS,"{CHN}+{NDE,RUS}","{CHN,NDE,RUS}",1.0,,,,,,0.00036386564272827826,CHN
0.7,PURE,False,accept,RUS,"{CHN}+{NDE,RUS}","{CHN,NDE}+{RUS}",1.0,,,,,,0.00033731399755621005,NDE
0.7,PURE,False,accept,RUS,"{CHN}+{NDE,RUS}","{CHN,RUS}+{NDE}",1.0,,,,,,0.0005262265060921312,
0.7,PURE,False,accept,RUS,"{CHN}+{NDE,RUS}",{CHN}+{NDE}+{RUS},1.0,,,,,,0.00045041376499566077,
0.7,PURE,False,accept,RUS,{CHN}+{NDE}+{RUS},"{CHN,NDE,RUS}",0.0,,,,,,-8.654812226738251e-05,
0.7,PURE,False,accept,RUS,{CHN}+{NDE}+{RUS},"{CHN,RUS}+{NDE}",1.0,,,,,,7.58127410964704e-05,
0.7,PURE,False,accept,RUS,{CHN}+{NDE}+{RUS},"{CHN}+{NDE,RUS}",0.0,,,,,,-0.00045041376499566077,
0.8,PURE,False,propose,CHN,"{CHN,NDE,RUS}","{CHN,NDE,RUS}",1.0,True,1.0,1.0,False,,,
0.8,PURE,False,propose,CHN,"{CHN,NDE}+{RUS}","{CHN,NDE}+{RUS}",1.0,True,1.0,1.0,False,,,
0.8,PURE,False,propose,CHN,"{CHN,RUS}+{NDE}","{CHN,RUS}+{NDE}",1.0,True,1.0,1.0,False,,,
0.8,PURE,False,propose,CHN,"{CHN}+{NDE,RUS}","{CHN,NDE,RUS}",1.0,False,1.0,1.0,False,"NDE,RUS",,
0.8,PURE,False,propose,CHN,{CHN}+{NDE}+{RUS},"{CHN,NDE}+{RUS}",1.0,False,1.0,1.0,False,NDE,,
0.8,PURE,False,propose,NDE,"{CHN,NDE,RUS}","{CHN,NDE,RUS}",1.0,True,1.0,1.0,False,,,
0.8,PURE,False,propose,NDE,"{CHN,NDE}+{RUS}","{CHN,NDE}+{RUS}",1.0,True,1.0,1.0,False,,,
0.8,PURE,False,propose,NDE,"{CHN,RUS}+{NDE}","{CHN,RUS}+{NDE}",1.0,True,1.0,1.0,False,,,
0.8,PURE,False,propose,NDE,"{CHN}+{NDE,RUS}","{CHN,NDE}+{RUS}",1.0,False,1.0,1.0,False,"CHN,RUS",,
0.8,PURE,False,propose,NDE,{CHN}+{NDE}+{RUS},"{CHN,NDE}+{RUS}",1.0,False,1.0,1.0,False,CHN,,
0.8,PURE,False,propose,RUS,"{CHN,NDE,RUS}","{CHN,NDE,RUS}",1.0,True,1.0,1.0,False,,,
0.8,PURE,False,propose,RUS,"{CHN,NDE}+{RUS}","{CHN,NDE}+{RUS}",1.0,True,1.0,1.0,False,,,
0.8,PURE,False,propose,RUS,"{CHN,RUS}+{NDE}","{CHN,RUS}+{NDE}",1.0,True,1.0,1.0,False,,,
0.8,PURE,False,propose,RUS,"{CHN}+{NDE,RUS}",{CHN}+{NDE}+{RUS},1.0,False,1.0,1.0,True,,,
0.8,PURE,False,propose,RUS,{CHN}+{NDE}+{RUS},"{CHN,RUS}+{NDE}",1.0,False,1.0,1.0,False,CHN,,
0.8,PURE,False,accept,CHN,"{CHN,NDE,RUS}","{CHN,NDE}+{RUS}",0.0,,,,,,-1.0546301350444764e-05,
0.8,PURE,False,accept,CHN,"{CHN,NDE,RUS}","{CHN,RUS}+{NDE}",0.0,,,,,,-0.00038875964187923273,
0.8,PURE,False,accept,CHN,"{CHN,NDE,RUS}","{CHN}+{NDE,RUS}",0.0,,,,,,-0.00011134686320524168,
0.8,PURE,False,accept,CHN,"{CHN,NDE,RUS}",{CHN}+{NDE}+{RUS},0.0,,,,,,-0.0008441303107460385,
0.8,PURE,False,accept,CHN,"{CHN,NDE}+{RUS}","{CHN,NDE,RUS}",1.0,,,,,,1.0546301350444764e-05,
0.8,PURE,False,accept,CHN,"{CHN,NDE}+{RUS}","{CHN,RUS}+{NDE}",0.0,,,,,,-0.00037821334052878797,
0.8,PURE,False,accept,CHN,"{CHN,NDE}+{RUS}","{CHN}+{NDE,RUS}",0.0,,,,,,-0.00010080056185479691,
0.8,PURE,False,accept,CHN,"{CHN,NDE}+{RUS}",{CHN}+{NDE}+{RUS},0.0,,,,,,-0.0008335840093955937,
0.8,PURE,False,accept,CHN,"{CHN,RUS}+{NDE}","{CHN,NDE,RUS}",1.0,,,,,,0.00038875964187923273,
0.8,PURE,False,accept,CHN,"{CHN,RUS}+{NDE}","{CHN,NDE}+{RUS}",1.0,,,,,,0.00037821334052878797,
0.8,PURE,False,accept,CHN,"{CHN,RUS}+{NDE}","{CHN}+{NDE,RUS}",1.0,,,,,,0.00027741277867399106,
0.8,PURE,False,accept,CHN,"{CHN,RUS}+{NDE}",{CHN}+{NDE}+{RUS},0.0,,,,,,-0.00045537066886680577,
0.8,PURE,False,accept,CHN,"{CHN}+{NDE,RUS}","{CHN,NDE,RUS}",1.0,,,,,,0.00011134686320524168,
0.8,PURE,False,accept,CHN,"{CHN}+{NDE,RUS}","{CHN,NDE}+{RUS}",1.0,,,,,,0.00010080056185479691,NDE
0.8,PURE,False,accept,CHN,"{CHN}+{NDE,RUS}","{CHN,RUS}+{NDE}",0.0,,,,,,-0.00027741277867399106,
0.8,PURE,False,accept,CHN,{CHN}+{NDE}+{RUS},"{CHN,NDE,RUS}",1.0,,,,,,0.0008441303107460385,
0.8,PURE,False,accept,CHN,{CHN}+{NDE}+{RUS},"{CHN,NDE}+{RUS}",1.0,,,,,,0.0008335840093955937,NDE
0.8,PURE,False,accept,CHN,{CHN}+{NDE}+{RUS},"{CHN,RUS}+{NDE}",1.0,,,,,,0.00045537066886680577,RUS
0.8,PURE,False,accept,NDE,"{CHN,NDE,RUS}","{CHN,NDE}+{RUS}",1.0,,,,,,0.0003406427980507942,
0.8,PURE,False,accept,NDE,"{CHN,NDE,RUS}","{CHN,RUS}+{NDE}",0.0,,,,,,-0.003655289577640275,
0.8,PURE,False,accept,NDE,"{CHN,NDE,RUS}","{CHN}+{NDE,RUS}",0.0,,,,,,-0.0006568237411350708,
0.8,PURE,False,accept,NDE,"{CHN,NDE,RUS}",{CHN}+{NDE}+{RUS},0.0,,,,,,-0.003902291921448864,
0.8,PURE,False,accept,NDE,"{CHN,NDE}+{RUS}","{CHN,NDE,RUS}",0.0,,,,,,-0.0003406427980507942,
0.8,PURE,False,accept,NDE,"{CHN,NDE}+{RUS}","{CHN,RUS}+{NDE}",0.0,,,,,,-0.003995932375691069,
0.8,PURE,False,accept,NDE,"{CHN,NDE}+{RUS}","{CHN}+{NDE,RUS}",0.0,,,,,,-0.000997466539185865,
0.8,PURE,False,accept,NDE,"{CHN,NDE}+{RUS}",{CHN}+{NDE}+{RUS},0.0,,,,,,-0.004242934719499658,
0.8,PURE,False,accept,NDE,"{CHN,RUS}+{NDE}","{CHN,NDE,RUS}",1.0,,,,,,0.003655289577640275,
0.8,PURE,False,accept,NDE,"{CHN,RUS}+{NDE}","{CHN,NDE}+{RUS}",1.0,,,,,,0.003995932375691069,
0.8,PURE,False,accept,NDE,"{CHN,RUS}+{NDE}","{CHN}+{NDE,RUS}",1.0,,,,,,0.002998465836505204,
0.8,PURE,False,accept,NDE,"{CHN}+{NDE,RUS}","{CHN,NDE,RUS}",1.0,,,,,,0.0006568237411350708,CHN
0.8,PURE,False,accept,NDE,"{CHN}+{NDE,RUS}","{CHN,NDE}+{RUS}",1.0,,,,,,0.000997466539185865,
0.8,PURE,False,accept,NDE,"{CHN}+{NDE,RUS}","{CHN,RUS}+{NDE}",0.0,,,,,,-0.002998465836505204,
0.8,PURE,False,accept,NDE,"{CHN}+{NDE,RUS}",{CHN}+{NDE}+{RUS},0.0,,,,,,-0.003245468180313793,
0.8,PURE,False,accept,NDE,{CHN}+{NDE}+{RUS},"{CHN,NDE,RUS}",1.0,,,,,,0.003902291921448864,
0.8,PURE,False,accept,NDE,{CHN}+{NDE}+{RUS},"{CHN,NDE}+{RUS}",1.0,,,,,,0.004242934719499658,CHN
0.8,PURE,False,accept,NDE,{CHN}+{NDE}+{RUS},"{CHN}+{NDE,RUS}",1.0,,,,,,0.003245468180313793,
0.8,PURE,False,accept,RUS,"{CHN,NDE,RUS}","{CHN,NDE}+{RUS}",0.0,,,,,,-2.6551645172068206e-05,
0.8,PURE,False,accept,RUS,"{CHN,NDE,RUS}","{CHN,RUS}+{NDE}",1.0,,,,,,0.00016236086336385291,
0.8,PURE,False,accept,RUS,"{CHN,NDE,RUS}","{CHN}+{NDE,RUS}",0.0,,,,,,-0.00024036672492044886,
0.8,PURE,False,accept,RUS,"{CHN,NDE,RUS}",{CHN}+{NDE}+{RUS},1.0,,,,,,6.98384785138284e-05,
0.8,PURE,False,accept,RUS,"{CHN,NDE}+{RUS}","{CHN,NDE,RUS}",1.0,,,,,,2.6551645172068206e-05,
0.8,PURE,False,accept,RUS,"{CHN,NDE}+{RUS}","{CHN,RUS}+{NDE}",1.0,,,,,,0.00018891250853592112,
0.8,PURE,False,accept,RUS,"{CHN,NDE}+{RUS}","{CHN}+{NDE,RUS}",0.0,,,,,,-0.00021381507974838065,
0.8,PURE,False,accept,RUS,"{CHN,RUS}+{NDE}","{CHN,NDE,RUS}",0.0,,,,,,-0.00016236086336385291,
0.8,PURE,False,accept,RUS,"{CHN,RUS}+{NDE}","{CHN,NDE}+{RUS}",0.0,,,,,,-0.00018891250853592112,
0.8,PURE,False,accept,RUS,"{CHN,RUS}+{NDE}","{CHN}+{NDE,RUS}",0.0,,,,,,-0.0004027275882843018,
0.8,PURE,False,accept,RUS,"{CHN,RUS}+{NDE}",{CHN}+{NDE}+{RUS},0.0,,,,,,-9.252238485002451e-05,
0.8,PURE,False,accept,RUS,"{CHN}+{NDE,RUS}","{CHN,NDE,RUS}",1.0,,,,,,0.00024036672492044886,CHN
0.8,PURE,False,accept,RUS,"{CHN}+{NDE,RUS}","{CHN,NDE}+{RUS}",1.0,,,,,,0.00021381507974838065,NDE
0.8,PURE,False,accept,RUS,"{CHN}+{NDE,RUS}","{CHN,RUS}+{NDE}",1.0,,,,,,0.0004027275882843018,
0.8,PURE,False,accept,RUS,"{CHN}+{NDE,RUS}",{CHN}+{NDE}+{RUS},1.0,,,,,,0.00031020520343427727,
0.8,PURE,False,accept,RUS,{CHN}+{NDE}+{RUS},"{CHN,NDE,RUS}",0.0,,,,,,-6.98384785138284e-05,
0.8,PURE,False,accept,RUS,{CHN}+{NDE}+{RUS},"{CHN,RUS}+{NDE}",1.0,,,,,,9.252238485002451e-05,
0.8,PURE,False,accept,RUS,{CHN}+{NDE}+{RUS},"{CHN}+{NDE,RUS}",0.0,,,,,,-0.00031020520343427727,
0.82,PURE,False,propose,CHN,"{CHN,NDE,RUS}","{CHN,NDE,RUS}",1.0,True,1.0,1.0,False,,,
0.82,PURE,False,propose,CHN,"{CHN,NDE}+{RUS}","{CHN,NDE}+{RUS}",1.0,True,1.0,1.0,False,,,
0.82,PURE,False,propose,CHN,"{CHN,RUS}+{NDE}","{CHN,RUS}+{NDE}",1.0,True,1.0,1.0,False,,,
0.82,PURE,False,propose,CHN,"{CHN}+{NDE,RUS}","{CHN,NDE,RUS}",1.0,False,1.0,1.0,False,"NDE,RUS",,
0.82,PURE,False,propose,CHN,{CHN}+{NDE}+{RUS},"{CHN,NDE}+{RUS}",1.0,False,1.0,1.0,False,NDE,,
0.82,PURE,False,propose,NDE,"{CHN,NDE,RUS}","{CHN,NDE,RUS}",1.0,True,1.0,1.0,False,,,
0.82,PURE,False,propose,NDE,"{CHN,NDE}+{RUS}","{CHN,NDE}+{RUS}",1.0,True,1.0,1.0,False,,,
0.82,PURE,False,propose,NDE,"{CHN,RUS}+{NDE}","{CHN,RUS}+{NDE}",1.0,True,1.0,1.0,False,,,
0.82,PURE,False,propose,NDE,"{CHN}+{NDE,RUS}","{CHN,NDE}+{RUS}",1.0,False,1.0,1.0,False,"CHN,RUS",,
0.82,PURE,False,propose,NDE,{CHN}+{NDE}+{RUS},"{CHN,NDE}+{RUS}",1.0,False,1.0,1.0,False,CHN,,
0.82,PURE,False,propose,RUS,"{CHN,NDE,RUS}","{CHN,NDE,RUS}",1.0,True,1.0,1.0,False,,,
0.82,PURE,False,propose,RUS,"{CHN,NDE}+{RUS}","{CHN,NDE}+{RUS}",1.0,True,1.0,1.0,False,,,
0.82,PURE,False,propose,RUS,"{CHN,RUS}+{NDE}","{CHN,RUS}+{NDE}",1.0,True,1.0,1.0,False,,,
0.82,PURE,False,propose,RUS,"{CHN}+{NDE,RUS}",{CHN}+{NDE}+{RUS},1.0,False,1.0,1.0,True,,,
0.82,PURE,False,propose,RUS,{CHN}+{NDE}+{RUS},"{CHN,RUS}+{NDE}",1.0,False,1.0,1.0,False,CHN,,
0.82,PURE,False,accept,CHN,"{CHN,NDE,RUS}","{CHN,NDE}+{RUS}",0.0,,,,,,-1.0546301350444764e-05,
0.82,PURE,False,accept,CHN,"{CHN,NDE,RUS}","{CHN,RUS}+{NDE}",0.0,,,,,,-0.00038875964187923273,
0.82,PURE,False,accept,CHN,"{CHN,NDE,RUS}","{CHN}+{NDE,RUS}",0.0,,,,,,-0.00010936271146810839,
0.82,PURE,False,accept,CHN,"{CHN,NDE,RUS}",{CHN}+{NDE}+{RUS},0.0,,,,,,-0.0007733790211581493,
0.82,PURE,False,accept,CHN,"{CHN,NDE}+{RUS}","{CHN,NDE,RUS}",1.0,,,,,,1.0546301350444764e-05,
0.82,PURE,False,accept,CHN,"{CHN,NDE}+{RUS}","{CHN,RUS}+{NDE}",0.0,,,,,,-0.00037821334052878797,
0.82,PURE,False,accept,CHN,"{CHN,NDE}+{RUS}","{CHN}+{NDE,RUS}",0.0,,,,,,-9.881641011766362e-05,
0.82,PURE,False,accept,CHN,"{CHN,NDE}+{RUS}",{CHN}+{NDE}+{RUS},0.0,,,,,,-0.0007628327198077045,
0.82,PURE,False,accept,CHN,"{CHN,RUS}+{NDE}","{CHN,NDE,RUS}",1.0,,,,,,0.00038875964187923273,
0.82,PURE,False,accept,CHN,"{CHN,RUS}+{NDE}","{CHN,NDE}+{RUS}",1.0,,,,,,0.00037821334052878797,
0.82,PURE,False,accept,CHN,"{CHN,RUS}+{NDE}","{CHN}+{NDE,RUS}",1.0,,,,,,0.00027939693041112434,
0.82,PURE,False,accept,CHN,"{CHN,RUS}+{NDE}",{CHN}+{NDE}+{RUS},0.0,,,,,,-0.00038461937927891654,
0.82,PURE,False,accept,CHN,"{CHN}+{NDE,RUS}","{CHN,NDE,RUS}",1.0,,,,,,0.00010936271146810839,
0.82,PURE,False,accept,CHN,"{CHN}+{NDE,RUS}","{CHN,NDE}+{RUS}",1.0,,,,,,9.881641011766362e-05,NDE
0.82,PURE,False,accept,CHN,"{CHN}+{NDE,RUS}","{CHN,RUS}+{NDE}",0.0,,,,,,-0.00027939693041112434,
0.82,PURE,False,accept,CHN,{CHN}+{NDE}+{RUS},"{CHN,NDE,RUS}",1.0,,,,,,0.0007733790211581493,
0.82,PURE,False,accept,CHN,{CHN}+{NDE}+{RUS},"{CHN,NDE}+{RUS}",1.0,,,,,,0.0007628327198077045,NDE
0.82,PURE,False,accept,CHN,{CHN}+{NDE}+{RUS},"{CHN,RUS}+{NDE}",1.0,,,,,,0.00038461937927891654,RUS
0.82,PURE,False,accept,NDE,"{CHN,NDE,RUS}","{CHN,NDE}+{RUS}",1.0,,,,,,0.0003406427980507942,
0.82,PURE,False,accept,NDE,"{CHN,NDE,RUS}","{CHN,RUS}+{NDE}",0.0,,,,,,-0.003655289577640275,
0.82,PURE,False,accept,NDE,"{CHN,NDE,RUS}","{CHN}+{NDE,RUS}",0.0,,,,,,-0.0006302968393363528,
0.82,PURE,False,accept,NDE,"{CHN,NDE,RUS}",{CHN}+{NDE}+{RUS},0.0,,,,,,-0.0036111961953579907,
0.82,PURE,False,accept,NDE,"{CHN,NDE}+{RUS}","{CHN,NDE,RUS}",0.0,,,,,,-0.0003406427980507942,
0.82,PURE,False,accept,NDE,"{CHN,NDE}+{RUS}","{CHN,RUS}+{NDE}",0.0,,,,,,-0.003995932375691069,
0.82,PURE,False,accept,NDE,"{CHN,NDE}+{RUS}","{CHN}+{NDE,RUS}",0.0,,,,,,-0.0009709396373871471,
0.82,PURE,False,accept,NDE,"{CHN,NDE}+{RUS}",{CHN}+{NDE}+{RUS},0.0,,,,,,-0.003951838993408785,
0.82,PURE,False,accept,NDE,"{CHN,RUS}+{NDE}","{CHN,NDE,RUS}",1.0,,,,,,0.003655289577640275,
0.82,PURE,False,accept,NDE,"{CHN,RUS}+{NDE}","{CHN,NDE}+{RUS}",1.0,,,,,,0.003995932375691069,
0.82,PURE,False,accept,NDE,"{CHN,RUS}+{NDE}","{CHN}+{NDE,RUS}",1.0,,,,,,0.003024992738303922,
0.82,PURE,False,accept,NDE,"{CHN}+{NDE,RUS}","{CHN,NDE,RUS}",1.0,,,,,,0.0006302968393363528,CHN
0.82,PURE,False,accept,NDE,"{CHN}+{NDE,RUS}","{CHN,NDE}+{RUS}",1.0,,,,,,0.0009709396373871471,
0.82,PURE,False,accept,NDE,"{CHN}+{NDE,RUS}","{CHN,RUS}+{NDE}",0.0,,,,,,-0.003024992738303922,
0.82,PURE,False,accept,NDE,"{CHN}+{NDE,RUS}",{CHN}+{NDE}+{RUS},0.0,,,,,,-0.002980899356021638,
0.82,PURE,False,accept,NDE,{CHN}+{NDE}+{RUS},"{CHN,NDE,RUS}",1.0,,,,,,0.0036111961953579907,
0.82,PURE,False,accept,NDE,{CHN}+{NDE}+{RUS},"{CHN,NDE}+{RUS}",1.0,,,,,,0.003951838993408785,CHN
0.82,PURE,False,accept,NDE,{CHN}+{NDE}+{RUS},"{CHN}+{NDE,RUS}",1.0,,,,,,0.002980899356021638,
0.82,PURE,False,accept,RUS,"{CHN,NDE,RUS}","{CHN,NDE}+{RUS}",0.0,,,,,,-2.6551645172068206e-05,
0.82,PURE,False,accept,RUS,"{CHN,NDE,RUS}","{CHN,RUS}+{NDE}",1.0,,,,,,0.00016236086336385291,
0.82,PURE,False,accept,RUS,"{CHN,NDE,RUS}","{CHN}+{NDE,RUS}",0.0,,,,,,-0.00021580061850889898,
0.82,PURE,False,accept,RUS,"{CHN,NDE,RUS}",{CHN}+{NDE}+{RUS},1.0,,,,,,6.64965497632064e-05,
0.82,PURE,False,accept,RUS,"{CHN,NDE}+{RUS}","{CHN,NDE,RUS}",1.0,,,,,,2.6551645172068206e-05,
0.82,PURE,False,accept,RUS,"{CHN,NDE}+{RUS}","{CHN,RUS}+{NDE}",1.0,,,,,,0.00018891250853592112,
0.82,PURE,False,accept,RUS,"{CHN,NDE}+{RUS}","{CHN}+{NDE,RUS}",0.0,,,,,,-0.00018924897333683077,
0.82,PURE,False,accept,RUS,"{CHN,RUS}+{NDE}","{CHN,NDE,RUS}",0.0,,,,,,-0.00016236086336385291,
0.82,PURE,False,accept,RUS,"{CHN,RUS}+{NDE}","{CHN,NDE}+{RUS}",0.0,,,,,,-0.00018891250853592112,
0.82,PURE,False,accept,RUS,"{CHN,RUS}+{NDE}","{CHN}+{NDE,RUS}",0.0,,,,,,-0.0003781614818727519,
0.82,PURE,False,accept,RUS,"{CHN,RUS}+{NDE}",{CHN}+{NDE}+{RUS},0.0,,,,,,-9.586431360064651e-05,
0.82,PURE,False,accept,RUS,"{CHN}+{NDE,RUS}","{CHN,NDE,RUS}",1.0,,,,,,0.00021580061850889898,CHN
0.82,PURE,False,accept,RUS,"{CHN}+{NDE,RUS}","{CHN,NDE}+{RUS}",1.0,,,,,,0.00018924897333683077,NDE
0.82,PURE,False,accept,RUS,"{CHN}+{NDE,RUS}","{CHN,RUS}+{NDE}",1.0,,,,,,0.0003781614818727519,
0.82,PURE,False,accept,RUS,"{CHN}+{NDE,RUS}",{CHN}+{NDE}+{RUS},1.0,,,,,,0.0002822971682721054,
0.82,PURE,False,accept,RUS,{CHN}+{NDE}+{RUS},"{CHN,NDE,RUS}",0.0,,,,,,-6.64965497632064e-05,
0.82,PURE,False,accept,RUS,{CHN}+{NDE}+{RUS},"{CHN,RUS}+{NDE}",1.0,,,,,,9.586431360064651e-05,
0.82,PURE,False,accept,RUS,{CHN}+{NDE}+{RUS},"{CHN}+{NDE,RUS}",0.0,,,,,,-0.0002822971682721054,
0.84,PURE,False,propose,CHN,"{CHN,NDE,RUS}","{CHN,NDE,RUS}",1.0,True,1.0,1.0,False,,,
0.84,PURE,False,propose,CHN,"{CHN,NDE}+{RUS}","{CHN,NDE}+{RUS}",1.0,True,1.0,1.0,False,,,
0.84,PURE,False,propose,CHN,"{CHN,RUS}+{NDE}","{CHN,RUS}+{NDE}",1.0,True,1.0,1.0,False,,,
0.84,PURE,False,propose,CHN,"{CHN}+{NDE,RUS}","{CHN,NDE,RUS}",1.0,False,1.0,1.0,False,"NDE,RUS",,
0.84,PURE,False,propose,CHN,{CHN}+{NDE}+{RUS},"{CHN,NDE}+{RUS}",1.0,False,1.0,1.0,False,NDE,,
0.84,PURE,False,propose,NDE,"{CHN,NDE,RUS}","{CHN,NDE,RUS}",1.0,True,1.0,1.0,False,,,
0.84,PURE,False,propose,NDE,"{CHN,NDE}+{RUS}","{CHN,NDE}+{RUS}",1.0,True,1.0,1.0,False,,,
0.84,PURE,False,propose,NDE,"{CHN,RUS}+{NDE}","{CHN,RUS}+{NDE}",1.0,True,1.0,1.0,False,,,
0.84,PURE,False,propose,NDE,"{CHN}+{NDE,RUS}","{CHN,NDE}+{RUS}",1.0,False,1.0,1.0,False,"CHN,RUS",,
0.84,PURE,False,propose,NDE,{CHN}+{NDE}+{RUS},"{CHN,NDE}+{RUS}",1.0,False,1.0,1.0,False,CHN,,
0.84,PURE,False,propose,RUS,"{CHN,NDE,RUS}","{CHN,NDE,RUS}",1.0,True,1.0,1.0,False,,,
0.84,PURE,False,propose,RUS,"{CHN,NDE}+{RUS}","{CHN,NDE}+{RUS}",1.0,True,1.0,1.0,False,,,
0.84,PURE,False,propose,RUS,"{CHN,RUS}+{NDE}","{CHN,RUS}+{NDE}",1.0,True,1.0,1.0,False,,,
0.84,PURE,False,propose,RUS,"{CHN}+{NDE,RUS}",{CHN}+{NDE}+{RUS},1.0,False,1.0,1.0,True,,,
0.84,PURE,False,propose,RUS,{CHN}+{NDE}+{RUS},"{CHN,RUS}+{NDE}",1.0,False,1.0,1.0,False,CHN,,
0.84,PURE,False,accept,CHN,"{CHN,NDE,RUS}","{CHN,NDE}+{RUS}",0.0,,,,,,-1.0546301350444764e-05,
0.84,PURE,False,accept,CHN,"{CHN,NDE,RUS}","{CHN,RUS}+{NDE}",0.0,,,,,,-0.00038875964187923273,
0.84,PURE,False,accept,CHN,"{CHN,NDE,RUS}","{CHN}+{NDE,RUS}",0.0,,,,,,-0.00010643520920083915,
0.84,PURE,False,accept,CHN,"{CHN,NDE,RUS}",{CHN}+{NDE}+{RUS},0.0,,,,,,-0.0007026277315684837,
0.84,PURE,False,accept,CHN,"{CHN,NDE}+{RUS}","{CHN,NDE,RUS}",1.0,,,,,,1.0546301350444764e-05,
0.84,PURE,False,accept,CHN,"{CHN,NDE}+{RUS}","{CHN,RUS}+{NDE}",0.0,,,,,,-0.00037821334052878797,
0.84,PURE,False,accept,CHN,"{CHN,NDE}+{RUS}","{CHN}+{NDE,RUS}",0.0,,,,,,-9.588890785039439e-05,
0.84,PURE,False,accept,CHN,"{CHN,NDE}+{RUS}",{CHN}+{NDE}+{RUS},0.0,,,,,,-0.0006920814302180389,
0.84,PURE,False,accept,CHN,"{CHN,RUS}+{NDE}","{CHN,NDE,RUS}",1.0,,,,,,0.00038875964187923273,
0.84,PURE,False,accept,CHN,"{CHN,RUS}+{NDE}","{CHN,NDE}+{RUS}",1.0,,,,,,0.00037821334052878797,
0.84,PURE,False,accept,CHN,"{CHN,RUS}+{NDE}","{CHN}+{NDE,RUS}",1.0,,,,,,0.0002823244326783936,
0.84,PURE,False,accept,CHN,"{CHN,RUS}+{NDE}",{CHN}+{NDE}+{RUS},0.0,,,,,,-0.00031386808968925095,
0.84,PURE,False,accept,CHN,"{CHN}+{NDE,RUS}","{CHN,NDE,RUS}",1.0,,,,,,0.00010643520920083915,
0.84,PURE,False,accept,CHN,"{CHN}+{NDE,RUS}","{CHN,NDE}+{RUS}",1.0,,,,,,9.588890785039439e-05,NDE
0.84,PURE,False,accept,CHN,"{CHN}+{NDE,RUS}","{CHN,RUS}+{NDE}",0.0,,,,,,-0.0002823244326783936,
0.84,PURE,False,accept,CHN,{CHN}+{NDE}+{RUS},"{CHN,NDE,RUS}",1.0,,,,,,0.0007026277315684837,
0.84,PURE,False,accept,CHN,{CHN}+{NDE}+{RUS},"{CHN,NDE}+{RUS}",1.0,,,,,,0.0006920814302180389,NDE
0.84,PURE,False,accept,CHN,{CHN}+{NDE}+{RUS},"{CHN,RUS}+{NDE}",1.0,,,,,,0.00031386808968925095,RUS
0.84,PURE,False,accept,NDE,"{CHN,NDE,RUS}","{CHN,NDE}+{RUS}",1.0,,,,,,0.0003406427980507942,
0.84,PURE,False,accept,NDE,"{CHN,NDE,RUS}","{CHN,RUS}+{NDE}",0.0,,,,,,-0.003655289577640275,
0.84,PURE,False,accept,NDE,"{CHN,NDE,RUS}","{CHN}+{NDE,RUS}",0.0,,,,,,-0.0005998886611884302,
0.84,PURE,False,accept,NDE,"{CHN,NDE,RUS}",{CHN}+{NDE}+{RUS},0.0,,,,,,-0.003320100469263565,
0.84,PURE,False,accept,NDE,"{CHN,NDE}+{RUS}","{CHN,NDE,RUS}",0.0,,,,,,-0.0003406427980507942,
0.84,PURE,False,accept,NDE,"{CHN,NDE}+{RUS}","{CHN,RUS}+{NDE}",0.0,,,,,,-0.003995932375691069,
0.84,PURE,False,accept,NDE,"{CHN,NDE}+{RUS}","{CHN}+{NDE,RUS}",0.0,,,,,,-0.0009405314592392244,
0.84,PURE,False,accept,NDE,"{CHN,NDE}+{RUS}",{CHN}+{NDE}+{RUS},0.0,,,,,,-0.003660743267314359,
0.84,PURE,False,accept,NDE,"{CHN,RUS}+{NDE}","{CHN,NDE,RUS}",1.0,,,,,,0.003655289577640275,
0.84,PURE,False,accept,NDE,"{CHN,RUS}+{NDE}","{CHN,NDE}+{RUS}",1.0,,,,,,0.003995932375691069,
0.84,PURE,False,accept,NDE,"{CHN,RUS}+{NDE}","{CHN}+{NDE,RUS}",1.0,,,,,,0.0030554009164518448,
0.84,PURE,False,accept,NDE,"{CHN}+{NDE,RUS}","{CHN,NDE,RUS}",1.0,,,,,,0.0005998886611884302,CHN
0.84,PURE,False,accept,NDE,"{CHN}+{NDE,RUS}","{CHN,NDE}+{RUS}",1.0,,,,,,0.0009405314592392244,
0.84,PURE,False,accept,NDE,"{CHN}+{NDE,RUS}","{CHN,RUS}+{NDE}",0.0,,,,,,-0.0030554009164518448,
0.84,PURE,False,accept,NDE,"{CHN}+{NDE,RUS}",{CHN}+{NDE}+{RUS},0.0,,,,,,-0.0027202118080751347,
0.84,PURE,False,accept,NDE,{CHN}+{NDE}+{RUS},"{CHN,NDE,RUS}",1.0,,,,,,0.003320100469263565,
0.84,PURE,False,accept,NDE,{CHN}+{NDE}+{RUS},"{CHN,NDE}+{RUS}",1.0,,,,,,0.003660743267314359,CHN
0.84,PURE,False,accept,NDE,{CHN}+{NDE}+{RUS},"{CHN}+{NDE,RUS}",1.0,,,,,,0.0027202118080751347,
0.84,PURE,False,accept,RUS,"{CHN,NDE,RUS}","{CHN,NDE}+{RUS}",0.0,,,,,,-2.6551645172068206e-05,
0.84,PURE,False,accept,RUS,"{CHN,NDE,RUS}","{CHN,RUS}+{NDE}",1.0,,,,,,0.00016236086336385291,
0.84,PURE,False,accept,RUS,"{CHN,NDE,RUS}","{CHN}+{NDE,RUS}",0.0,,,,,,-0.00019127907114735443,
0.84,PURE,False,accept,RUS,"{CHN,NDE,RUS}",{CHN}+{NDE}+{RUS},1.0,,,,,,6.315462101236236e-05,
0.84,PURE,False,accept,RUS,"{CHN,NDE}+{RUS}","{CHN,NDE,RUS}",1.0,,,,,,2.6551645172068206e-05,
0.84,PURE,False,accept,RUS,"{CHN,NDE}+{RUS}","{CHN,RUS}+{NDE}",1.0,,,,,,0.00018891250853592112,
0.84,PURE,False,accept,RUS,"{CHN,NDE}+{RUS}","{CHN}+{NDE,RUS}",0.0,,,,,,-0.00016472742597528622,
0.84,PURE,False,accept,RUS,"{CHN,RUS}+{NDE}","{CHN,NDE,RUS}",0.0,,,,,,-0.00016236086336385291,
0.84,PURE,False,accept,RUS,"{CHN,RUS}+{NDE}","{CHN,NDE}+{RUS}",0.0,,,,,,-0.00018891250853592112,
0.84,PURE,False,accept,RUS,"{CHN,RUS}+{NDE}","{CHN}+{NDE,RUS}",0.0,,,,,,-0.00035363993451120734,
0.84,PURE,False,accept,RUS,"{CHN,RUS}+{NDE}",{CHN}+{NDE}+{RUS},0.0,,,,,,-9.920624235149056e-05,
0.84,PURE,False,accept,RUS,"{CHN}+{NDE,RUS}","{CHN,NDE,RUS}",1.0,,,,,,0.00019127907114735443,CHN
0.84,PURE,False,accept,RUS,"{CHN}+{NDE,RUS}","{CHN,NDE}+{RUS}",1.0,,,,,,0.00016472742597528622,NDE
0.84,PURE,False,accept,RUS,"{CHN}+{NDE,RUS}","{CHN,RUS}+{NDE}",1.0,,,,,,0.00035363993451120734,
0.84,PURE,False,accept,RUS,"{CHN}+{NDE,RUS}",{CHN}+{NDE}+{RUS},1.0,,,,,,0.0002544336921597168,
0.84,PURE,False,accept,RUS,{CHN}+{NDE}+{RUS},"{CHN,NDE,RUS}",0.0,,,,,,-6.315462101236236e-05,
0.84,PURE,False,accept,RUS,{CHN}+{NDE}+{RUS},"{CHN,RUS}+{NDE}",1.0,,,,,,9.920624235149056e-05,
0.84,PURE,False,accept,RUS,{CHN}+{NDE}+{RUS},"{CHN}+{NDE,RUS}",0.0,,,,,,-0.0002544336921597168,
0.86,PURE,False,propose,CHN,"{CHN,NDE,RUS}","{CHN,NDE,RUS}",1.0,True,1.0,1.0,False,,,
0.86,PURE,False,propose,CHN,"{CHN,NDE}+{RUS}","{CHN,NDE}+{RUS}",1.0,True,1.0,1.0,False,,,
0.86,PURE,False,propose,CHN,"{CHN,RUS}+{NDE}","{CHN,RUS}+{NDE}",1.0,True,1.0,1.0,False,,,
0.86,PURE,False,propose,CHN,"{CHN}+{NDE,RUS}","{CHN,NDE,RUS}",1.0,False,1.0,1.0,False,"NDE,RUS",,
0.86,PURE,False,propose,CHN,{CHN}+{NDE}+{RUS},"{CHN,NDE}+{RUS}",1.0,False,1.0,1.0,False,NDE,,
0.86,PURE,False,propose,NDE,"{CHN,NDE,RUS}","{CHN,NDE,RUS}",1.0,True,1.0,1.0,False,,,
0.86,PURE,False,propose,NDE,"{CHN,NDE}+{RUS}","{CHN,NDE}+{RUS}",1.0,True,1.0,1.0,False,,,
0.86,PURE,False,propose,NDE,"{CHN,RUS}+{NDE}","{CHN,RUS}+{NDE}",1.0,True,1.0,1.0,False,,,
0.86,PURE,False,propose,NDE,"{CHN}+{NDE,RUS}","{CHN,NDE}+{RUS}",1.0,False,1.0,1.0,False,"CHN,RUS",,
0.86,PURE,False,propose,NDE,{CHN}+{NDE}+{RUS},"{CHN,NDE}+{RUS}",1.0,False,1.0,1.0,False,CHN,,
0.86,PURE,False,propose,RUS,"{CHN,NDE,RUS}","{CHN,NDE,RUS}",1.0,True,1.0,1.0,False,,,
0.86,PURE,False,propose,RUS,"{CHN,NDE}+{RUS}","{CHN,NDE}+{RUS}",1.0,True,1.0,1.0,False,,,
0.86,PURE,False,propose,RUS,"{CHN,RUS}+{NDE}","{CHN,RUS}+{NDE}",1.0,True,1.0,1.0,False,,,
0.86,PURE,False,propose,RUS,"{CHN}+{NDE,RUS}",{CHN}+{NDE}+{RUS},1.0,False,1.0,1.0,True,,,
0.86,PURE,False,propose,RUS,{CHN}+{NDE}+{RUS},"{CHN,RUS}+{NDE}",1.0,False,1.0,1.0,False,CHN,,
0.86,PURE,False,accept,CHN,"{CHN,NDE,RUS}","{CHN,NDE}+{RUS}",0.0,,,,,,-1.0546301350444764e-05,
0.86,PURE,False,accept,CHN,"{CHN,NDE,RUS}","{CHN,RUS}+{NDE}",0.0,,,,,,-0.00038875964187923273,
0.86,PURE,False,accept,CHN,"{CHN,NDE,RUS}","{CHN}+{NDE,RUS}",0.0,,,,,,-0.00010256435640698669,
0.86,PURE,False,accept,CHN,"{CHN,NDE,RUS}",{CHN}+{NDE}+{RUS},0.0,,,,,,-0.0006318764419805944,
0.86,PURE,False,accept,CHN,"{CHN,NDE}+{RUS}","{CHN,NDE,RUS}",1.0,,,,,,1.0546301350444764e-05,
0.86,PURE,False,accept,CHN,"{CHN,NDE}+{RUS}","{CHN,RUS}+{NDE}",0.0,,,,,,-0.00037821334052878797,
0.86,PURE,False,accept,CHN,"{CHN,NDE}+{RUS}","{CHN}+{NDE,RUS}",0.0,,,,,,-9.201805505654193e-05,
0.86,PURE,False,accept,CHN,"{CHN,NDE}+{RUS}",{CHN}+{NDE}+{RUS},0.0,,,,,,-0.0006213301406301497,
0.86,PURE,False,accept,CHN,"{CHN,RUS}+{NDE}","{CHN,NDE,RUS}",1.0,,,,,,0.00038875964187923273,
0.86,PURE,False,accept,CHN,"{CHN,RUS}+{NDE}","{CHN,NDE}+{RUS}",1.0,,,,,,0.00037821334052878797,
0.86,PURE,False,accept,CHN,"{CHN,RUS}+{NDE}","{CHN}+{NDE,RUS}",1.0,,,,,,0.00028619528547224604,
0.86,PURE,False,accept,CHN,"{CHN,RUS}+{NDE}",{CHN}+{NDE}+{RUS},0.0,,,,,,-0.00024311680010136172,
0.86,PURE,False,accept,CHN,"{CHN}+{NDE,RUS}","{CHN,NDE,RUS}",1.0,,,,,,0.00010256435640698669,
0.86,PURE,False,accept,CHN,"{CHN}+{NDE,RUS}","{CHN,NDE}+{RUS}",1.0,,,,,,9.201805505654193e-05,NDE
0.86,PURE,False,accept,CHN,"{CHN}+{NDE,RUS}","{CHN,RUS}+{NDE}",0.0,,,,,,-0.00028619528547224604,
0.86,PURE,False,accept,CHN,{CHN}+{NDE}+{RUS},"{CHN,NDE,RUS}",1.0,,,,,,0.0006318764419805944,
0.86,PURE,False,accept,CHN,{CHN}+{NDE}+{RUS},"{CHN,NDE}+{RUS}",1.0,,,,,,0.0006213301406301497,NDE
0.86,PURE,False,accept,CHN,{CHN}+{NDE}+{RUS},"{CHN,RUS}+{NDE}",1.0,,,,,,0.00024311680010136172,RUS
0.86,PURE,False,accept,NDE,"{CHN,NDE,RUS}","{CHN,NDE}+{RUS}",1.0,,,,,,0.0003406427980507942,
0.86,PURE,False,accept,NDE,"{CHN,NDE,RUS}","{CHN,RUS}+{NDE}",0.0,,,,,,-0.003655289577640275,
0.86,PURE,False,accept,NDE,"{CHN,NDE,RUS}","{CHN}+{NDE,RUS}",0.0,,,,,,-0.0005655992066948556,
0.86,PURE,False,accept,NDE,"{CHN,NDE,RUS}",{CHN}+{NDE}+{RUS},0.0,,,,,,-0.003029004743169139,
0.86,PURE,False,accept,NDE,"{CHN,NDE}+{RUS}","{CHN,NDE,RUS}",0.0,,,,,,-0.0003406427980507942,
0.86,PURE,False,accept,NDE,"{CHN,NDE}+{RUS}","{CHN,RUS}+{NDE}",0.0,,,,,,-0.003995932375691069,
0.86,PURE,False,accept,NDE,"{CHN,NDE}+{RUS}","{CHN}+{NDE,RUS}",0.0,,,,,,-0.0009062420047456499,
0.86,PURE,False,accept,NDE,"{CHN,NDE}+{RUS}",{CHN}+{NDE}+{RUS},0.0,,,,,,-0.0033696475412199334,
0.86,PURE,False,accept,NDE,"{CHN,RUS}+{NDE}","{CHN,NDE,RUS}",1.0,,,,,,0.003655289577640275,
0.86,PURE,False,accept,NDE,"{CHN,RUS}+{NDE}","{CHN,NDE}+{RUS}",1.0,,,,,,0.003995932375691069,
0.86,PURE,False,accept,NDE,"{CHN,RUS}+{NDE}","{CHN}+{NDE,RUS}",1.0,,,,,,0.0030896903709454193,
0.86,PURE,False,accept,NDE,"{CHN}+{NDE,RUS}","{CHN,NDE,RUS}",1.0,,,,,,0.0005655992066948556,CHN
0.86,PURE,False,accept,NDE,"{CHN}+{NDE,RUS}","{CHN,NDE}+{RUS}",1.0,,,,,,0.0009062420047456499,
0.86,PURE,False,accept,NDE,"{CHN}+{NDE,RUS}","{CHN,RUS}+{NDE}",0.0,,,,,,-0.0030896903709454193,
0.86,PURE,False,accept,NDE,"{CHN}+{NDE,RUS}",{CHN}+{NDE}+{RUS},0.0,,,,,,-0.0024634055364742835,
0.86,PURE,False,accept,NDE,{CHN}+{NDE}+{RUS},"{CHN,NDE,RUS}",1.0,,,,,,0.003029004743169139,
0.86,PURE,False,accept,NDE,{CHN}+{NDE}+{RUS},"{CHN,NDE}+{RUS}",1.0,,,,,,0.0033696475412199334,CHN
0.86,PURE,False,accept,NDE,{CHN}+{NDE}+{RUS},"{CHN}+{NDE,RUS}",1.0,,,,,,0.0024634055364742835,
0.86,PURE,False,accept,RUS,"{CHN,NDE,RUS}","{CHN,NDE}+{RUS}",0.0,,,,,,-2.6551645172068206e-05,
0.86,PURE,False,accept,RUS,"{CHN,NDE,RUS}","{CHN,RUS}+{NDE}",1.0,,,,,,0.00016236086336385291,
0.86,PURE,False,accept,RUS,"{CHN,NDE,RUS}","{CHN}+{NDE,RUS}",0.0,,,,,,-0.0001668020828358152,
0.86,PURE,False,accept,RUS,"{CHN,NDE,RUS}",{CHN}+{NDE}+{RUS},1.0,,,,,,5.981269226174035e-05,
0.86,PURE,False,accept,RUS,"{CHN,NDE}+{RUS}","{CHN,NDE,RUS}",1.0,,,,,,2.6551645172068206e-05,
0.86,PURE,False,accept,RUS,"{CHN,NDE}+{RUS}","{CHN,RUS}+{NDE}",1.0,,,,,,0.00018891250853592112,
0.86,PURE,False,accept,RUS,"{CHN,NDE}+{RUS}","{CHN}+{NDE,RUS}",0.0,,,,,,-0.000140250437663747,
0.86,PURE,False,accept,RUS,"{CHN,RUS}+{NDE}","{CHN,NDE,RUS}",0.0,,,,,,-0.00016236086336385291,
0.86,PURE,False,accept,RUS,"{CHN,RUS}+{NDE}","{CHN,NDE}+{RUS}",0.0,,,,,,-0.00018891250853592112,
0.86,PURE,False,accept,RUS,"{CHN,RUS}+{NDE}","{CHN}+{NDE,RUS}",0.0,,,,,,-0.00032916294619966813,
0.86,PURE,False,accept,RUS,"{CHN,RUS}+{NDE}",{CHN}+{NDE}+{RUS},0.0,,,,,,-0.00010254817110211256,
0.86,PURE,False,accept,RUS,"{CHN}+{NDE,RUS}","{CHN,NDE,RUS}",1.0,,,,,,0.0001668020828358152,CHN
0.86,PURE,False,accept,RUS,"{CHN}+{NDE,RUS}","{CHN,NDE}+{RUS}",1.0,,,,,,0.000140250437663747,NDE
0.86,PURE,False,accept,RUS,"{CHN}+{NDE,RUS}","{CHN,RUS}+{NDE}",1.0,,,,,,0.00032916294619966813,
0.86,PURE,False,accept,RUS,"{CHN}+{NDE,RUS}",{CHN}+{NDE}+{RUS},1.0,,,,,,0.00022661477509755557,
0.86,PURE,False,accept,RUS,{CHN}+{NDE}+{RUS},"{CHN,NDE,RUS}",0.0,,,,,,-5.981269226174035e-05,
0.86,PURE,False,accept,RUS,{CHN}+{NDE}+{RUS},"{CHN,RUS}+{NDE}",1.0,,,,,,0.00010254817110211256,
0.86,PURE,False,accept,RUS,{CHN}+{NDE}+{RUS},"{CHN}+{NDE,RUS}",0.0,,,,,,-0.00022661477509755557,
0.88,PURE,False,propose,CHN,"{CHN,NDE,RUS}","{CHN,NDE,RUS}",1.0,True,1.0,1.0,False,,,
0.88,PURE,False,propose,CHN,"{CHN,NDE}+{RUS}","{CHN,NDE}+{RUS}",1.0,True,1.0,1.0,False,,,
0.88,PURE,False,propose,CHN,"{CHN,RUS}+{NDE}","{CHN,RUS}+{NDE}",1.0,True,1.0,1.0,False,,,
0.88,PURE,False,propose,CHN,"{CHN}+{NDE,RUS}","{CHN,NDE,RUS}",1.0,False,1.0,1.0,False,"NDE,RUS",,
0.88,PURE,False,propose,CHN,{CHN}+{NDE}+{RUS},"{CHN,NDE}+{RUS}",1.0,False,1.0,1.0,False,NDE,,
0.88,PURE,False,propose,NDE,"{CHN,NDE,RUS}","{CHN,NDE,RUS}",1.0,True,1.0,1.0,False,,,
0.88,PURE,False,propose,NDE,"{CHN,NDE}+{RUS}","{CHN,NDE}+{RUS}",1.0,True,1.0,1.0,False,,,
0.88,PURE,False,propose,NDE,"{CHN,RUS}+{NDE}","{CHN,RUS}+{NDE}",1.0,True,1.0,1.0,False,,,
0.88,PURE,False,propose,NDE,"{CHN}+{NDE,RUS}","{CHN,NDE}+{RUS}",1.0,False,1.0,1.0,False,"CHN,RUS",,
0.88,PURE,False,propose,NDE,{CHN}+{NDE}+{RUS},"{CHN,NDE}+{RUS}",1.0,False,1.0,1.0,False,CHN,,
0.88,PURE,False,propose,RUS,"{CHN,NDE,RUS}","{CHN,NDE,RUS}",1.0,True,1.0,1.0,False,,,
0.88,PURE,False,propose,RUS,"{CHN,NDE}+{RUS}","{CHN,NDE}+{RUS}",1.0,True,1.0,1.0,False,,,
0.88,PURE,False,propose,RUS,"{CHN,RUS}+{NDE}","{CHN,RUS}+{NDE}",1.0,True,1.0,1.0,False,,,
0.88,PURE,False,propose,RUS,"{CHN}+{NDE,RUS}",{CHN}+{NDE}+{RUS},1.0,False,1.0,1.0,True,,,
0.88,PURE,False,propose,RUS,{CHN}+{NDE}+{RUS},"{CHN,RUS}+{NDE}",1.0,False,1.0,1.0,False,CHN,,
0.88,PURE,False,accept,CHN,"{CHN,NDE,RUS}","{CHN,NDE}+{RUS}",0.0,,,,,,-1.0546301350444764e-05,
0.88,PURE,False,accept,CHN,"{CHN,NDE,RUS}","{CHN,RUS}+{NDE}",0.0,,,,,,-0.00038875964187923273,
0.88,PURE,False,accept,CHN,"{CHN,NDE,RUS}","{CHN}+{NDE,RUS}",0.0,,,,,,-9.775015308477464e-05,
0.88,PURE,False,accept,CHN,"{CHN,NDE,RUS}",{CHN}+{NDE}+{RUS},0.0,,,,,,-0.0005611251523909289,
0.88,PURE,False,accept,CHN,"{CHN,NDE}+{RUS}","{CHN,NDE,RUS}",1.0,,,,,,1.0546301350444764e-05,
0.88,PURE,False,accept,CHN,"{CHN,NDE}+{RUS}","{CHN,RUS}+{NDE}",0.0,,,,,,-0.00037821334052878797,
0.88,PURE,False,accept,CHN,"{CHN,NDE}+{RUS}","{CHN}+{NDE,RUS}",0.0,,,,,,-8.720385173432987e-05,
0.88,PURE,False,accept,CHN,"{CHN,NDE}+{RUS}",{CHN}+{NDE}+{RUS},0.0,,,,,,-0.0005505788510404841,
0.88,PURE,False,accept,CHN,"{CHN,RUS}+{NDE}","{CHN,NDE,RUS}",1.0,,,,,,0.00038875964187923273,
0.88,PURE,False,accept,CHN,"{CHN,RUS}+{NDE}","{CHN,NDE}+{RUS}",1.0,,,,,,0.00037821334052878797,
0.88,PURE,False,accept,CHN,"{CHN,RUS}+{NDE}","{CHN}+{NDE,RUS}",1.0,,,,,,0.0002910094887944581,
0.88,PURE,False,accept,CHN,"{CHN,RUS}+{NDE}",{CHN}+{NDE}+{RUS},0.0,,,,,,-0.00017236551051169613,
0.88,PURE,False,accept,CHN,"{CHN}+{NDE,RUS}","{CHN,NDE,RUS}",1.0,,,,,,9.775015308477464e-05,
0.88,PURE,False,accept,CHN,"{CHN}+{NDE,RUS}","{CHN,NDE}+{RUS}",1.0,,,,,,8.720385173432987e-05,NDE
0.88,PURE,False,accept,CHN,"{CHN}+{NDE,RUS}","{CHN,RUS}+{NDE}",0.0,,,,,,-0.0002910094887944581,
0.88,PURE,False,accept,CHN,{CHN}+{NDE}+{RUS},"{CHN,NDE,RUS}",1.0,,,,,,0.0005611251523909289,
0.88,PURE,False,accept,CHN,{CHN}+{NDE}+{RUS},"{CHN,NDE}+{RUS}",1.0,,,,,,0.0005505788510404841,NDE
0.88,PURE,False,accept,CHN,{CHN}+{NDE}+{RUS},"{CHN,RUS}+{NDE}",1.0,,,,,,0.00017236551051169613,RUS
0.88,PURE,False,accept,NDE,"{CHN,NDE,RUS}","{CHN,NDE}+{RUS}",1.0,,,,,,0.0003406427980507942,
0.88,PURE,False,accept,NDE,"{CHN,NDE,RUS}","{CHN,RUS}+{NDE}",0.0,,,,,,-0.003655289577640275,
0.88,PURE,False,accept,NDE,"{CHN,NDE,RUS}","{CHN}+{NDE,RUS}",0.0,,,,,,-0.0005274284758520764,
0.88,PURE,False,accept,NDE,"{CHN,NDE,RUS}",{CHN}+{NDE}+{RUS},0.0,,,,,,-0.0027379090170747133,
0.88,PURE,False,accept,NDE,"{CHN,NDE}+{RUS}","{CHN,NDE,RUS}",0.0,,,,,,-0.0003406427980507942,
0.88,PURE,False,accept,NDE,"{CHN,NDE}+{RUS}","{CHN,RUS}+{NDE}",0.0,,,,,,-0.003995932375691069,
0.88,PURE,False,accept,NDE,"{CHN,NDE}+{RUS}","{CHN}+{NDE,RUS}",0.0,,,,,,-0.0008680712739028706,
0.88,PURE,False,accept,NDE,"{CHN,NDE}+{RUS}",{CHN}+{NDE}+{RUS},0.0,,,,,,-0.0030785518151255076,
0.88,PURE,False,accept,NDE,"{CHN,RUS}+{NDE}","{CHN,NDE,RUS}",1.0,,,,,,0.003655289577640275,
0.88,PURE,False,accept,NDE,"{CHN,RUS}+{NDE}","{CHN,NDE}+{RUS}",1.0,,,,,,0.003995932375691069,
0.88,PURE,False,accept,NDE,"{CHN,RUS}+{NDE}","{CHN}+{NDE,RUS}",1.0,,,,,,0.0031278611017881985,
0.88,PURE,False,accept,NDE,"{CHN}+{NDE,RUS}","{CHN,NDE,RUS}",1.0,,,,,,0.0005274284758520764,CHN
0.88,PURE,False,accept,NDE,"{CHN}+{NDE,RUS}","{CHN,NDE}+{RUS}",1.0,,,,,,0.0008680712739028706,
0.88,PURE,False,accept,NDE,"{CHN}+{NDE,RUS}","{CHN,RUS}+{NDE}",0.0,,,,,,-0.0031278611017881985,
0.88,PURE,False,accept,NDE,"{CHN}+{NDE,RUS}",{CHN}+{NDE}+{RUS},0.0,,,,,,-0.002210480541222637,
0.88,PURE,False,accept,NDE,{CHN}+{NDE}+{RUS},"{CHN,NDE,RUS}",1.0,,,,,,0.0027379090170747133,
0.88,PURE,False,accept,NDE,{CHN}+{NDE}+{RUS},"{CHN,NDE}+{RUS}",1.0,,,,,,0.0030785518151255076,CHN
0.88,PURE,False,accept,NDE,{CHN}+{NDE}+{RUS},"{CHN}+{NDE,RUS}",1.0,,,,,,0.002210480541222637,
0.88,PURE,False,accept,RUS,"{CHN,NDE,RUS}","{CHN,NDE}+{RUS}",0.0,,,,,,-2.6551645172068206e-05,
0.88,PURE,False,accept,RUS,"{CHN,NDE,RUS}","{CHN,RUS}+{NDE}",1.0,,,,,,0.00016236086336385291,
0.88,PURE,False,accept,RUS,"{CHN,NDE,RUS}","{CHN}+{NDE,RUS}",0.0,,,,,,-0.00014236965357428133,
0.88,PURE,False,accept,RUS,"{CHN,NDE,RUS}",{CHN}+{NDE}+{RUS},1.0,,,,,,5.6470763510896305e-05,
0.88,PURE,False,accept,RUS,"{CHN,NDE}+{RUS}","{CHN,NDE,RUS}",1.0,,,,,,2.6551645172068206e-05,
0.88,PURE,False,accept,RUS,"{CHN,NDE}+{RUS}","{CHN,RUS}+{NDE}",1.0,,,,,,0.00018891250853592112,
0.88,PURE,False,accept,RUS,"{CHN,NDE}+{RUS}","{CHN}+{NDE,RUS}",0.0,,,,,,-0.00011581800840221312,
0.88,PURE,False,accept,RUS,"{CHN,RUS}+{NDE}","{CHN,NDE,RUS}",0.0,,,,,,-0.00016236086336385291,
0.88,PURE,False,accept,RUS,"{CHN,RUS}+{NDE}","{CHN,NDE}+{RUS}",0.0,,,,,,-0.00018891250853592112,
0.88,PURE,False,accept,RUS,"{CHN,RUS}+{NDE}","{CHN}+{NDE,RUS}",0.0,,,,,,-0.00030473051693813424,
0.88,PURE,False,accept,RUS,"{CHN,RUS}+{NDE}",{CHN}+{NDE}+{RUS},0.0,,,,,,-0.00010589009985295661,
0.88,PURE,False,accept,RUS,"{CHN}+{NDE,RUS}","{CHN,NDE,RUS}",1.0,,,,,,0.00014236965357428133,CHN
0.88,PURE,False,accept,RUS,"{CHN}+{NDE,RUS}","{CHN,NDE}+{RUS}",1.0,,,,,,0.00011581800840221312,NDE
0.88,PURE,False,accept,RUS,"{CHN}+{NDE,RUS}","{CHN,RUS}+{NDE}",1.0,,,,,,0.00030473051693813424,
0.88,PURE,False,accept,RUS,"{CHN}+{NDE,RUS}",{CHN}+{NDE}+{RUS},1.0,,,,,,0.00019884041708517763,
0.88,PURE,False,accept,RUS,{CHN}+{NDE}+{RUS},"{CHN,NDE,RUS}",0.0,,,,,,-5.6470763510896305e-05,
0.88,PURE,False,accept,RUS,{CHN}+{NDE}+{RUS},"{CHN,RUS}+{NDE}",1.0,,,,,,0.00010589009985295661,
0.88,PURE,False,accept,RUS,{CHN}+{NDE}+{RUS},"{CHN}+{NDE,RUS}",0.0,,,,,,-0.00019884041708517763,
0.9,PURE,False,propose,CHN,"{CHN,NDE,RUS}","{CHN,NDE,RUS}",1.0,True,1.0,1.0,False,,,
0.9,PURE,False,propose,CHN,"{CHN,NDE}+{RUS}","{CHN,NDE}+{RUS}",1.0,True,1.0,1.0,False,,,
0.9,PURE,False,propose,CHN,"{CHN,RUS}+{NDE}","{CHN,RUS}+{NDE}",1.0,True,1.0,1.0,False,,,
0.9,PURE,False,propose,CHN,"{CHN}+{NDE,RUS}","{CHN,NDE,RUS}",1.0,False,1.0,1.0,False,"NDE,RUS",,
0.9,PURE,False,propose,CHN,{CHN}+{NDE}+{RUS},"{CHN,NDE}+{RUS}",1.0,False,1.0,1.0,False,NDE,,
0.9,PURE,False,propose,NDE,"{CHN,NDE,RUS}","{CHN,NDE,RUS}",1.0,True,1.0,1.0,False,,,
0.9,PURE,False,propose,NDE,"{CHN,NDE}+{RUS}","{CHN,NDE}+{RUS}",1.0,True,1.0,1.0,False,,,
0.9,PURE,False,propose,NDE,"{CHN,RUS}+{NDE}","{CHN,RUS}+{NDE}",1.0,True,1.0,1.0,False,,,
0.9,PURE,False,propose,NDE,"{CHN}+{NDE,RUS}","{CHN,NDE}+{RUS}",1.0,False,1.0,1.0,False,"CHN,RUS",,
0.9,PURE,False,propose,NDE,{CHN}+{NDE}+{RUS},"{CHN,NDE}+{RUS}",1.0,False,1.0,1.0,False,CHN,,
0.9,PURE,False,propose,RUS,"{CHN,NDE,RUS}","{CHN,NDE,RUS}",1.0,True,1.0,1.0,False,,,
0.9,PURE,False,propose,RUS,"{CHN,NDE}+{RUS}","{CHN,NDE}+{RUS}",1.0,True,1.0,1.0,False,,,
0.9,PURE,False,propose,RUS,"{CHN,RUS}+{NDE}","{CHN,RUS}+{NDE}",1.0,True,1.0,1.0,False,,,
0.9,PURE,False,propose,RUS,"{CHN}+{NDE,RUS}",{CHN}+{NDE}+{RUS},1.0,False,1.0,1.0,True,,,
0.9,PURE,False,propose,RUS,{CHN}+{NDE}+{RUS},"{CHN,RUS}+{NDE}",1.0,False,1.0,1.0,False,CHN,,
0.9,PURE,False,accept,CHN,"{CHN,NDE,RUS}","{CHN,NDE}+{RUS}",0.0,,,,,,-1.0546301350444764e-05,
0.9,PURE,False,accept,CHN,"{CHN,NDE,RUS}","{CHN,RUS}+{NDE}",0.0,,,,,,-0.00038875964187923273,
0.9,PURE,False,accept,CHN,"{CHN,NDE,RUS}","{CHN}+{NDE,RUS}",0.0,,,,,,-9.199259923597936e-05,
0.9,PURE,False,accept,CHN,"{CHN,NDE,RUS}",{CHN}+{NDE}+{RUS},0.0,,,,,,-0.0004903738628030396,
0.9,PURE,False,accept,CHN,"{CHN,NDE}+{RUS}","{CHN,NDE,RUS}",1.0,,,,,,1.0546301350444764e-05,
0.9,PURE,False,accept,CHN,"{CHN,NDE}+{RUS}","{CHN,RUS}+{NDE}",0.0,,,,,,-0.00037821334052878797,
0.9,PURE,False,accept,CHN,"{CHN,NDE}+{RUS}","{CHN}+{NDE,RUS}",0.0,,,,,,-8.144629788553459e-05,
0.9,PURE,False,accept,CHN,"{CHN,NDE}+{RUS}",{CHN}+{NDE}+{RUS},0.0,,,,,,-0.00047982756145259486,
0.9,PURE,False,accept,CHN,"{CHN,RUS}+{NDE}","{CHN,NDE,RUS}",1.0,,,,,,0.00038875964187923273,
0.9,PURE,False,accept,CHN,"{CHN,RUS}+{NDE}","{CHN,NDE}+{RUS}",1.0,,,,,,0.00037821334052878797,
0.9,PURE,False,accept,CHN,"{CHN,RUS}+{NDE}","{CHN}+{NDE,RUS}",1.0,,,,,,0.0002967670426432534,
0.9,PURE,False,accept,CHN,"{CHN,RUS}+{NDE}",{CHN}+{NDE}+{RUS},0.0,,,,,,-0.0001016142209238069,
0.9,PURE,False,accept,CHN,"{CHN}+{NDE,RUS}","{CHN,NDE,RUS}",1.0,,,,,,9.199259923597936e-05,
0.9,PURE,False,accept,CHN,"{CHN}+{NDE,RUS}","{CHN,NDE}+{RUS}",1.0,,,,,,8.144629788553459e-05,NDE
0.9,PURE,False,accept,CHN,"{CHN}+{NDE,RUS}","{CHN,RUS}+{NDE}",0.0,,,,,,-0.0002967670426432534,
0.9,PURE,False,accept,CHN,{CHN}+{NDE}+{RUS},"{CHN,NDE,RUS}",1.0,,,,,,0.0004903738628030396,
0.9,PURE,False,accept,CHN,{CHN}+{NDE}+{RUS},"{CHN,NDE}+{RUS}",1.0,,,,,,0.00047982756145259486,NDE
0.9,PURE,False,accept,CHN,{CHN}+{NDE}+{RUS},"{CHN,RUS}+{NDE}",1.0,,,,,,0.0001016142209238069,RUS
0.9,PURE,False,accept,NDE,"{CHN,NDE,RUS}","{CHN,NDE}+{RUS}",1.0,,,,,,0.0003406427980507942,
0.9,PURE,False,accept,NDE,"{CHN,NDE,RUS}","{CHN,RUS}+{NDE}",0.0,,,,,,-0.003655289577640275,
0.9,PURE,False,accept,NDE,"{CHN,NDE,RUS}","{CHN}+{NDE,RUS}",0.0,,,,,,-0.00048537646866009254,
0.9,PURE,False,accept,NDE,"{CHN,NDE,RUS}",{CHN}+{NDE}+{RUS},0.0,,,,,,-0.0024468132909802875,
0.9,PURE,False,accept,NDE,"{CHN,NDE}+{RUS}","{CHN,NDE,RUS}",0.0,,,,,,-0.0003406427980507942,
0.9,PURE,False,accept,NDE,"{CHN,NDE}+{RUS}","{CHN,RUS}+{NDE}",0.0,,,,,,-0.003995932375691069,
0.9,PURE,False,accept,NDE,"{CHN,NDE}+{RUS}","{CHN}+{NDE,RUS}",0.0,,,,,,-0.0008260192667108868,
0.9,PURE,False,accept,NDE,"{CHN,NDE}+{RUS}",{CHN}+{NDE}+{RUS},0.0,,,,,,-0.0027874560890310818,
0.9,PURE,False,accept,NDE,"{CHN,RUS}+{NDE}","{CHN,NDE,RUS}",1.0,,,,,,0.003655289577640275,
0.9,PURE,False,accept,NDE,"{CHN,RUS}+{NDE}","{CHN,NDE}+{RUS}",1.0,,,,,,0.003995932375691069,
0.9,PURE,False,accept,NDE,"{CHN,RUS}+{NDE}","{CHN}+{NDE,RUS}",1.0,,,,,,0.0031699131089801824,
0.9,PURE,False,accept,NDE,"{CHN}+{NDE,RUS}","{CHN,NDE,RUS}",1.0,,,,,,0.00048537646866009254,CHN
0.9,PURE,False,accept,NDE,"{CHN}+{NDE,RUS}","{CHN,NDE}+{RUS}",1.0,,,,,,0.0008260192667108868,
0.9,PURE,False,accept,NDE,"{CHN}+{NDE,RUS}","{CHN,RUS}+{NDE}",0.0,,,,,,-0.0031699131089801824,
0.9,PURE,False,accept,NDE,"{CHN}+{NDE,RUS}",{CHN}+{NDE}+{RUS},0.0,,,,,,-0.001961436822320195,
0.9,PURE,False,accept,NDE,{CHN}+{NDE}+{RUS},"{CHN,NDE,RUS}",1.0,,,,,,0.0024468132909802875,
0.9,PURE,False,accept,NDE,{CHN}+{NDE}+{RUS},"{CHN,NDE}+{RUS}",1.0,,,,,,0.0027874560890310818,CHN
0.9,PURE,False,accept,NDE,{CHN}+{NDE}+{RUS},"{CHN}+{NDE,RUS}",1.0,,,,,,0.001961436822320195,
0.9,PURE,False,accept,RUS,"{CHN,NDE,RUS}","{CHN,NDE}+{RUS}",0.0,,,,,,-2.6551645172068206e-05,
0.9,PURE,False,accept,RUS,"{CHN,NDE,RUS}","{CHN,RUS}+{NDE}",1.0,,,,,,0.00016236086336385291,
0.9,PURE,False,accept,RUS,"{CHN,NDE,RUS}","{CHN}+{NDE,RUS}",0.0,,,,,,-0.00011798178336275278,
0.9,PURE,False,accept,RUS,"{CHN,NDE,RUS}",{CHN}+{NDE}+{RUS},1.0,,,,,,5.31288347602743e-05,
0.9,PURE,False,accept,RUS,"{CHN,NDE}+{RUS}","{CHN,NDE,RUS}",1.0,,,,,,2.6551645172068206e-05,
0.9,PURE,False,accept,RUS,"{CHN,NDE}+{RUS}","{CHN,RUS}+{NDE}",1.0,,,,,,0.00018891250853592112,
0.9,PURE,False,accept,RUS,"{CHN,NDE}+{RUS}","{CHN}+{NDE,RUS}",0.0,,,,,,-9.143013819068457e-05,
0.9,PURE,False,accept,RUS,"{CHN,RUS}+{NDE}","{CHN,NDE,RUS}",0.0,,,,,,-0.00016236086336385291,
0.9,PURE,False,accept,RUS,"{CHN,RUS}+{NDE}","{CHN,NDE}+{RUS}",0.0,,,,,,-0.00018891250853592112,
0.9,PURE,False,accept,RUS,"{CHN,RUS}+{NDE}","{CHN}+{NDE,RUS}",0.0,,,,,,-0.0002803426467266057,
0.9,PURE,False,accept,RUS,"{CHN,RUS}+{NDE}",{CHN}+{NDE}+{RUS},0.0,,,,,,-0.00010923202860357861,
0.9,PURE,False,accept,RUS,"{CHN}+{NDE,RUS}","{CHN,NDE,RUS}",1.0,,,,,,0.00011798178336275278,CHN
0.9,PURE,False,accept,RUS,"{CHN}+{NDE,RUS}","{CHN,NDE}+{RUS}",1.0,,,,,,9.143013819068457e-05,NDE
0.9,PURE,False,accept,RUS,"{CHN}+{NDE,RUS}","{CHN,RUS}+{NDE}",1.0,,,,,,0.0002803426467266057,
0.9,PURE,False,accept,RUS,"{CHN}+{NDE,RUS}",{CHN}+{NDE}+{RUS},1.0,,,,,,0.00017111061812302708,
0.9,PURE,False,accept,RUS,{CHN}+{NDE}+{RUS},"{CHN,NDE,RUS}",0.0,,,,,,-5.31288347602743e-05,
0.9,PURE,False,accept,RUS,{CHN}+{NDE}+{RUS},"{CHN,RUS}+{NDE}",1.0,,,,,,0.00010923202860357861,
0.9,PURE,False,accept,RUS,{CHN}+{NDE}+{RUS},"{CHN}+{NDE,RUS}",0.0,,,,,,-0.00017111061812302708,
0.92,PURE,False,propose,CHN,"{CHN,NDE,RUS}","{CHN,NDE,RUS}",1.0,True,1.0,1.0,False,,,
0.92,PURE,False,propose,CHN,"{CHN,NDE}+{RUS}","{CHN,NDE}+{RUS}",1.0,True,1.0,1.0,False,,,
0.92,PURE,False,propose,CHN,"{CHN,RUS}+{NDE}","{CHN,RUS}+{NDE}",1.0,True,1.0,1.0,False,,,
0.92,PURE,False,propose,CHN,"{CHN}+{NDE,RUS}","{CHN,NDE,RUS}",1.0,False,1.0,1.0,False,"NDE,RUS",,
0.92,PURE,False,propose,CHN,{CHN}+{NDE}+{RUS},"{CHN,NDE}+{RUS}",1.0,False,1.0,1.0,False,NDE,,
0.92,PURE,False,propose,NDE,"{CHN,NDE,RUS}","{CHN,NDE,RUS}",1.0,True,1.0,1.0,False,,,
0.92,PURE,False,propose,NDE,"{CHN,NDE}+{RUS}","{CHN,NDE}+{RUS}",1.0,True,1.0,1.0,False,,,
0.92,PURE,False,propose,NDE,"{CHN,RUS}+{NDE}","{CHN,RUS}+{NDE}",1.0,True,1.0,1.0,False,,,
0.92,PURE,False,propose,NDE,"{CHN}+{NDE,RUS}","{CHN,NDE}+{RUS}",1.0,False,1.0,1.0,False,"CHN,RUS",,
0.92,PURE,False,propose,NDE,{CHN}+{NDE}+{RUS},"{CHN,NDE}+{RUS}",1.0,False,1.0,1.0,False,CHN,,
0.92,PURE,False,propose,RUS,"{CHN,NDE,RUS}","{CHN,NDE,RUS}",1.0,True,1.0,1.0,False,,,
0.92,PURE,False,propose,RUS,"{CHN,NDE}+{RUS}","{CHN,NDE}+{RUS}",1.0,True,1.0,1.0,False,,,
0.92,PURE,False,propose,RUS,"{CHN,RUS}+{NDE}","{CHN,RUS}+{NDE}",1.0,True,1.0,1.0,False,,,
0.92,PURE,False,propose,RUS,"{CHN}+{NDE,RUS}",{CHN}+{NDE}+{RUS},1.0,False,1.0,1.0,True,,,
0.92,PURE,False,propose,RUS,{CHN}+{NDE}+{RUS},"{CHN,RUS}+{NDE}",1.0,False,1.0,1.0,False,CHN,,
0.92,PURE,False,accept,CHN,"{CHN,NDE,RUS}","{CHN,NDE}+{RUS}",0.0,,,,,,-1.0546301350444764e-05,
0.92,PURE,False,accept,CHN,"{CHN,NDE,RUS}","{CHN,RUS}+{NDE}",0.0,,,,,,-0.00038875964187923273,
0.92,PURE,False,accept,CHN,"{CHN,NDE,RUS}","{CHN}+{NDE,RUS}",0.0,,,,,,-8.529169485882448e-05,
0.92,PURE,False,accept,CHN,"{CHN,NDE,RUS}",{CHN}+{NDE}+{RUS},0.0,,,,,,-0.0004196225732151504,
0.92,PURE,False,accept,CHN,"{CHN,NDE}+{RUS}","{CHN,NDE,RUS}",1.0,,,,,,1.0546301350444764e-05,
0.92,PURE,False,accept,CHN,"{CHN,NDE}+{RUS}","{CHN,RUS}+{NDE}",0.0,,,,,,-0.00037821334052878797,
0.92,PURE,False,accept,CHN,"{CHN,NDE}+{RUS}","{CHN}+{NDE,RUS}",0.0,,,,,,-7.474539350837972e-05,
0.92,PURE,False,accept,CHN,"{CHN,NDE}+{RUS}",{CHN}+{NDE}+{RUS},0.0,,,,,,-0.00040907627186470563,
0.92,PURE,False,accept,CHN,"{CHN,RUS}+{NDE}","{CHN,NDE,RUS}",1.0,,,,,,0.00038875964187923273,
0.92,PURE,False,accept,CHN,"{CHN,RUS}+{NDE}","{CHN,NDE}+{RUS}",1.0,,,,,,0.00037821334052878797,
0.92,PURE,False,accept,CHN,"{CHN,RUS}+{NDE}","{CHN}+{NDE,RUS}",1.0,,,,,,0.00030346794702040825,
0.92,PURE,False,accept,CHN,"{CHN,RUS}+{NDE}",{CHN}+{NDE}+{RUS},0.0,,,,,,-3.0862931335917665e-05,
0.92,PURE,False,accept,CHN,"{CHN}+{NDE,RUS}","{CHN,NDE,RUS}",1.0,,,,,,8.529169485882448e-05,
0.92,PURE,False,accept,CHN,"{CHN}+{NDE,RUS}","{CHN,NDE}+{RUS}",1.0,,,,,,7.474539350837972e-05,NDE
0.92,PURE,False,accept,CHN,"{CHN}+{NDE,RUS}","{CHN,RUS}+{NDE}",0.0,,,,,,-0.00030346794702040825,
0.92,PURE,False,accept,CHN,{CHN}+{NDE}+{RUS},"{CHN,NDE,RUS}",1.0,,,,,,0.0004196225732151504,
0.92,PURE,False,accept,CHN,{CHN}+{NDE}+{RUS},"{CHN,NDE}+{RUS}",1.0,,,,,,0.00040907627186470563,NDE
0.92,PURE,False,accept,CHN,{CHN}+{NDE}+{RUS},"{CHN,RUS}+{NDE}",1.0,,,,,,3.0862931335917665e-05,RUS
0.92,PURE,False,accept,NDE,"{CHN,NDE,RUS}","{CHN,NDE}+{RUS}",1.0,,,,,,0.0003406427980507942,
0.92,PURE,False,accept,NDE,"{CHN,NDE,RUS}","{CHN,RUS}+{NDE}",0.0,,,,,,-0.003655289577640275,
0.92,PURE,False,accept,NDE,"{CHN,NDE,RUS}","{CHN}+{NDE,RUS}",0.0,,,,,,-0.0004394431851224567,
0.92,PURE,False,accept,NDE,"{CHN,NDE,RUS}",{CHN}+{NDE}+{RUS},0.0,,,,,,-0.0021557175648894145,
0.92,PURE,False,accept,NDE,"{CHN,NDE}+{RUS}","{CHN,NDE,RUS}",0.0,,,,,,-0.0003406427980507942,
0.92,PURE,False,accept,NDE,"{CHN,NDE}+{RUS}","{CHN,RUS}+{NDE}",0.0,,,,,,-0.003995932375691069,
0.92,PURE,False,accept,NDE,"{CHN,NDE}+{RUS}","{CHN}+{NDE,RUS}",0.0,,,,,,-0.000780085983173251,
0.92,PURE,False,accept,NDE,"{CHN,NDE}+{RUS}",{CHN}+{NDE}+{RUS},0.0,,,,,,-0.0024963603629402087,
0.92,PURE,False,accept,NDE,"{CHN,RUS}+{NDE}","{CHN,NDE,RUS}",1.0,,,,,,0.003655289577640275,
0.92,PURE,False,accept,NDE,"{CHN,RUS}+{NDE}","{CHN,NDE}+{RUS}",1.0,,,,,,0.003995932375691069,
0.92,PURE,False,accept,NDE,"{CHN,RUS}+{NDE}","{CHN}+{NDE,RUS}",1.0,,,,,,0.0032158463925178182,
0.92,PURE,False,accept,NDE,"{CHN}+{NDE,RUS}","{CHN,NDE,RUS}",1.0,,,,,,0.0004394431851224567,CHN
0.92,PURE,False,accept,NDE,"{CHN}+{NDE,RUS}","{CHN,NDE}+{RUS}",1.0,,,,,,0.000780085983173251,
0.92,PURE,False,accept,NDE,"{CHN}+{NDE,RUS}","{CHN,RUS}+{NDE}",0.0,,,,,,-0.0032158463925178182,
0.92,PURE,False,accept,NDE,"{CHN}+{NDE,RUS}",{CHN}+{NDE}+{RUS},0.0,,,,,,-0.0017162743797669577,
0.92,PURE,False,accept,NDE,{CHN}+{NDE}+{RUS},"{CHN,NDE,RUS}",1.0,,,,,,0.0021557175648894145,
0.92,PURE,False,accept,NDE,{CHN}+{NDE}+{RUS},"{CHN,NDE}+{RUS}",1.0,,,,,,0.0024963603629402087,CHN
0.92,PURE,False,accept,NDE,{CHN}+{NDE}+{RUS},"{CHN}+{NDE,RUS}",1.0,,,,,,0.0017162743797669577,
0.92,PURE,False,accept,RUS,"{CHN,NDE,RUS}","{CHN,NDE}+{RUS}",0.0,,,,,,-2.6551645172068206e-05,
0.92,PURE,False,accept,RUS,"{CHN,NDE,RUS}","{CHN,RUS}+{NDE}",1.0,,,,,,0.00016236086336385291,
0.92,PURE,False,accept,RUS,"{CHN,NDE,RUS}","{CHN}+{NDE,RUS}",0.0,,,,,,-9.363847220122956e-05,
0.92,PURE,False,accept,RUS,"{CHN,NDE,RUS}",{CHN}+{NDE}+{RUS},1.0,,,,,,4.9786906009430254e-05,
0.92,PURE,False,accept,RUS,"{CHN,NDE}+{RUS}","{CHN,NDE,RUS}",1.0,,,,,,2.6551645172068206e-05,
0.92,PURE,False,accept,RUS,"{CHN,NDE}+{RUS}","{CHN,RUS}+{NDE}",1.0,,,,,,0.00018891250853592112,
0.92,PURE,False,accept,RUS,"{CHN,NDE}+{RUS}","{CHN}+{NDE,RUS}",0.0,,,,,,-6.708682702916136e-05,
0.92,PURE,False,accept,RUS,"{CHN,RUS}+{NDE}","{CHN,NDE,RUS}",0.0,,,,,,-0.00016236086336385291,
0.92,PURE,False,accept,RUS,"{CHN,RUS}+{NDE}","{CHN,NDE}+{RUS}",0.0,,,,,,-0.00018891250853592112,
0.92,PURE,False,accept,RUS,"{CHN,RUS}+{NDE}","{CHN}+{NDE,RUS}",0.0,,,,,,-0.0002559993355650825,
0.92,PURE,False,accept,RUS,"{CHN,RUS}+{NDE}",{CHN}+{NDE}+{RUS},0.0,,,,,,-0.00011257395735442266,
0.92,PURE,False,accept,RUS,"{CHN}+{NDE,RUS}","{CHN,NDE,RUS}",1.0,,,,,,9.363847220122956e-05,CHN
0.92,PURE,False,accept,RUS,"{CHN}+{NDE,RUS}","{CHN,NDE}+{RUS}",1.0,,,,,,6.708682702916136e-05,NDE
0.92,PURE,False,accept,RUS,"{CHN}+{NDE,RUS}","{CHN,RUS}+{NDE}",1.0,,,,,,0.0002559993355650825,
0.92,PURE,False,accept,RUS,"{CHN}+{NDE,RUS}",{CHN}+{NDE}+{RUS},1.0,,,,,,0.00014342537821065982,
0.92,PURE,False,accept,RUS,{CHN}+{NDE}+{RUS},"{CHN,NDE,RUS}",0.0,,,,,,-4.9786906009430254e-05,
0.92,PURE,False,accept,RUS,{CHN}+{NDE}+{RUS},"{CHN,RUS}+{NDE}",1.0,,,,,,0.00011257395735442266,
0.92,PURE,False,accept,RUS,{CHN}+{NDE}+{RUS},"{CHN}+{NDE,RUS}",0.0,,,,,,-0.00014342537821065982,
0.94,MIXED_NONUNIQUE,True,propose,CHN,"{CHN,NDE,RUS}","{CHN,NDE,RUS}",1.0,True,1.0,1.0,False,,,
0.94,MIXED_NONUNIQUE,True,propose,CHN,"{CHN,NDE}+{RUS}","{CHN,NDE}+{RUS}",1.0,True,1.0,1.0,False,,,
0.94,MIXED_NONUNIQUE,True,propose,CHN,"{CHN,RUS}+{NDE}",{CHN}+{NDE}+{RUS},1.0,False,1.0,1.0,True,,,
0.94,MIXED_NONUNIQUE,True,propose,CHN,"{CHN}+{NDE,RUS}","{CHN,NDE}+{RUS}",1.0,False,1.0,1.0,False,"NDE,RUS",,
0.94,MIXED_NONUNIQUE,True,propose,CHN,{CHN}+{NDE}+{RUS},"{CHN,NDE,RUS}",0.5322537434671142,False,0.9596877416173738,0.5107973930353479,False,"NDE,RUS",,
0.94,MIXED_NONUNIQUE,True,propose,CHN,{CHN}+{NDE}+{RUS},"{CHN,NDE}+{RUS}",0.4677462565328858,False,1.0,0.4677462565328858,False,NDE,,
0.94,MIXED_NONUNIQUE,True,propose,NDE,"{CHN,NDE,RUS}","{CHN,NDE,RUS}",1.0,True,1.0,1.0,False,,,
0.94,MIXED_NONUNIQUE,True,propose,NDE,"{CHN,NDE}+{RUS}","{CHN,NDE}+{RUS}",1.0,True,1.0,1.0,False,,,
0.94,MIXED_NONUNIQUE,True,propose,NDE,"{CHN,RUS}+{NDE}","{CHN,RUS}+{NDE}",1.0,True,1.0,1.0,False,,,
0.94,MIXED_NONUNIQUE,True,propose,NDE,"{CHN}+{NDE,RUS}","{CHN,NDE}+{RUS}",1.0,False,1.0,1.0,False,"CHN,RUS",,
0.94,MIXED_NONUNIQUE,True,propose,NDE,{CHN}+{NDE}+{RUS},"{CHN,NDE}+{RUS}",1.0,False,1.0,1.0,False,CHN,,
0.94,MIXED_NONUNIQUE,True,propose,RUS,"{CHN,NDE,RUS}","{CHN,NDE,RUS}",1.0,True,1.0,1.0,False,,,
0.94,MIXED_NONUNIQUE,True,propose,RUS,"{CHN,NDE}+{RUS}","{CHN,NDE}+{RUS}",1.0,True,1.0,1.0,False,,,
0.94,MIXED_NONUNIQUE,True,propose,RUS,"{CHN,RUS}+{NDE}","{CHN,RUS}+{NDE}",1.0,True,1.0,1.0,False,,,
0.94,MIXED_NONUNIQUE,True,propose,RUS,"{CHN}+{NDE,RUS}",{CHN}+{NDE}+{RUS},1.0,False,1.0,1.0,True,,,
0.94,MIXED_NONUNIQUE,True,propose,RUS,{CHN}+{NDE}+{RUS},"{CHN,NDE,RUS}",0.5784537607271355,False,1.0,0.5784537607271355,False,"CHN,NDE",,
0.94,MIXED_NONUNIQUE,True,propose,RUS,{CHN}+{NDE}+{RUS},{CHN}+{NDE}+{RUS},0.4215462392728645,True,1.0,0.4215462392728645,False,,,
0.94,MIXED_NONUNIQUE,True,accept,CHN,"{CHN,NDE,RUS}","{CHN,NDE}+{RUS}",0.0,,,,,,-1.0546301350444764e-05,
0.94,MIXED_NONUNIQUE,True,accept,CHN,"{CHN,NDE,RUS}","{CHN,RUS}+{NDE}",0.0,,,,,,-0.000282049165868159,
0.94,MIXED_NONUNIQUE,True,accept,CHN,"{CHN,NDE,RUS}","{CHN}+{NDE,RUS}",0.0,,,,,,-5.361172225093469e-05,
0.94,MIXED_NONUNIQUE,True,accept,CHN,"{CHN,NDE,RUS}",{CHN}+{NDE}+{RUS},0.0,,,,,,-0.00026161524493062416,
0.94,MIXED_NONUNIQUE,True,accept,CHN,"{CHN,NDE}+{RUS}","{CHN,NDE,RUS}",1.0,,,,,,1.0546301350444764e-05,
0.94,MIXED_NONUNIQUE,True,accept,CHN,"{CHN,NDE}+{RUS}","{CHN,RUS}+{NDE}",0.0,,,,,,-0.0002715028645177142,
0.94,MIXED_NONUNIQUE,True,accept,CHN,"{CHN,NDE}+{RUS}","{CHN}+{NDE,RUS}",0.0,,,,,,-4.3065420900489926e-05,
0.94,MIXED_NONUNIQUE,True,accept,CHN,"{CHN,NDE}+{RUS}",{CHN}+{NDE}+{RUS},0.0,,,,,,-0.0002510689435801794,
0.94,MIXED_NONUNIQUE,True,accept,CHN,"{CHN,RUS}+{NDE}","{CHN,NDE,RUS}",1.0,,,,,,0.000282049165868159,
0.94,MIXED_NONUNIQUE,True,accept,CHN,"{CHN,RUS}+{NDE}","{CHN,NDE}+{RUS}",1.0,,,,,,0.0002715028645177142,
0.94,MIXED_NONUNIQUE,True,accept,CHN,"{CHN,RUS}+{NDE}","{CHN}+{NDE,RUS}",1.0,,,,,,0.0002284374436172243,
0.94,MIXED_NONUNIQUE,True,accept,CHN,"{CHN,RUS}+{NDE}",{CHN}+{NDE}+{RUS},1.0,,,,,,2.0433920937534822e-05,
0.94,MIXED_NONUNIQUE,True,accept,CHN,"{CHN}+{NDE,RUS}","{CHN,NDE,RUS}",1.0,,,,,,5.361172225093469e-05,
0.94,MIXED_NONUNIQUE,True,accept,CHN,"{CHN}+{NDE,RUS}","{CHN,NDE}+{RUS}",1.0,,,,,,4.3065420900489926e-05,NDE
0.94,MIXED_NONUNIQUE,True,accept,CHN,"{CHN}+{NDE,RUS}","{CHN,RUS}+{NDE}",0.0,,,,,,-0.0002284374436172243,
0.94,MIXED_NONUNIQUE,True,accept,CHN,{CHN}+{NDE}+{RUS},"{CHN,NDE,RUS}",1.0,,,,,,0.00026161524493062416,RUS
0.94,MIXED_NONUNIQUE,True,accept,CHN,{CHN}+{NDE}+{RUS},"{CHN,NDE}+{RUS}",1.0,,,,,,0.0002510689435801794,NDE
0.94,MIXED_NONUNIQUE,True,accept,CHN,{CHN}+{NDE}+{RUS},"{CHN,RUS}+{NDE}",0.0,,,,,,-2.0433920937534822e-05,
0.94,MIXED_NONUNIQUE,True,accept,NDE,"{CHN,NDE,RUS}","{CHN,NDE}+{RUS}",1.0,,,,,,0.0003406427980507942,
0.94,MIXED_NONUNIQUE,True,accept,NDE,"{CHN,NDE,RUS}","{CHN,RUS}+{NDE}",0.0,,,,,,-0.001343822550012419,
0.94,MIXED_NONUNIQUE,True,accept,NDE,"{CHN,NDE,RUS}","{CHN}+{NDE,RUS}",1.0,,,,,,1.89779169623705e-05,
0.94,MIXED_NONUNIQUE,True,accept,NDE,"{CHN,NDE,RUS}",{CHN}+{NDE}+{RUS},0.0,,,,,,-0.0009012012042965978,
0.94,MIXED_NONUNIQUE,True,accept,NDE,"{CHN,NDE}+{RUS}","{CHN,NDE,RUS}",0.0,,,,,,-0.0003406427980507942,
0.94,MIXED_NONUNIQUE,True,accept,NDE,"{CHN,NDE}+{RUS}","{CHN,RUS}+{NDE}",0.0,,,,,,-0.0016844653480632132,
0.94,MIXED_NONUNIQUE,True,accept,NDE,"{CHN,NDE}+{RUS}","{CHN}+{NDE,RUS}",0.0,,,,,,-0.0003216648810884237,
0.94,MIXED_NONUNIQUE,True,accept,NDE,"{CHN,NDE}+{RUS}",{CHN}+{NDE}+{RUS},0.0,,,,,,-0.001241844002347392,
0.94,MIXED_NONUNIQUE,True,accept,NDE,"{CHN,RUS}+{NDE}","{CHN,NDE,RUS}",1.0,,,,,,0.001343822550012419,
0.94,MIXED_NONUNIQUE,True,accept,NDE,"{CHN,RUS}+{NDE}","{CHN,NDE}+{RUS}",1.0,,,,,,0.0016844653480632132,
0.94,MIXED_NONUNIQUE,True,accept,NDE,"{CHN,RUS}+{NDE}","{CHN}+{NDE,RUS}",1.0,,,,,,0.0013628004669747895,
0.94,MIXED_NONUNIQUE,True,accept,NDE,"{CHN}+{NDE,RUS}","{CHN,NDE,RUS}",0.0,,,,,,-1.89779169623705e-05,
0.94,MIXED_NONUNIQUE,True,accept,NDE,"{CHN}+{NDE,RUS}","{CHN,NDE}+{RUS}",1.0,,,,,,0.0003216648810884237,CHN
0.94,MIXED_NONUNIQUE,True,accept,NDE,"{CHN}+{NDE,RUS}","{CHN,RUS}+{NDE}",0.0,,,,,,-0.0013628004669747895,
0.94,MIXED_NONUNIQUE,True,accept,NDE,"{CHN}+{NDE,RUS}",{CHN}+{NDE}+{RUS},0.0,,,,,,-0.0009201791212589683,
0.94,MIXED_NONUNIQUE,True,accept,NDE,{CHN}+{NDE}+{RUS},"{CHN,NDE,RUS}",1.0,,,,,,0.0009012012042965978,"CHN,RUS"
0.94,MIXED_NONUNIQUE,True,accept,NDE,{CHN}+{NDE}+{RUS},"{CHN,NDE}+{RUS}",1.0,,,,,,0.001241844002347392,CHN
0.94,MIXED_NONUNIQUE,True,accept,NDE,{CHN}+{NDE}+{RUS},"{CHN}+{NDE,RUS}",1.0,,,,,,0.0009201791212589683,
0.94,MIXED_NONUNIQUE,True,accept,RUS,"{CHN,NDE,RUS}","{CHN,NDE}+{RUS}",0.0,,,,,,-2.6551645172068206e-05,
0.94,MIXED_NONUNIQUE,True,accept,RUS,"{CHN,NDE,RUS}","{CHN,RUS}+{NDE}",1.0,,,,,,2.6093710183472396e-05,
0.94,MIXED_NONUNIQUE,True,accept,RUS,"{CHN,NDE,RUS}","{CHN}+{NDE,RUS}",0.0,,,,,,-9.221199511788569e-05,
0.94,MIXED_NONUNIQUE,True,accept,RUS,"{CHN,NDE,RUS}",{CHN}+{NDE}+{RUS},0.4999999999999999,,,,,,0.0,
0.94,MIXED_NONUNIQUE,True,accept,RUS,"{CHN,NDE}+{RUS}","{CHN,NDE,RUS}",1.0,,,,,,2.6551645172068206e-05,
0.94,MIXED_NONUNIQUE,True,accept,RUS,"{CHN,NDE}+{RUS}","{CHN,RUS}+{NDE}",1.0,,,,,,5.26453553555406e-05,
0.94,MIXED_NONUNIQUE,True,accept,RUS,"{CHN,NDE}+{RUS}","{CHN}+{NDE,RUS}",0.0,,,,,,-6.566034994581749e-05,
0.94,MIXED_NONUNIQUE,True,accept,RUS,"{CHN,RUS}+{NDE}","{CHN,NDE,RUS}",0.0,,,,,,-2.6093710183472396e-05,
0.94,MIXED_NONUNIQUE,True,accept,RUS,"{CHN,RUS}+{NDE}","{CHN,NDE}+{RUS}",0.0,,,,,,-5.26453553555406e-05,
0.94,MIXED_NONUNIQUE,True,accept,RUS,"{CHN,RUS}+{NDE}","{CHN}+{NDE,RUS}",0.0,,,,,,-0.00011830570530135809,
0.94,MIXED_NONUNIQUE,True,accept,RUS,"{CHN,RUS}+{NDE}",{CHN}+{NDE}+{RUS},0.0,,,,,,-2.6093710183472396e-05,
0.94,MIXED_NONUNIQUE,True,accept,RUS,"{CHN}+{NDE,RUS}","{CHN,NDE,RUS}",1.0,,,,,,9.221199511788569e-05,
0.94,MIXED_NONUNIQUE,True,accept,RUS,"{CHN}+{NDE,RUS}","{CHN,NDE}+{RUS}",1.0,,,,,,6.566034994581749e-05,"CHN,NDE"
0.94,MIXED_NONUNIQUE,True,accept,RUS,"{CHN}+{NDE,RUS}","{CHN,RUS}+{NDE}",1.0,,,,,,0.00011830570530135809,
0.94,MIXED_NONUNIQUE,True,accept,RUS,"{CHN}+{NDE,RUS}",{CHN}+{NDE}+{RUS},1.0,,,,,,9.221199511788569e-05,
0.94,MIXED_NONUNIQUE,True,accept,RUS,{CHN}+{NDE}+{RUS},"{CHN,NDE,RUS}",0.9596877416173738,,,,,,0.0,CHN
0.94,MIXED_NONUNIQUE,True,accept,RUS,{CHN}+{NDE}+{RUS},"{CHN,RUS}+{NDE}",1.0,,,,,,2.6093710183472396e-05,
0.94,MIXED_NONUNIQUE,True,accept,RUS,{CHN}+{NDE}+{RUS},"{CHN}+{NDE,RUS}",0.0,,,,,,-9.221199511788569e-05,
0.95,MIXED_NONUNIQUE,True,propose,CHN,"{CHN,NDE,RUS}","{CHN,NDE,RUS}",1.0,True,1.0,1.0,False,,,
0.95,MIXED_NONUNIQUE,True,propose,CHN,"{CHN,NDE}+{RUS}","{CHN,NDE}+{RUS}",1.0,True,1.0,1.0,False,,,
0.95,MIXED_NONUNIQUE,True,propose,CHN,"{CHN,RUS}+{NDE}",{CHN}+{NDE}+{RUS},1.0,False,1.0,1.0,True,,,
0.95,MIXED_NONUNIQUE,True,propose,CHN,"{CHN}+{NDE,RUS}","{CHN,NDE}+{RUS}",1.0,False,1.0,1.0,False,"NDE,RUS",,
0.95,MIXED_NONUNIQUE,True,propose,CHN,{CHN}+{NDE}+{RUS},"{CHN,NDE,RUS}",0.789753086718495,False,0.9513691517886487,0.7513467242338416,False,"NDE,RUS",,
0.95,MIXED_NONUNIQUE,True,propose,CHN,{CHN}+{NDE}+{RUS},"{CHN,NDE}+{RUS}",0.21024691328150502,False,1.0,0.21024691328150502,False,NDE,,
0.95,MIXED_NONUNIQUE,True,propose,NDE,"{CHN,NDE,RUS}","{CHN,NDE,RUS}",1.0,True,1.0,1.0,False,,,
0.95,MIXED_NONUNIQUE,True,propose,NDE,"{CHN,NDE}+{RUS}","{CHN,NDE}+{RUS}",1.0,True,1.0,1.0,False,,,
0.95,MIXED_NONUNIQUE,True,propose,NDE,"{CHN,RUS}+{NDE}","{CHN,RUS}+{NDE}",1.0,True,1.0,1.0,False,,,
0.95,MIXED_NONUNIQUE,True,propose,NDE,"{CHN}+{NDE,RUS}","{CHN,NDE}+{RUS}",1.0,False,1.0,1.0,False,"CHN,RUS",,
0.95,MIXED_NONUNIQUE,True,propose,NDE,{CHN}+{NDE}+{RUS},"{CHN,NDE}+{RUS}",1.0,False,1.0,1.0,False,CHN,,
0.95,MIXED_NONUNIQUE,True,propose,RUS,"{CHN,NDE,RUS}","{CHN,NDE,RUS}",1.0,True,1.0,1.0,False,,,
0.95,MIXED_NONUNIQUE,True,propose,RUS,"{CHN,NDE}+{RUS}","{CHN,NDE}+{RUS}",1.0,True,1.0,1.0,False,,,
0.95,MIXED_NONUNIQUE,True,propose,RUS,"{CHN,RUS}+{NDE}","{CHN,RUS}+{NDE}",1.0,True,1.0,1.0,False,,,
0.95,MIXED_NONUNIQUE,True,propose,RUS,"{CHN}+{NDE,RUS}",{CHN}+{NDE}+{RUS},1.0,False,1.0,1.0,True,,,
0.95,MIXED_NONUNIQUE,True,propose,RUS,{CHN}+{NDE}+{RUS},"{CHN,NDE,RUS}",0.6144666696182391,False,1.0,0.6144666696182391,False,"CHN,NDE",,
0.95,MIXED_NONUNIQUE,True,propose,RUS,{CHN}+{NDE}+{RUS},{CHN}+{NDE}+{RUS},0.38553333038176085,True,1.0,0.38553333038176085,False,,,
0.95,MIXED_NONUNIQUE,True,accept,CHN,"{CHN,NDE,RUS}","{CHN,NDE}+{RUS}",0.0,,,,,,-1.0546301350444764e-05,
0.95,MIXED_NONUNIQUE,True,accept,CHN,"{CHN,NDE,RUS}","{CHN,RUS}+{NDE}",0.0,,,,,,-0.00024030468923186277,
0.95,MIXED_NONUNIQUE,True,accept,CHN,"{CHN,NDE,RUS}","{CHN}+{NDE,RUS}",0.0,,,,,,-4.621133647475517e-05,
0.95,MIXED_NONUNIQUE,True,accept,CHN,"{CHN,NDE,RUS}",{CHN}+{NDE}+{RUS},0.0,,,,,,-0.0002168644335505121,
0.95,MIXED_NONUNIQUE,True,accept,CHN,"{CHN,NDE}+{RUS}","{CHN,NDE,RUS}",1.0,,,,,,1.0546301350444764e-05,
0.95,MIXED_NONUNIQUE,True,accept,CHN,"{CHN,NDE}+{RUS}","{CHN,RUS}+{NDE}",0.0,,,,,,-0.000229758387881418,
0.95,MIXED_NONUNIQUE,True,accept,CHN,"{CHN,NDE}+{RUS}","{CHN}+{NDE,RUS}",0.0,,,,,,-3.566503512431041e-05,
0.95,MIXED_NONUNIQUE,True,accept,CHN,"{CHN,NDE}+{RUS}",{CHN}+{NDE}+{RUS},0.0,,,,,,-0.00020631813220006734,
0.95,MIXED_NONUNIQUE,True,accept,CHN,"{CHN,RUS}+{NDE}","{CHN,NDE,RUS}",1.0,,,,,,0.00024030468923186277,
0.95,MIXED_NONUNIQUE,True,accept,CHN,"{CHN,RUS}+{NDE}","{CHN,NDE}+{RUS}",1.0,,,,,,0.000229758387881418,
0.95,MIXED_NONUNIQUE,True,accept,CHN,"{CHN,RUS}+{NDE}","{CHN}+{NDE,RUS}",1.0,,,,,,0.0001940933527571076,
0.95,MIXED_NONUNIQUE,True,accept,CHN,"{CHN,RUS}+{NDE}",{CHN}+{NDE}+{RUS},1.0,,,,,,2.3440255681350664e-05,
0.95,MIXED_NONUNIQUE,True,accept,CHN,"{CHN}+{NDE,RUS}","{CHN,NDE,RUS}",1.0,,,,,,4.621133647475517e-05,
0.95,MIXED_NONUNIQUE,True,accept,CHN,"{CHN}+{NDE,RUS}","{CHN,NDE}+{RUS}",1.0,,,,,,3.566503512431041e-05,NDE
0.95,MIXED_NONUNIQUE,True,accept,CHN,"{CHN}+{NDE,RUS}","{CHN,RUS}+{NDE}",0.0,,,,,,-0.0001940933527571076,
0.95,MIXED_NONUNIQUE,True,accept,CHN,{CHN}+{NDE}+{RUS},"{CHN,NDE,RUS}",1.0,,,,,,0.0002168644335505121,RUS
0.95,MIXED_NONUNIQUE,True,accept,CHN,{CHN}+{NDE}+{RUS},"{CHN,NDE}+{RUS}",1.0,,,,,,0.00020631813220006734,NDE
0.95,MIXED_NONUNIQUE,True,accept,CHN,{CHN}+{NDE}+{RUS},"{CHN,RUS}+{NDE}",0.0,,,,,,-2.3440255681350664e-05,
0.95,MIXED_NONUNIQUE,True,accept,NDE,"{CHN,NDE,RUS}","{CHN,NDE}+{RUS}",1.0,,,,,,0.0003406427980507942,
0.95,MIXED_NONUNIQUE,True,accept,NDE,"{CHN,NDE,RUS}","{CHN,RUS}+{NDE}",0.0,,,,,,-0.0011436242287103937,
0.95,MIXED_NONUNIQUE,True,accept,NDE,"{CHN,NDE,RUS}","{CHN}+{NDE,RUS}",1.0,,,,,,5.241337339612073e-05,
0.95,MIXED_NONUNIQUE,True,accept,NDE,"{CHN,NDE,RUS}",{CHN}+{NDE}+{RUS},0.0,,,,,,-0.0007470454894082934,
0.95,MIXED_NONUNIQUE,True,accept,NDE,"{CHN,NDE}+{RUS}","{CHN,NDE,RUS}",0.0,,,,,,-0.0003406427980507942,
0.95,MIXED_NONUNIQUE,True,accept,NDE,"{CHN,NDE}+{RUS}","{CHN,RUS}+{NDE}",0.0,,,,,,-0.001484267026761188,
0.95,MIXED_NONUNIQUE,True,accept,NDE,"{CHN,NDE}+{RUS}","{CHN}+{NDE,RUS}",0.0,,,,,,-0.0002882294246546735,
0.95,MIXED_NONUNIQUE,True,accept,NDE,"{CHN,NDE}+{RUS}",{CHN}+{NDE}+{RUS},0.0,,,,,,-0.0010876882874590876,
0.95,MIXED_NONUNIQUE,True,accept,NDE,"{CHN,RUS}+{NDE}","{CHN,NDE,RUS}",1.0,,,,,,0.0011436242287103937,
0.95,MIXED_NONUNIQUE,True,accept,NDE,"{CHN,RUS}+{NDE}","{CHN,NDE}+{RUS}",1.0,,,,,,0.001484267026761188,
0.95,MIXED_NONUNIQUE,True,accept,NDE,"{CHN,RUS}+{NDE}","{CHN}+{NDE,RUS}",1.0,,,,,,0.0011960376021065144,
0.95,MIXED_NONUNIQUE,True,accept,NDE,"{CHN}+{NDE,RUS}","{CHN,NDE,RUS}",0.0,,,,,,-5.241337339612073e-05,
0.95,MIXED_NONUNIQUE,True,accept,NDE,"{CHN}+{NDE,RUS}","{CHN,NDE}+{RUS}",1.0,,,,,,0.0002882294246546735,CHN
0.95,MIXED_NONUNIQUE,True,accept,NDE,"{CHN}+{NDE,RUS}","{CHN,RUS}+{NDE}",0.0,,,,,,-0.0011960376021065144,
0.95,MIXED_NONUNIQUE,True,accept,NDE,"{CHN}+{NDE,RUS}",{CHN}+{NDE}+{RUS},0.0,,,,,,-0.0007994588628044141,
0.95,MIXED_NONUNIQUE,True,accept,NDE,{CHN}+{NDE}+{RUS},"{CHN,NDE,RUS}",1.0,,,,,,0.0007470454894082934,"CHN,RUS"
0.95,MIXED_NONUNIQUE,True,accept,NDE,{CHN}+{NDE}+{RUS},"{CHN,NDE}+{RUS}",1.0,,,,,,0.0010876882874590876,CHN
0.95,MIXED_NONUNIQUE,True,accept,NDE,{CHN}+{NDE}+{RUS},"{CHN}+{NDE,RUS}",1.0,,,,,,0.0007994588628044141,
0.95,MIXED_NONUNIQUE,True,accept,RUS,"{CHN,NDE,RUS}","{CHN,NDE}+{RUS}",0.0,,,,,,-2.6551645172068206e-05,
0.95,MIXED_NONUNIQUE,True,accept,RUS,"{CHN,NDE,RUS}","{CHN,RUS}+{NDE}",1.0,,,,,,2.2140117731384024e-05,
0.95,MIXED_NONUNIQUE,True,accept,RUS,"{CHN,NDE,RUS}","{CHN}+{NDE,RUS}",0.0,,,,,,-7.979351206177654e-05,
0.95,MIXED_NONUNIQUE,True,accept,RUS,"{CHN,NDE,RUS}",{CHN}+{NDE}+{RUS},0.4999999999999999,,,,,,0.0,
0.95,MIXED_NONUNIQUE,True,accept,RUS,"{CHN,NDE}+{RUS}","{CHN,NDE,RUS}",1.0,,,,,,2.6551645172068206e-05,
0.95,MIXED_NONUNIQUE,True,accept,RUS,"{CHN,NDE}+{RUS}","{CHN,RUS}+{NDE}",1.0,,,,,,4.869176290345223e-05,
0.95,MIXED_NONUNIQUE,True,accept,RUS,"{CHN,NDE}+{RUS}","{CHN}+{NDE,RUS}",0.0,,,,,,-5.3241866889708334e-05,
0.95,MIXED_NONUNIQUE,True,accept,RUS,"{CHN,RUS}+{NDE}","{CHN,NDE,RUS}",0.0,,,,,,-2.2140117731384024e-05,
0.95,MIXED_NONUNIQUE,True,accept,RUS,"{CHN,RUS}+{NDE}","{CHN,NDE}+{RUS}",0.0,,,,,,-4.869176290345223e-05,
0.95,MIXED_NONUNIQUE,True,accept,RUS,"{CHN,RUS}+{NDE}","{CHN}+{NDE,RUS}",0.0,,,,,,-0.00010193362979316056,
0.95,MIXED_NONUNIQUE,True,accept,RUS,"{CHN,RUS}+{NDE}",{CHN}+{NDE}+{RUS},0.0,,,,,,-2.2140117731384024e-05,
0.95,MIXED_NONUNIQUE,True,accept,RUS,"{CHN}+{NDE,RUS}","{CHN,NDE,RUS}",1.0,,,,,,7.979351206177654e-05,
0.95,MIXED_NONUNIQUE,True,accept,RUS,"{CHN}+{NDE,RUS}","{CHN,NDE}+{RUS}",1.0,,,,,,5.3241866889708334e-05,"CHN,NDE"
0.95,MIXED_NONUNIQUE,True,accept,RUS,"{CHN}+{NDE,RUS}","{CHN,RUS}+{NDE}",1.0,,,,,,0.00010193362979316056,
0.95,MIXED_NONUNIQUE,True,accept,RUS,"{CHN}+{NDE,RUS}",{CHN}+{NDE}+{RUS},1.0,,,,,,7.979351206177654e-05,
0.95,MIXED_NONUNIQUE,True,accept,RUS,{CHN}+{NDE}+{RUS},"{CHN,NDE,RUS}",0.9513691517886487,,,,,,0.0,CHN
0.95,MIXED_NONUNIQUE,True,accept,RUS,{CHN}+{NDE}+{RUS},"{CHN,RUS}+{NDE}",1.0,,,,,,2.2140117731384024e-05,
0.95,MIXED_NONUNIQUE,True,accept,RUS,{CHN}+{NDE}+{RUS},"{CHN}+{NDE,RUS}",0.0,,,,,,-7.979351206177654e-05,
0.96,MIXED,False,propose,CHN,"{CHN,NDE,RUS}","{CHN,NDE,RUS}",0.25,True,1.0,0.25,False,,,
0.96,MIXED,False,propose,CHN,"{CHN,NDE,RUS}","{CHN,NDE}+{RUS}",0.25,False,0.0,0.0,False,"NDE,RUS",,
0.96,MIXED,False,propose,CHN,"{CHN,NDE,RUS}","{CHN,RUS}+{NDE}",0.25,False,0.0,0.0,False,"NDE,RUS",,
0.96,MIXED,False,propose,CHN,"{CHN,NDE,RUS}",{CHN}+{NDE}+{RUS},0.25,False,0.0,0.0,False,"NDE,RUS",,
0.96,MIXED,False,propose,CHN,"{CHN,NDE}+{RUS}","{CHN,NDE,RUS}",0.25,False,0.0,0.0,False,"NDE,RUS",,
0.96,MIXED,False,propose,CHN,"{CHN,NDE}+{RUS}","{CHN,NDE}+{RUS}",0.25,True,1.0,0.25,False,,,
0.96,MIXED,False,propose,CHN,"{CHN,NDE}+{RUS}","{CHN,RUS}+{NDE}",0.25,False,0.0,0.0,False,"NDE,RUS",,
0.96,MIXED,False,propose,CHN,"{CHN,NDE}+{RUS}","{CHN}+{NDE,RUS}",0.25,False,0.0,0.0,False,"NDE,RUS",,
0.96,MIXED,False,propose,CHN,"{CHN,RUS}+{NDE}",{CHN}+{NDE}+{RUS},1.0,False,1.0,1.0,True,,,
0.96,MIXED,False,propose,CHN,"{CHN}+{NDE,RUS}","{CHN,NDE}+{RUS}",1.0,False,1.0,1.0,False,"NDE,RUS",,
0.96,MIXED,False,propose,CHN,{CHN}+{NDE}+{RUS},"{CHN,NDE,RUS}",1.0,False,1.0,1.0,False,"NDE,RUS",,
0.96,MIXED,False,propose,NDE,"{CHN,NDE,RUS}","{CHN,NDE,RUS}",0.25,True,1.0,0.25,False,,,
0.96,MIXED,False,propose,NDE,"{CHN,NDE,RUS}","{CHN,NDE}+{RUS}",0.25,False,0.0,0.0,False,"CHN,RUS",,
0.96,MIXED,False,propose,NDE,"{CHN,NDE,RUS}","{CHN}+{NDE,RUS}",0.25,False,0.0,0.0,False,"CHN,RUS",,
0.96,MIXED,False,propose,NDE,"{CHN,NDE,RUS}",{CHN}+{NDE}+{RUS},0.25,False,0.0,0.0,False,"CHN,RUS",,
0.96,MIXED,False,propose,NDE,"{CHN,NDE}+{RUS}","{CHN,NDE}+{RUS}",0.3333333333333333,True,1.0,0.3333333333333333,False,,,
0.96,MIXED,False,propose,NDE,"{CHN,NDE}+{RUS}","{CHN,RUS}+{NDE}",0.3333333333333333,False,0.0,0.0,False,"CHN,RUS",,
0.96,MIXED,False,propose,NDE,"{CHN,NDE}+{RUS}","{CHN}+{NDE,RUS}",0.3333333333333333,False,0.0,0.0,False,"CHN,RUS",,
0.96,MIXED,False,propose,NDE,"{CHN,RUS}+{NDE}","{CHN,NDE,RUS}",0.2,False,0.0,0.0,False,"CHN,RUS",,
0.96,MIXED,False,propose,NDE,"{CHN,RUS}+{NDE}","{CHN,NDE}+{RUS}",0.2,False,0.0,0.0,False,"CHN,RUS",,
0.96,MIXED,False,propose,NDE,"{CHN,RUS}+{NDE}","{CHN,RUS}+{NDE}",0.2,True,1.0,0.2,False,,,
0.96,MIXED,False,propose,NDE,"{CHN,RUS}+{NDE}","{CHN}+{NDE,RUS}",0.2,False,0.0,0.0,False,"CHN,RUS",,
0.96,MIXED,False,propose,NDE,"{CHN,RUS}+{NDE}",{CHN}+{NDE}+{RUS},0.2,False,0.0,0.0,False,"CHN,RUS",,
0.96,MIXED,False,propose,NDE,"{CHN}+{NDE,RUS}","{CHN,NDE}+{RUS}",1.0,False,1.0,1.0,False,"CHN,RUS",,
0.96,MIXED,False,propose,NDE,{CHN}+{NDE}+{RUS},"{CHN,NDE}+{RUS}",1.0,False,1.0,1.0,False,CHN,,
0.96,MIXED,False,propose,RUS,"{CHN,NDE,RUS}","{CHN,NDE,RUS}",0.25,True,1.0,0.25,False,,,
0.96,MIXED,False,propose,RUS,"{CHN,NDE,RUS}","{CHN,RUS}+{NDE}",0.25,False,0.0,0.0,False,"CHN,NDE",,
0.96,MIXED,False,propose,RUS,"{CHN,NDE,RUS}","{CHN}+{NDE,RUS}",0.25,False,0.0,0.0,False,"CHN,NDE",,
0.96,MIXED,False,propose,RUS,"{CHN,NDE,RUS}",{CHN}+{NDE}+{RUS},0.25,False,0.0,0.0,False,"CHN,NDE",,
0.96,MIXED,False,propose,RUS,"{CHN,NDE}+{RUS}","{CHN,NDE,RUS}",0.2,False,0.0,0.0,False,"CHN,NDE",,
0.96,MIXED,False,propose,RUS,"{CHN,NDE}+{RUS}","{CHN,NDE}+{RUS}",0.2,True,1.0,0.2,False,,,
0.96,MIXED,False,propose,RUS,"{CHN,NDE}+{RUS}","{CHN,RUS}+{NDE}",0.2,False,0.0,0.0,False,"CHN,NDE",,
0.96,MIXED,False,propose,RUS,"{CHN,NDE}+{RUS}","{CHN}+{NDE,RUS}",0.2,False,0.0,0.0,False,"CHN,NDE",,
0.96,MIXED,False,propose,RUS,"{CHN,NDE}+{RUS}",{CHN}+{NDE}+{RUS},0.2,False,0.0,0.0,False,"CHN,NDE",,
0.96,MIXED,False,propose,RUS,"{CHN,RUS}+{NDE}","{CHN,RUS}+{NDE}",1.0,True,1.0,1.0,False,,,
0.96,MIXED,False,propose,RUS,"{CHN}+{NDE,RUS}",{CHN}+{NDE}+{RUS},1.0,False,1.0,1.0,True,,,
0.96,MIXED,False,propose,RUS,{CHN}+{NDE}+{RUS},"{CHN,NDE,RUS}",1.0,False,1.0,1.0,False,"CHN,NDE",,
0.96,MIXED,False,accept,CHN,"{CHN,NDE,RUS}","{CHN,NDE}+{RUS}",0.0,,,,,,-1.0546301350444764e-05,NDE
0.96,MIXED,False,accept,CHN,"{CHN,NDE,RUS}","{CHN,RUS}+{NDE}",0.0,,,,,,-0.00017683293105719144,RUS
0.96,MIXED,False,accept,CHN,"{CHN,NDE,RUS}","{CHN}+{NDE,RUS}",0.0,,,,,,-3.154572236496733e-05,"NDE,RUS"
0.96,MIXED,False,accept,CHN,"{CHN,NDE,RUS}",{CHN}+{NDE}+{RUS},0.0,,,,,,-0.00015034209220310402,"NDE,RUS"
0.96,MIXED,False,accept,CHN,"{CHN,NDE}+{RUS}","{CHN,NDE,RUS}",1.0,,,,,,1.0546301350444764e-05,RUS
0.96,MIXED,False,accept,CHN,"{CHN,NDE}+{RUS}","{CHN,RUS}+{NDE}",0.0,,,,,,-0.00016628662970674668,"NDE,RUS"
0.96,MIXED,False,accept,CHN,"{CHN,NDE}+{RUS}","{CHN}+{NDE,RUS}",0.0,,,,,,-2.0999421014522568e-05,"NDE,RUS"
0.96,MIXED,False,accept,CHN,"{CHN,NDE}+{RUS}",{CHN}+{NDE}+{RUS},0.0,,,,,,-0.00013979579085265925,RUS
0.96,MIXED,False,accept,CHN,"{CHN,RUS}+{NDE}","{CHN,NDE,RUS}",1.0,,,,,,0.00017683293105719144,NDE
0.96,MIXED,False,accept,CHN,"{CHN,RUS}+{NDE}","{CHN,NDE}+{RUS}",1.0,,,,,,0.00016628662970674668,NDE
0.96,MIXED,False,accept,CHN,"{CHN,RUS}+{NDE}","{CHN}+{NDE,RUS}",1.0,,,,,,0.0001452872086922241,NDE
0.96,MIXED,False,accept,CHN,"{CHN,RUS}+{NDE}",{CHN}+{NDE}+{RUS},1.0,,,,,,2.649083885408743e-05,NDE
0.96,MIXED,False,accept,CHN,"{CHN}+{NDE,RUS}","{CHN,NDE,RUS}",1.0,,,,,,3.154572236496733e-05,
0.96,MIXED,False,accept,CHN,"{CHN}+{NDE,RUS}","{CHN,NDE}+{RUS}",1.0,,,,,,2.0999421014522568e-05,NDE
0.96,MIXED,False,accept,CHN,"{CHN}+{NDE,RUS}","{CHN,RUS}+{NDE}",0.0,,,,,,-0.0001452872086922241,
0.96,MIXED,False,accept,CHN,{CHN}+{NDE}+{RUS},"{CHN,NDE,RUS}",1.0,,,,,,0.00015034209220310402,RUS
0.96,MIXED,False,accept,CHN,{CHN}+{NDE}+{RUS},"{CHN,NDE}+{RUS}",1.0,,,,,,0.00013979579085265925,NDE
0.96,MIXED,False,accept,CHN,{CHN}+{NDE}+{RUS},"{CHN,RUS}+{NDE}",0.0,,,,,,-2.649083885408743e-05,
0.96,MIXED,False,accept,NDE,"{CHN,NDE,RUS}","{CHN,NDE}+{RUS}",1.0,,,,,,0.0003406427980507942,CHN
0.96,MIXED,False,accept,NDE,"{CHN,NDE,RUS}","{CHN,RUS}+{NDE}",0.0,,,,,,-0.0008620003026109657,"CHN,RUS"
0.96,MIXED,False,accept,NDE,"{CHN,NDE,RUS}","{CHN}+{NDE,RUS}",1.0,,,,,,0.00011249273660496328,RUS
0.96,MIXED,False,accept,NDE,"{CHN,NDE,RUS}",{CHN}+{NDE}+{RUS},0.0,,,,,,-0.0005128391432300816,"CHN,RUS"
0.96,MIXED,False,accept,NDE,"{CHN,NDE}+{RUS}","{CHN,NDE,RUS}",0.0,,,,,,-0.0003406427980507942,"CHN,RUS"
0.96,MIXED,False,accept,NDE,"{CHN,NDE}+{RUS}","{CHN,RUS}+{NDE}",0.0,,,,,,-0.00120264310066176,"CHN,RUS"
0.96,MIXED,False,accept,NDE,"{CHN,NDE}+{RUS}","{CHN}+{NDE,RUS}",0.0,,,,,,-0.00022815006144583094,"CHN,RUS"
0.96,MIXED,False,accept,NDE,"{CHN,NDE}+{RUS}",{CHN}+{NDE}+{RUS},0.0,,,,,,-0.0008534819412808758,RUS
0.96,MIXED,False,accept,NDE,"{CHN,RUS}+{NDE}","{CHN,NDE,RUS}",1.0,,,,,,0.0008620003026109657,
0.96,MIXED,False,accept,NDE,"{CHN,RUS}+{NDE}","{CHN,NDE}+{RUS}",1.0,,,,,,0.00120264310066176,
0.96,MIXED,False,accept,NDE,"{CHN,RUS}+{NDE}","{CHN}+{NDE,RUS}",1.0,,,,,,0.000974493039215929,
0.96,MIXED,False,accept,NDE,"{CHN}+{NDE,RUS}","{CHN,NDE,RUS}",0.0,,,,,,-0.00011249273660496328,
0.96,MIXED,False,accept,NDE,"{CHN}+{NDE,RUS}","{CHN,NDE}+{RUS}",1.0,,,,,,0.00022815006144583094,CHN
0.96,MIXED,False,accept,NDE,"{CHN}+{NDE,RUS}","{CHN,RUS}+{NDE}",0.0,,,,,,-0.000974493039215929,
0.96,MIXED,False,accept,NDE,"{CHN}+{NDE,RUS}",{CHN}+{NDE}+{RUS},0.0,,,,,,-0.0006253318798350449,
0.96,MIXED,False,accept,NDE,{CHN}+{NDE}+{RUS},"{CHN,NDE,RUS}",1.0,,,,,,0.0005128391432300816,"CHN,RUS"
0.96,MIXED,False,accept,NDE,{CHN}+{NDE}+{RUS},"{CHN,NDE}+{RUS}",1.0,,,,,,0.0008534819412808758,
0.96,MIXED,False,accept,NDE,{CHN}+{NDE}+{RUS},"{CHN}+{NDE,RUS}",1.0,,,,,,0.0006253318798350449,
0.96,MIXED,False,accept,RUS,"{CHN,NDE,RUS}","{CHN,NDE}+{RUS}",0.0,,,,,,-2.6551645172068206e-05,"CHN,NDE"
0.96,MIXED,False,accept,RUS,"{CHN,NDE,RUS}","{CHN,RUS}+{NDE}",1.0,,,,,,1.772373920627679e-05,CHN
0.96,MIXED,False,accept,RUS,"{CHN,NDE,RUS}","{CHN}+{NDE,RUS}",0.0,,,,,,-6.74889174261395e-05,NDE
0.96,MIXED,False,accept,RUS,"{CHN,NDE,RUS}",{CHN}+{NDE}+{RUS},0.0,,,,,,-3.559013133092037e-07,"CHN,NDE"
0.96,MIXED,False,accept,RUS,"{CHN,NDE}+{RUS}","{CHN,NDE,RUS}",1.0,,,,,,2.6551645172068206e-05,CHN
0.96,MIXED,False,accept,RUS,"{CHN,NDE}+{RUS}","{CHN,RUS}+{NDE}",1.0,,,,,,4.4275384378344995e-05,"CHN,NDE"
0.96,MIXED,False,accept,RUS,"{CHN,NDE}+{RUS}","{CHN}+{NDE,RUS}",0.0,,,,,,-4.093727225407129e-05,"CHN,NDE"
0.96,MIXED,False,accept,RUS,"{CHN,RUS}+{NDE}","{CHN,NDE,RUS}",0.0,,,,,,-1.772373920627679e-05,NDE
0.96,MIXED,False,accept,RUS,"{CHN,RUS}+{NDE}","{CHN,NDE}+{RUS}",0.0,,,,,,-4.4275384378344995e-05,NDE
0.96,MIXED,False,accept,RUS,"{CHN,RUS}+{NDE}","{CHN}+{NDE,RUS}",0.0,,,,,,-8.521265663241628e-05,NDE
0.96,MIXED,False,accept,RUS,"{CHN,RUS}+{NDE}",{CHN}+{NDE}+{RUS},0.0,,,,,,-1.8079640519585993e-05,NDE
0.96,MIXED,False,accept,RUS,"{CHN}+{NDE,RUS}","{CHN,NDE,RUS}",1.0,,,,,,6.74889174261395e-05,
0.96,MIXED,False,accept,RUS,"{CHN}+{NDE,RUS}","{CHN,NDE}+{RUS}",1.0,,,,,,4.093727225407129e-05,"CHN,NDE"
0.96,MIXED,False,accept,RUS,"{CHN}+{NDE,RUS}","{CHN,RUS}+{NDE}",1.0,,,,,,8.521265663241628e-05,
0.96,MIXED,False,accept,RUS,"{CHN}+{NDE,RUS}",{CHN}+{NDE}+{RUS},1.0,,,,,,6.713301611283029e-05,
0.96,MIXED,False,accept,RUS,{CHN}+{NDE}+{RUS},"{CHN,NDE,RUS}",1.0,,,,,,3.559013133092037e-07,CHN
0.96,MIXED,False,accept,RUS,{CHN}+{NDE}+{RUS},"{CHN,RUS}+{NDE}",1.0,,,,,,1.8079640519585993e-05,
0.96,MIXED,False,accept,RUS,{CHN}+{NDE}+{RUS},"{CHN}+{NDE,RUS}",0.0,,,,,,-6.713301611283029e-05,
0.97,PURE,False,propose,CHN,"{CHN,NDE,RUS}","{CHN,NDE,RUS}",1.0,True,1.0,1.0,False,,,
0.97,PURE,False,propose,CHN,"{CHN,NDE}+{RUS}","{CHN,NDE}+{RUS}",1.0,True,1.0,1.0,False,,,
0.97,PURE,False,propose,CHN,"{CHN,RUS}+{NDE}",{CHN}+{NDE}+{RUS},1.0,False,1.0,1.0,True,,,
0.97,PURE,False,propose,CHN,"{CHN}+{NDE,RUS}","{CHN,NDE}+{RUS}",1.0,False,1.0,1.0,False,"NDE,RUS",,
0.97,PURE,False,propose,CHN,{CHN}+{NDE}+{RUS},"{CHN,NDE,RUS}",1.0,False,1.0,1.0,False,"NDE,RUS",,
0.97,PURE,False,propose,NDE,"{CHN,NDE,RUS}","{CHN,NDE,RUS}",1.0,True,1.0,1.0,False,,,
0.97,PURE,False,propose,NDE,"{CHN,NDE}+{RUS}","{CHN,NDE}+{RUS}",1.0,True,1.0,1.0,False,,,
0.97,PURE,False,propose,NDE,"{CHN,RUS}+{NDE}","{CHN,RUS}+{NDE}",1.0,True,1.0,1.0,False,,,
0.97,PURE,False,propose,NDE,"{CHN}+{NDE,RUS}","{CHN,NDE}+{RUS}",1.0,False,1.0,1.0,False,"CHN,RUS",,
0.97,PURE,False,propose,NDE,{CHN}+{NDE}+{RUS},"{CHN,NDE}+{RUS}",1.0,False,1.0,1.0,False,CHN,,
0.97,PURE,False,propose,RUS,"{CHN,NDE,RUS}","{CHN,NDE,RUS}",1.0,True,1.0,1.0,False,,,
0.97,PURE,False,propose,RUS,"{CHN,NDE}+{RUS}","{CHN,NDE}+{RUS}",1.0,True,1.0,1.0,False,,,
0.97,PURE,False,propose,RUS,"{CHN,RUS}+{NDE}","{CHN,RUS}+{NDE}",1.0,True,1.0,1.0,False,,,
0.97,PURE,False,propose,RUS,"{CHN}+{NDE,RUS}",{CHN}+{NDE}+{RUS},1.0,False,1.0,1.0,True,,,
0.97,PURE,False,propose,RUS,{CHN}+{NDE}+{RUS},"{CHN,NDE,RUS}",1.0,False,1.0,1.0,False,"CHN,NDE",,
0.97,PURE,False,accept,CHN,"{CHN,NDE,RUS}","{CHN,NDE}+{RUS}",0.0,,,,,,-1.0546301350444764e-05,
0.97,PURE,False,accept,CHN,"{CHN,NDE,RUS}","{CHN,RUS}+{NDE}",0.0,,,,,,-0.00013699503069730667,
0.97,PURE,False,accept,CHN,"{CHN,NDE,RUS}","{CHN}+{NDE,RUS}",0.0,,,,,,-2.6077028127957647e-05,
0.97,PURE,False,accept,CHN,"{CHN,NDE,RUS}",{CHN}+{NDE}+{RUS},0.0,,,,,,-0.00011363542759923462,
0.97,PURE,False,accept,CHN,"{CHN,NDE}+{RUS}","{CHN,NDE,RUS}",1.0,,,,,,1.0546301350444764e-05,
0.97,PURE,False,accept,CHN,"{CHN,NDE}+{RUS}","{CHN,RUS}+{NDE}",0.0,,,,,,-0.0001264487293468619,
0.97,PURE,False,accept,CHN,"{CHN,NDE}+{RUS}","{CHN}+{NDE,RUS}",0.0,,,,,,-1.5530726777512882e-05,
0.97,PURE,False,accept,CHN,"{CHN,NDE}+{RUS}",{CHN}+{NDE}+{RUS},0.0,,,,,,-0.00010308912624878985,
0.97,PURE,False,accept,CHN,"{CHN,RUS}+{NDE}","{CHN,NDE,RUS}",1.0,,,,,,0.00013699503069730667,
0.97,PURE,False,accept,CHN,"{CHN,RUS}+{NDE}","{CHN,NDE}+{RUS}",1.0,,,,,,0.0001264487293468619,
0.97,PURE,False,accept,CHN,"{CHN,RUS}+{NDE}","{CHN}+{NDE,RUS}",1.0,,,,,,0.00011091800256934903,
0.97,PURE,False,accept,CHN,"{CHN,RUS}+{NDE}",{CHN}+{NDE}+{RUS},1.0,,,,,,2.3359603098072057e-05,
0.97,PURE,False,accept,CHN,"{CHN}+{NDE,RUS}","{CHN,NDE,RUS}",1.0,,,,,,2.6077028127957647e-05,
0.97,PURE,False,accept,CHN,"{CHN}+{NDE,RUS}","{CHN,NDE}+{RUS}",1.0,,,,,,1.5530726777512882e-05,NDE
0.97,PURE,False,accept,CHN,"{CHN}+{NDE,RUS}","{CHN,RUS}+{NDE}",0.0,,,,,,-0.00011091800256934903,
0.97,PURE,False,accept,CHN,{CHN}+{NDE}+{RUS},"{CHN,NDE,RUS}",1.0,,,,,,0.00011363542759923462,RUS
0.97,PURE,False,accept,CHN,{CHN}+{NDE}+{RUS},"{CHN,NDE}+{RUS}",1.0,,,,,,0.00010308912624878985,NDE
0.97,PURE,False,accept,CHN,{CHN}+{NDE}+{RUS},"{CHN,RUS}+{NDE}",0.0,,,,,,-2.3359603098072057e-05,
0.97,PURE,False,accept,NDE,"{CHN,NDE,RUS}","{CHN,NDE}+{RUS}",1.0,,,,,,0.0003406427980507942,
0.97,PURE,False,accept,NDE,"{CHN,NDE,RUS}","{CHN,RUS}+{NDE}",0.0,,,,,,-0.0006363502319288727,
0.97,PURE,False,accept,NDE,"{CHN,NDE,RUS}","{CHN}+{NDE,RUS}",1.0,,,,,,0.00014903968521906563,
0.97,PURE,False,accept,NDE,"{CHN,NDE,RUS}",{CHN}+{NDE}+{RUS},0.0,,,,,,-0.00035624245758469897,
0.97,PURE,False,accept,NDE,"{CHN,NDE}+{RUS}","{CHN,NDE,RUS}",0.0,,,,,,-0.0003406427980507942,
0.97,PURE,False,accept,NDE,"{CHN,NDE}+{RUS}","{CHN,RUS}+{NDE}",0.0,,,,,,-0.000976993029979667,
0.97,PURE,False,accept,NDE,"{CHN,NDE}+{RUS}","{CHN}+{NDE,RUS}",0.0,,,,,,-0.0001916031128317286,
0.97,PURE,False,accept,NDE,"{CHN,NDE}+{RUS}",{CHN}+{NDE}+{RUS},0.0,,,,,,-0.0006968852556354932,
0.97,PURE,False,accept,NDE,"{CHN,RUS}+{NDE}","{CHN,NDE,RUS}",1.0,,,,,,0.0006363502319288727,
0.97,PURE,False,accept,NDE,"{CHN,RUS}+{NDE}","{CHN,NDE}+{RUS}",1.0,,,,,,0.000976993029979667,
0.97,PURE,False,accept,NDE,"{CHN,RUS}+{NDE}","{CHN}+{NDE,RUS}",1.0,,,,,,0.0007853899171479384,
0.97,PURE,False,accept,NDE,"{CHN}+{NDE,RUS}","{CHN,NDE,RUS}",0.0,,,,,,-0.00014903968521906563,
0.97,PURE,False,accept,NDE,"{CHN}+{NDE,RUS}","{CHN,NDE}+{RUS}",1.0,,,,,,0.0001916031128317286,CHN
0.97,PURE,False,accept,NDE,"{CHN}+{NDE,RUS}","{CHN,RUS}+{NDE}",0.0,,,,,,-0.0007853899171479384,
0.97,PURE,False,accept,NDE,"{CHN}+{NDE,RUS}",{CHN}+{NDE}+{RUS},0.0,,,,,,-0.0005052821428037646,
0.97,PURE,False,accept,NDE,{CHN}+{NDE}+{RUS},"{CHN,NDE,RUS}",1.0,,,,,,0.00035624245758469897,"CHN,RUS"
0.97,PURE,False,accept,NDE,{CHN}+{NDE}+{RUS},"{CHN,NDE}+{RUS}",1.0,,,,,,0.0006968852556354932,
0.97,PURE,False,accept,NDE,{CHN}+{NDE}+{RUS},"{CHN}+{NDE,RUS}",1.0,,,,,,0.0005052821428037646,
0.97,PURE,False,accept,RUS,"{CHN,NDE,RUS}","{CHN,NDE}+{RUS}",0.0,,,,,,-2.6551645172068206e-05,
0.97,PURE,False,accept,RUS,"{CHN,NDE,RUS}","{CHN,RUS}+{NDE}",1.0,,,,,,1.1516322181659433e-05,
0.97,PURE,False,accept,RUS,"{CHN,NDE,RUS}","{CHN}+{NDE,RUS}",0.0,,,,,,-5.575827134629563e-05,
0.97,PURE,False,accept,RUS,"{CHN,NDE,RUS}",{CHN}+{NDE}+{RUS},0.0,,,,,,-2.4795630826357495e-06,
0.97,PURE,False,accept,RUS,"{CHN,NDE}+{RUS}","{CHN,NDE,RUS}",1.0,,,,,,2.6551645172068206e-05,
0.97,PURE,False,accept,RUS,"{CHN,NDE}+{RUS}","{CHN,RUS}+{NDE}",1.0,,,,,,3.806796735372764e-05,
0.97,PURE,False,accept,RUS,"{CHN,NDE}+{RUS}","{CHN}+{NDE,RUS}",0.0,,,,,,-2.9206626174227424e-05,
0.97,PURE,False,accept,RUS,"{CHN,RUS}+{NDE}","{CHN,NDE,RUS}",0.0,,,,,,-1.1516322181659433e-05,
0.97,PURE,False,accept,RUS,"{CHN,RUS}+{NDE}","{CHN,NDE}+{RUS}",0.0,,,,,,-3.806796735372764e-05,
0.97,PURE,False,accept,RUS,"{CHN,RUS}+{NDE}","{CHN}+{NDE,RUS}",0.0,,,,,,-6.727459352795506e-05,
0.97,PURE,False,accept,RUS,"{CHN,RUS}+{NDE}",{CHN}+{NDE}+{RUS},0.0,,,,,,-1.3995885264295183e-05,
0.97,PURE,False,accept,RUS,"{CHN}+{NDE,RUS}","{CHN,NDE,RUS}",1.0,,,,,,5.575827134629563e-05,
0.97,PURE,False,accept,RUS,"{CHN}+{NDE,RUS}","{CHN,NDE}+{RUS}",1.0,,,,,,2.9206626174227424e-05,"CHN,NDE"
0.97,PURE,False,accept,RUS,"{CHN}+{NDE,RUS}","{CHN,RUS}+{NDE}",1.0,,,,,,6.727459352795506e-05,
0.97,PURE,False,accept,RUS,"{CHN}+{NDE,RUS}",{CHN}+{NDE}+{RUS},1.0,,,,,,5.327870826365988e-05,
0.97,PURE,False,accept,RUS,{CHN}+{NDE}+{RUS},"{CHN,NDE,RUS}",1.0,,,,,,2.4795630826357495e-06,CHN
0.97,PURE,False,accept,RUS,{CHN}+{NDE}+{RUS},"{CHN,RUS}+{NDE}",1.0,,,,,,1.3995885264295183e-05,
0.97,PURE,False,accept,RUS,{CHN}+{NDE}+{RUS},"{CHN}+{NDE,RUS}",0.0,,,,,,-5.327870826365988e-05,
0.98,PURE,False,propose,CHN,"{CHN,NDE,RUS}","{CHN,NDE,RUS}",1.0,True,1.0,1.0,False,,,
0.98,PURE,False,propose,CHN,"{CHN,NDE}+{RUS}","{CHN,NDE}+{RUS}",1.0,True,1.0,1.0,False,,,
0.98,PURE,False,propose,CHN,"{CHN,RUS}+{NDE}",{CHN}+{NDE}+{RUS},1.0,False,1.0,1.0,True,,,
0.98,PURE,False,propose,CHN,"{CHN}+{NDE,RUS}","{CHN,NDE}+{RUS}",1.0,False,1.0,1.0,False,"NDE,RUS",,
0.98,PURE,False,propose,CHN,{CHN}+{NDE}+{RUS},"{CHN,NDE,RUS}",1.0,False,1.0,1.0,False,"NDE,RUS",,
0.98,PURE,False,propose,NDE,"{CHN,NDE,RUS}","{CHN,NDE,RUS}",1.0,True,1.0,1.0,False,,,
0.98,PURE,False,propose,NDE,"{CHN,NDE}+{RUS}","{CHN,NDE}+{RUS}",1.0,True,1.0,1.0,False,,,
0.98,PURE,False,propose,NDE,"{CHN,RUS}+{NDE}","{CHN,RUS}+{NDE}",1.0,True,1.0,1.0,False,,,
0.98,PURE,False,propose,NDE,"{CHN}+{NDE,RUS}","{CHN,NDE}+{RUS}",1.0,False,1.0,1.0,False,"CHN,RUS",,
0.98,PURE,False,propose,NDE,{CHN}+{NDE}+{RUS},"{CHN,NDE}+{RUS}",1.0,False,1.0,1.0,False,CHN,,
0.98,PURE,False,propose,RUS,"{CHN,NDE,RUS}","{CHN,NDE,RUS}",1.0,True,1.0,1.0,False,,,
0.98,PURE,False,propose,RUS,"{CHN,NDE}+{RUS}","{CHN,NDE}+{RUS}",1.0,True,1.0,1.0,False,,,
0.98,PURE,False,propose,RUS,"{CHN,RUS}+{NDE}","{CHN,RUS}+{NDE}",1.0,True,1.0,1.0,False,,,
0.98,PURE,False,propose,RUS,"{CHN}+{NDE,RUS}",{CHN}+{NDE}+{RUS},1.0,False,1.0,1.0,True,,,
0.98,PURE,False,propose,RUS,{CHN}+{NDE}+{RUS},"{CHN,NDE,RUS}",1.0,False,1.0,1.0,False,"CHN,NDE",,
0.98,PURE,False,accept,CHN,"{CHN,NDE,RUS}","{CHN,NDE}+{RUS}",0.0,,,,,,-1.0546301350444764e-05,
0.98,PURE,False,accept,CHN,"{CHN,NDE,RUS}","{CHN,RUS}+{NDE}",0.0,,,,,,-9.491900600622216e-05,
0.98,PURE,False,accept,CHN,"{CHN,NDE,RUS}","{CHN}+{NDE,RUS}",0.0,,,,,,-2.0363622791563785e-05,
0.98,PURE,False,accept,CHN,"{CHN,NDE,RUS}",{CHN}+{NDE}+{RUS},0.0,,,,,,-7.692876299358886e-05,
0.98,PURE,False,accept,CHN,"{CHN,NDE}+{RUS}","{CHN,NDE,RUS}",1.0,,,,,,1.0546301350444764e-05,
0.98,PURE,False,accept,CHN,"{CHN,NDE}+{RUS}","{CHN,RUS}+{NDE}",0.0,,,,,,-8.43727046557774e-05,
0.98,PURE,False,accept,CHN,"{CHN,NDE}+{RUS}","{CHN}+{NDE,RUS}",0.0,,,,,,-9.81732144111902e-06,
0.98,PURE,False,accept,CHN,"{CHN,NDE}+{RUS}",{CHN}+{NDE}+{RUS},0.0,,,,,,-6.63824616431441e-05,
0.98,PURE,False,accept,CHN,"{CHN,RUS}+{NDE}","{CHN,NDE,RUS}",1.0,,,,,,9.491900600622216e-05,
0.98,PURE,False,accept,CHN,"{CHN,RUS}+{NDE}","{CHN,NDE}+{RUS}",1.0,,,,,,8.43727046557774e-05,
0.98,PURE,False,accept,CHN,"{CHN,RUS}+{NDE}","{CHN}+{NDE,RUS}",1.0,,,,,,7.455538321465838e-05,
0.98,PURE,False,accept,CHN,"{CHN,RUS}+{NDE}",{CHN}+{NDE}+{RUS},1.0,,,,,,1.79902430126333e-05,
0.98,PURE,False,accept,CHN,"{CHN}+{NDE,RUS}","{CHN,NDE,RUS}",1.0,,,,,,2.0363622791563785e-05,
0.98,PURE,False,accept,CHN,"{CHN}+{NDE,RUS}","{CHN,NDE}+{RUS}",1.0,,,,,,9.81732144111902e-06,NDE
0.98,PURE,False,accept,CHN,"{CHN}+{NDE,RUS}","{CHN,RUS}+{NDE}",0.0,,,,,,-7.455538321465838e-05,
0.98,PURE,False,accept,CHN,{CHN}+{NDE}+{RUS},"{CHN,NDE,RUS}",1.0,,,,,,7.692876299358886e-05,RUS
0.98,PURE,False,accept,CHN,{CHN}+{NDE}+{RUS},"{CHN,NDE}+{RUS}",1.0,,,,,,6.63824616431441e-05,NDE
0.98,PURE,False,accept,CHN,{CHN}+{NDE}+{RUS},"{CHN,RUS}+{NDE}",0.0,,,,,,-1.79902430126333e-05,
0.98,PURE,False,accept,NDE,"{CHN,NDE,RUS}","{CHN,NDE}+{RUS}",1.0,,,,,,0.0003406427980507942,
0.98,PURE,False,accept,NDE,"{CHN,NDE,RUS}","{CHN,RUS}+{NDE}",0.0,,,,,,-0.00039900983765406295,
0.98,PURE,False,accept,NDE,"{CHN,NDE,RUS}","{CHN}+{NDE,RUS}",1.0,,,,,,0.00018663061173640472,
0.98,PURE,False,accept,NDE,"{CHN,NDE,RUS}",{CHN}+{NDE}+{RUS},0.0,,,,,,-0.00019964577193931632,
0.98,PURE,False,accept,NDE,"{CHN,NDE}+{RUS}","{CHN,NDE,RUS}",0.0,,,,,,-0.0003406427980507942,
0.98,PURE,False,accept,NDE,"{CHN,NDE}+{RUS}","{CHN,RUS}+{NDE}",0.0,,,,,,-0.0007396526357048572,
0.98,PURE,False,accept,NDE,"{CHN,NDE}+{RUS}","{CHN}+{NDE,RUS}",0.0,,,,,,-0.0001540121863143895,
0.98,PURE,False,accept,NDE,"{CHN,NDE}+{RUS}",{CHN}+{NDE}+{RUS},0.0,,,,,,-0.0005402885699901105,
0.98,PURE,False,accept,NDE,"{CHN,RUS}+{NDE}","{CHN,NDE,RUS}",1.0,,,,,,0.00039900983765406295,
0.98,PURE,False,accept,NDE,"{CHN,RUS}+{NDE}","{CHN,NDE}+{RUS}",1.0,,,,,,0.0007396526357048572,
0.98,PURE,False,accept,NDE,"{CHN,RUS}+{NDE}","{CHN}+{NDE,RUS}",1.0,,,,,,0.0005856404493904677,
0.98,PURE,False,accept,NDE,"{CHN}+{NDE,RUS}","{CHN,NDE,RUS}",0.0,,,,,,-0.00018663061173640472,
0.98,PURE,False,accept,NDE,"{CHN}+{NDE,RUS}","{CHN,NDE}+{RUS}",1.0,,,,,,0.0001540121863143895,CHN
0.98,PURE,False,accept,NDE,"{CHN}+{NDE,RUS}","{CHN,RUS}+{NDE}",0.0,,,,,,-0.0005856404493904677,
0.98,PURE,False,accept,NDE,"{CHN}+{NDE,RUS}",{CHN}+{NDE}+{RUS},0.0,,,,,,-0.00038627638367572104,
0.98,PURE,False,accept,NDE,{CHN}+{NDE}+{RUS},"{CHN,NDE,RUS}",1.0,,,,,,0.00019964577193931632,"CHN,RUS"
0.98,PURE,False,accept,NDE,{CHN}+{NDE}+{RUS},"{CHN,NDE}+{RUS}",1.0,,,,,,0.0005402885699901105,
0.98,PURE,False,accept,NDE,{CHN}+{NDE}+{RUS},"{CHN}+{NDE,RUS}",1.0,,,,,,0.00038627638367572104,
0.98,PURE,False,accept,RUS,"{CHN,NDE,RUS}","{CHN,NDE}+{RUS}",0.0,,,,,,-2.6551645172068206e-05,
0.98,PURE,False,accept,RUS,"{CHN,NDE,RUS}","{CHN,RUS}+{NDE}",1.0,,,,,,5.029318698834828e-06,
0.98,PURE,False,accept,RUS,"{CHN,NDE,RUS}","{CHN}+{NDE,RUS}",0.0,,,,,,-4.4041783011872226e-05,
0.98,PURE,False,accept,RUS,"{CHN,NDE,RUS}",{CHN}+{NDE}+{RUS},0.0,,,,,,-4.603224851962295e-06,
0.98,PURE,False,accept,RUS,"{CHN,NDE}+{RUS}","{CHN,NDE,RUS}",1.0,,,,,,2.6551645172068206e-05,
0.98,PURE,False,accept,RUS,"{CHN,NDE}+{RUS}","{CHN,RUS}+{NDE}",1.0,,,,,,3.1580963870903034e-05,
0.98,PURE,False,accept,RUS,"{CHN,NDE}+{RUS}","{CHN}+{NDE,RUS}",0.0,,,,,,-1.749013783980402e-05,
0.98,PURE,False,accept,RUS,"{CHN,RUS}+{NDE}","{CHN,NDE,RUS}",0.0,,,,,,-5.029318698834828e-06,
0.98,PURE,False,accept,RUS,"{CHN,RUS}+{NDE}","{CHN,NDE}+{RUS}",0.0,,,,,,-3.1580963870903034e-05,
0.98,PURE,False,accept,RUS,"{CHN,RUS}+{NDE}","{CHN}+{NDE,RUS}",0.0,,,,,,-4.9071101710707055e-05,
0.98,PURE,False,accept,RUS,"{CHN,RUS}+{NDE}",{CHN}+{NDE}+{RUS},0.0,,,,,,-9.632543550797124e-06,
0.98,PURE,False,accept,RUS,"{CHN}+{NDE,RUS}","{CHN,NDE,RUS}",1.0,,,,,,4.4041783011872226e-05,
0.98,PURE,False,accept,RUS,"{CHN}+{NDE,RUS}","{CHN,NDE}+{RUS}",1.0,,,,,,1.749013783980402e-05,"CHN,NDE"
0.98,PURE,False,accept,RUS,"{CHN}+{NDE,RUS}","{CHN,RUS}+{NDE}",1.0,,,,,,4.9071101710707055e-05,
0.98,PURE,False,accept,RUS,"{CHN}+{NDE,RUS}",{CHN}+{NDE}+{RUS},1.0,,,,,,3.943855815990993e-05,
0.98,PURE,False,accept,RUS,{CHN}+{NDE}+{RUS},"{CHN,NDE,RUS}",1.0,,,,,,4.603224851962295e-06,CHN
0.98,PURE,False,accept,RUS,{CHN}+{NDE}+{RUS},"{CHN,RUS}+{NDE}",1.0,,,,,,9.632543550797124e-06,
0.98,PURE,False,accept,RUS,{CHN}+{NDE}+{RUS},"{CHN}+{NDE,RUS}",0.0,,,,,,-3.943855815990993e-05,
0.99,MIXED_NONUNIQUE,True,propose,CHN,"{CHN,NDE,RUS}","{CHN,NDE,RUS}",1.0,True,1.0,1.0,False,,,
0.99,MIXED_NONUNIQUE,True,propose,CHN,"{CHN,NDE}+{RUS}","{CHN,NDE}+{RUS}",1.0,True,1.0,1.0,False,,,
0.99,MIXED_NONUNIQUE,True,propose,CHN,"{CHN,RUS}+{NDE}","{CHN,NDE,RUS}",0.26860278180635777,False,0.07977504214988856,0.021427798240179513,False,"NDE,RUS",,
0.99,MIXED_NONUNIQUE,True,propose,CHN,"{CHN,RUS}+{NDE}",{CHN}+{NDE}+{RUS},0.7313972181936422,False,1.0,0.7313972181936422,True,,,
0.99,MIXED_NONUNIQUE,True,propose,CHN,"{CHN}+{NDE,RUS}","{CHN,NDE}+{RUS}",1.0,False,1.0,1.0,False,"NDE,RUS",,
0.99,MIXED_NONUNIQUE,True,propose,CHN,{CHN}+{NDE}+{RUS},"{CHN,NDE,RUS}",1.0,False,1.0,1.0,False,"NDE,RUS",,
0.99,MIXED_NONUNIQUE,True,propose,NDE,"{CHN,NDE,RUS}","{CHN,NDE,RUS}",1.0,True,1.0,1.0,False,,,
0.99,MIXED_NONUNIQUE,True,propose,NDE,"{CHN,NDE}+{RUS}","{CHN,NDE}+{RUS}",1.0,True,1.0,1.0,False,,,
0.99,MIXED_NONUNIQUE,True,propose,NDE,"{CHN,RUS}+{NDE}","{CHN,NDE,RUS}",1.0,False,0.07977504214988856,0.07977504214988856,False,"CHN,RUS",,
0.99,MIXED_NONUNIQUE,True,propose,NDE,"{CHN}+{NDE,RUS}","{CHN,NDE}+{RUS}",1.0,False,1.0,1.0,False,"CHN,RUS",,
0.99,MIXED_NONUNIQUE,True,propose,NDE,{CHN}+{NDE}+{RUS},"{CHN,NDE}+{RUS}",1.0,False,1.0,1.0,False,CHN,,
0.99,MIXED_NONUNIQUE,True,propose,RUS,"{CHN,NDE,RUS}","{CHN,NDE,RUS}",1.0,True,1.0,1.0,False,,,
0.99,MIXED_NONUNIQUE,True,propose,RUS,"{CHN,NDE}+{RUS}","{CHN,NDE}+{RUS}",1.0,True,1.0,1.0,False,,,
0.99,MIXED_NONUNIQUE,True,propose,RUS,"{CHN,RUS}+{NDE}","{CHN,NDE,RUS}",0.07967031064932154,False,1.0,0.07967031064932154,False,"CHN,NDE",,
0.99,MIXED_NONUNIQUE,True,propose,RUS,"{CHN,RUS}+{NDE}","{CHN,RUS}+{NDE}",0.9203296893506785,True,1.0,0.9203296893506785,False,,,
0.99,MIXED_NONUNIQUE,True,propose,RUS,"{CHN}+{NDE,RUS}",{CHN}+{NDE}+{RUS},1.0,False,1.0,1.0,True,,,
0.99,MIXED_NONUNIQUE,True,propose,RUS,{CHN}+{NDE}+{RUS},"{CHN,NDE,RUS}",1.0,False,1.0,1.0,False,"CHN,NDE",,
0.99,MIXED_NONUNIQUE,True,accept,CHN,"{CHN,NDE,RUS}","{CHN,NDE}+{RUS}",0.0,,,,,,-1.0546301350444764e-05,
0.99,MIXED_NONUNIQUE,True,accept,CHN,"{CHN,NDE,RUS}","{CHN,RUS}+{NDE}",0.0,,,,,,-4.370898446737215e-05,
0.99,MIXED_NONUNIQUE,True,accept,CHN,"{CHN,NDE,RUS}","{CHN}+{NDE,RUS}",0.0,,,,,,-1.440550635933846e-05,
0.99,MIXED_NONUNIQUE,True,accept,CHN,"{CHN,NDE,RUS}",{CHN}+{NDE}+{RUS},0.0,,,,,,-4.0222098387943106e-05,
0.99,MIXED_NONUNIQUE,True,accept,CHN,"{CHN,NDE}+{RUS}","{CHN,NDE,RUS}",1.0,,,,,,1.0546301350444764e-05,
0.99,MIXED_NONUNIQUE,True,accept,CHN,"{CHN,NDE}+{RUS}","{CHN,RUS}+{NDE}",0.0,,,,,,-3.316268311692738e-05,
0.99,MIXED_NONUNIQUE,True,accept,CHN,"{CHN,NDE}+{RUS}","{CHN}+{NDE,RUS}",0.0,,,,,,-3.859205008893696e-06,
0.99,MIXED_NONUNIQUE,True,accept,CHN,"{CHN,NDE}+{RUS}",{CHN}+{NDE}+{RUS},0.0,,,,,,-2.967579703749834e-05,
0.99,MIXED_NONUNIQUE,True,accept,CHN,"{CHN,RUS}+{NDE}","{CHN,NDE,RUS}",1.0,,,,,,4.370898446737215e-05,"NDE,RUS"
0.99,MIXED_NONUNIQUE,True,accept,CHN,"{CHN,RUS}+{NDE}","{CHN,NDE}+{RUS}",1.0,,,,,,3.316268311692738e-05,
0.99,MIXED_NONUNIQUE,True,accept,CHN,"{CHN,RUS}+{NDE}","{CHN}+{NDE,RUS}",1.0,,,,,,2.9303478108033687e-05,
0.99,MIXED_NONUNIQUE,True,accept,CHN,"{CHN,RUS}+{NDE}",{CHN}+{NDE}+{RUS},1.0,,,,,,3.4868860794290413e-06,
0.99,MIXED_NONUNIQUE,True,accept,CHN,"{CHN}+{NDE,RUS}","{CHN,NDE,RUS}",1.0,,,,,,1.440550635933846e-05,
0.99,MIXED_NONUNIQUE,True,accept,CHN,"{CHN}+{NDE,RUS}","{CHN,NDE}+{RUS}",1.0,,,,,,3.859205008893696e-06,NDE
0.99,MIXED_NONUNIQUE,True,accept,CHN,"{CHN}+{NDE,RUS}","{CHN,RUS}+{NDE}",0.0,,,,,,-2.9303478108033687e-05,
0.99,MIXED_NONUNIQUE,True,accept,CHN,{CHN}+{NDE}+{RUS},"{CHN,NDE,RUS}",1.0,,,,,,4.0222098387943106e-05,RUS
0.99,MIXED_NONUNIQUE,True,accept,CHN,{CHN}+{NDE}+{RUS},"{CHN,NDE}+{RUS}",1.0,,,,,,2.967579703749834e-05,NDE
0.99,MIXED_NONUNIQUE,True,accept,CHN,{CHN}+{NDE}+{RUS},"{CHN,RUS}+{NDE}",0.0,,,,,,-3.4868860794290413e-06,
0.99,MIXED_NONUNIQUE,True,accept,NDE,"{CHN,NDE,RUS}","{CHN,NDE}+{RUS}",1.0,,,,,,0.0003406427980507942,
0.99,MIXED_NONUNIQUE,True,accept,NDE,"{CHN,NDE,RUS}","{CHN,RUS}+{NDE}",0.0,,,,,,-0.00015091910388065344,
0.99,MIXED_NONUNIQUE,True,accept,NDE,"{CHN,NDE,RUS}","{CHN}+{NDE,RUS}",1.0,,,,,,0.00022526551615698054,
0.99,MIXED_NONUNIQUE,True,accept,NDE,"{CHN,NDE,RUS}",{CHN}+{NDE}+{RUS},0.0,,,,,,-4.304908629393367e-05,
0.99,MIXED_NONUNIQUE,True,accept,NDE,"{CHN,NDE}+{RUS}","{CHN,NDE,RUS}",0.0,,,,,,-0.0003406427980507942,
0.99,MIXED_NONUNIQUE,True,accept,NDE,"{CHN,NDE}+{RUS}","{CHN,RUS}+{NDE}",0.0,,,,,,-0.0004915619019314477,
0.99,MIXED_NONUNIQUE,True,accept,NDE,"{CHN,NDE}+{RUS}","{CHN}+{NDE,RUS}",0.0,,,,,,-0.00011537728189381369,
0.99,MIXED_NONUNIQUE,True,accept,NDE,"{CHN,NDE}+{RUS}",{CHN}+{NDE}+{RUS},0.0,,,,,,-0.0003836918843447279,
0.99,MIXED_NONUNIQUE,True,accept,NDE,"{CHN,RUS}+{NDE}","{CHN,NDE,RUS}",1.0,,,,,,0.00015091910388065344,"CHN,RUS"
0.99,MIXED_NONUNIQUE,True,accept,NDE,"{CHN,RUS}+{NDE}","{CHN,NDE}+{RUS}",1.0,,,,,,0.0004915619019314477,
0.99,MIXED_NONUNIQUE,True,accept,NDE,"{CHN,RUS}+{NDE}","{CHN}+{NDE,RUS}",1.0,,,,,,0.000376184620037634,
0.99,MIXED_NONUNIQUE,True,accept,NDE,"{CHN}+{NDE,RUS}","{CHN,NDE,RUS}",0.0,,,,,,-0.00022526551615698054,
0.99,MIXED_NONUNIQUE,True,accept,NDE,"{CHN}+{NDE,RUS}","{CHN,NDE}+{RUS}",1.0,,,,,,0.00011537728189381369,CHN
0.99,MIXED_NONUNIQUE,True,accept,NDE,"{CHN}+{NDE,RUS}","{CHN,RUS}+{NDE}",0.0,,,,,,-0.000376184620037634,
0.99,MIXED_NONUNIQUE,True,accept,NDE,"{CHN}+{NDE,RUS}",{CHN}+{NDE}+{RUS},0.0,,,,,,-0.0002683146024509142,
0.99,MIXED_NONUNIQUE,True,accept,NDE,{CHN}+{NDE}+{RUS},"{CHN,NDE,RUS}",1.0,,,,,,4.304908629393367e-05,"CHN,RUS"
0.99,MIXED_NONUNIQUE,True,accept,NDE,{CHN}+{NDE}+{RUS},"{CHN,NDE}+{RUS}",1.0,,,,,,0.0003836918843447279,
0.99,MIXED_NONUNIQUE,True,accept,NDE,{CHN}+{NDE}+{RUS},"{CHN}+{NDE,RUS}",1.0,,,,,,0.0002683146024509142,
0.99,MIXED_NONUNIQUE,True,accept,RUS,"{CHN,NDE,RUS}","{CHN,NDE}+{RUS}",0.0,,,,,,-2.6551645172068206e-05,
0.99,MIXED_NONUNIQUE,True,accept,RUS,"{CHN,NDE,RUS}","{CHN,RUS}+{NDE}",0.9204174473583313,,,,,,6.661338147750939e-16,
0.99,MIXED_NONUNIQUE,True,accept,RUS,"{CHN,NDE,RUS}","{CHN}+{NDE,RUS}",0.0,,,,,,-3.23394524224252e-05,
0.99,MIXED_NONUNIQUE,True,accept,RUS,"{CHN,NDE,RUS}",{CHN}+{NDE}+{RUS},0.0,,,,,,-6.726886621288841e-06,
0.99,MIXED_NONUNIQUE,True,accept,RUS,"{CHN,NDE}+{RUS}","{CHN,NDE,RUS}",1.0,,,,,,2.6551645172068206e-05,
0.99,MIXED_NONUNIQUE,True,accept,RUS,"{CHN,NDE}+{RUS}","{CHN,RUS}+{NDE}",1.0,,,,,,2.655164517273434e-05,
0.99,MIXED_NONUNIQUE,True,accept,RUS,"{CHN,NDE}+{RUS}","{CHN}+{NDE,RUS}",0.0,,,,,,-5.787807250356991e-06,
0.99,MIXED_NONUNIQUE,True,accept,RUS,"{CHN,RUS}+{NDE}","{CHN,NDE,RUS}",0.07977504214988856,,,,,,-6.661338147750939e-16,"CHN,NDE"
0.99,MIXED_NONUNIQUE,True,accept,RUS,"{CHN,RUS}+{NDE}","{CHN,NDE}+{RUS}",0.0,,,,,,-2.655164517273434e-05,
0.99,MIXED_NONUNIQUE,True,accept,RUS,"{CHN,RUS}+{NDE}","{CHN}+{NDE,RUS}",0.0,,,,,,-3.233945242309133e-05,
0.99,MIXED_NONUNIQUE,True,accept,RUS,"{CHN,RUS}+{NDE}",{CHN}+{NDE}+{RUS},0.0,,,,,,-6.726886621954975e-06,
0.99,MIXED_NONUNIQUE,True,accept,RUS,"{CHN}+{NDE,RUS}","{CHN,NDE,RUS}",1.0,,,,,,3.23394524224252e-05,
0.99,MIXED_NONUNIQUE,True,accept,RUS,"{CHN}+{NDE,RUS}","{CHN,NDE}+{RUS}",1.0,,,,,,5.787807250356991e-06,"CHN,NDE"
0.99,MIXED_NONUNIQUE,True,accept,RUS,"{CHN}+{NDE,RUS}","{CHN,RUS}+{NDE}",1.0,,,,,,3.233945242309133e-05,
0.99,MIXED_NONUNIQUE,True,accept,RUS,"{CHN}+{NDE,RUS}",{CHN}+{NDE}+{RUS},1.0,,,,,,2.5612565801136356e-05,
0.99,MIXED_NONUNIQUE,True,accept,RUS,{CHN}+{NDE}+{RUS},"{CHN,NDE,RUS}",1.0,,,,,,6.726886621288841e-06,CHN
0.99,MIXED_NONUNIQUE,True,accept,RUS,{CHN}+{NDE}+{RUS},"{CHN,RUS}+{NDE}",1.0,,,,,,6.726886621954975e-06,
0.99,MIXED_NONUNIQUE,True,accept,RUS,{CHN}+{NDE}+{RUS},"{CHN}+{NDE,RUS}",0.0,,,,,,-2.5612565801136356e-05,
0.995,MIXED_NONUNIQUE,True,propose,CHN,"{CHN,NDE,RUS}","{CHN,NDE,RUS}",1.0,True,1.0,1.0,False,,,
0.995,MIXED_NONUNIQUE,True,propose,CHN,"{CHN,NDE}+{RUS}","{CHN,NDE}+{RUS}",1.0,True,1.0,1.0,False,,,
0.995,MIXED_NONUNIQUE,True,propose,CHN,"{CHN,RUS}+{NDE}","{CHN,NDE,RUS}",0.852506823365273,False,0.0,0.0,False,"NDE,RUS",,
0.995,MIXED_NONUNIQUE,True,propose,CHN,"{CHN,RUS}+{NDE}",{CHN}+{NDE}+{RUS},0.14749317663472705,False,1.0,0.14749317663472705,True,,,
0.995,MIXED_NONUNIQUE,True,propose,CHN,"{CHN}+{NDE,RUS}","{CHN,NDE}+{RUS}",1.0,False,1.0,1.0,False,"NDE,RUS",,
0.995,MIXED_NONUNIQUE,True,propose,CHN,{CHN}+{NDE}+{RUS},"{CHN,NDE}+{RUS}",1.0,False,1.0,1.0,False,NDE,,
0.995,MIXED_NONUNIQUE,True,propose,NDE,"{CHN,NDE,RUS}","{CHN,NDE,RUS}",1.0,True,1.0,1.0,False,,,
0.995,MIXED_NONUNIQUE,True,propose,NDE,"{CHN,NDE}+{RUS}","{CHN,NDE}+{RUS}",1.0,True,1.0,1.0,False,,,
0.995,MIXED_NONUNIQUE,True,propose,NDE,"{CHN,RUS}+{NDE}","{CHN,NDE,RUS}",1.0,False,0.0,0.0,False,"CHN,RUS",,
0.995,MIXED_NONUNIQUE,True,propose,NDE,"{CHN}+{NDE,RUS}","{CHN,NDE}+{RUS}",1.0,False,1.0,1.0,False,"CHN,RUS",,
0.995,MIXED_NONUNIQUE,True,propose,NDE,{CHN}+{NDE}+{RUS},"{CHN,NDE}+{RUS}",1.0,False,1.0,1.0,False,CHN,,
0.995,MIXED_NONUNIQUE,True,propose,RUS,"{CHN,NDE,RUS}","{CHN,NDE,RUS}",1.0,True,1.0,1.0,False,,,
0.995,MIXED_NONUNIQUE,True,propose,RUS,"{CHN,NDE}+{RUS}","{CHN,NDE}+{RUS}",1.0,True,1.0,1.0,False,,,
0.995,MIXED_NONUNIQUE,True,propose,RUS,"{CHN,RUS}+{NDE}","{CHN,NDE,RUS}",0.13933618812203682,False,1.0,0.13933618812203682,False,"CHN,NDE",,
0.995,MIXED_NONUNIQUE,True,propose,RUS,"{CHN,RUS}+{NDE}","{CHN,RUS}+{NDE}",0.8606638118779631,True,1.0,0.8606638118779631,False,,,
0.995,MIXED_NONUNIQUE,True,propose,RUS,"{CHN}+{NDE,RUS}",{CHN}+{NDE}+{RUS},1.0,False,1.0,1.0,True,,,
0.995,MIXED_NONUNIQUE,True,propose,RUS,{CHN}+{NDE}+{RUS},"{CHN,RUS}+{NDE}",1.0,False,1.0,1.0,False,CHN,,
0.995,MIXED_NONUNIQUE,True,accept,CHN,"{CHN,NDE,RUS}","{CHN,NDE}+{RUS}",0.0,,,,,,-1.0546301350444764e-05,
0.995,MIXED_NONUNIQUE,True,accept,CHN,"{CHN,NDE,RUS}","{CHN,RUS}+{NDE}",0.0,,,,,,-3.795504643022696e-05,
0.995,MIXED_NONUNIQUE,True,accept,CHN,"{CHN,NDE,RUS}","{CHN}+{NDE,RUS}",0.0,,,,,,-1.6669964463034148e-05,
0.995,MIXED_NONUNIQUE,True,accept,CHN,"{CHN,NDE,RUS}",{CHN}+{NDE}+{RUS},0.0,,,,,,-3.795504643377967e-05,
0.995,MIXED_NONUNIQUE,True,accept,CHN,"{CHN,NDE}+{RUS}","{CHN,NDE,RUS}",1.0,,,,,,1.0546301350444764e-05,
0.995,MIXED_NONUNIQUE,True,accept,CHN,"{CHN,NDE}+{RUS}","{CHN,RUS}+{NDE}",0.0,,,,,,-2.7408745079782193e-05,
0.995,MIXED_NONUNIQUE,True,accept,CHN,"{CHN,NDE}+{RUS}","{CHN}+{NDE,RUS}",0.0,,,,,,-6.123663112589384e-06,
0.995,MIXED_NONUNIQUE,True,accept,CHN,"{CHN,NDE}+{RUS}",{CHN}+{NDE}+{RUS},0.0,,,,,,-2.7408745083334907e-05,
0.995,MIXED_NONUNIQUE,True,accept,CHN,"{CHN,RUS}+{NDE}","{CHN,NDE,RUS}",1.0,,,,,,3.795504643022696e-05,"NDE,RUS"
0.995,MIXED_NONUNIQUE,True,accept,CHN,"{CHN,RUS}+{NDE}","{CHN,NDE}+{RUS}",1.0,,,,,,2.7408745079782193e-05,
0.995,MIXED_NONUNIQUE,True,accept,CHN,"{CHN,RUS}+{NDE}","{CHN}+{NDE,RUS}",1.0,,,,,,2.128508196719281e-05,
0.995,MIXED_NONUNIQUE,True,accept,CHN,"{CHN,RUS}+{NDE}",{CHN}+{NDE}+{RUS},1.0,,,,,,-3.552713678800501e-15,
0.995,MIXED_NONUNIQUE,True,accept,CHN,"{CHN}+{NDE,RUS}","{CHN,NDE,RUS}",1.0,,,,,,1.6669964463034148e-05,
0.995,MIXED_NONUNIQUE,True,accept,CHN,"{CHN}+{NDE,RUS}","{CHN,NDE}+{RUS}",1.0,,,,,,6.123663112589384e-06,NDE
0.995,MIXED_NONUNIQUE,True,accept,CHN,"{CHN}+{NDE,RUS}","{CHN,RUS}+{NDE}",0.0,,,,,,-2.128508196719281e-05,
0.995,MIXED_NONUNIQUE,True,accept,CHN,{CHN}+{NDE}+{RUS},"{CHN,NDE,RUS}",1.0,,,,,,3.795504643377967e-05,
0.995,MIXED_NONUNIQUE,True,accept,CHN,{CHN}+{NDE}+{RUS},"{CHN,NDE}+{RUS}",1.0,,,,,,2.7408745083334907e-05,NDE
0.995,MIXED_NONUNIQUE,True,accept,CHN,{CHN}+{NDE}+{RUS},"{CHN,RUS}+{NDE}",1.0,,,,,,3.552713678800501e-15,RUS
0.995,MIXED_NONUNIQUE,True,accept,NDE,"{CHN,NDE,RUS}","{CHN,NDE}+{RUS}",1.0,,,,,,0.0003406427980507942,
0.995,MIXED_NONUNIQUE,True,accept,NDE,"{CHN,NDE,RUS}","{CHN,RUS}+{NDE}",0.0,,,,,,-0.00013139882056023566,
0.995,MIXED_NONUNIQUE,True,accept,NDE,"{CHN,NDE,RUS}","{CHN}+{NDE,RUS}",1.0,,,,,,0.00026799187883952413,
0.995,MIXED_NONUNIQUE,True,accept,NDE,"{CHN,NDE,RUS}",{CHN}+{NDE}+{RUS},1.0,,,,,,0.00010464850906188872,
0.995,MIXED_NONUNIQUE,True,accept,NDE,"{CHN,NDE}+{RUS}","{CHN,NDE,RUS}",0.0,,,,,,-0.0003406427980507942,
0.995,MIXED_NONUNIQUE,True,accept,NDE,"{CHN,NDE}+{RUS}","{CHN,RUS}+{NDE}",0.0,,,,,,-0.0004720416186110299,
0.995,MIXED_NONUNIQUE,True,accept,NDE,"{CHN,NDE}+{RUS}","{CHN}+{NDE,RUS}",0.0,,,,,,-7.265091921127009e-05,
0.995,MIXED_NONUNIQUE,True,accept,NDE,"{CHN,NDE}+{RUS}",{CHN}+{NDE}+{RUS},0.0,,,,,,-0.0002359942889889055,
0.995,MIXED_NONUNIQUE,True,accept,NDE,"{CHN,RUS}+{NDE}","{CHN,NDE,RUS}",1.0,,,,,,0.00013139882056023566,"CHN,RUS"
0.995,MIXED_NONUNIQUE,True,accept,NDE,"{CHN,RUS}+{NDE}","{CHN,NDE}+{RUS}",1.0,,,,,,0.0004720416186110299,
0.995,MIXED_NONUNIQUE,True,accept,NDE,"{CHN,RUS}+{NDE}","{CHN}+{NDE,RUS}",1.0,,,,,,0.0003993906993997598,
0.995,MIXED_NONUNIQUE,True,accept,NDE,"{CHN}+{NDE,RUS}","{CHN,NDE,RUS}",0.0,,,,,,-0.00026799187883952413,
0.995,MIXED_NONUNIQUE,True,accept,NDE,"{CHN}+{NDE,RUS}","{CHN,NDE}+{RUS}",1.0,,,,,,7.265091921127009e-05,CHN
0.995,MIXED_NONUNIQUE,True,accept,NDE,"{CHN}+{NDE,RUS}","{CHN,RUS}+{NDE}",0.0,,,,,,-0.0003993906993997598,
0.995,MIXED_NONUNIQUE,True,accept,NDE,"{CHN}+{NDE,RUS}",{CHN}+{NDE}+{RUS},0.0,,,,,,-0.00016334336977763542,
0.995,MIXED_NONUNIQUE,True,accept,NDE,{CHN}+{NDE}+{RUS},"{CHN,NDE,RUS}",0.0,,,,,,-0.00010464850906188872,
0.995,MIXED_NONUNIQUE,True,accept,NDE,{CHN}+{NDE}+{RUS},"{CHN,NDE}+{RUS}",1.0,,,,,,0.0002359942889889055,CHN
0.995,MIXED_NONUNIQUE,True,accept,NDE,{CHN}+{NDE}+{RUS},"{CHN}+{NDE,RUS}",1.0,,,,,,0.00016334336977763542,
0.995,MIXED_NONUNIQUE,True,accept,RUS,"{CHN,NDE,RUS}","{CHN,NDE}+{RUS}",0.0,,,,,,-2.6551645172068206e-05,
0.995,MIXED_NONUNIQUE,True,accept,RUS,"{CHN,NDE,RUS}","{CHN,RUS}+{NDE}",0.5000000000000004,,,,,,0.0,
0.995,MIXED_NONUNIQUE,True,accept,RUS,"{CHN,NDE,RUS}","{CHN}+{NDE,RUS}",0.0,,,,,,-2.9414351005785377e-05,
0.995,MIXED_NONUNIQUE,True,accept,RUS,"{CHN,NDE,RUS}",{CHN}+{NDE}+{RUS},0.0,,,,,,-1.6595013154763194e-05,
0.995,MIXED_NONUNIQUE,True,accept,RUS,"{CHN,NDE}+{RUS}","{CHN,NDE,RUS}",1.0,,,,,,2.6551645172068206e-05,
0.995,MIXED_NONUNIQUE,True,accept,RUS,"{CHN,NDE}+{RUS}","{CHN,RUS}+{NDE}",1.0,,,,,,2.6551645172068206e-05,
0.995,MIXED_NONUNIQUE,True,accept,RUS,"{CHN,NDE}+{RUS}","{CHN}+{NDE,RUS}",0.0,,,,,,-2.862705833717172e-06,
0.995,MIXED_NONUNIQUE,True,accept,RUS,"{CHN,RUS}+{NDE}","{CHN,NDE,RUS}",0.0,,,,,,0.0,"CHN,NDE"
0.995,MIXED_NONUNIQUE,True,accept,RUS,"{CHN,RUS}+{NDE}","{CHN,NDE}+{RUS}",0.0,,,,,,-2.6551645172068206e-05,
0.995,MIXED_NONUNIQUE,True,accept,RUS,"{CHN,RUS}+{NDE}","{CHN}+{NDE,RUS}",0.0,,,,,,-2.9414351005785377e-05,
0.995,MIXED_NONUNIQUE,True,accept,RUS,"{CHN,RUS}+{NDE}",{CHN}+{NDE}+{RUS},0.0,,,,,,-1.6595013154763194e-05,
0.995,MIXED_NONUNIQUE,True,accept,RUS,"{CHN}+{NDE,RUS}","{CHN,NDE,RUS}",1.0,,,,,,2.9414351005785377e-05,
0.995,MIXED_NONUNIQUE,True,accept,RUS,"{CHN}+{NDE,RUS}","{CHN,NDE}+{RUS}",1.0,,,,,,2.862705833717172e-06,"CHN,NDE"
0.995,MIXED_NONUNIQUE,True,accept,RUS,"{CHN}+{NDE,RUS}","{CHN,RUS}+{NDE}",1.0,,,,,,2.9414351005785377e-05,
0.995,MIXED_NONUNIQUE,True,accept,RUS,"{CHN}+{NDE,RUS}",{CHN}+{NDE}+{RUS},1.0,,,,,,1.2819337851022183e-05,
0.995,MIXED_NONUNIQUE,True,accept,RUS,{CHN}+{NDE}+{RUS},"{CHN,NDE,RUS}",1.0,,,,,,1.6595013154763194e-05,
0.995,MIXED_NONUNIQUE,True,accept,RUS,{CHN}+{NDE}+{RUS},"{CHN,RUS}+{NDE}",1.0,,,,,,1.6595013154763194e-05,
0.995,MIXED_NONUNIQUE,True,accept,RUS,{CHN}+{NDE}+{RUS},"{CHN}+{NDE,RUS}",0.0,,,,,,-1.2819337851022183e-05,
0.997,MIXED_NONUNIQUE,True,propose,CHN,"{CHN,NDE,RUS}","{CHN,NDE,RUS}",1.0,True,1.0,1.0,False,,,
0.997,MIXED_NONUNIQUE,True,propose,CHN,"{CHN,NDE}+{RUS}","{CHN,NDE}+{RUS}",1.0,True,1.0,1.0,False,,,
0.997,MIXED_NONUNIQUE,True,propose,CHN,"{CHN,RUS}+{NDE}","{CHN,NDE,RUS}",0.9139750962492944,False,0.0,0.0,False,"NDE,RUS",,
0.997,MIXED_NONUNIQUE,True,propose,CHN,"{CHN,RUS}+{NDE}",{CHN}+{NDE}+{RUS},0.0860249037507056,False,1.0,0.0860249037507056,True,,,
0.997,MIXED_NONUNIQUE,True,propose,CHN,"{CHN}+{NDE,RUS}","{CHN,NDE}+{RUS}",1.0,False,1.0,1.0,False,"NDE,RUS",,
0.997,MIXED_NONUNIQUE,True,propose,CHN,{CHN}+{NDE}+{RUS},"{CHN,NDE}+{RUS}",1.0,False,1.0,1.0,False,NDE,,
0.997,MIXED_NONUNIQUE,True,propose,NDE,"{CHN,NDE,RUS}","{CHN,NDE,RUS}",1.0,True,1.0,1.0,False,,,
0.997,MIXED_NONUNIQUE,True,propose,NDE,"{CHN,NDE}+{RUS}","{CHN,NDE}+{RUS}",1.0,True,1.0,1.0,False,,,
0.997,MIXED_NONUNIQUE,True,propose,NDE,"{CHN,RUS}+{NDE}","{CHN,NDE,RUS}",1.0,False,0.0,0.0,False,"CHN,RUS",,
0.997,MIXED_NONUNIQUE,True,propose,NDE,"{CHN}+{NDE,RUS}","{CHN,NDE}+{RUS}",1.0,False,1.0,1.0,False,"CHN,RUS",,
0.997,MIXED_NONUNIQUE,True,propose,NDE,{CHN}+{NDE}+{RUS},"{CHN,NDE}+{RUS}",1.0,False,1.0,1.0,False,CHN,,
0.997,MIXED_NONUNIQUE,True,propose,RUS,"{CHN,NDE,RUS}","{CHN,NDE,RUS}",1.0,True,1.0,1.0,False,,,
0.997,MIXED_NONUNIQUE,True,propose,RUS,"{CHN,NDE}+{RUS}","{CHN,NDE}+{RUS}",1.0,True,1.0,1.0,False,,,
0.997,MIXED_NONUNIQUE,True,propose,RUS,"{CHN,RUS}+{NDE}","{CHN,NDE,RUS}",0.12091104442965732,False,1.0,0.12091104442965732,False,"CHN,NDE",,
0.997,MIXED_NONUNIQUE,True,propose,RUS,"{CHN,RUS}+{NDE}","{CHN,RUS}+{NDE}",0.8790889555703427,True,1.0,0.8790889555703427,False,,,
0.997,MIXED_NONUNIQUE,True,propose,RUS,"{CHN}+{NDE,RUS}",{CHN}+{NDE}+{RUS},1.0,False,1.0,1.0,True,,,
0.997,MIXED_NONUNIQUE,True,propose,RUS,{CHN}+{NDE}+{RUS},"{CHN,RUS}+{NDE}",1.0,False,1.0,1.0,False,CHN,,
0.997,MIXED_NONUNIQUE,True,accept,CHN,"{CHN,NDE,RUS}","{CHN,NDE}+{RUS}",0.0,,,,,,-1.0546301350444764e-05,
0.997,MIXED_NONUNIQUE,True,accept,CHN,"{CHN,NDE,RUS}","{CHN,RUS}+{NDE}",0.0,,,,,,-2.700796901322633e-05,
0.997,MIXED_NONUNIQUE,True,accept,CHN,"{CHN,NDE,RUS}","{CHN}+{NDE,RUS}",0.0,,,,,,-1.4236919833265915e-05,
0.997,MIXED_NONUNIQUE,True,accept,CHN,"{CHN,NDE,RUS}",{CHN}+{NDE}+{RUS},0.0,,,,,,-2.7007969015002686e-05,
0.997,MIXED_NONUNIQUE,True,accept,CHN,"{CHN,NDE}+{RUS}","{CHN,NDE,RUS}",1.0,,,,,,1.0546301350444764e-05,
0.997,MIXED_NONUNIQUE,True,accept,CHN,"{CHN,NDE}+{RUS}","{CHN,RUS}+{NDE}",0.0,,,,,,-1.6461667662781565e-05,
0.997,MIXED_NONUNIQUE,True,accept,CHN,"{CHN,NDE}+{RUS}","{CHN}+{NDE,RUS}",0.0,,,,,,-3.690618482821151e-06,
0.997,MIXED_NONUNIQUE,True,accept,CHN,"{CHN,NDE}+{RUS}",{CHN}+{NDE}+{RUS},0.0,,,,,,-1.6461667664557922e-05,
0.997,MIXED_NONUNIQUE,True,accept,CHN,"{CHN,RUS}+{NDE}","{CHN,NDE,RUS}",1.0,,,,,,2.700796901322633e-05,"NDE,RUS"
0.997,MIXED_NONUNIQUE,True,accept,CHN,"{CHN,RUS}+{NDE}","{CHN,NDE}+{RUS}",1.0,,,,,,1.6461667662781565e-05,
0.997,MIXED_NONUNIQUE,True,accept,CHN,"{CHN,RUS}+{NDE}","{CHN}+{NDE,RUS}",1.0,,,,,,1.2771049179960414e-05,
0.997,MIXED_NONUNIQUE,True,accept,CHN,"{CHN,RUS}+{NDE}",{CHN}+{NDE}+{RUS},1.0,,,,,,-1.7763568394002505e-15,
0.997,MIXED_NONUNIQUE,True,accept,CHN,"{CHN}+{NDE,RUS}","{CHN,NDE,RUS}",1.0,,,,,,1.4236919833265915e-05,
0.997,MIXED_NONUNIQUE,True,accept,CHN,"{CHN}+{NDE,RUS}","{CHN,NDE}+{RUS}",1.0,,,,,,3.690618482821151e-06,NDE
0.997,MIXED_NONUNIQUE,True,accept,CHN,"{CHN}+{NDE,RUS}","{CHN,RUS}+{NDE}",0.0,,,,,,-1.2771049179960414e-05,
0.997,MIXED_NONUNIQUE,True,accept,CHN,{CHN}+{NDE}+{RUS},"{CHN,NDE,RUS}",1.0,,,,,,2.7007969015002686e-05,
0.997,MIXED_NONUNIQUE,True,accept,CHN,{CHN}+{NDE}+{RUS},"{CHN,NDE}+{RUS}",1.0,,,,,,1.6461667664557922e-05,NDE
0.997,MIXED_NONUNIQUE,True,accept,CHN,{CHN}+{NDE}+{RUS},"{CHN,RUS}+{NDE}",1.0,,,,,,1.7763568394002505e-15,RUS
0.997,MIXED_NONUNIQUE,True,accept,NDE,"{CHN,NDE,RUS}","{CHN,NDE}+{RUS}",1.0,,,,,,0.0003406427980507942,
0.997,MIXED_NONUNIQUE,True,accept,NDE,"{CHN,NDE,RUS}","{CHN,RUS}+{NDE}",0.0,,,,,,-9.35637468302275e-05,
0.997,MIXED_NONUNIQUE,True,accept,NDE,"{CHN,NDE,RUS}","{CHN}+{NDE,RUS}",1.0,,,,,,0.0002802198717297699,
0.997,MIXED_NONUNIQUE,True,accept,NDE,"{CHN,NDE,RUS}",{CHN}+{NDE}+{RUS},1.0,,,,,,0.00014868119834687832,
0.997,MIXED_NONUNIQUE,True,accept,NDE,"{CHN,NDE}+{RUS}","{CHN,NDE,RUS}",0.0,,,,,,-0.0003406427980507942,
0.997,MIXED_NONUNIQUE,True,accept,NDE,"{CHN,NDE}+{RUS}","{CHN,RUS}+{NDE}",0.0,,,,,,-0.00043420654488102173,
0.997,MIXED_NONUNIQUE,True,accept,NDE,"{CHN,NDE}+{RUS}","{CHN}+{NDE,RUS}",0.0,,,,,,-6.0422926321024306e-05,
0.997,MIXED_NONUNIQUE,True,accept,NDE,"{CHN,NDE}+{RUS}",{CHN}+{NDE}+{RUS},0.0,,,,,,-0.0001919615997039159,
0.997,MIXED_NONUNIQUE,True,accept,NDE,"{CHN,RUS}+{NDE}","{CHN,NDE,RUS}",1.0,,,,,,9.35637468302275e-05,"CHN,RUS"
0.997,MIXED_NONUNIQUE,True,accept,NDE,"{CHN,RUS}+{NDE}","{CHN,NDE}+{RUS}",1.0,,,,,,0.00043420654488102173,
0.997,MIXED_NONUNIQUE,True,accept,NDE,"{CHN,RUS}+{NDE}","{CHN}+{NDE,RUS}",1.0,,,,,,0.0003737836185599974,
0.997,MIXED_NONUNIQUE,True,accept,NDE,"{CHN}+{NDE,RUS}","{CHN,NDE,RUS}",0.0,,,,,,-0.0002802198717297699,
0.997,MIXED_NONUNIQUE,True,accept,NDE,"{CHN}+{NDE,RUS}","{CHN,NDE}+{RUS}",1.0,,,,,,6.0422926321024306e-05,CHN
0.997,MIXED_NONUNIQUE,True,accept,NDE,"{CHN}+{NDE,RUS}","{CHN,RUS}+{NDE}",0.0,,,,,,-0.0003737836185599974,
0.997,MIXED_NONUNIQUE,True,accept,NDE,"{CHN}+{NDE,RUS}",{CHN}+{NDE}+{RUS},0.0,,,,,,-0.0001315386733828916,
0.997,MIXED_NONUNIQUE,True,accept,NDE,{CHN}+{NDE}+{RUS},"{CHN,NDE,RUS}",0.0,,,,,,-0.00014868119834687832,
0.997,MIXED_NONUNIQUE,True,accept,NDE,{CHN}+{NDE}+{RUS},"{CHN,NDE}+{RUS}",1.0,,,,,,0.0001919615997039159,CHN
0.997,MIXED_NONUNIQUE,True,accept,NDE,{CHN}+{NDE}+{RUS},"{CHN}+{NDE,RUS}",1.0,,,,,,0.0001315386733828916,
0.997,MIXED_NONUNIQUE,True,accept,RUS,"{CHN,NDE,RUS}","{CHN,NDE}+{RUS}",0.0,,,,,,-2.6551645172068206e-05,
0.997,MIXED_NONUNIQUE,True,accept,RUS,"{CHN,NDE,RUS}","{CHN,RUS}+{NDE}",0.5000000000000092,,,,,,0.0,
0.997,MIXED_NONUNIQUE,True,accept,RUS,"{CHN,NDE,RUS}","{CHN}+{NDE,RUS}",0.0,,,,,,-2.7088753119963727e-05,
0.997,MIXED_NONUNIQUE,True,accept,RUS,"{CHN,NDE,RUS}",{CHN}+{NDE}+{RUS},0.0,,,,,,-1.7037446605305817e-05,
0.997,MIXED_NONUNIQUE,True,accept,RUS,"{CHN,NDE}+{RUS}","{CHN,NDE,RUS}",1.0,,,,,,2.6551645172068206e-05,
0.997,MIXED_NONUNIQUE,True,accept,RUS,"{CHN,NDE}+{RUS}","{CHN,RUS}+{NDE}",1.0,,,,,,2.6551645172068206e-05,
0.997,MIXED_NONUNIQUE,True,accept,RUS,"{CHN,NDE}+{RUS}","{CHN}+{NDE,RUS}",0.0,,,,,,-5.37107947895521e-07,
0.997,MIXED_NONUNIQUE,True,accept,RUS,"{CHN,RUS}+{NDE}","{CHN,NDE,RUS}",0.0,,,,,,0.0,"CHN,NDE"
0.997,MIXED_NONUNIQUE,True,accept,RUS,"{CHN,RUS}+{NDE}","{CHN,NDE}+{RUS}",0.0,,,,,,-2.6551645172068206e-05,
0.997,MIXED_NONUNIQUE,True,accept,RUS,"{CHN,RUS}+{NDE}","{CHN}+{NDE,RUS}",0.0,,,,,,-2.7088753119963727e-05,
0.997,MIXED_NONUNIQUE,True,accept,RUS,"{CHN,RUS}+{NDE}",{CHN}+{NDE}+{RUS},0.0,,,,,,-1.7037446605305817e-05,
0.997,MIXED_NONUNIQUE,True,accept,RUS,"{CHN}+{NDE,RUS}","{CHN,NDE,RUS}",1.0,,,,,,2.7088753119963727e-05,
0.997,MIXED_NONUNIQUE,True,accept,RUS,"{CHN}+{NDE,RUS}","{CHN,NDE}+{RUS}",1.0,,,,,,5.37107947895521e-07,"CHN,NDE"
0.997,MIXED_NONUNIQUE,True,accept,RUS,"{CHN}+{NDE,RUS}","{CHN,RUS}+{NDE}",1.0,,,,,,2.7088753119963727e-05,
0.997,MIXED_NONUNIQUE,True,accept,RUS,"{CHN}+{NDE,RUS}",{CHN}+{NDE}+{RUS},1.0,,,,,,1.005130651465791e-05,
0.997,MIXED_NONUNIQUE,True,accept,RUS,{CHN}+{NDE}+{RUS},"{CHN,NDE,RUS}",1.0,,,,,,1.7037446605305817e-05,
0.997,MIXED_NONUNIQUE,True,accept,RUS,{CHN}+{NDE}+{RUS},"{CHN,RUS}+{NDE}",1.0,,,,,,1.7037446605305817e-05,
0.997,MIXED_NONUNIQUE,True,accept,RUS,{CHN}+{NDE}+{RUS},"{CHN}+{NDE,RUS}",0.0,,,,,,-1.005130651465791e-05,
0.999,MIXED_NONUNIQUE,True,propose,CHN,"{CHN,NDE,RUS}","{CHN,NDE,RUS}",1.0,True,1.0,1.0,False,,,
0.999,MIXED_NONUNIQUE,True,propose,CHN,"{CHN,NDE}+{RUS}","{CHN,NDE}+{RUS}",1.0,True,1.0,1.0,False,,,
0.999,MIXED_NONUNIQUE,True,propose,CHN,"{CHN,RUS}+{NDE}","{CHN,NDE,RUS}",0.9721067788401159,False,0.0,0.0,False,"NDE,RUS",,
0.999,MIXED_NONUNIQUE,True,propose,CHN,"{CHN,RUS}+{NDE}",{CHN}+{NDE}+{RUS},0.02789322115988413,False,1.0,0.02789322115988413,True,,,
0.999,MIXED_NONUNIQUE,True,propose,CHN,"{CHN}+{NDE,RUS}","{CHN}+{NDE,RUS}",1.0,True,1.0,1.0,False,,,
0.999,MIXED_NONUNIQUE,True,propose,CHN,{CHN}+{NDE}+{RUS},"{CHN,NDE}+{RUS}",1.0,False,1.0,1.0,False,NDE,,
0.999,MIXED_NONUNIQUE,True,propose,NDE,"{CHN,NDE,RUS}","{CHN,NDE,RUS}",1.0,True,1.0,1.0,False,,,
0.999,MIXED_NONUNIQUE,True,propose,NDE,"{CHN,NDE}+{RUS}","{CHN,NDE}+{RUS}",1.0,True,1.0,1.0,False,,,
0.999,MIXED_NONUNIQUE,True,propose,NDE,"{CHN,RUS}+{NDE}","{CHN,NDE,RUS}",1.0,False,0.0,0.0,False,"CHN,RUS",,
0.999,MIXED_NONUNIQUE,True,propose,NDE,"{CHN}+{NDE,RUS}","{CHN}+{NDE,RUS}",1.0,True,1.0,1.0,False,,,
0.999,MIXED_NONUNIQUE,True,propose,NDE,{CHN}+{NDE}+{RUS},"{CHN,NDE}+{RUS}",1.0,False,1.0,1.0,False,CHN,,
0.999,MIXED_NONUNIQUE,True,propose,RUS,"{CHN,NDE,RUS}","{CHN,NDE,RUS}",1.0,True,1.0,1.0,False,,,
0.999,MIXED_NONUNIQUE,True,propose,RUS,"{CHN,NDE}+{RUS}","{CHN,NDE}+{RUS}",1.0,True,1.0,1.0,False,,,
0.999,MIXED_NONUNIQUE,True,propose,RUS,"{CHN,RUS}+{NDE}","{CHN,NDE,RUS}",0.06978493651767279,False,1.0,0.06978493651767279,False,"CHN,NDE",,
0.999,MIXED_NONUNIQUE,True,propose,RUS,"{CHN,RUS}+{NDE}","{CHN,RUS}+{NDE}",0.9302150634823272,True,1.0,0.9302150634823272,False,,,
0.999,MIXED_NONUNIQUE,True,propose,RUS,"{CHN}+{NDE,RUS}",{CHN}+{NDE}+{RUS},1.0,False,1.0,1.0,True,,,
0.999,MIXED_NONUNIQUE,True,propose,RUS,{CHN}+{NDE}+{RUS},"{CHN,RUS}+{NDE}",1.0,False,1.0,1.0,False,CHN,,
0.999,MIXED_NONUNIQUE,True,accept,CHN,"{CHN,NDE,RUS}","{CHN,NDE}+{RUS}",0.0,,,,,,-1.0546301350444764e-05,
0.999,MIXED_NONUNIQUE,True,accept,CHN,"{CHN,NDE,RUS}","{CHN,RUS}+{NDE}",0.0,,,,,,-1.6039008382762177e-05,
0.999,MIXED_NONUNIQUE,True,accept,CHN,"{CHN,NDE,RUS}","{CHN}+{NDE,RUS}",0.0,,,,,,-1.4245973927629052e-05,
0.999,MIXED_NONUNIQUE,True,accept,CHN,"{CHN,NDE,RUS}",{CHN}+{NDE}+{RUS},0.0,,,,,,-1.6039008384538533e-05,
0.999,MIXED_NONUNIQUE,True,accept,CHN,"{CHN,NDE}+{RUS}","{CHN,NDE,RUS}",1.0,,,,,,1.0546301350444764e-05,
0.999,MIXED_NONUNIQUE,True,accept,CHN,"{CHN,NDE}+{RUS}","{CHN,RUS}+{NDE}",0.0,,,,,,-5.492707032317412e-06,
0.999,MIXED_NONUNIQUE,True,accept,CHN,"{CHN,NDE}+{RUS}","{CHN}+{NDE,RUS}",0.0,,,,,,-3.6996725771842875e-06,
0.999,MIXED_NONUNIQUE,True,accept,CHN,"{CHN,NDE}+{RUS}",{CHN}+{NDE}+{RUS},0.0,,,,,,-5.492707034093769e-06,
0.999,MIXED_NONUNIQUE,True,accept,CHN,"{CHN,RUS}+{NDE}","{CHN,NDE,RUS}",1.0,,,,,,1.6039008382762177e-05,"NDE,RUS"
0.999,MIXED_NONUNIQUE,True,accept,CHN,"{CHN,RUS}+{NDE}","{CHN,NDE}+{RUS}",1.0,,,,,,5.492707032317412e-06,
0.999,MIXED_NONUNIQUE,True,accept,CHN,"{CHN,RUS}+{NDE}","{CHN}+{NDE,RUS}",1.0,,,,,,1.7930344551331245e-06,
0.999,MIXED_NONUNIQUE,True,accept,CHN,"{CHN,RUS}+{NDE}",{CHN}+{NDE}+{RUS},1.0,,,,,,-1.7763568394002505e-15,
0.999,MIXED_NONUNIQUE,True,accept,CHN,"{CHN}+{NDE,RUS}","{CHN,NDE,RUS}",1.0,,,,,,1.4245973927629052e-05,
0.999,MIXED_NONUNIQUE,True,accept,CHN,"{CHN}+{NDE,RUS}","{CHN,NDE}+{RUS}",1.0,,,,,,3.6996725771842875e-06,
0.999,MIXED_NONUNIQUE,True,accept,CHN,"{CHN}+{NDE,RUS}","{CHN,RUS}+{NDE}",0.0,,,,,,-1.7930344551331245e-06,
0.999,MIXED_NONUNIQUE,True,accept,CHN,{CHN}+{NDE}+{RUS},"{CHN,NDE,RUS}",1.0,,,,,,1.6039008384538533e-05,
0.999,MIXED_NONUNIQUE,True,accept,CHN,{CHN}+{NDE}+{RUS},"{CHN,NDE}+{RUS}",1.0,,,,,,5.492707034093769e-06,NDE
0.999,MIXED_NONUNIQUE,True,accept,CHN,{CHN}+{NDE}+{RUS},"{CHN,RUS}+{NDE}",1.0,,,,,,1.7763568394002505e-15,RUS
0.999,MIXED_NONUNIQUE,True,accept,NDE,"{CHN,NDE,RUS}","{CHN,NDE}+{RUS}",1.0,,,,,,0.0003406427980507942,
0.999,MIXED_NONUNIQUE,True,accept,NDE,"{CHN,NDE,RUS}","{CHN,RUS}+{NDE}",0.0,,,,,,-5.561050041080762e-05,
0.999,MIXED_NONUNIQUE,True,accept,NDE,"{CHN,NDE,RUS}","{CHN}+{NDE,RUS}",1.0,,,,,,0.00019661189879371932,
0.999,MIXED_NONUNIQUE,True,accept,NDE,"{CHN,NDE,RUS}",{CHN}+{NDE}+{RUS},1.0,,,,,,0.00019280368590202102,
0.999,MIXED_NONUNIQUE,True,accept,NDE,"{CHN,NDE}+{RUS}","{CHN,NDE,RUS}",0.0,,,,,,-0.0003406427980507942,
0.999,MIXED_NONUNIQUE,True,accept,NDE,"{CHN,NDE}+{RUS}","{CHN,RUS}+{NDE}",0.0,,,,,,-0.00039625329846160184,
0.999,MIXED_NONUNIQUE,True,accept,NDE,"{CHN,NDE}+{RUS}","{CHN}+{NDE,RUS}",0.0,,,,,,-0.0001440308992570749,
0.999,MIXED_NONUNIQUE,True,accept,NDE,"{CHN,NDE}+{RUS}",{CHN}+{NDE}+{RUS},0.0,,,,,,-0.0001478391121487732,
0.999,MIXED_NONUNIQUE,True,accept,NDE,"{CHN,RUS}+{NDE}","{CHN,NDE,RUS}",1.0,,,,,,5.561050041080762e-05,"CHN,RUS"
0.999,MIXED_NONUNIQUE,True,accept,NDE,"{CHN,RUS}+{NDE}","{CHN,NDE}+{RUS}",1.0,,,,,,0.00039625329846160184,
0.999,MIXED_NONUNIQUE,True,accept,NDE,"{CHN,RUS}+{NDE}","{CHN}+{NDE,RUS}",1.0,,,,,,0.00025222239920452694,
0.999,MIXED_NONUNIQUE,True,accept,NDE,"{CHN}+{NDE,RUS}","{CHN,NDE,RUS}",0.0,,,,,,-0.00019661189879371932,
0.999,MIXED_NONUNIQUE,True,accept,NDE,"{CHN}+{NDE,RUS}","{CHN,NDE}+{RUS}",1.0,,,,,,0.0001440308992570749,
0.999,MIXED_NONUNIQUE,True,accept,NDE,"{CHN}+{NDE,RUS}","{CHN,RUS}+{NDE}",0.0,,,,,,-0.00025222239920452694,
0.999,MIXED_NONUNIQUE,True,accept,NDE,"{CHN}+{NDE,RUS}",{CHN}+{NDE}+{RUS},0.0,,,,,,-3.808212891698304e-06,
0.999,MIXED_NONUNIQUE,True,accept,NDE,{CHN}+{NDE}+{RUS},"{CHN,NDE,RUS}",0.0,,,,,,-0.00019280368590202102,
0.999,MIXED_NONUNIQUE,True,accept,NDE,{CHN}+{NDE}+{RUS},"{CHN,NDE}+{RUS}",1.0,,,,,,0.0001478391121487732,CHN
0.999,MIXED_NONUNIQUE,True,accept,NDE,{CHN}+{NDE}+{RUS},"{CHN}+{NDE,RUS}",1.0,,,,,,3.808212891698304e-06,
0.999,MIXED_NONUNIQUE,True,accept,RUS,"{CHN,NDE,RUS}","{CHN,NDE}+{RUS}",0.0,,,,,,-2.6551645172068206e-05,
0.999,MIXED_NONUNIQUE,True,accept,RUS,"{CHN,NDE,RUS}","{CHN,RUS}+{NDE}",0.4999999999999964,,,,,,0.0,
0.999,MIXED_NONUNIQUE,True,accept,RUS,"{CHN,NDE,RUS}","{CHN}+{NDE,RUS}",0.0,,,,,,-2.1198651080966968e-05,
0.999,MIXED_NONUNIQUE,True,accept,RUS,"{CHN,NDE,RUS}",{CHN}+{NDE}+{RUS},0.0,,,,,,-1.7479880056070485e-05,
0.999,MIXED_NONUNIQUE,True,accept,RUS,"{CHN,NDE}+{RUS}","{CHN,NDE,RUS}",1.0,,,,,,2.6551645172068206e-05,
0.999,MIXED_NONUNIQUE,True,accept,RUS,"{CHN,NDE}+{RUS}","{CHN,RUS}+{NDE}",1.0,,,,,,2.6551645172068206e-05,
0.999,MIXED_NONUNIQUE,True,accept,RUS,"{CHN,NDE}+{RUS}","{CHN}+{NDE,RUS}",1.0,,,,,,5.3529940911012375e-06,
0.999,MIXED_NONUNIQUE,True,accept,RUS,"{CHN,RUS}+{NDE}","{CHN,NDE,RUS}",0.0,,,,,,0.0,"CHN,NDE"
0.999,MIXED_NONUNIQUE,True,accept,RUS,"{CHN,RUS}+{NDE}","{CHN,NDE}+{RUS}",0.0,,,,,,-2.6551645172068206e-05,
0.999,MIXED_NONUNIQUE,True,accept,RUS,"{CHN,RUS}+{NDE}","{CHN}+{NDE,RUS}",0.0,,,,,,-2.1198651080966968e-05,
0.999,MIXED_NONUNIQUE,True,accept,RUS,"{CHN,RUS}+{NDE}",{CHN}+{NDE}+{RUS},0.0,,,,,,-1.7479880056070485e-05,
0.999,MIXED_NONUNIQUE,True,accept,RUS,"{CHN}+{NDE,RUS}","{CHN,NDE,RUS}",1.0,,,,,,2.1198651080966968e-05,
0.999,MIXED_NONUNIQUE,True,accept,RUS,"{CHN}+{NDE,RUS}","{CHN,NDE}+{RUS}",0.0,,,,,,-5.3529940911012375e-06,
0.999,MIXED_NONUNIQUE,True,accept,RUS,"{CHN}+{NDE,RUS}","{CHN,RUS}+{NDE}",1.0,,,,,,2.1198651080966968e-05,
0.999,MIXED_NONUNIQUE,True,accept,RUS,"{CHN}+{NDE,RUS}",{CHN}+{NDE}+{RUS},1.0,,,,,,3.7187710248964834e-06,
0.999,MIXED_NONUNIQUE,True,accept,RUS,{CHN}+{NDE}+{RUS},"{CHN,NDE,RUS}",1.0,,,,,,1.7479880056070485e-05,
0.999,MIXED_NONUNIQUE,True,accept,RUS,{CHN}+{NDE}+{RUS},"{CHN,RUS}+{NDE}",1.0,,,,,,1.7479880056070485e-05,
0.999,MIXED_NONUNIQUE,True,accept,RUS,{CHN}+{NDE}+{RUS},"{CHN}+{NDE,RUS}",0.0,,,,,,-3.7187710248964834e-06,
