delta,status,nonunique,kind,player,state,target,prob,stay,accept_prob,effective,free_exit,voters,gain,proposed_by
0.5,PURE,False,propose,CHN,"{CHN,NDE,USA}","{CHN}+{NDE,USA}",1.0,False,1.0,1.0,True,,,
0.5,PURE,False,propose,CHN,"{CHN,NDE}+{USA}","{CHN,NDE}+{USA}",1.0,True,1.0,1.0,False,,,
0.5,PURE,False,propose,CHN,"{CHN,USA}+{NDE}","{CHN,NDE,USA}",1.0,False,1.0,1.0,False,"NDE,USA",,
0.5,PURE,False,propose,CHN,"{CHN}+{NDE,USA}","{CHN}+{NDE,USA}",1.0,True,1.0,1.0,False,,,
0.5,PURE,False,propose,CHN,{CHN}+{NDE}+{USA},"{CHN}+{NDE,USA}",1.0,False,1.0,1.0,False,"NDE,USA",,
0.5,PURE,False,propose,NDE,"{CHN,NDE,USA}","{CHN,NDE,USA}",1.0,True,1.0,1.0,False,,,
0.5,PURE,False,propose,NDE,"{CHN,NDE}+{USA}","{CHN,NDE}+{USA}",1.0,True,1.0,1.0,False,,,
0.5,PURE,False,propose,NDE,"{CHN,USA}+{NDE}","{CHN,NDE,USA}",1.0,False,1.0,1.0,False,"CHN,USA",,
0.5,PURE,False,propose,NDE,"{CHN}+{NDE,USA}","{CHN}+{NDE,USA}",1.0,True,1.0,1.0,False,,,
0.5,PURE,False,propose,NDE,{CHN}+{NDE}+{USA},"{CHN}+{NDE,USA}",1.0,False,1.0,1.0,False,USA,,
0.5,PURE,False,propose,USA,"{CHN,NDE,USA}","{CHN,NDE}+{USA}",1.0,False,1.0,1.0,True,,,
0.5,PURE,False,propose,USA,"{CHN,NDE}+{USA}","{CHN,NDE}+{USA}",1.0,True,1.0,1.0,False,,,
0.5,PURE,False,propose,USA,"{CHN,USA}+{NDE}","{CHN,NDE,USA}",1.0,False,1.0,1.0,False,"CHN,NDE",,
0.5,PURE,False,propose,USA,"{CHN}+{NDE,USA}","{CHN}+{NDE,USA}",1.0,True,1.0,1.0,False,,,
0.5,PURE,False,propose,USA,{CHN}+{NDE}+{USA},"{CHN,NDE}+{USA}",1.0,False,1.0,1.0,False,"CHN,NDE",,
0.5,PURE,False,accept,CHN,"{CHN,NDE,USA}","{CHN,NDE}+{USA}",0.0,,,,,,-0.000420950974053369,
0.5,PURE,False,accept,CHN,"{CHN,NDE,USA}","{CHN,USA}+{NDE}",0.0,,,,,,-0.00013182177708692677,
0.5,PURE,False,accept,CHN,"{CHN,NDE,USA}","{CHN}+{NDE,USA}",1.0,,,,,,0.00018277947106781767,
0.5,PURE,False,accept,CHN,"{CHN,NDE,USA}",{CHN}+{NDE}+{USA},0.0,,,,,,-0.0020515252888166913,
0.5,PURE,False,accept,CHN,"{CHN,NDE}+{USA}","{CHN,NDE,USA}",1.0,,,,,,0.000420950974053369,
0.5,PURE,False,accept,CHN,"{CHN,NDE}+{USA}","{CHN,USA}+{NDE}",1.0,,,,,,0.00028912919696644224,
0.5,PURE,False,accept,CHN,"{CHN,NDE}+{USA}","{CHN}+{NDE,USA}",1.0,,,,,,0.0006037304451211867,
0.5,PURE,False,accept,CHN,"{CHN,NDE}+{USA}",{CHN}+{NDE}+{USA},0.0,,,,,,-0.0016305743147633223,
0.5,PURE,False,accept,CHN,"{CHN,USA}+{NDE}","{CHN,NDE,USA}",1.0,,,,,,0.00013182177708692677,"NDE,USA"
0.5,PURE,False,accept,CHN,"{CHN,USA}+{NDE}","{CHN,NDE}+{USA}",0.0,,,,,,-0.00028912919696644224,
0.5,PURE,False,accept,CHN,"{CHN,USA}+{NDE}","{CHN}+{NDE,USA}",1.0,,,,,,0.00031460124815474444,
0.5,PURE,False,accept,CHN,"{CHN,USA}+{NDE}",{CHN}+{NDE}+{USA},0.0,,,,,,-0.0019197035117297645,
0.5,PURE,False,accept,CHN,"{CHN}+{NDE,USA}","{CHN,NDE,USA}",0.0,,,,,,-0.00018277947106781767,
0.5,PURE,False,accept,CHN,"{CHN}+{NDE,USA}","{CHN,NDE}+{USA}",0.0,,,,,,-0.0006037304451211867,
0.5,PURE,False,accept,CHN,"{CHN}+{NDE,USA}","{CHN,USA}+{NDE}",0.0,,,,,,-0.00031460124815474444,
0.5,PURE,False,accept,CHN,{CHN}+{NDE}+{USA},"{CHN,NDE,USA}",1.0,,,,,,0.0020515252888166913,
0.5,PURE,False,accept,CHN,{CHN}+{NDE}+{USA},"{CHN,NDE}+{USA}",1.0,,,,,,0.0016305743147633223,USA
0.5,PURE,False,accept,CHN,{CHN}+{NDE}+{USA},"{CHN,USA}+{NDE}",1.0,,,,,,0.0019197035117297645,
0.5,PURE,False,accept,NDE,"{CHN,NDE,USA}","{CHN,NDE}+{USA}",1.0,,,,,,1.4839273205780046e-05,
0.5,PURE,False,accept,NDE,"{CHN,NDE,USA}","{CHN,USA}+{NDE}",0.0,,,,,,-0.0014929759780883956,
0.5,PURE,False,accept,NDE,"{CHN,NDE,USA}","{CHN}+{NDE,USA}",1.0,,,,,,0.0009864279696643052,
0.5,PURE,False,accept,NDE,"{CHN,NDE,USA}",{CHN}+{NDE}+{USA},0.0,,,,,,-0.007604679709601214,
0.5,PURE,False,accept,NDE,"{CHN,NDE}+{USA}","{CHN,NDE,USA}",0.0,,,,,,-1.4839273205780046e-05,
0.5,PURE,False,accept,NDE,"{CHN,NDE}+{USA}","{CHN,USA}+{NDE}",0.0,,,,,,-0.0015078152512941756,
0.5,PURE,False,accept,NDE,"{CHN,NDE}+{USA}","{CHN}+{NDE,USA}",1.0,,,,,,0.0009715886964585252,
0.5,PURE,False,accept,NDE,"{CHN,NDE}+{USA}",{CHN}+{NDE}+{USA},0.0,,,,,,-0.007619518982806994,
0.5,PURE,False,accept,NDE,"{CHN,USA}+{NDE}","{CHN,NDE,USA}",1.0,,,,,,0.0014929759780883956,"CHN,USA"
0.5,PURE,False,accept,NDE,"{CHN,USA}+{NDE}","{CHN,NDE}+{USA}",1.0,,,,,,0.0015078152512941756,
0.5,PURE,False,accept,NDE,"{CHN,USA}+{NDE}","{CHN}+{NDE,USA}",1.0,,,,,,0.002479403947752701,
0.5,PURE,False,accept,NDE,"{CHN}+{NDE,USA}","{CHN,NDE,USA}",0.0,,,,,,-0.0009864279696643052,
0.5,PURE,False,accept,NDE,"{CHN}+{NDE,USA}","{CHN,NDE}+{USA}",0.0,,,,,,-0.0009715886964585252,
0.5,PURE,False,accept,NDE,"{CHN}+{NDE,USA}","{CHN,USA}+{NDE}",0.0,,,,,,-0.002479403947752701,
0.5,PURE,False,accept,NDE,"{CHN}+{NDE,USA}",{CHN}+{NDE}+{USA},0.0,,,,,,-0.00859110767926552,
0.5,PURE,False,accept,NDE,{CHN}+{NDE}+{USA},"{CHN,NDE,USA}",1.0,,,,,,0.007604679709601214,
0.5,PURE,False,accept,NDE,{CHN}+{NDE}+{USA},"{CHN,NDE}+{USA}",1.0,,,,,,0.007619518982806994,USA
0.5,PURE,False,accept,NDE,{CHN}+{NDE}+{USA},"{CHN}+{NDE,USA}",1.0,,,,,,0.00859110767926552,CHN
0.5,PURE,False,accept,USA,"{CHN,NDE,USA}","{CHN,NDE}+{USA}",1.0,,,,,,0.0001768349734088126,
0.5,PURE,False,accept,USA,"{CHN,NDE,USA}","{CHN,USA}+{NDE}",0.0,,,,,,-2.6444411613368857e-05,
0.5,PURE,False,accept,USA,"{CHN,NDE,USA}","{CHN}+{NDE,USA}",0.0,,,,,,-0.00014184463475919173,
0.5,PURE,False,accept,USA,"{CHN,NDE,USA}",{CHN}+{NDE}+{USA},0.0,,,,,,-0.00042333074608169596,
0.5,PURE,False,accept,USA,"{CHN,NDE}+{USA}","{CHN,NDE,USA}",0.0,,,,,,-0.0001768349734088126,
0.5,PURE,False,accept,USA,"{CHN,NDE}+{USA}","{CHN,USA}+{NDE}",0.0,,,,,,-0.00020327938502218146,
0.5,PURE,False,accept,USA,"{CHN,NDE}+{USA}","{CHN}+{NDE,USA}",0.0,,,,,,-0.00031867960816800434,
0.5,PURE,False,accept,USA,"{CHN,USA}+{NDE}","{CHN,NDE,USA}",1.0,,,,,,2.6444411613368857e-05,"CHN,NDE"
0.5,PURE,False,accept,USA,"{CHN,USA}+{NDE}","{CHN,NDE}+{USA}",1.0,,,,,,0.00020327938502218146,
0.5,PURE,False,accept,USA,"{CHN,USA}+{NDE}","{CHN}+{NDE,USA}",0.0,,,,,,-0.00011540022314582288,
0.5,PURE,False,accept,USA,"{CHN,USA}+{NDE}",{CHN}+{NDE}+{USA},0.0,,,,,,-0.0003968863344683271,
0.5,PURE,False,accept,USA,"{CHN}+{NDE,USA}","{CHN,NDE,USA}",1.0,,,,,,0.00014184463475919173,
0.5,PURE,False,accept,USA,"{CHN}+{NDE,USA}","{CHN,NDE}+{USA}",1.0,,,,,,0.00031867960816800434,
0.5,PURE,False,accept,USA,"{CHN}+{NDE,USA}","{CHN,USA}+{NDE}",1.0,,,,,,0.00011540022314582288,
0.5,PURE,False,accept,USA,"{CHN}+{NDE,USA}",{CHN}+{NDE}+{USA},0.0,,,,,,-0.00028148611132250423,
0.5,PURE,False,accept,USA,{CHN}+{NDE}+{USA},"{CHN,NDE,USA}",1.0,,,,,,0.00042333074608169596,
0.5,PURE,False,accept,USA,{CHN}+{NDE}+{USA},"{CHN,USA}+{NDE}",1.0,,,,,,0.0003968863344683271,
0.5,PURE,False,accept,USA,{CHN}+{NDE}+{USA},"{CHN}+{NDE,USA}",1.0,,,,,,0.00028148611132250423,"CHN,NDE"
0.7,PURE,False,propose,CHN,"{CHN,NDE,USA}","{CHN}+{NDE,USA}",1.0,False,1.0,1.0,True,,,
0.7,PURE,False,propose,CHN,"{CHN,NDE}+{USA}","{CHN,NDE}+{USA}",1.0,True,1.0,1.0,False,,,
0.7,PURE,False,propose,CHN,"{CHN,USA}+{NDE}","{CHN,NDE,USA}",1.0,False,1.0,1.0,False,"NDE,USA",,
0.7,PURE,False,propose,CHN,"{CHN}+{NDE,USA}","{CHN}+{NDE,USA}",1.0,True,1.0,1.0,False,,,
0.7,PURE,False,propose,CHN,{CHN}+{NDE}+{USA},"{CHN}+{NDE,USA}",1.0,False,1.0,1.0,False,"NDE,USA",,
0.7,PURE,False,propose,NDE,"{CHN,NDE,USA}","{CHN,NDE,USA}",1.0,True,1.0,1.0,False,,,
0.7,PURE,False,propose,NDE,"{CHN,NDE}+{USA}","{CHN,NDE}+{USA}",1.0,True,1.0,1.0,False,,,
0.7,PURE,False,propose,NDE,"{CHN,USA}+{NDE}","{CHN,NDE,USA}",1.0,False,1.0,1.0,False,"CHN,USA",,
0.7,PURE,False,propose,NDE,"{CHN}+{NDE,USA}","{CHN}+{NDE,USA}",1.0,True,1.0,1.0,False,,,
0.7,PURE,False,propose,NDE,{CHN}+{NDE}+{USA},"{CHN}+{NDE,USA}",1.0,False,1.0,1.0,False,USA,,
0.7,PURE,False,propose,USA,"{CHN,NDE,USA}","{CHN,NDE}+{USA}",1.0,False,1.0,1.0,True,,,
0.7,PURE,False,propose,USA,"{CHN,NDE}+{USA}","{CHN,NDE}+{USA}",1.0,True,1.0,1.0,False,,,
0.7,PURE,False,propose,USA,"{CHN,USA}+{NDE}","{CHN,NDE,USA}",1.0,False,1.0,1.0,False,"CHN,NDE",,
0.7,PURE,False,propose,USA,"{CHN}+{NDE,USA}","{CHN}+{NDE,USA}",1.0,True,1.0,1.0,False,,,
0.7,PURE,False,propose,USA,{CHN}+{NDE}+{USA},"{CHN,NDE}+{USA}",1.0,False,1.0,1.0,False,"CHN,NDE",,
0.7,PURE,False,accept,CHN,"{CHN,NDE,USA}","{CHN,NDE}+{USA}",0.0,,,,,,-0.00037952984309974624,
0.7,PURE,False,accept,CHN,"{CHN,NDE,USA}","{CHN,USA}+{NDE}",0.0,,,,,,-6.666672696553633e-05,
0.7,PURE,False,accept,CHN,"{CHN,NDE,USA}","{CHN}+{NDE,USA}",1.0,,,,,,0.00022420060202144043,
0.7,PURE,False,accept,CHN,"{CHN,NDE,USA}",{CHN}+{NDE}+{USA},0.0,,,,,,-0.0011968796465922082,
0.7,PURE,False,accept,CHN,"{CHN,NDE}+{USA}","{CHN,NDE,USA}",1.0,,,,,,0.00037952984309974624,
0.7,PURE,False,accept,CHN,"{CHN,NDE}+{USA}","{CHN,USA}+{NDE}",1.0,,,,,,0.0003128631161342099,
0.7,PURE,False,accept,CHN,"{CHN,NDE}+{USA}","{CHN}+{NDE,USA}",1.0,,,,,,0.0006037304451211867,
0.7,PURE,False,accept,CHN,"{CHN,NDE}+{USA}",{CHN}+{NDE}+{USA},0.0,,,,,,-0.000817349803492462,
0.7,PURE,False,accept,CHN,"{CHN,USA}+{NDE}","{CHN,NDE,USA}",1.0,,,,,,6.666672696553633e-05,"NDE,USA"
0.7,PURE,False,accept,CHN,"{CHN,USA}+{NDE}","{CHN,NDE}+{USA}",0.0,,,,,,-0.0003128631161342099,
0.7,PURE,False,accept,CHN,"{CHN,USA}+{NDE}","{CHN}+{NDE,USA}",1.0,,,,,,0.00029086732898697676,
0.7,PURE,False,accept,CHN,"{CHN,USA}+{NDE}",{CHN}+{NDE}+{USA},0.0,,,,,,-0.001130212919626672,
0.7,PURE,False,accept,CHN,"{CHN}+{NDE,USA}","{CHN,NDE,USA}",0.0,,,,,,-0.00022420060202144043,
0.7,PURE,False,accept,CHN,"{CHN}+{NDE,USA}","{CHN,NDE}+{USA}",0.0,,,,,,-0.0006037304451211867,
0.7,PURE,False,accept,CHN,"{CHN}+{NDE,USA}","{CHN,USA}+{NDE}",0.0,,,,,,-0.00029086732898697676,
0.7,PURE,False,accept,CHN,{CHN}+{NDE}+{USA},"{CHN,NDE,USA}",1.0,,,,,,0.0011968796465922082,
0.7,PURE,False,accept,CHN,{CHN}+{NDE}+{USA},"{CHN,NDE}+{USA}",1.0,,,,,,0.000817349803492462,USA
0.7,PURE,False,accept,CHN,{CHN}+{NDE}+{USA},"{CHN,USA}+{NDE}",1.0,,,,,,0.001130212919626672,
0.7,PURE,False,accept,NDE,"{CHN,NDE,USA}","{CHN,NDE}+{USA}",0.0,,,,,,-0.00015929416033699795,
0.7,PURE,False,accept,NDE,"{CHN,NDE,USA}","{CHN,USA}+{NDE}",0.0,,,,,,-0.0009480256169176471,
0.7,PURE,False,accept,NDE,"{CHN,NDE,USA}","{CHN}+{NDE,USA}",1.0,,,,,,0.0008122945361215272,
0.7,PURE,False,accept,NDE,"{CHN,NDE,USA}",{CHN}+{NDE}+{USA},0.0,,,,,,-0.004471915230965351,
0.7,PURE,False,accept,NDE,"{CHN,NDE}+{USA}","{CHN,NDE,USA}",1.0,,,,,,0.00015929416033699795,
0.7,PURE,False,accept,NDE,"{CHN,NDE}+{USA}","{CHN,USA}+{NDE}",0.0,,,,,,-0.0007887314565806491,
0.7,PURE,False,accept,NDE,"{CHN,NDE}+{USA}","{CHN}+{NDE,USA}",1.0,,,,,,0.0009715886964585252,
0.7,PURE,False,accept,NDE,"{CHN,NDE}+{USA}",{CHN}+{NDE}+{USA},0.0,,,,,,-0.004312621070628353,
0.7,PURE,False,accept,NDE,"{CHN,USA}+{NDE}","{CHN,NDE,USA}",1.0,,,,,,0.0009480256169176471,"CHN,USA"
0.7,PURE,False,accept,NDE,"{CHN,USA}+{NDE}","{CHN,NDE}+{USA}",1.0,,,,,,0.0007887314565806491,
0.7,PURE,False,accept,NDE,"{CHN,USA}+{NDE}","{CHN}+{NDE,USA}",1.0,,,,,,0.0017603201530391743,
0.7,PURE,False,accept,NDE,"{CHN}+{NDE,USA}","{CHN,NDE,USA}",0.0,,,,,,-0.0008122945361215272,
0.7,PURE,False,accept,NDE,"{CHN}+{NDE,USA}","{CHN,NDE}+{USA}",0.0,,,,,,-0.0009715886964585252,
0.7,PURE,False,accept,NDE,"{CHN}+{NDE,USA}","{CHN,USA}+{NDE}",0.0,,,,,,-0.0017603201530391743,
0.7,PURE,False,accept,NDE,"{CHN}+{NDE,USA}",{CHN}+{NDE}+{USA},0.0,,,,,,-0.005284209767086878,
0.7,PURE,False,accept,NDE,{CHN}+{NDE}+{USA},"{CHN,NDE,USA}",1.0,,,,,,0.004471915230965351,
0.7,PURE,False,accept,NDE,{CHN}+{NDE}+{USA},"{CHN,NDE}+{USA}",1.0,,,,,,0.004312621070628353,USA
0.7,PURE,False,accept,NDE,{CHN}+{NDE}+{USA},"{CHN}+{NDE,USA}",1.0,,,,,,0.005284209767086878,CHN
0.7,PURE,False,accept,USA,"{CHN,NDE,USA}","{CHN,NDE}+{USA}",1.0,,,,,,0.00017074969712194132,
0.7,PURE,False,accept,USA,"{CHN,NDE,USA}","{CHN,USA}+{NDE}",0.0,,,,,,-1.7692229854038288e-05,
0.7,PURE,False,accept,USA,"{CHN,NDE,USA}","{CHN}+{NDE,USA}",0.0,,,,,,-0.000147929911046063,
0.7,PURE,False,accept,USA,"{CHN,NDE,USA}",{CHN}+{NDE}+{USA},0.0,,,,,,-0.0002743309634172242,
0.7,PURE,False,accept,USA,"{CHN,NDE}+{USA}","{CHN,NDE,USA}",0.0,,,,,,-0.00017074969712194132,
0.7,PURE,False,accept,USA,"{CHN,NDE}+{USA}","{CHN,USA}+{NDE}",0.0,,,,,,-0.0001884419269759796,
0.7,PURE,False,accept,USA,"{CHN,NDE}+{USA}","{CHN}+{NDE,USA}",0.0,,,,,,-0.00031867960816800434,
0.7,PURE,False,accept,USA,"{CHN,USA}+{NDE}","{CHN,NDE,USA}",1.0,,,,,,1.7692229854038288e-05,"CHN,NDE"
0.7,PURE,False,accept,USA,"{CHN,USA}+{NDE}","{CHN,NDE}+{USA}",1.0,,,,,,0.0001884419269759796,
0.7,PURE,False,accept,USA,"{CHN,USA}+{NDE}","{CHN}+{NDE,USA}",0.0,,,,,,-0.00013023768119202472,
0.7,PURE,False,accept,USA,"{CHN,USA}+{NDE}",{CHN}+{NDE}+{USA},0.0,,,,,,-0.0002566387335631859,
0.7,PURE,False,accept,USA,"{CHN}+{NDE,USA}","{CHN,NDE,USA}",1.0,,,,,,0.000147929911046063,
0.7,PURE,False,accept,USA,"{CHN}+{NDE,USA}","{CHN,NDE}+{USA}",1.0,,,,,,0.00031867960816800434,
0.7,PURE,False,accept,USA,"{CHN}+{NDE,USA}","{CHN,USA}+{NDE}",1.0,,,,,,0.00013023768119202472,
0.7,PURE,False,accept,USA,"{CHN}+{NDE,USA}",{CHN}+{NDE}+{USA},0.0,,,,,,-0.00012640105237116117,
0.7,PURE,False,accept,USA,{CHN}+{NDE}+{USA},"{CHN,NDE,USA}",1.0,,,,,,0.0002743309634172242,
0.7,PURE,False,accept,USA,{CHN}+{NDE}+{USA},"{CHN,USA}+{NDE}",1.0,,,,,,0.0002566387335631859,
0.7,PURE,False,accept,USA,{CHN}+{NDE}+{USA},"{CHN}+{NDE,USA}",1.0,,,,,,0.00012640105237116117,"CHN,NDE"
0.8,PURE,False,propose,CHN,"{CHN,NDE,USA}","{CHN}+{NDE,USA}",1.0,False,1.0,1.0,True,,,
0.8,PURE,False,propose,CHN,"{CHN,NDE}+{USA}","{CHN,NDE}+{USA}",1.0,True,1.0,1.0,False,,,
0.8,PURE,False,propose,CHN,"{CHN,USA}+{NDE}","{CHN,NDE,USA}",1.0,False,1.0,1.0,False,"NDE,USA",,
0.8,PURE,False,propose,CHN,"{CHN}+{NDE,USA}","{CHN}+{NDE,USA}",1.0,True,1.0,1.0,False,,,
0.8,PURE,False,propose,CHN,{CHN}+{NDE}+{USA},"{CHN}+{NDE,USA}",1.0,False,1.0,1.0,False,"NDE,USA",,
0.8,PURE,False,propose,NDE,"{CHN,NDE,USA}","{CHN,NDE,USA}",1.0,True,1.0,1.0,False,,,
0.8,PURE,False,propose,NDE,"{CHN,NDE}+{USA}","{CHN,NDE}+{USA}",1.0,True,1.0,1.0,False,,,
0.8,PURE,False,propose,NDE,"{CHN,USA}+{NDE}","{CHN,NDE,USA}",1.0,False,1.0,1.0,False,"CHN,USA",,
0.8,PURE,False,propose,NDE,"{CHN}+{NDE,USA}","{CHN}+{NDE,USA}",1.0,True,1.0,1.0,False,,,
0.8,PURE,False,propose,NDE,{CHN}+{NDE}+{USA},"{CHN}+{NDE,USA}",1.0,False,1.0,1.0,False,USA,,
0.8,PURE,False,propose,USA,"{CHN,NDE,USA}","{CHN,NDE}+{USA}",1.0,False,1.0,1.0,True,,,
0.8,PURE,False,propose,USA,"{CHN,NDE}+{USA}","{CHN,NDE}+{USA}",1.0,True,1.0,1.0,False,,,
0.8,PURE,False,propose,USA,"{CHN,USA}+{NDE}","{CHN,NDE,USA}",1.0,False,1.0,1.0,False,"CHN,NDE",,
0.8,PURE,False,propose,USA,"{CHN}+{NDE,USA}","{CHN}+{NDE,USA}",1.0,True,1.0,1.0,False,,,
0.8,PURE,False,propose,USA,{CHN}+{NDE}+{USA},"{CHN,NDE}+{USA}",1.0,False,1.0,1.0,False,"CHN,NDE",,
0.8,PURE,False,accept,CHN,"{CHN,NDE,USA}","{CHN,NDE}+{USA}",0.0,,,,,,-0.0003559951096026026,
0.8,PURE,False,accept,CHN,"{CHN,NDE,USA}","{CHN,USA}+{NDE}",0.0,,,,,,-3.973753794461743e-05,
0.8,PURE,False,accept,CHN,"{CHN,NDE,USA}","{CHN}+{NDE,USA}",1.0,,,,,,0.00024773533551858407,
0.8,PURE,False,accept,CHN,"{CHN,NDE,USA}",{CHN}+{NDE}+{USA},0.0,,,,,,-0.0007667326574587463,
0.8,PURE,False,accept,CHN,"{CHN,NDE}+{USA}","{CHN,NDE,USA}",1.0,,,,,,0.0003559951096026026,
0.8,PURE,False,accept,CHN,"{CHN,NDE}+{USA}","{CHN,USA}+{NDE}",1.0,,,,,,0.0003162575716579852,
0.8,PURE,False,accept,CHN,"{CHN,NDE}+{USA}","{CHN}+{NDE,USA}",1.0,,,,,,0.0006037304451211867,
0.8,PURE,False,accept,CHN,"{CHN,NDE}+{USA}",{CHN}+{NDE}+{USA},0.0,,,,,,-0.0004107375478561437,
0.8,PURE,False,accept,CHN,"{CHN,USA}+{NDE}","{CHN,NDE,USA}",1.0,,,,,,3.973753794461743e-05,"NDE,USA"
0.8,PURE,False,accept,CHN,"{CHN,USA}+{NDE}","{CHN,NDE}+{USA}",0.0,,,,,,-0.0003162575716579852,
0.8,PURE,False,accept,CHN,"{CHN,USA}+{NDE}","{CHN}+{NDE,USA}",1.0,,,,,,0.0002874728734632015,
0.8,PURE,False,accept,CHN,"{CHN,USA}+{NDE}",{CHN}+{NDE}+{USA},0.0,,,,,,-0.0007269951195141289,
0.8,PURE,False,accept,CHN,"{CHN}+{NDE,USA}","{CHN,NDE,USA}",0.0,,,,,,-0.00024773533551858407,
0.8,PURE,False,accept,CHN,"{CHN}+{NDE,USA}","{CHN,NDE}+{USA}",0.0,,,,,,-0.0006037304451211867,
0.8,PURE,False,accept,CHN,"{CHN}+{NDE,USA}","{CHN,USA}+{NDE}",0.0,,,,,,-0.0002874728734632015,
0.8,PURE,False,accept,CHN,{CHN}+{NDE}+{USA},"{CHN,NDE,USA}",1.0,,,,,,0.0007667326574587463,
0.8,PURE,False,accept,CHN,{CHN}+{NDE}+{USA},"{CHN,NDE}+{USA}",1.0,,,,,,0.0004107375478561437,USA
0.8,PURE,False,accept,CHN,{CHN}+{NDE}+{USA},"{CHN,USA}+{NDE}",1.0,,,,,,0.0007269951195141289,
0.8,PURE,False,accept,NDE,"{CHN,NDE,USA}","{CHN,NDE}+{USA}",0.0,,,,,,-0.0002582336112126882,
0.8,PURE,False,accept,NDE,"{CHN,NDE,USA}","{CHN,USA}+{NDE}",0.0,,,,,,-0.0006518049681183413,
0.8,PURE,False,accept,NDE,"{CHN,NDE,USA}","{CHN}+{NDE,USA}",1.0,,,,,,0.000713355085245837,
0.8,PURE,False,accept,NDE,"{CHN,NDE,USA}",{CHN}+{NDE}+{USA},0.0,,,,,,-0.002917405725753497,
0.8,PURE,False,accept,NDE,"{CHN,NDE}+{USA}","{CHN,NDE,USA}",1.0,,,,,,0.0002582336112126882,
0.8,PURE,False,accept,NDE,"{CHN,NDE}+{USA}","{CHN,USA}+{NDE}",0.0,,,,,,-0.00039357135690565315,
0.8,PURE,False,accept,NDE,"{CHN,NDE}+{USA}","{CHN}+{NDE,USA}",1.0,,,,,,0.0009715886964585252,
0.8,PURE,False,accept,NDE,"{CHN,NDE}+{USA}",{CHN}+{NDE}+{USA},0.0,,,,,,-0.0026591721145408087,
0.8,PURE,False,accept,NDE,"{CHN,USA}+{NDE}","{CHN,NDE,USA}",1.0,,,,,,0.0006518049681183413,"CHN,USA"
0.8,PURE,False,accept,NDE,"{CHN,USA}+{NDE}","{CHN,NDE}+{USA}",1.0,,,,,,0.00039357135690565315,
0.8,PURE,False,accept,NDE,"{CHN,USA}+{NDE}","{CHN}+{NDE,USA}",1.0,,,,,,0.0013651600533641783,
0.8,PURE,False,accept,NDE,"{CHN}+{NDE,USA}","{CHN,NDE,USA}",0.0,,,,,,-0.000713355085245837,
0.8,PURE,False,accept,NDE,"{CHN}+{NDE,USA}","{CHN,NDE}+{USA}",0.0,,,,,,-0.0009715886964585252,
0.8,PURE,False,accept,NDE,"{CHN}+{NDE,USA}","{CHN,USA}+{NDE}",0.0,,,,,,-0.0013651600533641783,
0.8,PURE,False,accept,NDE,"{CHN}+{NDE,USA}",{CHN}+{NDE}+{USA},0.0,,,,,,-0.003630760810999334,
0.8,PURE,False,accept,NDE,{CHN}+{NDE}+{USA},"{CHN,NDE,USA}",1.0,,,,,,0.002917405725753497,
0.8,PURE,False,accept,NDE,{CHN}+{NDE}+{USA},"{CHN,NDE}+{USA}",1.0,,,,,,0.0026591721145408087,USA
0.8,PURE,False,accept,NDE,{CHN}+{NDE}+{USA},"{CHN}+{NDE,USA}",1.0,,,,,,0.003630760810999334,CHN
0.8,PURE,False,accept,USA,"{CHN,NDE,USA}","{CHN,NDE}+{USA}",1.0,,,,,,0.0001672921537769767,
0.8,PURE,False,accept,USA,"{CHN,NDE,USA}","{CHN,USA}+{NDE}",0.0,,,,,,-1.2486328571981176e-05,
0.8,PURE,False,accept,USA,"{CHN,NDE,USA}","{CHN}+{NDE,USA}",0.0,,,,,,-0.00015138745439102763,
0.8,PURE,False,accept,USA,"{CHN,NDE,USA}",{CHN}+{NDE}+{USA},0.0,,,,,,-0.00020024597728651727,
0.8,PURE,False,accept,USA,"{CHN,NDE}+{USA}","{CHN,NDE,USA}",0.0,,,,,,-0.0001672921537769767,
0.8,PURE,False,accept,USA,"{CHN,NDE}+{USA}","{CHN,USA}+{NDE}",0.0,,,,,,-0.00017977848234895788,
0.8,PURE,False,accept,USA,"{CHN,NDE}+{USA}","{CHN}+{NDE,USA}",0.0,,,,,,-0.00031867960816800434,
0.8,PURE,False,accept,USA,"{CHN,USA}+{NDE}","{CHN,NDE,USA}",1.0,,,,,,1.2486328571981176e-05,"CHN,NDE"
0.8,PURE,False,accept,USA,"{CHN,USA}+{NDE}","{CHN,NDE}+{USA}",1.0,,,,,,0.00017977848234895788,
0.8,PURE,False,accept,USA,"{CHN,USA}+{NDE}","{CHN}+{NDE,USA}",0.0,,,,,,-0.00013890112581904646,
0.8,PURE,False,accept,USA,"{CHN,USA}+{NDE}",{CHN}+{NDE}+{USA},0.0,,,,,,-0.0001877596487145361,
0.8,PURE,False,accept,USA,"{CHN}+{NDE,USA}","{CHN,NDE,USA}",1.0,,,,,,0.00015138745439102763,
0.8,PURE,False,accept,USA,"{CHN}+{NDE,USA}","{CHN,NDE}+{USA}",1.0,,,,,,0.00031867960816800434,
0.8,PURE,False,accept,USA,"{CHN}+{NDE,USA}","{CHN,USA}+{NDE}",1.0,,,,,,0.00013890112581904646,
0.8,PURE,False,accept,USA,"{CHN}+{NDE,USA}",{CHN}+{NDE}+{USA},0.0,,,,,,-4.885852289548964e-05,
0.8,PURE,False,accept,USA,{CHN}+{NDE}+{USA},"{CHN,NDE,USA}",1.0,,,,,,0.00020024597728651727,
0.8,PURE,False,accept,USA,{CHN}+{NDE}+{USA},"{CHN,USA}+{NDE}",1.0,,,,,,0.0001877596487145361,
0.8,PURE,False,accept,USA,{CHN}+{NDE}+{USA},"{CHN}+{NDE,USA}",1.0,,,,,,4.885852289548964e-05,"CHN,NDE"
0.82,PURE,False,propose,CHN,"{CHN,NDE,USA}","{CHN}+{NDE,USA}",1.0,False,1.0,1.0,True,,,
0.82,PURE,False,propose,CHN,"{CHN,NDE}+{USA}","{CHN,NDE}+{USA}",1.0,True,1.0,1.0,False,,,
0.82,PURE,False,propose,CHN,"{CHN,USA}+{NDE}","{CHN,NDE,USA}",1.0,False,1.0,1.0,False,"NDE,USA",,
0.82,PURE,False,propose,CHN,"{CHN}+{NDE,USA}","{CHN}+{NDE,USA}",1.0,True,1.0,1.0,False,,,
0.82,PURE,False,propose,CHN,{CHN}+{NDE}+{USA},"{CHN}+{NDE,USA}",1.0,False,1.0,1.0,False,"NDE,USA",,
0.82,PURE,False,propose,NDE,"{CHN,NDE,USA}","{CHN,NDE,USA}",1.0,True,1.0,1.0,False,,,
0.82,PURE,False,propose,NDE,"{CHN,NDE}+{USA}","{CHN,NDE}+{USA}",1.0,True,1.0,1.0,False,,,
0.82,PURE,False,propose,NDE,"{CHN,USA}+{NDE}","{CHN,NDE,USA}",1.0,False,1.0,1.0,False,"CHN,USA",,
0.82,PURE,False,propose,NDE,"{CHN}+{NDE,USA}","{CHN}+{NDE,USA}",1.0,True,1.0,1.0,False,,,
0.82,PURE,False,propose,NDE,{CHN}+{NDE}+{USA},"{CHN}+{NDE,USA}",1.0,False,1.0,1.0,False,USA,,
0.82,PURE,False,propose,USA,"{CHN,NDE,USA}","{CHN,NDE}+{USA}",1.0,False,1.0,1.0,True,,,
0.82,PURE,False,propose,USA,"{CHN,NDE}+{USA}","{CHN,NDE}+{USA}",1.0,True,1.0,1.0,False,,,
0.82,PURE,False,propose,USA,"{CHN,USA}+{NDE}","{CHN,NDE,USA}",1.0,False,1.0,1.0,False,"CHN,NDE",,
0.82,PURE,False,propose,USA,"{CHN}+{NDE,USA}","{CHN}+{NDE,USA}",1.0,True,1.0,1.0,False,,,
0.82,PURE,False,propose,USA,{CHN}+{NDE}+{USA},"{CHN,NDE}+{USA}",1.0,False,1.0,1.0,False,"CHN,NDE",,
0.82,PURE,False,accept,CHN,"{CHN,NDE,USA}","{CHN,NDE}+{USA}",0.0,,,,,,-0.0003510290649195724,
0.82,PURE,False,accept,CHN,"{CHN,NDE,USA}","{CHN,USA}+{NDE}",0.0,,,,,,-3.4869896106570764e-05,
0.82,PURE,False,accept,CHN,"{CHN,NDE,USA}","{CHN}+{NDE,USA}",1.0,,,,,,0.00025270138020161426,
0.82,PURE,False,accept,CHN,"{CHN,NDE,USA}",{CHN}+{NDE}+{USA},0.0,,,,,,-0.0006804441616488077,
0.82,PURE,False,accept,CHN,"{CHN,NDE}+{USA}","{CHN,NDE,USA}",1.0,,,,,,0.0003510290649195724,
0.82,PURE,False,accept,CHN,"{CHN,NDE}+{USA}","{CHN,USA}+{NDE}",1.0,,,,,,0.00031615916881300166,
0.82,PURE,False,accept,CHN,"{CHN,NDE}+{USA}","{CHN}+{NDE,USA}",1.0,,,,,,0.0006037304451211867,
0.82,PURE,False,accept,CHN,"{CHN,NDE}+{USA}",{CHN}+{NDE}+{USA},0.0,,,,,,-0.0003294150967292353,
0.82,PURE,False,accept,CHN,"{CHN,USA}+{NDE}","{CHN,NDE,USA}",1.0,,,,,,3.4869896106570764e-05,"NDE,USA"
0.82,PURE,False,accept,CHN,"{CHN,USA}+{NDE}","{CHN,NDE}+{USA}",0.0,,,,,,-0.00031615916881300166,
0.82,PURE,False,accept,CHN,"{CHN,USA}+{NDE}","{CHN}+{NDE,USA}",1.0,,,,,,0.000287571276308185,
0.82,PURE,False,accept,CHN,"{CHN,USA}+{NDE}",{CHN}+{NDE}+{USA},0.0,,,,,,-0.000645574265542237,
0.82,PURE,False,accept,CHN,"{CHN}+{NDE,USA}","{CHN,NDE,USA}",0.0,,,,,,-0.00025270138020161426,
0.82,PURE,False,accept,CHN,"{CHN}+{NDE,USA}","{CHN,NDE}+{USA}",0.0,,,,,,-0.0006037304451211867,
0.82,PURE,False,accept,CHN,"{CHN}+{NDE,USA}","{CHN,USA}+{NDE}",0.0,,,,,,-0.000287571276308185,
0.82,PURE,False,accept,CHN,{CHN}+{NDE}+{USA},"{CHN,NDE,USA}",1.0,,,,,,0.0006804441616488077,
0.82,PURE,False,accept,CHN,{CHN}+{NDE}+{USA},"{CHN,NDE}+{USA}",1.0,,,,,,0.0003294150967292353,USA
0.82,PURE,False,accept,CHN,{CHN}+{NDE}+{USA},"{CHN,USA}+{NDE}",1.0,,,,,,0.000645574265542237,
0.82,PURE,False,accept,NDE,"{CHN,NDE,USA}","{CHN,NDE}+{USA}",0.0,,,,,,-0.00027911074304753924,
0.82,PURE,False,accept,NDE,"{CHN,NDE,USA}","{CHN,USA}+{NDE}",0.0,,,,,,-0.0005903823550355014,
0.82,PURE,False,accept,NDE,"{CHN,NDE,USA}","{CHN}+{NDE,USA}",1.0,,,,,,0.000692477953410986,
0.82,PURE,False,accept,NDE,"{CHN,NDE,USA}",{CHN}+{NDE}+{USA},0.0,,,,,,-0.0026075930663687075,
0.82,PURE,False,accept,NDE,"{CHN,NDE}+{USA}","{CHN,NDE,USA}",1.0,,,,,,0.00027911074304753924,
0.82,PURE,False,accept,NDE,"{CHN,NDE}+{USA}","{CHN,USA}+{NDE}",0.0,,,,,,-0.00031127161198796216,
0.82,PURE,False,accept,NDE,"{CHN,NDE}+{USA}","{CHN}+{NDE,USA}",1.0,,,,,,0.0009715886964585252,
0.82,PURE,False,accept,NDE,"{CHN,NDE}+{USA}",{CHN}+{NDE}+{USA},0.0,,,,,,-0.0023284823233211682,
0.82,PURE,False,accept,NDE,"{CHN,USA}+{NDE}","{CHN,NDE,USA}",1.0,,,,,,0.0005903823550355014,"CHN,USA"
0.82,PURE,False,accept,NDE,"{CHN,USA}+{NDE}","{CHN,NDE}+{USA}",1.0,,,,,,0.00031127161198796216,
0.82,PURE,False,accept,NDE,"{CHN,USA}+{NDE}","{CHN}+{NDE,USA}",1.0,,,,,,0.0012828603084464874,
0.82,PURE,False,accept,NDE,"{CHN}+{NDE,USA}","{CHN,NDE,USA}",0.0,,,,,,-0.000692477953410986,
0.82,PURE,False,accept,NDE,"{CHN}+{NDE,USA}","{CHN,NDE}+{USA}",0.0,,,,,,-0.0009715886964585252,
0.82,PURE,False,accept,NDE,"{CHN}+{NDE,USA}","{CHN,USA}+{NDE}",0.0,,,,,,-0.0012828603084464874,
0.82,PURE,False,accept,NDE,"{CHN}+{NDE,USA}",{CHN}+{NDE}+{USA},0.0,,,,,,-0.0033000710197796934,
0.82,PURE,False,accept,NDE,{CHN}+{NDE}+{USA},"{CHN,NDE,USA}",1.0,,,,,,0.0026075930663687075,
0.82,PURE,False,accept,NDE,{CHN}+{NDE}+{USA},"{CHN,NDE}+{USA}",1.0,,,,,,0.0023284823233211682,USA
0.82,PURE,False,accept,NDE,{CHN}+{NDE}+{USA},"{CHN}+{NDE,USA}",1.0,,,,,,0.0033000710197796934,CHN
0.82,PURE,False,accept,USA,"{CHN,NDE,USA}","{CHN,NDE}+{USA}",1.0,,,,,,0.00016656258041081173,
0.82,PURE,False,accept,USA,"{CHN,NDE,USA}","{CHN,USA}+{NDE}",0.0,,,,,,-1.1369018920515117e-05,
0.82,PURE,False,accept,USA,"{CHN,NDE,USA}","{CHN}+{NDE,USA}",0.0,,,,,,-0.0001521170277571926,
0.82,PURE,False,accept,USA,"{CHN,NDE,USA}",{CHN}+{NDE}+{USA},0.0,,,,,,-0.00018546704475763676,
0.82,PURE,False,accept,USA,"{CHN,NDE}+{USA}","{CHN,NDE,USA}",0.0,,,,,,-0.00016656258041081173,
0.82,PURE,False,accept,USA,"{CHN,NDE}+{USA}","{CHN,USA}+{NDE}",0.0,,,,,,-0.00017793159933132685,
0.82,PURE,False,accept,USA,"{CHN,NDE}+{USA}","{CHN}+{NDE,USA}",0.0,,,,,,-0.00031867960816800434,
0.82,PURE,False,accept,USA,"{CHN,USA}+{NDE}","{CHN,NDE,USA}",1.0,,,,,,1.1369018920515117e-05,"CHN,NDE"
0.82,PURE,False,accept,USA,"{CHN,USA}+{NDE}","{CHN,NDE}+{USA}",1.0,,,,,,0.00017793159933132685,
0.82,PURE,False,accept,USA,"{CHN,USA}+{NDE}","{CHN}+{NDE,USA}",0.0,,,,,,-0.00014074800883667749,
0.82,PURE,False,accept,USA,"{CHN,USA}+{NDE}",{CHN}+{NDE}+{USA},0.0,,,,,,-0.00017409802583712164,
0.82,PURE,False,accept,USA,"{CHN}+{NDE,USA}","{CHN,NDE,USA}",1.0,,,,,,0.0001521170277571926,
0.82,PURE,False,accept,USA,"{CHN}+{NDE,USA}","{CHN,NDE}+{USA}",1.0,,,,,,0.00031867960816800434,
0.82,PURE,False,accept,USA,"{CHN}+{NDE,USA}","{CHN,USA}+{NDE}",1.0,,,,,,0.00014074800883667749,
0.82,PURE,False,accept,USA,"{CHN}+{NDE,USA}",{CHN}+{NDE}+{USA},0.0,,,,,,-3.3350017000444154e-05,
0.82,PURE,False,accept,USA,{CHN}+{NDE}+{USA},"{CHN,NDE,USA}",1.0,,,,,,0.00018546704475763676,
0.82,PURE,False,accept,USA,{CHN}+{NDE}+{USA},"{CHN,USA}+{NDE}",1.0,,,,,,0.00017409802583712164,
0.82,PURE,False,accept,USA,{CHN}+{NDE}+{USA},"{CHN}+{NDE,USA}",1.0,,,,,,3.3350017000444154e-05,"CHN,NDE"
0.84,PURE,False,propose,CHN,"{CHN,NDE,USA}","{CHN}+{NDE,USA}",1.0,False,1.0,1.0,True,,,
0.84,PURE,False,propose,CHN,"{CHN,NDE}+{USA}","{CHN,NDE}+{USA}",1.0,True,1.0,1.0,False,,,
0.84,PURE,False,propose,CHN,"{CHN,USA}+{NDE}","{CHN,NDE,USA}",1.0,False,1.0,1.0,False,"NDE,USA",,
0.84,PURE,False,propose,CHN,"{CHN}+{NDE,USA}","{CHN}+{NDE,USA}",1.0,True,1.0,1.0,False,,,
0.84,PURE,False,propose,CHN,{CHN}+{NDE}+{USA},"{CHN}+{NDE,USA}",1.0,False,1.0,1.0,False,"NDE,USA",,
0.84,PURE,False,propose,NDE,"{CHN,NDE,USA}","{CHN,NDE,USA}",1.0,True,1.0,1.0,False,,,
0.84,PURE,False,propose,NDE,"{CHN,NDE}+{USA}","{CHN,NDE}+{USA}",1.0,True,1.0,1.0,False,,,
0.84,PURE,False,propose,NDE,"{CHN,USA}+{NDE}","{CHN,NDE,USA}",1.0,False,1.0,1.0,False,"CHN,USA",,
0.84,PURE,False,propose,NDE,"{CHN}+{NDE,USA}","{CHN}+{NDE,USA}",1.0,True,1.0,1.0,False,,,
0.84,PURE,False,propose,NDE,{CHN}+{NDE}+{USA},"{CHN}+{NDE,USA}",1.0,False,1.0,1.0,False,USA,,
0.84,PURE,False,propose,USA,"{CHN,NDE,USA}","{CHN,NDE}+{USA}",1.0,False,1.0,1.0,True,,,
0.84,PURE,False,propose,USA,"{CHN,NDE}+{USA}","{CHN,NDE}+{USA}",1.0,True,1.0,1.0,False,,,
0.84,PURE,False,propose,USA,"{CHN,USA}+{NDE}","{CHN,NDE,USA}",1.0,False,1.0,1.0,False,"CHN,NDE",,
0.84,PURE,False,propose,USA,"{CHN}+{NDE,USA}","{CHN}+{NDE,USA}",1.0,True,1.0,1.0,False,,,
0.84,PURE,False,propose,USA,{CHN}+{NDE}+{USA},"{CHN,NDE}+{USA}",1.0,False,1.0,1.0,False,"CHN,NDE",,
0.84,PURE,False,accept,CHN,"{CHN,NDE,USA}","{CHN,NDE}+{USA}",0.0,,,,,,-0.0003459710564470697,
0.84,PURE,False,accept,CHN,"{CHN,NDE,USA}","{CHN,USA}+{NDE}",0.0,,,,,,-3.0186181851021843e-05,
0.84,PURE,False,accept,CHN,"{CHN,NDE,USA}","{CHN}+{NDE,USA}",1.0,,,,,,0.00025775938867411696,
0.84,PURE,False,accept,CHN,"{CHN,NDE,USA}",{CHN}+{NDE}+{USA},0.0,,,,,,-0.0005940637020493966,
0.84,PURE,False,accept,CHN,"{CHN,NDE}+{USA}","{CHN,NDE,USA}",1.0,,,,,,0.0003459710564470697,
0.84,PURE,False,accept,CHN,"{CHN,NDE}+{USA}","{CHN,USA}+{NDE}",1.0,,,,,,0.00031578487459604787,
0.84,PURE,False,accept,CHN,"{CHN,NDE}+{USA}","{CHN}+{NDE,USA}",1.0,,,,,,0.0006037304451211867,
0.84,PURE,False,accept,CHN,"{CHN,NDE}+{USA}",{CHN}+{NDE}+{USA},0.0,,,,,,-0.0002480926456023269,
0.84,PURE,False,accept,CHN,"{CHN,USA}+{NDE}","{CHN,NDE,USA}",1.0,,,,,,3.0186181851021843e-05,"NDE,USA"
0.84,PURE,False,accept,CHN,"{CHN,USA}+{NDE}","{CHN,NDE}+{USA}",0.0,,,,,,-0.00031578487459604787,
0.84,PURE,False,accept,CHN,"{CHN,USA}+{NDE}","{CHN}+{NDE,USA}",1.0,,,,,,0.0002879455705251388,
0.84,PURE,False,accept,CHN,"{CHN,USA}+{NDE}",{CHN}+{NDE}+{USA},0.0,,,,,,-0.0005638775201983748,
0.84,PURE,False,accept,CHN,"{CHN}+{NDE,USA}","{CHN,NDE,USA}",0.0,,,,,,-0.00025775938867411696,
0.84,PURE,False,accept,CHN,"{CHN}+{NDE,USA}","{CHN,NDE}+{USA}",0.0,,,,,,-0.0006037304451211867,
0.84,PURE,False,accept,CHN,"{CHN}+{NDE,USA}","{CHN,USA}+{NDE}",0.0,,,,,,-0.0002879455705251388,
0.84,PURE,False,accept,CHN,{CHN}+{NDE}+{USA},"{CHN,NDE,USA}",1.0,,,,,,0.0005940637020493966,
0.84,PURE,False,accept,CHN,{CHN}+{NDE}+{USA},"{CHN,NDE}+{USA}",1.0,,,,,,0.0002480926456023269,USA
0.84,PURE,False,accept,CHN,{CHN}+{NDE}+{USA},"{CHN,USA}+{NDE}",1.0,,,,,,0.0005638775201983748,
0.84,PURE,False,accept,NDE,"{CHN,NDE,USA}","{CHN,NDE}+{USA}",0.0,,,,,,-0.0003003744884395587,
0.84,PURE,False,accept,NDE,"{CHN,NDE,USA}","{CHN,USA}+{NDE}",0.0,,,,,,-0.0005281865148525355,
0.84,PURE,False,accept,NDE,"{CHN,NDE,USA}","{CHN}+{NDE,USA}",1.0,,,,,,0.0006712142080189665,
0.84,PURE,False,accept,NDE,"{CHN,NDE,USA}",{CHN}+{NDE}+{USA},0.0,,,,,,-0.002298167020544639,
0.84,PURE,False,accept,NDE,"{CHN,NDE}+{USA}","{CHN,NDE,USA}",1.0,,,,,,0.0003003744884395587,
0.84,PURE,False,accept,NDE,"{CHN,NDE}+{USA}","{CHN,USA}+{NDE}",0.0,,,,,,-0.00022781202641297682,
0.84,PURE,False,accept,NDE,"{CHN,NDE}+{USA}","{CHN}+{NDE,USA}",1.0,,,,,,0.0009715886964585252,
0.84,PURE,False,accept,NDE,"{CHN,NDE}+{USA}",{CHN}+{NDE}+{USA},0.0,,,,,,-0.0019977925321050805,
0.84,PURE,False,accept,NDE,"{CHN,USA}+{NDE}","{CHN,NDE,USA}",1.0,,,,,,0.0005281865148525355,"CHN,USA"
0.84,PURE,False,accept,NDE,"{CHN,USA}+{NDE}","{CHN,NDE}+{USA}",1.0,,,,,,0.00022781202641297682,
0.84,PURE,False,accept,NDE,"{CHN,USA}+{NDE}","{CHN}+{NDE,USA}",1.0,,,,,,0.001199400722871502,
0.84,PURE,False,accept,NDE,"{CHN}+{NDE,USA}","{CHN,NDE,USA}",0.0,,,,,,-0.0006712142080189665,
0.84,PURE,False,accept,NDE,"{CHN}+{NDE,USA}","{CHN,NDE}+{USA}",0.0,,,,,,-0.0009715886964585252,
0.84,PURE,False,accept,NDE,"{CHN}+{NDE,USA}","{CHN,USA}+{NDE}",0.0,,,,,,-0.001199400722871502,
0.84,PURE,False,accept,NDE,"{CHN}+{NDE,USA}",{CHN}+{NDE}+{USA},0.0,,,,,,-0.0029693812285636056,
0.84,PURE,False,accept,NDE,{CHN}+{NDE}+{USA},"{CHN,NDE,USA}",1.0,,,,,,0.002298167020544639,
0.84,PURE,False,accept,NDE,{CHN}+{NDE}+{USA},"{CHN,NDE}+{USA}",1.0,,,,,,0.0019977925321050805,USA
0.84,PURE,False,accept,NDE,{CHN}+{NDE}+{USA},"{CHN}+{NDE,USA}",1.0,,,,,,0.0029693812285636056,CHN
0.84,PURE,False,accept,USA,"{CHN,NDE,USA}","{CHN,NDE}+{USA}",1.0,,,,,,0.00016581949642668903,
0.84,PURE,False,accept,USA,"{CHN,NDE,USA}","{CHN,USA}+{NDE}",0.0,,,,,,-1.0224688033133589e-05,
0.84,PURE,False,accept,USA,"{CHN,NDE,USA}","{CHN}+{NDE,USA}",0.0,,,,,,-0.0001528601117413153,
0.84,PURE,False,accept,USA,"{CHN,NDE,USA}",{CHN}+{NDE}+{USA},0.0,,,,,,-0.00017070162284626988,
0.84,PURE,False,accept,USA,"{CHN,NDE}+{USA}","{CHN,NDE,USA}",0.0,,,,,,-0.00016581949642668903,
0.84,PURE,False,accept,USA,"{CHN,NDE}+{USA}","{CHN,USA}+{NDE}",0.0,,,,,,-0.00017604418445982262,
0.84,PURE,False,accept,USA,"{CHN,NDE}+{USA}","{CHN}+{NDE,USA}",0.0,,,,,,-0.00031867960816800434,
0.84,PURE,False,accept,USA,"{CHN,USA}+{NDE}","{CHN,NDE,USA}",1.0,,,,,,1.0224688033133589e-05,"CHN,NDE"
0.84,PURE,False,accept,USA,"{CHN,USA}+{NDE}","{CHN,NDE}+{USA}",1.0,,,,,,0.00017604418445982262,
0.84,PURE,False,accept,USA,"{CHN,USA}+{NDE}","{CHN}+{NDE,USA}",0.0,,,,,,-0.00014263542370818172,
0.84,PURE,False,accept,USA,"{CHN,USA}+{NDE}",{CHN}+{NDE}+{USA},0.0,,,,,,-0.0001604769348131363,
0.84,PURE,False,accept,USA,"{CHN}+{NDE,USA}","{CHN,NDE,USA}",1.0,,,,,,0.0001528601117413153,
0.84,PURE,False,accept,USA,"{CHN}+{NDE,USA}","{CHN,NDE}+{USA}",1.0,,,,,,0.00031867960816800434,
0.84,PURE,False,accept,USA,"{CHN}+{NDE,USA}","{CHN,USA}+{NDE}",1.0,,,,,,0.00014263542370818172,
0.84,PURE,False,accept,USA,"{CHN}+{NDE,USA}",{CHN}+{NDE}+{USA},0.0,,,,,,-1.7841511104954577e-05,
0.84,PURE,False,accept,USA,{CHN}+{NDE}+{USA},"{CHN,NDE,USA}",1.0,,,,,,0.00017070162284626988,
0.84,PURE,False,accept,USA,{CHN}+{NDE}+{USA},"{CHN,USA}+{NDE}",1.0,,,,,,0.0001604769348131363,
0.84,PURE,False,accept,USA,{CHN}+{NDE}+{USA},"{CHN}+{NDE,USA}",1.0,,,,,,1.7841511104954577e-05,"CHN,NDE"
0.86,PURE,False,propose,CHN,"{CHN,NDE,USA}","{CHN}+{NDE,USA}",1.0,False,1.0,1.0,True,,,
0.86,PURE,False,propose,CHN,"{CHN,NDE}+{USA}","{CHN,NDE}+{USA}",1.0,True,1.0,1.0,False,,,
0.86,PURE,False,propose,CHN,"{CHN,USA}+{NDE}","{CHN,NDE,USA}",1.0,False,1.0,1.0,False,"NDE,USA",,
0.86,PURE,False,propose,CHN,"{CHN}+{NDE,USA}","{CHN}+{NDE,USA}",1.0,True,1.0,1.0,False,,,
0.86,PURE,False,propose,CHN,{CHN}+{NDE}+{USA},"{CHN}+{NDE,USA}",1.0,False,1.0,1.0,False,"NDE,USA",,
0.86,PURE,False,propose,NDE,"{CHN,NDE,USA}","{CHN,NDE,USA}",1.0,True,1.0,1.0,False,,,
0.86,PURE,False,propose,NDE,"{CHN,NDE}+{USA}","{CHN,NDE}+{USA}",1.0,True,1.0,1.0,False,,,
0.86,PURE,False,propose,NDE,"{CHN,USA}+{NDE}","{CHN,NDE,USA}",1.0,False,1.0,1.0,False,"CHN,USA",,
0.86,PURE,False,propose,NDE,"{CHN}+{NDE,USA}","{CHN}+{NDE,USA}",1.0,True,1.0,1.0,False,,,
0.86,PURE,False,propose,NDE,{CHN}+{NDE}+{USA},"{CHN}+{NDE,USA}",1.0,False,1.0,1.0,False,USA,,
0.86,PURE,False,propose,USA,"{CHN,NDE,USA}","{CHN,NDE}+{USA}",1.0,False,1.0,1.0,True,,,
0.86,PURE,False,propose,USA,"{CHN,NDE}+{USA}","{CHN,NDE}+{USA}",1.0,True,1.0,1.0,False,,,
0.86,PURE,False,propose,USA,"{CHN,USA}+{NDE}","{CHN,NDE,USA}",1.0,False,1.0,1.0,False,"CHN,NDE",,
0.86,PURE,False,propose,USA,"{CHN}+{NDE,USA}","{CHN}+{NDE,USA}",1.0,True,1.0,1.0,False,,,
0.86,PURE,False,propose,USA,{CHN}+{NDE}+{USA},"{CHN,NDE}+{USA}",1.0,False,1.0,1.0,False,"CHN,NDE",,
0.86,PURE,False,accept,CHN,"{CHN,NDE,USA}","{CHN,NDE}+{USA}",0.0,,,,,,-0.0003408185057587332,
0.86,PURE,False,accept,CHN,"{CHN,NDE,USA}","{CHN,USA}+{NDE}",0.0,,,,,,-2.5691552021811503e-05,
0.86,PURE,False,accept,CHN,"{CHN,NDE,USA}","{CHN}+{NDE,USA}",1.0,,,,,,0.0002629119393624535,
0.86,PURE,False,accept,CHN,"{CHN,NDE,USA}",{CHN}+{NDE}+{USA},0.0,,,,,,-0.0005075887002341517,
0.86,PURE,False,accept,CHN,"{CHN,NDE}+{USA}","{CHN,NDE,USA}",1.0,,,,,,0.0003408185057587332,
0.86,PURE,False,accept,CHN,"{CHN,NDE}+{USA}","{CHN,USA}+{NDE}",1.0,,,,,,0.0003151269537369217,
0.86,PURE,False,accept,CHN,"{CHN,NDE}+{USA}","{CHN}+{NDE,USA}",1.0,,,,,,0.0006037304451211867,
0.86,PURE,False,accept,CHN,"{CHN,NDE}+{USA}",{CHN}+{NDE}+{USA},0.0,,,,,,-0.00016677019447541852,
0.86,PURE,False,accept,CHN,"{CHN,USA}+{NDE}","{CHN,NDE,USA}",1.0,,,,,,2.5691552021811503e-05,"NDE,USA"
0.86,PURE,False,accept,CHN,"{CHN,USA}+{NDE}","{CHN,NDE}+{USA}",0.0,,,,,,-0.0003151269537369217,
0.86,PURE,False,accept,CHN,"{CHN,USA}+{NDE}","{CHN}+{NDE,USA}",1.0,,,,,,0.000288603491384265,
0.86,PURE,False,accept,CHN,"{CHN,USA}+{NDE}",{CHN}+{NDE}+{USA},0.0,,,,,,-0.0004818971482123402,
0.86,PURE,False,accept,CHN,"{CHN}+{NDE,USA}","{CHN,NDE,USA}",0.0,,,,,,-0.0002629119393624535,
0.86,PURE,False,accept,CHN,"{CHN}+{NDE,USA}","{CHN,NDE}+{USA}",0.0,,,,,,-0.0006037304451211867,
0.86,PURE,False,accept,CHN,"{CHN}+{NDE,USA}","{CHN,USA}+{NDE}",0.0,,,,,,-0.000288603491384265,
0.86,PURE,False,accept,CHN,{CHN}+{NDE}+{USA},"{CHN,NDE,USA}",1.0,,,,,,0.0005075887002341517,
0.86,PURE,False,accept,CHN,{CHN}+{NDE}+{USA},"{CHN,NDE}+{USA}",1.0,,,,,,0.00016677019447541852,USA
0.86,PURE,False,accept,CHN,{CHN}+{NDE}+{USA},"{CHN,USA}+{NDE}",1.0,,,,,,0.0004818971482123402,
0.86,PURE,False,accept,NDE,"{CHN,NDE,USA}","{CHN,NDE}+{USA}",0.0,,,,,,-0.00032203568701305585,
0.86,PURE,False,accept,NDE,"{CHN,NDE,USA}","{CHN,USA}+{NDE}",0.0,,,,,,-0.0004651957682959562,
0.86,PURE,False,accept,NDE,"{CHN,NDE,USA}","{CHN}+{NDE,USA}",1.0,,,,,,0.0006495530094454693,
0.86,PURE,False,accept,NDE,"{CHN,NDE,USA}",{CHN}+{NDE}+{USA},0.0,,,,,,-0.001989138427898496,
0.86,PURE,False,accept,NDE,"{CHN,NDE}+{USA}","{CHN,NDE,USA}",1.0,,,,,,0.00032203568701305585,
0.86,PURE,False,accept,NDE,"{CHN,NDE}+{USA}","{CHN,USA}+{NDE}",0.0,,,,,,-0.00014316008128290036,
0.86,PURE,False,accept,NDE,"{CHN,NDE}+{USA}","{CHN}+{NDE,USA}",1.0,,,,,,0.0009715886964585252,
0.86,PURE,False,accept,NDE,"{CHN,NDE}+{USA}",{CHN}+{NDE}+{USA},0.0,,,,,,-0.00166710274088544,
0.86,PURE,False,accept,NDE,"{CHN,USA}+{NDE}","{CHN,NDE,USA}",1.0,,,,,,0.0004651957682959562,"CHN,USA"
0.86,PURE,False,accept,NDE,"{CHN,USA}+{NDE}","{CHN,NDE}+{USA}",1.0,,,,,,0.00014316008128290036,
0.86,PURE,False,accept,NDE,"{CHN,USA}+{NDE}","{CHN}+{NDE,USA}",1.0,,,,,,0.0011147487777414256,
0.86,PURE,False,accept,NDE,"{CHN}+{NDE,USA}","{CHN,NDE,USA}",0.0,,,,,,-0.0006495530094454693,
0.86,PURE,False,accept,NDE,"{CHN}+{NDE,USA}","{CHN,NDE}+{USA}",0.0,,,,,,-0.0009715886964585252,
0.86,PURE,False,accept,NDE,"{CHN}+{NDE,USA}","{CHN,USA}+{NDE}",0.0,,,,,,-0.0011147487777414256,
0.86,PURE,False,accept,NDE,"{CHN}+{NDE,USA}",{CHN}+{NDE}+{USA},0.0,,,,,,-0.002638691437343965,
0.86,PURE,False,accept,NDE,{CHN}+{NDE}+{USA},"{CHN,NDE,USA}",1.0,,,,,,0.001989138427898496,
0.86,PURE,False,accept,NDE,{CHN}+{NDE}+{USA},"{CHN,NDE}+{USA}",1.0,,,,,,0.00166710274088544,USA
0.86,PURE,False,accept,NDE,{CHN}+{NDE}+{USA},"{CHN}+{NDE,USA}",1.0,,,,,,0.002638691437343965,CHN
0.86,PURE,False,accept,USA,"{CHN,NDE,USA}","{CHN,NDE}+{USA}",1.0,,,,,,0.00016506252302184166,
0.86,PURE,False,accept,USA,"{CHN,NDE,USA}","{CHN,USA}+{NDE}",0.0,,,,,,-9.052578306079084e-06,
0.86,PURE,False,accept,USA,"{CHN,NDE,USA}","{CHN}+{NDE,USA}",0.0,,,,,,-0.00015361708514616268,
0.86,PURE,False,accept,USA,"{CHN,NDE,USA}",{CHN}+{NDE}+{USA},0.0,,,,,,-0.00015595009035607177,
0.86,PURE,False,accept,USA,"{CHN,NDE}+{USA}","{CHN,NDE,USA}",0.0,,,,,,-0.00016506252302184166,
0.86,PURE,False,accept,USA,"{CHN,NDE}+{USA}","{CHN,USA}+{NDE}",0.0,,,,,,-0.00017411510132792074,
0.86,PURE,False,accept,USA,"{CHN,NDE}+{USA}","{CHN}+{NDE,USA}",0.0,,,,,,-0.00031867960816800434,
0.86,PURE,False,accept,USA,"{CHN,USA}+{NDE}","{CHN,NDE,USA}",1.0,,,,,,9.052578306079084e-06,"CHN,NDE"
0.86,PURE,False,accept,USA,"{CHN,USA}+{NDE}","{CHN,NDE}+{USA}",1.0,,,,,,0.00017411510132792074,
0.86,PURE,False,accept,USA,"{CHN,USA}+{NDE}","{CHN}+{NDE,USA}",0.0,,,,,,-0.0001445645068400836,
0.86,PURE,False,accept,USA,"{CHN,USA}+{NDE}",{CHN}+{NDE}+{USA},0.0,,,,,,-0.00014689751204999268,
0.86,PURE,False,accept,USA,"{CHN}+{NDE,USA}","{CHN,NDE,USA}",1.0,,,,,,0.00015361708514616268,
0.86,PURE,False,accept,USA,"{CHN}+{NDE,USA}","{CHN,NDE}+{USA}",1.0,,,,,,0.00031867960816800434,
0.86,PURE,False,accept,USA,"{CHN}+{NDE,USA}","{CHN,USA}+{NDE}",1.0,,,,,,0.0001445645068400836,
0.86,PURE,False,accept,USA,"{CHN}+{NDE,USA}",{CHN}+{NDE}+{USA},0.0,,,,,,-2.3330052099090892e-06,
0.86,PURE,False,accept,USA,{CHN}+{NDE}+{USA},"{CHN,NDE,USA}",1.0,,,,,,0.00015595009035607177,
0.86,PURE,False,accept,USA,{CHN}+{NDE}+{USA},"{CHN,USA}+{NDE}",1.0,,,,,,0.00014689751204999268,
0.86,PURE,False,accept,USA,{CHN}+{NDE}+{USA},"{CHN}+{NDE,USA}",1.0,,,,,,2.3330052099090892e-06,"CHN,NDE"
0.88,MIXED_NONUNIQUE,True,propose,CHN,"{CHN,NDE,USA}","{CHN,NDE,USA}",0.557590658881028,True,1.0,0.557590658881028,False,,,
0.88,MIXED_NONUNIQUE,True,propose,CHN,"{CHN,NDE,USA}","{CHN}+{NDE,USA}",0.442409341118972,False,1.0,0.442409341118972,True,,,
0.88,MIXED_NONUNIQUE,True,propose,CHN,"{CHN,NDE}+{USA}","{CHN,NDE}+{USA}",1.0,True,1.0,1.0,False,,,
0.88,MIXED_NONUNIQUE,True,propose,CHN,"{CHN,USA}+{NDE}","{CHN,NDE,USA}",0.09047101835640475,False,1.0,0.09047101835640475,False,"NDE,USA",,
0.88,MIXED_NONUNIQUE,True,propose,CHN,"{CHN,USA}+{NDE}","{CHN,USA}+{NDE}",0.9095289816435952,True,1.0,0.9095289816435952,False,,,
0.88,MIXED_NONUNIQUE,True,propose,CHN,"{CHN}+{NDE,USA}","{CHN,NDE,USA}",0.12282931736525406,False,1.0,0.12282931736525406,False,"NDE,USA",,
0.88,MIXED_NONUNIQUE,True,propose,CHN,"{CHN}+{NDE,USA}","{CHN}+{NDE,USA}",0.877170682634746,True,1.0,0.877170682634746,False,,,
0.88,MIXED_NONUNIQUE,True,propose,CHN,{CHN}+{NDE}+{USA},"{CHN,NDE,USA}",1.0,False,1.0,1.0,False,"NDE,USA",,
0.88,MIXED_NONUNIQUE,True,propose,NDE,"{CHN,NDE,USA}","{CHN,NDE,USA}",1.0,True,1.0,1.0,False,,,
0.88,MIXED_NONUNIQUE,True,propose,NDE,"{CHN,NDE}+{USA}","{CHN,NDE}+{USA}",1.0,True,1.0,1.0,False,,,
0.88,MIXED_NONUNIQUE,True,propose,NDE,"{CHN,USA}+{NDE}","{CHN,NDE,USA}",1.0,False,0.16578560578770543,0.16578560578770543,False,"CHN,USA",,
0.88,MIXED_NONUNIQUE,True,propose,NDE,"{CHN}+{NDE,USA}","{CHN,NDE,USA}",1.0,False,0.29580220258890577,0.29580220258890577,False,"CHN,USA",,
0.88,MIXED_NONUNIQUE,True,propose,NDE,{CHN}+{NDE}+{USA},"{CHN,NDE}+{USA}",1.0,False,1.0,1.0,False,CHN,,
0.88,MIXED_NONUNIQUE,True,propose,USA,"{CHN,NDE,USA}","{CHN,NDE}+{USA}",1.0,False,1.0,1.0,True,,,
0.88,MIXED_NONUNIQUE,True,propose,USA,"{CHN,NDE}+{USA}","{CHN,NDE}+{USA}",1.0,True,1.0,1.0,False,,,
0.88,MIXED_NONUNIQUE,True,propose,USA,"{CHN,USA}+{NDE}","{CHN,NDE,USA}",0.990911980187835,False,0.16578560578770543,0.16427894291773498,False,"CHN,NDE",,
0.88,MIXED_NONUNIQUE,True,propose,USA,"{CHN,USA}+{NDE}",{CHN}+{NDE}+{USA},0.009088019812165005,False,1.0,0.009088019812165005,True,,,
0.88,MIXED_NONUNIQUE,True,propose,USA,"{CHN}+{NDE,USA}","{CHN,NDE,USA}",0.6541389982303532,False,0.29580220258890577,0.1934957564758388,False,"CHN,NDE",,
0.88,MIXED_NONUNIQUE,True,propose,USA,"{CHN}+{NDE,USA}",{CHN}+{NDE}+{USA},0.34586100176964685,False,1.0,0.34586100176964685,True,,,
0.88,MIXED_NONUNIQUE,True,propose,USA,{CHN}+{NDE}+{USA},"{CHN,NDE}+{USA}",1.0,False,1.0,1.0,False,"CHN,NDE",,
0.88,MIXED_NONUNIQUE,True,accept,CHN,"{CHN,NDE,USA}","{CHN,NDE}+{USA}",0.0,,,,,,-0.00014526042824059004,
0.88,MIXED_NONUNIQUE,True,accept,CHN,"{CHN,NDE,USA}","{CHN,USA}+{NDE}",0.8338851565718819,,,,,,0.0,
0.88,MIXED_NONUNIQUE,True,accept,CHN,"{CHN,NDE,USA}","{CHN}+{NDE,USA}",0.7041432898357994,,,,,,0.0,
0.88,MIXED_NONUNIQUE,True,accept,CHN,"{CHN,NDE,USA}",{CHN}+{NDE}+{USA},0.0,,,,,,-0.0005422869737756741,
0.88,MIXED_NONUNIQUE,True,accept,CHN,"{CHN,NDE}+{USA}","{CHN,NDE,USA}",1.0,,,,,,0.00014526042824059004,
0.88,MIXED_NONUNIQUE,True,accept,CHN,"{CHN,NDE}+{USA}","{CHN,USA}+{NDE}",1.0,,,,,,0.00014526042824059004,
0.88,MIXED_NONUNIQUE,True,accept,CHN,"{CHN,NDE}+{USA}","{CHN}+{NDE,USA}",1.0,,,,,,0.00014526042824059004,
0.88,MIXED_NONUNIQUE,True,accept,CHN,"{CHN,NDE}+{USA}",{CHN}+{NDE}+{USA},0.0,,,,,,-0.0003970265455350841,
0.88,MIXED_NONUNIQUE,True,accept,CHN,"{CHN,USA}+{NDE}","{CHN,NDE,USA}",0.16578560578770543,,,,,,0.0,"NDE,USA"
0.88,MIXED_NONUNIQUE,True,accept,CHN,"{CHN,USA}+{NDE}","{CHN,NDE}+{USA}",0.0,,,,,,-0.00014526042824059004,
0.88,MIXED_NONUNIQUE,True,accept,CHN,"{CHN,USA}+{NDE}","{CHN}+{NDE,USA}",0.32162593168389786,,,,,,0.0,
0.88,MIXED_NONUNIQUE,True,accept,CHN,"{CHN,USA}+{NDE}",{CHN}+{NDE}+{USA},0.0,,,,,,-0.0005422869737756741,
0.88,MIXED_NONUNIQUE,True,accept,CHN,"{CHN}+{NDE,USA}","{CHN,NDE,USA}",0.29580220258890577,,,,,,0.0,"NDE,USA"
0.88,MIXED_NONUNIQUE,True,accept,CHN,"{CHN}+{NDE,USA}","{CHN,NDE}+{USA}",0.0,,,,,,-0.00014526042824059004,
0.88,MIXED_NONUNIQUE,True,accept,CHN,"{CHN}+{NDE,USA}","{CHN,USA}+{NDE}",0.6783740683161021,,,,,,0.0,
0.88,MIXED_NONUNIQUE,True,accept,CHN,{CHN}+{NDE}+{USA},"{CHN,NDE,USA}",1.0,,,,,,0.0005422869737756741,
0.88,MIXED_NONUNIQUE,True,accept,CHN,{CHN}+{NDE}+{USA},"{CHN,NDE}+{USA}",1.0,,,,,,0.0003970265455350841,"NDE,USA"
0.88,MIXED_NONUNIQUE,True,accept,CHN,{CHN}+{NDE}+{USA},"{CHN,USA}+{NDE}",1.0,,,,,,0.0005422869737756741,
0.88,MIXED_NONUNIQUE,True,accept,NDE,"{CHN,NDE,USA}","{CHN,NDE}+{USA}",1.0,,,,,,0.00014029439862639492,
0.88,MIXED_NONUNIQUE,True,accept,NDE,"{CHN,NDE,USA}","{CHN,USA}+{NDE}",0.0,,,,,,-0.0014148172742132203,
0.88,MIXED_NONUNIQUE,True,accept,NDE,"{CHN,NDE,USA}","{CHN}+{NDE,USA}",0.0,,,,,,-0.00012450123133334046,
0.88,MIXED_NONUNIQUE,True,accept,NDE,"{CHN,NDE,USA}",{CHN}+{NDE}+{USA},0.0,,,,,,-0.0018072702765614679,
0.88,MIXED_NONUNIQUE,True,accept,NDE,"{CHN,NDE}+{USA}","{CHN,NDE,USA}",0.0,,,,,,-0.00014029439862639492,
0.88,MIXED_NONUNIQUE,True,accept,NDE,"{CHN,NDE}+{USA}","{CHN,USA}+{NDE}",0.0,,,,,,-0.0015551116728396153,
0.88,MIXED_NONUNIQUE,True,accept,NDE,"{CHN,NDE}+{USA}","{CHN}+{NDE,USA}",0.0,,,,,,-0.0002647956299597354,
0.88,MIXED_NONUNIQUE,True,accept,NDE,"{CHN,NDE}+{USA}",{CHN}+{NDE}+{USA},0.0,,,,,,-0.0019475646751878628,
0.88,MIXED_NONUNIQUE,True,accept,NDE,"{CHN,USA}+{NDE}","{CHN,NDE,USA}",1.0,,,,,,0.0014148172742132203,"CHN,USA"
0.88,MIXED_NONUNIQUE,True,accept,NDE,"{CHN,USA}+{NDE}","{CHN,NDE}+{USA}",1.0,,,,,,0.0015551116728396153,
0.88,MIXED_NONUNIQUE,True,accept,NDE,"{CHN,USA}+{NDE}","{CHN}+{NDE,USA}",1.0,,,,,,0.0012903160428798799,
0.88,MIXED_NONUNIQUE,True,accept,NDE,"{CHN}+{NDE,USA}","{CHN,NDE,USA}",1.0,,,,,,0.00012450123133334046,"CHN,USA"
0.88,MIXED_NONUNIQUE,True,accept,NDE,"{CHN}+{NDE,USA}","{CHN,NDE}+{USA}",1.0,,,,,,0.0002647956299597354,
0.88,MIXED_NONUNIQUE,True,accept,NDE,"{CHN}+{NDE,USA}","{CHN,USA}+{NDE}",0.0,,,,,,-0.0012903160428798799,
0.88,MIXED_NONUNIQUE,True,accept,NDE,"{CHN}+{NDE,USA}",{CHN}+{NDE}+{USA},0.0,,,,,,-0.0016827690452281274,
0.88,MIXED_NONUNIQUE,True,accept,NDE,{CHN}+{NDE}+{USA},"{CHN,NDE,USA}",1.0,,,,,,0.0018072702765614679,CHN
0.88,MIXED_NONUNIQUE,True,accept,NDE,{CHN}+{NDE}+{USA},"{CHN,NDE}+{USA}",1.0,,,,,,0.0019475646751878628,USA
0.88,MIXED_NONUNIQUE,True,accept,NDE,{CHN}+{NDE}+{USA},"{CHN}+{NDE,USA}",1.0,,,,,,0.0016827690452281274,
0.88,MIXED_NONUNIQUE,True,accept,USA,"{CHN,NDE,USA}","{CHN,NDE}+{USA}",1.0,,,,,,8.18048841559893e-05,
0.88,MIXED_NONUNIQUE,True,accept,USA,"{CHN,NDE,USA}","{CHN,USA}+{NDE}",0.0,,,,,,-7.280696622125049e-05,
0.88,MIXED_NONUNIQUE,True,accept,USA,"{CHN,NDE,USA}","{CHN}+{NDE,USA}",0.0,,,,,,-8.624937403078903e-05,
0.88,MIXED_NONUNIQUE,True,accept,USA,"{CHN,NDE,USA}",{CHN}+{NDE}+{USA},0.0,,,,,,-6.073661922068041e-05,
0.88,MIXED_NONUNIQUE,True,accept,USA,"{CHN,NDE}+{USA}","{CHN,NDE,USA}",0.0,,,,,,-8.18048841559893e-05,
0.88,MIXED_NONUNIQUE,True,accept,USA,"{CHN,NDE}+{USA}","{CHN,USA}+{NDE}",0.0,,,,,,-0.0001546118503772398,
0.88,MIXED_NONUNIQUE,True,accept,USA,"{CHN,NDE}+{USA}","{CHN}+{NDE,USA}",0.0,,,,,,-0.00016805425818677833,
0.88,MIXED_NONUNIQUE,True,accept,USA,"{CHN,USA}+{NDE}","{CHN,NDE,USA}",1.0,,,,,,7.280696622125049e-05,"CHN,NDE"
0.88,MIXED_NONUNIQUE,True,accept,USA,"{CHN,USA}+{NDE}","{CHN,NDE}+{USA}",1.0,,,,,,0.0001546118503772398,
0.88,MIXED_NONUNIQUE,True,accept,USA,"{CHN,USA}+{NDE}","{CHN}+{NDE,USA}",0.0,,,,,,-1.3442407809538537e-05,
0.88,MIXED_NONUNIQUE,True,accept,USA,"{CHN,USA}+{NDE}",{CHN}+{NDE}+{USA},1.0,,,,,,1.207034700057008e-05,
0.88,MIXED_NONUNIQUE,True,accept,USA,"{CHN}+{NDE,USA}","{CHN,NDE,USA}",1.0,,,,,,8.624937403078903e-05,"CHN,NDE"
0.88,MIXED_NONUNIQUE,True,accept,USA,"{CHN}+{NDE,USA}","{CHN,NDE}+{USA}",1.0,,,,,,0.00016805425818677833,
0.88,MIXED_NONUNIQUE,True,accept,USA,"{CHN}+{NDE,USA}","{CHN,USA}+{NDE}",1.0,,,,,,1.3442407809538537e-05,
0.88,MIXED_NONUNIQUE,True,accept,USA,"{CHN}+{NDE,USA}",{CHN}+{NDE}+{USA},1.0,,,,,,2.5512754810108618e-05,
0.88,MIXED_NONUNIQUE,True,accept,USA,{CHN}+{NDE}+{USA},"{CHN,NDE,USA}",1.0,,,,,,6.073661922068041e-05,CHN
0.88,MIXED_NONUNIQUE,True,accept,USA,{CHN}+{NDE}+{USA},"{CHN,USA}+{NDE}",0.0,,,,,,-1.207034700057008e-05,
0.88,MIXED_NONUNIQUE,True,accept,USA,{CHN}+{NDE}+{USA},"{CHN}+{NDE,USA}",0.0,,,,,,-2.5512754810108618e-05,
0.9,MIXED_NONUNIQUE,True,propose,CHN,"{CHN,NDE,USA}","{CHN,NDE,USA}",0.11404663718881426,True,1.0,0.11404663718881426,False,,,
0.9,MIXED_NONUNIQUE,True,propose,CHN,"{CHN,NDE,USA}","{CHN}+{NDE,USA}",0.8859533628111858,False,1.0,0.8859533628111858,True,,,
0.9,MIXED_NONUNIQUE,True,propose,CHN,"{CHN,NDE}+{USA}","{CHN,NDE}+{USA}",1.0,True,1.0,1.0,False,,,
0.9,MIXED_NONUNIQUE,True,propose,CHN,"{CHN,USA}+{NDE}","{CHN,NDE,USA}",0.5923026668054888,False,1.0,0.5923026668054888,False,"NDE,USA",,
0.9,MIXED_NONUNIQUE,True,propose,CHN,"{CHN,USA}+{NDE}","{CHN,USA}+{NDE}",0.4076973331945112,True,1.0,0.4076973331945112,False,,,
0.9,MIXED_NONUNIQUE,True,propose,CHN,"{CHN}+{NDE,USA}","{CHN,NDE,USA}",0.4210149606120276,False,1.0,0.4210149606120276,False,"NDE,USA",,
0.9,MIXED_NONUNIQUE,True,propose,CHN,"{CHN}+{NDE,USA}","{CHN}+{NDE,USA}",0.5789850393879724,True,1.0,0.5789850393879724,False,,,
0.9,MIXED_NONUNIQUE,True,propose,CHN,{CHN}+{NDE}+{USA},"{CHN,NDE,USA}",1.0,False,1.0,1.0,False,"NDE,USA",,
0.9,MIXED_NONUNIQUE,True,propose,NDE,"{CHN,NDE,USA}","{CHN,NDE,USA}",1.0,True,1.0,1.0,False,,,
0.9,MIXED_NONUNIQUE,True,propose,NDE,"{CHN,NDE}+{USA}","{CHN,NDE}+{USA}",1.0,True,1.0,1.0,False,,,
0.9,MIXED_NONUNIQUE,True,propose,NDE,"{CHN,USA}+{NDE}","{CHN,NDE,USA}",1.0,False,0.0932988046014654,0.0932988046014654,False,"CHN,USA",,
0.9,MIXED_NONUNIQUE,True,propose,NDE,"{CHN}+{NDE,USA}","{CHN,NDE,USA}",1.0,False,0.3079876085601034,0.3079876085601034,False,"CHN,USA",,
0.9,MIXED_NONUNIQUE,True,propose,NDE,{CHN}+{NDE}+{USA},"{CHN,NDE}+{USA}",1.0,False,1.0,1.0,False,CHN,,
0.9,MIXED_NONUNIQUE,True,propose,USA,"{CHN,NDE,USA}","{CHN,NDE}+{USA}",1.0,False,1.0,1.0,True,,,
0.9,MIXED_NONUNIQUE,True,propose,USA,"{CHN,NDE}+{USA}","{CHN,NDE}+{USA}",1.0,True,1.0,1.0,False,,,
0.9,MIXED_NONUNIQUE,True,propose,USA,"{CHN,USA}+{NDE}","{CHN,NDE,USA}",0.9763381097800632,False,0.0932988046014654,0.0910911785293342,False,"CHN,NDE",,
0.9,MIXED_NONUNIQUE,True,propose,USA,"{CHN,USA}+{NDE}",{CHN}+{NDE}+{USA},0.02366189021993681,False,1.0,0.02366189021993681,True,,,
0.9,MIXED_NONUNIQUE,True,propose,USA,"{CHN}+{NDE,USA}","{CHN,NDE,USA}",0.6485125291857771,False,0.3079876085601034,0.1997338229851917,False,"CHN,NDE",,
0.9,MIXED_NONUNIQUE,True,propose,USA,"{CHN}+{NDE,USA}",{CHN}+{NDE}+{USA},0.35148747081422294,False,1.0,0.35148747081422294,True,,,
0.9,MIXED_NONUNIQUE,True,propose,USA,{CHN}+{NDE}+{USA},"{CHN,NDE}+{USA}",1.0,False,1.0,1.0,False,"CHN,NDE",,
0.9,MIXED_NONUNIQUE,True,accept,CHN,"{CHN,NDE,USA}","{CHN,NDE}+{USA}",0.0,,,,,,-0.00012508536876332244,
0.9,MIXED_NONUNIQUE,True,accept,CHN,"{CHN,NDE,USA}","{CHN,USA}+{NDE}",0.5000000000000002,,,,,,0.0,
0.9,MIXED_NONUNIQUE,True,accept,CHN,"{CHN,NDE,USA}","{CHN}+{NDE,USA}",0.5000000000000001,,,,,,0.0,
0.9,MIXED_NONUNIQUE,True,accept,CHN,"{CHN,NDE,USA}",{CHN}+{NDE}+{USA},0.0,,,,,,-0.00045392331742810654,
0.9,MIXED_NONUNIQUE,True,accept,CHN,"{CHN,NDE}+{USA}","{CHN,NDE,USA}",1.0,,,,,,0.00012508536876332244,
0.9,MIXED_NONUNIQUE,True,accept,CHN,"{CHN,NDE}+{USA}","{CHN,USA}+{NDE}",1.0,,,,,,0.00012508536876332244,
0.9,MIXED_NONUNIQUE,True,accept,CHN,"{CHN,NDE}+{USA}","{CHN}+{NDE,USA}",1.0,,,,,,0.00012508536876332244,
0.9,MIXED_NONUNIQUE,True,accept,CHN,"{CHN,NDE}+{USA}",{CHN}+{NDE}+{USA},0.0,,,,,,-0.0003288379486647841,
0.9,MIXED_NONUNIQUE,True,accept,CHN,"{CHN,USA}+{NDE}","{CHN,NDE,USA}",0.0932988046014654,,,,,,0.0,"NDE,USA"
0.9,MIXED_NONUNIQUE,True,accept,CHN,"{CHN,USA}+{NDE}","{CHN,NDE}+{USA}",0.0,,,,,,-0.00012508536876332244,
0.9,MIXED_NONUNIQUE,True,accept,CHN,"{CHN,USA}+{NDE}","{CHN}+{NDE,USA}",0.5,,,,,,0.0,
0.9,MIXED_NONUNIQUE,True,accept,CHN,"{CHN,USA}+{NDE}",{CHN}+{NDE}+{USA},0.0,,,,,,-0.00045392331742810654,
0.9,MIXED_NONUNIQUE,True,accept,CHN,"{CHN}+{NDE,USA}","{CHN,NDE,USA}",0.3079876085601034,,,,,,0.0,"NDE,USA"
0.9,MIXED_NONUNIQUE,True,accept,CHN,"{CHN}+{NDE,USA}","{CHN,NDE}+{USA}",0.0,,,,,,-0.00012508536876332244,
0.9,MIXED_NONUNIQUE,True,accept,CHN,"{CHN}+{NDE,USA}","{CHN,USA}+{NDE}",0.5,,,,,,0.0,
0.9,MIXED_NONUNIQUE,True,accept,CHN,{CHN}+{NDE}+{USA},"{CHN,NDE,USA}",1.0,,,,,,0.00045392331742810654,
0.9,MIXED_NONUNIQUE,True,accept,CHN,{CHN}+{NDE}+{USA},"{CHN,NDE}+{USA}",1.0,,,,,,0.0003288379486647841,"NDE,USA"
0.9,MIXED_NONUNIQUE,True,accept,CHN,{CHN}+{NDE}+{USA},"{CHN,USA}+{NDE}",1.0,,,,,,0.00045392331742810654,
0.9,MIXED_NONUNIQUE,True,accept,NDE,"{CHN,NDE,USA}","{CHN,NDE}+{USA}",1.0,,,,,,0.00014833947896164545,
0.9,MIXED_NONUNIQUE,True,accept,NDE,"{CHN,NDE,USA}","{CHN,USA}+{NDE}",0.0,,,,,,-0.0008696850027938297,
0.9,MIXED_NONUNIQUE,True,accept,NDE,"{CHN,NDE,USA}","{CHN}+{NDE,USA}",0.0,,,,,,-9.209021049372268e-05,
0.9,MIXED_NONUNIQUE,True,accept,NDE,"{CHN,NDE,USA}",{CHN}+{NDE}+{USA},0.0,,,,,,-0.001484838741053096,
0.9,MIXED_NONUNIQUE,True,accept,NDE,"{CHN,NDE}+{USA}","{CHN,NDE,USA}",0.0,,,,,,-0.00014833947896164545,
0.9,MIXED_NONUNIQUE,True,accept,NDE,"{CHN,NDE}+{USA}","{CHN,USA}+{NDE}",0.0,,,,,,-0.001018024481755475,
0.9,MIXED_NONUNIQUE,True,accept,NDE,"{CHN,NDE}+{USA}","{CHN}+{NDE,USA}",0.0,,,,,,-0.00024042968945536813,
0.9,MIXED_NONUNIQUE,True,accept,NDE,"{CHN,NDE}+{USA}",{CHN}+{NDE}+{USA},0.0,,,,,,-0.0016331782200147416,
0.9,MIXED_NONUNIQUE,True,accept,NDE,"{CHN,USA}+{NDE}","{CHN,NDE,USA}",1.0,,,,,,0.0008696850027938297,"CHN,USA"
0.9,MIXED_NONUNIQUE,True,accept,NDE,"{CHN,USA}+{NDE}","{CHN,NDE}+{USA}",1.0,,,,,,0.001018024481755475,
0.9,MIXED_NONUNIQUE,True,accept,NDE,"{CHN,USA}+{NDE}","{CHN}+{NDE,USA}",1.0,,,,,,0.000777594792300107,
0.9,MIXED_NONUNIQUE,True,accept,NDE,"{CHN}+{NDE,USA}","{CHN,NDE,USA}",1.0,,,,,,9.209021049372268e-05,"CHN,USA"
0.9,MIXED_NONUNIQUE,True,accept,NDE,"{CHN}+{NDE,USA}","{CHN,NDE}+{USA}",1.0,,,,,,0.00024042968945536813,
0.9,MIXED_NONUNIQUE,True,accept,NDE,"{CHN}+{NDE,USA}","{CHN,USA}+{NDE}",0.0,,,,,,-0.000777594792300107,
0.9,MIXED_NONUNIQUE,True,accept,NDE,"{CHN}+{NDE,USA}",{CHN}+{NDE}+{USA},0.0,,,,,,-0.0013927485305593734,
0.9,MIXED_NONUNIQUE,True,accept,NDE,{CHN}+{NDE}+{USA},"{CHN,NDE,USA}",1.0,,,,,,0.001484838741053096,CHN
0.9,MIXED_NONUNIQUE,True,accept,NDE,{CHN}+{NDE}+{USA},"{CHN,NDE}+{USA}",1.0,,,,,,0.0016331782200147416,USA
0.9,MIXED_NONUNIQUE,True,accept,NDE,{CHN}+{NDE}+{USA},"{CHN}+{NDE,USA}",1.0,,,,,,0.0013927485305593734,
0.9,MIXED_NONUNIQUE,True,accept,USA,"{CHN,NDE,USA}","{CHN,NDE}+{USA}",1.0,,,,,,8.490938896565936e-05,
0.9,MIXED_NONUNIQUE,True,accept,USA,"{CHN,NDE,USA}","{CHN,USA}+{NDE}",0.0,,,,,,-4.3400477037991436e-05,
0.9,MIXED_NONUNIQUE,True,accept,USA,"{CHN,NDE,USA}","{CHN}+{NDE,USA}",0.0,,,,,,-5.686497076906605e-05,
0.9,MIXED_NONUNIQUE,True,accept,USA,"{CHN,NDE,USA}",{CHN}+{NDE}+{USA},0.0,,,,,,-3.9351264411013887e-05,
0.9,MIXED_NONUNIQUE,True,accept,USA,"{CHN,NDE}+{USA}","{CHN,NDE,USA}",0.0,,,,,,-8.490938896565936e-05,
0.9,MIXED_NONUNIQUE,True,accept,USA,"{CHN,NDE}+{USA}","{CHN,USA}+{NDE}",0.0,,,,,,-0.0001283098660036508,
0.9,MIXED_NONUNIQUE,True,accept,USA,"{CHN,NDE}+{USA}","{CHN}+{NDE,USA}",0.0,,,,,,-0.0001417743597347254,
0.9,MIXED_NONUNIQUE,True,accept,USA,"{CHN,USA}+{NDE}","{CHN,NDE,USA}",1.0,,,,,,4.3400477037991436e-05,"CHN,NDE"
0.9,MIXED_NONUNIQUE,True,accept,USA,"{CHN,USA}+{NDE}","{CHN,NDE}+{USA}",1.0,,,,,,0.0001283098660036508,
0.9,MIXED_NONUNIQUE,True,accept,USA,"{CHN,USA}+{NDE}","{CHN}+{NDE,USA}",0.0,,,,,,-1.3464493731074612e-05,
0.9,MIXED_NONUNIQUE,True,accept,USA,"{CHN,USA}+{NDE}",{CHN}+{NDE}+{USA},1.0,,,,,,4.04921262697755e-06,
0.9,MIXED_NONUNIQUE,True,accept,USA,"{CHN}+{NDE,USA}","{CHN,NDE,USA}",1.0,,,,,,5.686497076906605e-05,"CHN,NDE"
0.9,MIXED_NONUNIQUE,True,accept,USA,"{CHN}+{NDE,USA}","{CHN,NDE}+{USA}",1.0,,,,,,0.0001417743597347254,
0.9,MIXED_NONUNIQUE,True,accept,USA,"{CHN}+{NDE,USA}","{CHN,USA}+{NDE}",1.0,,,,,,1.3464493731074612e-05,
0.9,MIXED_NONUNIQUE,True,accept,USA,"{CHN}+{NDE,USA}",{CHN}+{NDE}+{USA},1.0,,,,,,1.751370635805216e-05,
0.9,MIXED_NONUNIQUE,True,accept,USA,{CHN}+{NDE}+{USA},"{CHN,NDE,USA}",1.0,,,,,,3.9351264411013887e-05,CHN
0.9,MIXED_NONUNIQUE,True,accept,USA,{CHN}+{NDE}+{USA},"{CHN,USA}+{NDE}",0.0,,,,,,-4.04921262697755e-06,
0.9,MIXED_NONUNIQUE,True,accept,USA,{CHN}+{NDE}+{USA},"{CHN}+{NDE,USA}",0.0,,,,,,-1.751370635805216e-05,
0.92,MIXED_NONUNIQUE,True,propose,CHN,"{CHN,NDE,USA}","{CHN,NDE,USA}",0.16413992526944568,True,1.0,0.16413992526944568,False,,,
0.92,MIXED_NONUNIQUE,True,propose,CHN,"{CHN,NDE,USA}","{CHN}+{NDE,USA}",0.8358600747305543,False,1.0,0.8358600747305543,True,,,
0.92,MIXED_NONUNIQUE,True,propose,CHN,"{CHN,NDE}+{USA}","{CHN,NDE}+{USA}",1.0,True,1.0,1.0,False,,,
0.92,MIXED_NONUNIQUE,True,propose,CHN,"{CHN,USA}+{NDE}","{CHN,NDE,USA}",0.6018516650704928,False,1.0,0.6018516650704928,False,"NDE,USA",,
0.92,MIXED_NONUNIQUE,True,propose,CHN,"{CHN,USA}+{NDE}","{CHN,USA}+{NDE}",0.3981483349295072,True,1.0,0.3981483349295072,False,,,
0.92,MIXED_NONUNIQUE,True,propose,CHN,"{CHN}+{NDE,USA}","{CHN,NDE,USA}",0.43122715332730716,False,1.0,0.43122715332730716,False,"NDE,USA",,
0.92,MIXED_NONUNIQUE,True,propose,CHN,"{CHN}+{NDE,USA}","{CHN}+{NDE,USA}",0.5687728466726929,True,1.0,0.5687728466726929,False,,,
0.92,MIXED_NONUNIQUE,True,propose,CHN,{CHN}+{NDE}+{USA},"{CHN,NDE,USA}",1.0,False,1.0,1.0,False,"NDE,USA",,
0.92,MIXED_NONUNIQUE,True,propose,NDE,"{CHN,NDE,USA}","{CHN,NDE,USA}",1.0,True,1.0,1.0,False,,,
0.92,MIXED_NONUNIQUE,True,propose,NDE,"{CHN,NDE}+{USA}","{CHN,NDE}+{USA}",1.0,True,1.0,1.0,False,,,
0.92,MIXED_NONUNIQUE,True,propose,NDE,"{CHN,USA}+{NDE}","{CHN,NDE,USA}",1.0,False,0.1495630507993551,0.1495630507993551,False,"CHN,USA",,
0.92,MIXED_NONUNIQUE,True,propose,NDE,"{CHN}+{NDE,USA}","{CHN,NDE,USA}",1.0,False,0.3476913642931089,0.3476913642931089,False,"CHN,USA",,
0.92,MIXED_NONUNIQUE,True,propose,NDE,{CHN}+{NDE}+{USA},"{CHN,NDE}+{USA}",1.0,False,1.0,1.0,False,CHN,,
0.92,MIXED_NONUNIQUE,True,propose,USA,"{CHN,NDE,USA}","{CHN,NDE}+{USA}",1.0,False,1.0,1.0,True,,,
0.92,MIXED_NONUNIQUE,True,propose,USA,"{CHN,NDE}+{USA}","{CHN,NDE}+{USA}",1.0,True,1.0,1.0,False,,,
0.92,MIXED_NONUNIQUE,True,propose,USA,"{CHN,USA}+{NDE}","{CHN,NDE,USA}",0.9615424316370698,False,0.1495630507993551,0.14381121954867052,False,"CHN,NDE",,
0.92,MIXED_NONUNIQUE,True,propose,USA,"{CHN,USA}+{NDE}",{CHN}+{NDE}+{USA},0.03845756836293024,False,1.0,0.03845756836293024,True,,,
0.92,MIXED_NONUNIQUE,True,propose,USA,"{CHN}+{NDE,USA}","{CHN,NDE,USA}",0.642359968381387,False,0.3476913642931089,0.22334301377380272,False,"CHN,NDE",,
0.92,MIXED_NONUNIQUE,True,propose,USA,"{CHN}+{NDE,USA}",{CHN}+{NDE}+{USA},0.357640031618613,False,1.0,0.357640031618613,True,,,
0.92,MIXED_NONUNIQUE,True,propose,USA,{CHN}+{NDE}+{USA},"{CHN,NDE}+{USA}",1.0,False,1.0,1.0,False,"CHN,NDE",,
0.92,MIXED_NONUNIQUE,True,accept,CHN,"{CHN,NDE,USA}","{CHN,NDE}+{USA}",0.0,,,,,,-0.00010351892587223688,
0.92,MIXED_NONUNIQUE,True,accept,CHN,"{CHN,NDE,USA}","{CHN,USA}+{NDE}",0.5000000000000004,,,,,,0.0,
0.92,MIXED_NONUNIQUE,True,accept,CHN,"{CHN,NDE,USA}","{CHN}+{NDE,USA}",0.4999999999999999,,,,,,0.0,
0.92,MIXED_NONUNIQUE,True,accept,CHN,"{CHN,NDE,USA}",{CHN}+{NDE}+{USA},0.0,,,,,,-0.00036486396937362997,
0.92,MIXED_NONUNIQUE,True,accept,CHN,"{CHN,NDE}+{USA}","{CHN,NDE,USA}",1.0,,,,,,0.00010351892587223688,
0.92,MIXED_NONUNIQUE,True,accept,CHN,"{CHN,NDE}+{USA}","{CHN,USA}+{NDE}",1.0,,,,,,0.00010351892587223688,
0.92,MIXED_NONUNIQUE,True,accept,CHN,"{CHN,NDE}+{USA}","{CHN}+{NDE,USA}",1.0,,,,,,0.00010351892587223688,
0.92,MIXED_NONUNIQUE,True,accept,CHN,"{CHN,NDE}+{USA}",{CHN}+{NDE}+{USA},0.0,,,,,,-0.0002613450435013931,
0.92,MIXED_NONUNIQUE,True,accept,CHN,"{CHN,USA}+{NDE}","{CHN,NDE,USA}",0.1495630507993551,,,,,,0.0,"NDE,USA"
0.92,MIXED_NONUNIQUE,True,accept,CHN,"{CHN,USA}+{NDE}","{CHN,NDE}+{USA}",0.0,,,,,,-0.00010351892587223688,
0.92,MIXED_NONUNIQUE,True,accept,CHN,"{CHN,USA}+{NDE}","{CHN}+{NDE,USA}",0.5,,,,,,0.0,
0.92,MIXED_NONUNIQUE,True,accept,CHN,"{CHN,USA}+{NDE}",{CHN}+{NDE}+{USA},0.0,,,,,,-0.00036486396937362997,
0.92,MIXED_NONUNIQUE,True,accept,CHN,"{CHN}+{NDE,USA}","{CHN,NDE,USA}",0.3476913642931089,,,,,,0.0,"NDE,USA"
0.92,MIXED_NONUNIQUE,True,accept,CHN,"{CHN}+{NDE,USA}","{CHN,NDE}+{USA}",0.0,,,,,,-0.00010351892587223688,
0.92,MIXED_NONUNIQUE,True,accept,CHN,"{CHN}+{NDE,USA}","{CHN,USA}+{NDE}",0.5,,,,,,0.0,
0.92,MIXED_NONUNIQUE,True,accept,CHN,{CHN}+{NDE}+{USA},"{CHN,NDE,USA}",1.0,,,,,,0.00036486396937362997,
0.92,MIXED_NONUNIQUE,True,accept,CHN,{CHN}+{NDE}+{USA},"{CHN,NDE}+{USA}",1.0,,,,,,0.0002613450435013931,"NDE,USA"
0.92,MIXED_NONUNIQUE,True,accept,CHN,{CHN}+{NDE}+{USA},"{CHN,USA}+{NDE}",1.0,,,,,,0.00036486396937362997,
0.92,MIXED_NONUNIQUE,True,accept,NDE,"{CHN,NDE,USA}","{CHN,NDE}+{USA}",1.0,,,,,,0.0001277759791058486,
0.92,MIXED_NONUNIQUE,True,accept,NDE,"{CHN,NDE,USA}","{CHN,USA}+{NDE}",0.0,,,,,,-0.000665481137996693,
0.92,MIXED_NONUNIQUE,True,accept,NDE,"{CHN,NDE,USA}","{CHN}+{NDE,USA}",0.0,,,,,,-8.395066808475349e-05,
0.92,MIXED_NONUNIQUE,True,accept,NDE,"{CHN,NDE,USA}",{CHN}+{NDE}+{USA},0.0,,,,,,-0.001182349755545431,
0.92,MIXED_NONUNIQUE,True,accept,NDE,"{CHN,NDE}+{USA}","{CHN,NDE,USA}",0.0,,,,,,-0.0001277759791058486,
0.92,MIXED_NONUNIQUE,True,accept,NDE,"{CHN,NDE}+{USA}","{CHN,USA}+{NDE}",0.0,,,,,,-0.0007932571171025415,
0.92,MIXED_NONUNIQUE,True,accept,NDE,"{CHN,NDE}+{USA}","{CHN}+{NDE,USA}",0.0,,,,,,-0.00021172664719060208,
0.92,MIXED_NONUNIQUE,True,accept,NDE,"{CHN,NDE}+{USA}",{CHN}+{NDE}+{USA},0.0,,,,,,-0.0013101257346512796,
0.92,MIXED_NONUNIQUE,True,accept,NDE,"{CHN,USA}+{NDE}","{CHN,NDE,USA}",1.0,,,,,,0.000665481137996693,"CHN,USA"
0.92,MIXED_NONUNIQUE,True,accept,NDE,"{CHN,USA}+{NDE}","{CHN,NDE}+{USA}",1.0,,,,,,0.0007932571171025415,
0.92,MIXED_NONUNIQUE,True,accept,NDE,"{CHN,USA}+{NDE}","{CHN}+{NDE,USA}",1.0,,,,,,0.0005815304699119395,
0.92,MIXED_NONUNIQUE,True,accept,NDE,"{CHN}+{NDE,USA}","{CHN,NDE,USA}",1.0,,,,,,8.395066808475349e-05,"CHN,USA"
0.92,MIXED_NONUNIQUE,True,accept,NDE,"{CHN}+{NDE,USA}","{CHN,NDE}+{USA}",1.0,,,,,,0.00021172664719060208,
0.92,MIXED_NONUNIQUE,True,accept,NDE,"{CHN}+{NDE,USA}","{CHN,USA}+{NDE}",0.0,,,,,,-0.0005815304699119395,
0.92,MIXED_NONUNIQUE,True,accept,NDE,"{CHN}+{NDE,USA}",{CHN}+{NDE}+{USA},0.0,,,,,,-0.0010983990874606775,
0.92,MIXED_NONUNIQUE,True,accept,NDE,{CHN}+{NDE}+{USA},"{CHN,NDE,USA}",1.0,,,,,,0.001182349755545431,CHN
0.92,MIXED_NONUNIQUE,True,accept,NDE,{CHN}+{NDE}+{USA},"{CHN,NDE}+{USA}",1.0,,,,,,0.0013101257346512796,USA
0.92,MIXED_NONUNIQUE,True,accept,NDE,{CHN}+{NDE}+{USA},"{CHN}+{NDE,USA}",1.0,,,,,,0.0010983990874606775,
0.92,MIXED_NONUNIQUE,True,accept,USA,"{CHN,NDE,USA}","{CHN,NDE}+{USA}",1.0,,,,,,6.999582241817848e-05,
0.92,MIXED_NONUNIQUE,True,accept,USA,"{CHN,NDE,USA}","{CHN,USA}+{NDE}",0.0,,,,,,-3.58637198227818e-05,
0.92,MIXED_NONUNIQUE,True,accept,USA,"{CHN,NDE,USA}","{CHN}+{NDE,USA}",0.0,,,,,,-4.675675102738808e-05,
0.92,MIXED_NONUNIQUE,True,accept,USA,"{CHN,NDE,USA}",{CHN}+{NDE}+{USA},0.0,,,,,,-3.049983247294108e-05,
0.92,MIXED_NONUNIQUE,True,accept,USA,"{CHN,NDE}+{USA}","{CHN,NDE,USA}",0.0,,,,,,-6.999582241817848e-05,
0.92,MIXED_NONUNIQUE,True,accept,USA,"{CHN,NDE}+{USA}","{CHN,USA}+{NDE}",0.0,,,,,,-0.00010585954224096028,
0.92,MIXED_NONUNIQUE,True,accept,USA,"{CHN,NDE}+{USA}","{CHN}+{NDE,USA}",0.0,,,,,,-0.00011675257344556655,
0.92,MIXED_NONUNIQUE,True,accept,USA,"{CHN,USA}+{NDE}","{CHN,NDE,USA}",1.0,,,,,,3.58637198227818e-05,"CHN,NDE"
0.92,MIXED_NONUNIQUE,True,accept,USA,"{CHN,USA}+{NDE}","{CHN,NDE}+{USA}",1.0,,,,,,0.00010585954224096028,
0.92,MIXED_NONUNIQUE,True,accept,USA,"{CHN,USA}+{NDE}","{CHN}+{NDE,USA}",0.0,,,,,,-1.0893031204606274e-05,
0.92,MIXED_NONUNIQUE,True,accept,USA,"{CHN,USA}+{NDE}",{CHN}+{NDE}+{USA},1.0,,,,,,5.3638873498407236e-06,
0.92,MIXED_NONUNIQUE,True,accept,USA,"{CHN}+{NDE,USA}","{CHN,NDE,USA}",1.0,,,,,,4.675675102738808e-05,"CHN,NDE"
0.92,MIXED_NONUNIQUE,True,accept,USA,"{CHN}+{NDE,USA}","{CHN,NDE}+{USA}",1.0,,,,,,0.00011675257344556655,
0.92,MIXED_NONUNIQUE,True,accept,USA,"{CHN}+{NDE,USA}","{CHN,USA}+{NDE}",1.0,,,,,,1.0893031204606274e-05,
0.92,MIXED_NONUNIQUE,True,accept,USA,"{CHN}+{NDE,USA}",{CHN}+{NDE}+{USA},1.0,,,,,,1.6256918554446997e-05,
0.92,MIXED_NONUNIQUE,True,accept,USA,{CHN}+{NDE}+{USA},"{CHN,NDE,USA}",1.0,,,,,,3.049983247294108e-05,CHN
0.92,MIXED_NONUNIQUE,True,accept,USA,{CHN}+{NDE}+{USA},"{CHN,USA}+{NDE}",0.0,,,,,,-5.3638873498407236e-06,
0.92,MIXED_NONUNIQUE,True,accept,USA,{CHN}+{NDE}+{USA},"{CHN}+{NDE,USA}",0.0,,,,,,-1.6256918554446997e-05,
0.94,MIXED_NONUNIQUE,True,propose,CHN,"{CHN,NDE,USA}","{CHN,NDE,USA}",0.21137549100419176,True,1.0,0.21137549100419176,False,,,
0.94,MIXED_NONUNIQUE,True,propose,CHN,"{CHN,NDE,USA}","{CHN}+{NDE,USA}",0.7886245089958083,False,1.0,0.7886245089958083,True,,,
0.94,MIXED_NONUNIQUE,True,propose,CHN,"{CHN,NDE}+{USA}","{CHN,NDE}+{USA}",1.0,True,1.0,1.0,False,,,
0.94,MIXED_NONUNIQUE,True,propose,CHN,"{CHN,USA}+{NDE}","{CHN,NDE,USA}",0.5902895294302174,False,1.0,0.5902895294302174,False,"NDE,USA",,
0.94,MIXED_NONUNIQUE,True,propose,CHN,"{CHN,USA}+{NDE}","{CHN,USA}+{NDE}",0.4097104705697826,True,1.0,0.4097104705697826,False,,,
0.94,MIXED_NONUNIQUE,True,propose,CHN,"{CHN}+{NDE,USA}","{CHN,NDE,USA}",0.4416276358699805,False,1.0,0.4416276358699805,False,"NDE,USA",,
0.94,MIXED_NONUNIQUE,True,propose,CHN,"{CHN}+{NDE,USA}","{CHN}+{NDE,USA}",0.5583723641300196,True,1.0,0.5583723641300196,False,,,
0.94,MIXED_NONUNIQUE,True,propose,CHN,{CHN}+{NDE}+{USA},"{CHN,NDE,USA}",1.0,False,1.0,1.0,False,"NDE,USA",,
0.94,MIXED_NONUNIQUE,True,propose,NDE,"{CHN,NDE,USA}","{CHN,NDE,USA}",1.0,True,1.0,1.0,False,,,
0.94,MIXED_NONUNIQUE,True,propose,NDE,"{CHN,NDE}+{USA}","{CHN,NDE}+{USA}",1.0,True,1.0,1.0,False,,,
0.94,MIXED_NONUNIQUE,True,propose,NDE,"{CHN,USA}+{NDE}","{CHN,NDE,USA}",1.0,False,0.2100624911169172,0.2100624911169172,False,"CHN,USA",,
0.94,MIXED_NONUNIQUE,True,propose,NDE,"{CHN}+{NDE,USA}","{CHN,NDE,USA}",1.0,False,0.3865560654241548,0.3865560654241548,False,"CHN,USA",,
0.94,MIXED_NONUNIQUE,True,propose,NDE,{CHN}+{NDE}+{USA},"{CHN,NDE}+{USA}",1.0,False,1.0,1.0,False,CHN,,
0.94,MIXED_NONUNIQUE,True,propose,USA,"{CHN,NDE,USA}","{CHN,NDE}+{USA}",1.0,False,1.0,1.0,True,,,
0.94,MIXED_NONUNIQUE,True,propose,USA,"{CHN,NDE}+{USA}","{CHN,NDE}+{USA}",1.0,True,1.0,1.0,False,,,
0.94,MIXED_NONUNIQUE,True,propose,USA,"{CHN,USA}+{NDE}","{CHN,NDE,USA}",0.9464625116760796,False,0.2100624911169172,0.1988162729514516,False,"CHN,NDE",,
0.94,MIXED_NONUNIQUE,True,propose,USA,"{CHN,USA}+{NDE}",{CHN}+{NDE}+{USA},0.05353748832392036,False,1.0,0.05353748832392036,True,,,
0.94,MIXED_NONUNIQUE,True,propose,USA,"{CHN}+{NDE,USA}","{CHN,NDE,USA}",0.6356458906142833,False,0.3865560654241548,0.24571277447889006,False,"CHN,NDE",,
0.94,MIXED_NONUNIQUE,True,propose,USA,"{CHN}+{NDE,USA}",{CHN}+{NDE}+{USA},0.36435410938571666,False,1.0,0.36435410938571666,True,,,
0.94,MIXED_NONUNIQUE,True,propose,USA,{CHN}+{NDE}+{USA},"{CHN,NDE}+{USA}",1.0,False,1.0,1.0,False,"CHN,NDE",,
0.94,MIXED_NONUNIQUE,True,accept,CHN,"{CHN,NDE,USA}","{CHN,NDE}+{USA}",0.0,,,,,,-8.041202277553339e-05,
0.94,MIXED_NONUNIQUE,True,accept,CHN,"{CHN,NDE,USA}","{CHN,USA}+{NDE}",0.5,,,,,,1.7763568394002505e-15,
0.94,MIXED_NONUNIQUE,True,accept,CHN,"{CHN,NDE,USA}","{CHN}+{NDE,USA}",0.5,,,,,,0.0,
0.94,MIXED_NONUNIQUE,True,accept,CHN,"{CHN,NDE,USA}",{CHN}+{NDE}+{USA},0.0,,,,,,-0.00027503439121545625,
0.94,MIXED_NONUNIQUE,True,accept,CHN,"{CHN,NDE}+{USA}","{CHN,NDE,USA}",1.0,,,,,,8.041202277553339e-05,
0.94,MIXED_NONUNIQUE,True,accept,CHN,"{CHN,NDE}+{USA}","{CHN,USA}+{NDE}",1.0,,,,,,8.041202277730974e-05,
0.94,MIXED_NONUNIQUE,True,accept,CHN,"{CHN,NDE}+{USA}","{CHN}+{NDE,USA}",1.0,,,,,,8.041202277553339e-05,
0.94,MIXED_NONUNIQUE,True,accept,CHN,"{CHN,NDE}+{USA}",{CHN}+{NDE}+{USA},0.0,,,,,,-0.00019462236843992287,
0.94,MIXED_NONUNIQUE,True,accept,CHN,"{CHN,USA}+{NDE}","{CHN,NDE,USA}",0.2100624911169172,,,,,,-1.7763568394002505e-15,"NDE,USA"
0.94,MIXED_NONUNIQUE,True,accept,CHN,"{CHN,USA}+{NDE}","{CHN,NDE}+{USA}",0.0,,,,,,-8.041202277730974e-05,
0.94,MIXED_NONUNIQUE,True,accept,CHN,"{CHN,USA}+{NDE}","{CHN}+{NDE,USA}",0.5,,,,,,-1.7763568394002505e-15,
0.94,MIXED_NONUNIQUE,True,accept,CHN,"{CHN,USA}+{NDE}",{CHN}+{NDE}+{USA},0.0,,,,,,-0.0002750343912172326,
0.94,MIXED_NONUNIQUE,True,accept,CHN,"{CHN}+{NDE,USA}","{CHN,NDE,USA}",0.3865560654241548,,,,,,0.0,"NDE,USA"
0.94,MIXED_NONUNIQUE,True,accept,CHN,"{CHN}+{NDE,USA}","{CHN,NDE}+{USA}",0.0,,,,,,-8.041202277553339e-05,
0.94,MIXED_NONUNIQUE,True,accept,CHN,"{CHN}+{NDE,USA}","{CHN,USA}+{NDE}",0.5,,,,,,1.7763568394002505e-15,
0.94,MIXED_NONUNIQUE,True,accept,CHN,{CHN}+{NDE}+{USA},"{CHN,NDE,USA}",1.0,,,,,,0.00027503439121545625,
0.94,MIXED_NONUNIQUE,True,accept,CHN,{CHN}+{NDE}+{USA},"{CHN,NDE}+{USA}",1.0,,,,,,0.00019462236843992287,"NDE,USA"
0.94,MIXED_NONUNIQUE,True,accept,CHN,{CHN}+{NDE}+{USA},"{CHN,USA}+{NDE}",1.0,,,,,,0.0002750343912172326,
0.94,MIXED_NONUNIQUE,True,accept,NDE,"{CHN,NDE,USA}","{CHN,NDE}+{USA}",1.0,,,,,,0.00010303265379718596,
0.94,MIXED_NONUNIQUE,True,accept,NDE,"{CHN,NDE,USA}","{CHN,USA}+{NDE}",0.0,,,,,,-0.00048395499724307456,
0.94,MIXED_NONUNIQUE,True,accept,NDE,"{CHN,NDE,USA}","{CHN}+{NDE,USA}",0.0,,,,,,-7.10224856561581e-05,
0.94,MIXED_NONUNIQUE,True,accept,NDE,"{CHN,NDE,USA}",{CHN}+{NDE}+{USA},0.0,,,,,,-0.0008824567368534986,
0.94,MIXED_NONUNIQUE,True,accept,NDE,"{CHN,NDE}+{USA}","{CHN,NDE,USA}",0.0,,,,,,-0.00010303265379718596,
0.94,MIXED_NONUNIQUE,True,accept,NDE,"{CHN,NDE}+{USA}","{CHN,USA}+{NDE}",0.0,,,,,,-0.0005869876510402605,
0.94,MIXED_NONUNIQUE,True,accept,NDE,"{CHN,NDE}+{USA}","{CHN}+{NDE,USA}",0.0,,,,,,-0.00017405513945334405,
0.94,MIXED_NONUNIQUE,True,accept,NDE,"{CHN,NDE}+{USA}",{CHN}+{NDE}+{USA},0.0,,,,,,-0.0009854893906506845,
0.94,MIXED_NONUNIQUE,True,accept,NDE,"{CHN,USA}+{NDE}","{CHN,NDE,USA}",1.0,,,,,,0.00048395499724307456,"CHN,USA"
0.94,MIXED_NONUNIQUE,True,accept,NDE,"{CHN,USA}+{NDE}","{CHN,NDE}+{USA}",1.0,,,,,,0.0005869876510402605,
0.94,MIXED_NONUNIQUE,True,accept,NDE,"{CHN,USA}+{NDE}","{CHN}+{NDE,USA}",1.0,,,,,,0.00041293251158691646,
0.94,MIXED_NONUNIQUE,True,accept,NDE,"{CHN}+{NDE,USA}","{CHN,NDE,USA}",1.0,,,,,,7.10224856561581e-05,"CHN,USA"
0.94,MIXED_NONUNIQUE,True,accept,NDE,"{CHN}+{NDE,USA}","{CHN,NDE}+{USA}",1.0,,,,,,0.00017405513945334405,
0.94,MIXED_NONUNIQUE,True,accept,NDE,"{CHN}+{NDE,USA}","{CHN,USA}+{NDE}",0.0,,,,,,-0.00041293251158691646,
0.94,MIXED_NONUNIQUE,True,accept,NDE,"{CHN}+{NDE,USA}",{CHN}+{NDE}+{USA},0.0,,,,,,-0.0008114342511973405,
0.94,MIXED_NONUNIQUE,True,accept,NDE,{CHN}+{NDE}+{USA},"{CHN,NDE,USA}",1.0,,,,,,0.0008824567368534986,CHN
0.94,MIXED_NONUNIQUE,True,accept,NDE,{CHN}+{NDE}+{USA},"{CHN,NDE}+{USA}",1.0,,,,,,0.0009854893906506845,USA
0.94,MIXED_NONUNIQUE,True,accept,NDE,{CHN}+{NDE}+{USA},"{CHN}+{NDE,USA}",1.0,,,,,,0.0008114342511973405,
0.94,MIXED_NONUNIQUE,True,accept,USA,"{CHN,NDE,USA}","{CHN,NDE}+{USA}",1.0,,,,,,5.413752769900526e-05,
0.94,MIXED_NONUNIQUE,True,accept,USA,"{CHN,NDE,USA}","{CHN,USA}+{NDE}",0.0,,,,,,-2.7974701894084575e-05,
0.94,MIXED_NONUNIQUE,True,accept,USA,"{CHN,NDE,USA}","{CHN}+{NDE,USA}",0.0,,,,,,-3.6023286041242386e-05,
0.94,MIXED_NONUNIQUE,True,accept,USA,"{CHN,NDE,USA}",{CHN}+{NDE}+{USA},0.0,,,,,,-2.209826632570966e-05,
0.94,MIXED_NONUNIQUE,True,accept,USA,"{CHN,NDE}+{USA}","{CHN,NDE,USA}",0.0,,,,,,-5.413752769900526e-05,
0.94,MIXED_NONUNIQUE,True,accept,USA,"{CHN,NDE}+{USA}","{CHN,USA}+{NDE}",0.0,,,,,,-8.211222959308984e-05,
0.94,MIXED_NONUNIQUE,True,accept,USA,"{CHN,NDE}+{USA}","{CHN}+{NDE,USA}",0.0,,,,,,-9.016081374024765e-05,
0.94,MIXED_NONUNIQUE,True,accept,USA,"{CHN,USA}+{NDE}","{CHN,NDE,USA}",1.0,,,,,,2.7974701894084575e-05,"CHN,NDE"
0.94,MIXED_NONUNIQUE,True,accept,USA,"{CHN,USA}+{NDE}","{CHN,NDE}+{USA}",1.0,,,,,,8.211222959308984e-05,
0.94,MIXED_NONUNIQUE,True,accept,USA,"{CHN,USA}+{NDE}","{CHN}+{NDE,USA}",0.0,,,,,,-8.048584147157811e-06,
0.94,MIXED_NONUNIQUE,True,accept,USA,"{CHN,USA}+{NDE}",{CHN}+{NDE}+{USA},1.0,,,,,,5.876435568374916e-06,
0.94,MIXED_NONUNIQUE,True,accept,USA,"{CHN}+{NDE,USA}","{CHN,NDE,USA}",1.0,,,,,,3.6023286041242386e-05,"CHN,NDE"
0.94,MIXED_NONUNIQUE,True,accept,USA,"{CHN}+{NDE,USA}","{CHN,NDE}+{USA}",1.0,,,,,,9.016081374024765e-05,
0.94,MIXED_NONUNIQUE,True,accept,USA,"{CHN}+{NDE,USA}","{CHN,USA}+{NDE}",1.0,,,,,,8.048584147157811e-06,
0.94,MIXED_NONUNIQUE,True,accept,USA,"{CHN}+{NDE,USA}",{CHN}+{NDE}+{USA},1.0,,,,,,1.3925019715532727e-05,
0.94,MIXED_NONUNIQUE,True,accept,USA,{CHN}+{NDE}+{USA},"{CHN,NDE,USA}",1.0,,,,,,2.209826632570966e-05,CHN
0.94,MIXED_NONUNIQUE,True,accept,USA,{CHN}+{NDE}+{USA},"{CHN,USA}+{NDE}",0.0,,,,,,-5.876435568374916e-06,
0.94,MIXED_NONUNIQUE,True,accept,USA,{CHN}+{NDE}+{USA},"{CHN}+{NDE,USA}",0.0,,,,,,-1.3925019715532727e-05,
0.95,MIXED_NONUNIQUE,True,propose,CHN,"{CHN,NDE,USA}","{CHN,NDE,USA}",0.23426652128950887,True,1.0,0.23426652128950887,False,,,
0.95,MIXED_NONUNIQUE,True,propose,CHN,"{CHN,NDE,USA}","{CHN}+{NDE,USA}",0.7657334787104911,False,1.0,0.7657334787104911,True,,,
0.95,MIXED_NONUNIQUE,True,propose,CHN,"{CHN,NDE}+{USA}","{CHN,NDE}+{USA}",1.0,True,1.0,1.0,False,,,
0.95,MIXED_NONUNIQUE,True,propose,CHN,"{CHN,USA}+{NDE}","{CHN,NDE,USA}",0.5855888594934678,False,1.0,0.5855888594934678,False,"NDE,USA",,
0.95,MIXED_NONUNIQUE,True,propose,CHN,"{CHN,USA}+{NDE}","{CHN,USA}+{NDE}",0.41441114050653216,True,1.0,0.41441114050653216,False,,,
0.95,MIXED_NONUNIQUE,True,propose,CHN,"{CHN}+{NDE,USA}","{CHN,NDE,USA}",0.4470122667254718,False,1.0,0.4470122667254718,False,"NDE,USA",,
0.95,MIXED_NONUNIQUE,True,propose,CHN,"{CHN}+{NDE,USA}","{CHN}+{NDE,USA}",0.5529877332745282,True,1.0,0.5529877332745282,False,,,
0.95,MIXED_NONUNIQUE,True,propose,CHN,{CHN}+{NDE}+{USA},"{CHN,NDE,USA}",1.0,False,1.0,1.0,False,"NDE,USA",,
0.95,MIXED_NONUNIQUE,True,propose,NDE,"{CHN,NDE,USA}","{CHN,NDE,USA}",1.0,True,1.0,1.0,False,,,
0.95,MIXED_NONUNIQUE,True,propose,NDE,"{CHN,NDE}+{USA}","{CHN,NDE}+{USA}",1.0,True,1.0,1.0,False,,,
0.95,MIXED_NONUNIQUE,True,propose,NDE,"{CHN,USA}+{NDE}","{CHN,NDE,USA}",1.0,False,0.23916350537203165,0.23916350537203165,False,"CHN,USA",,
0.95,MIXED_NONUNIQUE,True,propose,NDE,"{CHN}+{NDE,USA}","{CHN,NDE,USA}",1.0,False,0.405634198958867,0.405634198958867,False,"CHN,USA",,
0.95,MIXED_NONUNIQUE,True,propose,NDE,{CHN}+{NDE}+{USA},"{CHN,NDE}+{USA}",1.0,False,1.0,1.0,False,CHN,,
0.95,MIXED_NONUNIQUE,True,propose,USA,"{CHN,NDE,USA}","{CHN,NDE}+{USA}",1.0,False,1.0,1.0,True,,,
0.95,MIXED_NONUNIQUE,True,propose,USA,"{CHN,NDE}+{USA}","{CHN,NDE}+{USA}",1.0,True,1.0,1.0,False,,,
0.95,MIXED_NONUNIQUE,True,propose,USA,"{CHN,USA}+{NDE}","{CHN,NDE,USA}",0.9387953212301815,False,0.23916350537203165,0.2245255798522727,False,"CHN,NDE",,
0.95,MIXED_NONUNIQUE,True,propose,USA,"{CHN,USA}+{NDE}",{CHN}+{NDE}+{USA},0.0612046787698185,False,1.0,0.0612046787698185,True,,,
0.95,MIXED_NONUNIQUE,True,propose,USA,"{CHN}+{NDE,USA}","{CHN,NDE,USA}",0.6320657156921152,False,0.405634198958867,0.2563874702741341,False,"CHN,NDE",,
0.95,MIXED_NONUNIQUE,True,propose,USA,"{CHN}+{NDE,USA}",{CHN}+{NDE}+{USA},0.3679342843078848,False,1.0,0.3679342843078848,True,,,
0.95,MIXED_NONUNIQUE,True,propose,USA,{CHN}+{NDE}+{USA},"{CHN,NDE}+{USA}",1.0,False,1.0,1.0,False,"CHN,NDE",,
0.95,MIXED_NONUNIQUE,True,accept,CHN,"{CHN,NDE,USA}","{CHN,NDE}+{USA}",0.0,,,,,,-6.822838296116629e-05,
0.95,MIXED_NONUNIQUE,True,accept,CHN,"{CHN,NDE,USA}","{CHN,USA}+{NDE}",0.5000000000000001,,,,,,0.0,
0.95,MIXED_NONUNIQUE,True,accept,CHN,"{CHN,NDE,USA}","{CHN}+{NDE,USA}",0.5,,,,,,0.0,
0.95,MIXED_NONUNIQUE,True,accept,CHN,"{CHN,NDE,USA}",{CHN}+{NDE}+{USA},0.0,,,,,,-0.0002298045080042499,
0.95,MIXED_NONUNIQUE,True,accept,CHN,"{CHN,NDE}+{USA}","{CHN,NDE,USA}",1.0,,,,,,6.822838296116629e-05,
0.95,MIXED_NONUNIQUE,True,accept,CHN,"{CHN,NDE}+{USA}","{CHN,USA}+{NDE}",1.0,,,,,,6.822838296116629e-05,
0.95,MIXED_NONUNIQUE,True,accept,CHN,"{CHN,NDE}+{USA}","{CHN}+{NDE,USA}",1.0,,,,,,6.822838296116629e-05,
0.95,MIXED_NONUNIQUE,True,accept,CHN,"{CHN,NDE}+{USA}",{CHN}+{NDE}+{USA},0.0,,,,,,-0.0001615761250430836,
0.95,MIXED_NONUNIQUE,True,accept,CHN,"{CHN,USA}+{NDE}","{CHN,NDE,USA}",0.23916350537203165,,,,,,0.0,"NDE,USA"
0.95,MIXED_NONUNIQUE,True,accept,CHN,"{CHN,USA}+{NDE}","{CHN,NDE}+{USA}",0.0,,,,,,-6.822838296116629e-05,
0.95,MIXED_NONUNIQUE,True,accept,CHN,"{CHN,USA}+{NDE}","{CHN}+{NDE,USA}",0.5,,,,,,0.0,
0.95,MIXED_NONUNIQUE,True,accept,CHN,"{CHN,USA}+{NDE}",{CHN}+{NDE}+{USA},0.0,,,,,,-0.0002298045080042499,
0.95,MIXED_NONUNIQUE,True,accept,CHN,"{CHN}+{NDE,USA}","{CHN,NDE,USA}",0.405634198958867,,,,,,0.0,"NDE,USA"
0.95,MIXED_NONUNIQUE,True,accept,CHN,"{CHN}+{NDE,USA}","{CHN,NDE}+{USA}",0.0,,,,,,-6.822838296116629e-05,
0.95,MIXED_NONUNIQUE,True,accept,CHN,"{CHN}+{NDE,USA}","{CHN,USA}+{NDE}",0.5,,,,,,0.0,
0.95,MIXED_NONUNIQUE,True,accept,CHN,{CHN}+{NDE}+{USA},"{CHN,NDE,USA}",1.0,,,,,,0.0002298045080042499,
0.95,MIXED_NONUNIQUE,True,accept,CHN,{CHN}+{NDE}+{USA},"{CHN,NDE}+{USA}",1.0,,,,,,0.0001615761250430836,"NDE,USA"
0.95,MIXED_NONUNIQUE,True,accept,CHN,{CHN}+{NDE}+{USA},"{CHN,USA}+{NDE}",1.0,,,,,,0.0002298045080042499,
0.95,MIXED_NONUNIQUE,True,accept,NDE,"{CHN,NDE,USA}","{CHN,NDE}+{USA}",1.0,,,,,,8.897251825246144e-05,
0.95,MIXED_NONUNIQUE,True,accept,NDE,"{CHN,NDE,USA}","{CHN,USA}+{NDE}",0.0,,,,,,-0.00039787602915097864,
0.95,MIXED_NONUNIQUE,True,accept,NDE,"{CHN,NDE,USA}","{CHN}+{NDE,USA}",0.0,,,,,,-6.26582131530995e-05,
0.95,MIXED_NONUNIQUE,True,accept,NDE,"{CHN,NDE,USA}",{CHN}+{NDE}+{USA},0.0,,,,,,-0.0007335403006898389,
0.95,MIXED_NONUNIQUE,True,accept,NDE,"{CHN,NDE}+{USA}","{CHN,NDE,USA}",0.0,,,,,,-8.897251825246144e-05,
0.95,MIXED_NONUNIQUE,True,accept,NDE,"{CHN,NDE}+{USA}","{CHN,USA}+{NDE}",0.0,,,,,,-0.0004868485474034401,
0.95,MIXED_NONUNIQUE,True,accept,NDE,"{CHN,NDE}+{USA}","{CHN}+{NDE,USA}",0.0,,,,,,-0.00015163073140556094,
0.95,MIXED_NONUNIQUE,True,accept,NDE,"{CHN,NDE}+{USA}",{CHN}+{NDE}+{USA},0.0,,,,,,-0.0008225128189423003,
0.95,MIXED_NONUNIQUE,True,accept,NDE,"{CHN,USA}+{NDE}","{CHN,NDE,USA}",1.0,,,,,,0.00039787602915097864,"CHN,USA"
0.95,MIXED_NONUNIQUE,True,accept,NDE,"{CHN,USA}+{NDE}","{CHN,NDE}+{USA}",1.0,,,,,,0.0004868485474034401,
0.95,MIXED_NONUNIQUE,True,accept,NDE,"{CHN,USA}+{NDE}","{CHN}+{NDE,USA}",1.0,,,,,,0.00033521781599787914,
0.95,MIXED_NONUNIQUE,True,accept,NDE,"{CHN}+{NDE,USA}","{CHN,NDE,USA}",1.0,,,,,,6.26582131530995e-05,"CHN,USA"
0.95,MIXED_NONUNIQUE,True,accept,NDE,"{CHN}+{NDE,USA}","{CHN,NDE}+{USA}",1.0,,,,,,0.00015163073140556094,
0.95,MIXED_NONUNIQUE,True,accept,NDE,"{CHN}+{NDE,USA}","{CHN,USA}+{NDE}",0.0,,,,,,-0.00033521781599787914,
0.95,MIXED_NONUNIQUE,True,accept,NDE,"{CHN}+{NDE,USA}",{CHN}+{NDE}+{USA},0.0,,,,,,-0.0006708820875367394,
0.95,MIXED_NONUNIQUE,True,accept,NDE,{CHN}+{NDE}+{USA},"{CHN,NDE,USA}",1.0,,,,,,0.0007335403006898389,CHN
0.95,MIXED_NONUNIQUE,True,accept,NDE,{CHN}+{NDE}+{USA},"{CHN,NDE}+{USA}",1.0,,,,,,0.0008225128189423003,USA
0.95,MIXED_NONUNIQUE,True,accept,NDE,{CHN}+{NDE}+{USA},"{CHN}+{NDE,USA}",1.0,,,,,,0.0006708820875367394,
0.95,MIXED_NONUNIQUE,True,accept,USA,"{CHN,NDE,USA}","{CHN,NDE}+{USA}",1.0,,,,,,4.5822757130498104e-05,
0.95,MIXED_NONUNIQUE,True,accept,USA,"{CHN,NDE,USA}","{CHN,USA}+{NDE}",0.0,,,,,,-2.3765554226784502e-05,
0.95,MIXED_NONUNIQUE,True,accept,USA,"{CHN,NDE,USA}","{CHN}+{NDE,USA}",0.0,,,,,,-3.0421839444905174e-05,
0.95,MIXED_NONUNIQUE,True,accept,USA,"{CHN,NDE,USA}",{CHN}+{NDE}+{USA},0.0,,,,,,-1.808170097072903e-05,
0.95,MIXED_NONUNIQUE,True,accept,USA,"{CHN,NDE}+{USA}","{CHN,NDE,USA}",0.0,,,,,,-4.5822757130498104e-05,
0.95,MIXED_NONUNIQUE,True,accept,USA,"{CHN,NDE}+{USA}","{CHN,USA}+{NDE}",0.0,,,,,,-6.95883113572826e-05,
0.95,MIXED_NONUNIQUE,True,accept,USA,"{CHN,NDE}+{USA}","{CHN}+{NDE,USA}",0.0,,,,,,-7.624459657540328e-05,
0.95,MIXED_NONUNIQUE,True,accept,USA,"{CHN,USA}+{NDE}","{CHN,NDE,USA}",1.0,,,,,,2.3765554226784502e-05,"CHN,NDE"
0.95,MIXED_NONUNIQUE,True,accept,USA,"{CHN,USA}+{NDE}","{CHN,NDE}+{USA}",1.0,,,,,,6.95883113572826e-05,
0.95,MIXED_NONUNIQUE,True,accept,USA,"{CHN,USA}+{NDE}","{CHN}+{NDE,USA}",0.0,,,,,,-6.656285218120672e-06,
0.95,MIXED_NONUNIQUE,True,accept,USA,"{CHN,USA}+{NDE}",{CHN}+{NDE}+{USA},1.0,,,,,,5.683853256055471e-06,
0.95,MIXED_NONUNIQUE,True,accept,USA,"{CHN}+{NDE,USA}","{CHN,NDE,USA}",1.0,,,,,,3.0421839444905174e-05,"CHN,NDE"
0.95,MIXED_NONUNIQUE,True,accept,USA,"{CHN}+{NDE,USA}","{CHN,NDE}+{USA}",1.0,,,,,,7.624459657540328e-05,
0.95,MIXED_NONUNIQUE,True,accept,USA,"{CHN}+{NDE,USA}","{CHN,USA}+{NDE}",1.0,,,,,,6.656285218120672e-06,
0.95,MIXED_NONUNIQUE,True,accept,USA,"{CHN}+{NDE,USA}",{CHN}+{NDE}+{USA},1.0,,,,,,1.2340138474176143e-05,
0.95,MIXED_NONUNIQUE,True,accept,USA,{CHN}+{NDE}+{USA},"{CHN,NDE,USA}",1.0,,,,,,1.808170097072903e-05,CHN
0.95,MIXED_NONUNIQUE,True,accept,USA,{CHN}+{NDE}+{USA},"{CHN,USA}+{NDE}",0.0,,,,,,-5.683853256055471e-06,
0.95,MIXED_NONUNIQUE,True,accept,USA,{CHN}+{NDE}+{USA},"{CHN}+{NDE,USA}",0.0,,,,,,-1.2340138474176143e-05,
0.96,MIXED_NONUNIQUE,True,propose,CHN,"{CHN,NDE,USA}","{CHN,NDE,USA}",0.2566604432649944,True,1.0,0.2566604432649944,False,,,
0.96,MIXED_NONUNIQUE,True,propose,CHN,"{CHN,NDE,USA}","{CHN}+{NDE,USA}",0.7433395567350056,False,1.0,0.7433395567350056,True,,,
0.96,MIXED_NONUNIQUE,True,propose,CHN,"{CHN,NDE}+{USA}","{CHN,NDE}+{USA}",1.0,True,1.0,1.0,False,,,
0.96,MIXED_NONUNIQUE,True,propose,CHN,"{CHN,USA}+{NDE}","{CHN,NDE,USA}",0.5815984723806897,False,1.0,0.5815984723806897,False,"NDE,USA",,
0.96,MIXED_NONUNIQUE,True,propose,CHN,"{CHN,USA}+{NDE}","{CHN,USA}+{NDE}",0.41840152761931027,True,1.0,0.41840152761931027,False,,,
0.96,MIXED_NONUNIQUE,True,propose,CHN,"{CHN}+{NDE,USA}","{CHN,NDE,USA}",0.45252872940702304,False,1.0,0.45252872940702304,False,"NDE,USA",,
0.96,MIXED_NONUNIQUE,True,propose,CHN,"{CHN}+{NDE,USA}","{CHN}+{NDE,USA}",0.547471270592977,True,1.0,0.547471270592977,False,,,
0.96,MIXED_NONUNIQUE,True,propose,CHN,{CHN}+{NDE}+{USA},"{CHN,NDE,USA}",1.0,False,1.0,1.0,False,"NDE,USA",,
0.96,MIXED_NONUNIQUE,True,propose,NDE,"{CHN,NDE,USA}","{CHN,NDE,USA}",1.0,True,1.0,1.0,False,,,
0.96,MIXED_NONUNIQUE,True,propose,NDE,"{CHN,NDE}+{USA}","{CHN,NDE}+{USA}",1.0,True,1.0,1.0,False,,,
0.96,MIXED_NONUNIQUE,True,propose,NDE,"{CHN,USA}+{NDE}","{CHN,NDE,USA}",1.0,False,0.2675561589039993,0.2675561589039993,False,"CHN,USA",,
0.96,MIXED_NONUNIQUE,True,propose,NDE,"{CHN}+{NDE,USA}","{CHN,NDE,USA}",1.0,False,0.4245009808334415,0.4245009808334415,False,"CHN,USA",,
0.96,MIXED_NONUNIQUE,True,propose,NDE,{CHN}+{NDE}+{USA},"{CHN,NDE}+{USA}",1.0,False,1.0,1.0,False,CHN,,
0.96,MIXED_NONUNIQUE,True,propose,USA,"{CHN,NDE,USA}","{CHN,NDE}+{USA}",1.0,False,1.0,1.0,True,,,
0.96,MIXED_NONUNIQUE,True,propose,USA,"{CHN,NDE}+{USA}","{CHN,NDE}+{USA}",1.0,True,1.0,1.0,False,,,
0.96,MIXED_NONUNIQUE,True,propose,USA,"{CHN,USA}+{NDE}","{CHN,NDE,USA}",0.9310316833556135,False,0.2675561589039993,0.2491032610165525,False,"CHN,NDE",,
0.96,MIXED_NONUNIQUE,True,propose,USA,"{CHN,USA}+{NDE}",{CHN}+{NDE}+{USA},0.06896831664438652,False,1.0,0.06896831664438652,True,,,
0.96,MIXED_NONUNIQUE,True,propose,USA,"{CHN}+{NDE,USA}","{CHN,NDE,USA}",0.6283293220705797,False,0.4245009808334415,0.26672641350537246,False,"CHN,NDE",,
0.96,MIXED_NONUNIQUE,True,propose,USA,"{CHN}+{NDE,USA}",{CHN}+{NDE}+{USA},0.3716706779294203,False,1.0,0.3716706779294203,True,,,
0.96,MIXED_NONUNIQUE,True,propose,USA,{CHN}+{NDE}+{USA},"{CHN,NDE}+{USA}",1.0,False,1.0,1.0,False,"CHN,NDE",,
0.96,MIXED_NONUNIQUE,True,accept,CHN,"{CHN,NDE,USA}","{CHN,NDE}+{USA}",0.0,,,,,,-5.559349722794593e-05,
0.96,MIXED_NONUNIQUE,True,accept,CHN,"{CHN,NDE,USA}","{CHN,USA}+{NDE}",0.4999999999999996,,,,,,0.0,
0.96,MIXED_NONUNIQUE,True,accept,CHN,"{CHN,NDE,USA}","{CHN}+{NDE,USA}",0.5,,,,,,0.0,
0.96,MIXED_NONUNIQUE,True,accept,CHN,"{CHN,NDE,USA}",{CHN}+{NDE}+{USA},0.0,,,,,,-0.00018434900183272873,
0.96,MIXED_NONUNIQUE,True,accept,CHN,"{CHN,NDE}+{USA}","{CHN,NDE,USA}",1.0,,,,,,5.559349722794593e-05,
0.96,MIXED_NONUNIQUE,True,accept,CHN,"{CHN,NDE}+{USA}","{CHN,USA}+{NDE}",1.0,,,,,,5.559349722794593e-05,
0.96,MIXED_NONUNIQUE,True,accept,CHN,"{CHN,NDE}+{USA}","{CHN}+{NDE,USA}",1.0,,,,,,5.559349722794593e-05,
0.96,MIXED_NONUNIQUE,True,accept,CHN,"{CHN,NDE}+{USA}",{CHN}+{NDE}+{USA},0.0,,,,,,-0.0001287555046047828,
0.96,MIXED_NONUNIQUE,True,accept,CHN,"{CHN,USA}+{NDE}","{CHN,NDE,USA}",0.2675561589039993,,,,,,0.0,"NDE,USA"
0.96,MIXED_NONUNIQUE,True,accept,CHN,"{CHN,USA}+{NDE}","{CHN,NDE}+{USA}",0.0,,,,,,-5.559349722794593e-05,
0.96,MIXED_NONUNIQUE,True,accept,CHN,"{CHN,USA}+{NDE}","{CHN}+{NDE,USA}",0.5,,,,,,0.0,
0.96,MIXED_NONUNIQUE,True,accept,CHN,"{CHN,USA}+{NDE}",{CHN}+{NDE}+{USA},0.0,,,,,,-0.00018434900183272873,
0.96,MIXED_NONUNIQUE,True,accept,CHN,"{CHN}+{NDE,USA}","{CHN,NDE,USA}",0.4245009808334415,,,,,,0.0,"NDE,USA"
0.96,MIXED_NONUNIQUE,True,accept,CHN,"{CHN}+{NDE,USA}","{CHN,NDE}+{USA}",0.0,,,,,,-5.559349722794593e-05,
0.96,MIXED_NONUNIQUE,True,accept,CHN,"{CHN}+{NDE,USA}","{CHN,USA}+{NDE}",0.5,,,,,,0.0,
0.96,MIXED_NONUNIQUE,True,accept,CHN,{CHN}+{NDE}+{USA},"{CHN,NDE,USA}",1.0,,,,,,0.00018434900183272873,
0.96,MIXED_NONUNIQUE,True,accept,CHN,{CHN}+{NDE}+{USA},"{CHN,NDE}+{USA}",1.0,,,,,,0.0001287555046047828,"NDE,USA"
0.96,MIXED_NONUNIQUE,True,accept,CHN,{CHN}+{NDE}+{USA},"{CHN,USA}+{NDE}",1.0,,,,,,0.00018434900183272873,
0.96,MIXED_NONUNIQUE,True,accept,NDE,"{CHN,NDE,USA}","{CHN,NDE}+{USA}",1.0,,,,,,7.372983489517537e-05,
0.96,MIXED_NONUNIQUE,True,accept,NDE,"{CHN,NDE,USA}","{CHN,USA}+{NDE}",0.0,,,,,,-0.00031438163866326363,
0.96,MIXED_NONUNIQUE,True,accept,NDE,"{CHN,NDE,USA}","{CHN}+{NDE,USA}",0.0,,,,,,-5.2965951155670155e-05,
0.96,MIXED_NONUNIQUE,True,accept,NDE,"{CHN,NDE,USA}",{CHN}+{NDE}+{USA},0.0,,,,,,-0.0005853342628014957,
0.96,MIXED_NONUNIQUE,True,accept,NDE,"{CHN,NDE}+{USA}","{CHN,NDE,USA}",0.0,,,,,,-7.372983489517537e-05,
0.96,MIXED_NONUNIQUE,True,accept,NDE,"{CHN,NDE}+{USA}","{CHN,USA}+{NDE}",0.0,,,,,,-0.000388111473558439,
0.96,MIXED_NONUNIQUE,True,accept,NDE,"{CHN,NDE}+{USA}","{CHN}+{NDE,USA}",0.0,,,,,,-0.00012669578605084553,
0.96,MIXED_NONUNIQUE,True,accept,NDE,"{CHN,NDE}+{USA}",{CHN}+{NDE}+{USA},0.0,,,,,,-0.0006590640976966711,
0.96,MIXED_NONUNIQUE,True,accept,NDE,"{CHN,USA}+{NDE}","{CHN,NDE,USA}",1.0,,,,,,0.00031438163866326363,"CHN,USA"
0.96,MIXED_NONUNIQUE,True,accept,NDE,"{CHN,USA}+{NDE}","{CHN,NDE}+{USA}",1.0,,,,,,0.000388111473558439,
0.96,MIXED_NONUNIQUE,True,accept,NDE,"{CHN,USA}+{NDE}","{CHN}+{NDE,USA}",1.0,,,,,,0.0002614156875075935,
0.96,MIXED_NONUNIQUE,True,accept,NDE,"{CHN}+{NDE,USA}","{CHN,NDE,USA}",1.0,,,,,,5.2965951155670155e-05,"CHN,USA"
0.96,MIXED_NONUNIQUE,True,accept,NDE,"{CHN}+{NDE,USA}","{CHN,NDE}+{USA}",1.0,,,,,,0.00012669578605084553,
0.96,MIXED_NONUNIQUE,True,accept,NDE,"{CHN}+{NDE,USA}","{CHN,USA}+{NDE}",0.0,,,,,,-0.0002614156875075935,
0.96,MIXED_NONUNIQUE,True,accept,NDE,"{CHN}+{NDE,USA}",{CHN}+{NDE}+{USA},0.0,,,,,,-0.0005323683116458255,
0.96,MIXED_NONUNIQUE,True,accept,NDE,{CHN}+{NDE}+{USA},"{CHN,NDE,USA}",1.0,,,,,,0.0005853342628014957,CHN
0.96,MIXED_NONUNIQUE,True,accept,NDE,{CHN}+{NDE}+{USA},"{CHN,NDE}+{USA}",1.0,,,,,,0.0006590640976966711,USA
0.96,MIXED_NONUNIQUE,True,accept,NDE,{CHN}+{NDE}+{USA},"{CHN}+{NDE,USA}",1.0,,,,,,0.0005323683116458255,
0.96,MIXED_NONUNIQUE,True,accept,USA,"{CHN,NDE,USA}","{CHN,NDE}+{USA}",1.0,,,,,,3.7239112654852136e-05,
0.96,MIXED_NONUNIQUE,True,accept,USA,"{CHN,NDE,USA}","{CHN,USA}+{NDE}",0.0,,,,,,-1.9376964175421563e-05,
0.96,MIXED_NONUNIQUE,True,accept,USA,"{CHN,NDE,USA}","{CHN}+{NDE,USA}",0.0,,,,,,-2.4661272385984034e-05,
0.96,MIXED_NONUNIQUE,True,accept,USA,"{CHN,NDE,USA}",{CHN}+{NDE}+{USA},0.0,,,,,,-1.4192538069668359e-05,
0.96,MIXED_NONUNIQUE,True,accept,USA,"{CHN,NDE}+{USA}","{CHN,NDE,USA}",0.0,,,,,,-3.7239112654852136e-05,
0.96,MIXED_NONUNIQUE,True,accept,USA,"{CHN,NDE}+{USA}","{CHN,USA}+{NDE}",0.0,,,,,,-5.66160768302737e-05,
0.96,MIXED_NONUNIQUE,True,accept,USA,"{CHN,NDE}+{USA}","{CHN}+{NDE,USA}",0.0,,,,,,-6.190038504083617e-05,
0.96,MIXED_NONUNIQUE,True,accept,USA,"{CHN,USA}+{NDE}","{CHN,NDE,USA}",1.0,,,,,,1.9376964175421563e-05,"CHN,NDE"
0.96,MIXED_NONUNIQUE,True,accept,USA,"{CHN,USA}+{NDE}","{CHN,NDE}+{USA}",1.0,,,,,,5.66160768302737e-05,
0.96,MIXED_NONUNIQUE,True,accept,USA,"{CHN,USA}+{NDE}","{CHN}+{NDE,USA}",0.0,,,,,,-5.284308210562472e-06,
0.96,MIXED_NONUNIQUE,True,accept,USA,"{CHN,USA}+{NDE}",{CHN}+{NDE}+{USA},1.0,,,,,,5.184426105753204e-06,
0.96,MIXED_NONUNIQUE,True,accept,USA,"{CHN}+{NDE,USA}","{CHN,NDE,USA}",1.0,,,,,,2.4661272385984034e-05,"CHN,NDE"
0.96,MIXED_NONUNIQUE,True,accept,USA,"{CHN}+{NDE,USA}","{CHN,NDE}+{USA}",1.0,,,,,,6.190038504083617e-05,
0.96,MIXED_NONUNIQUE,True,accept,USA,"{CHN}+{NDE,USA}","{CHN,USA}+{NDE}",1.0,,,,,,5.284308210562472e-06,
0.96,MIXED_NONUNIQUE,True,accept,USA,"{CHN}+{NDE,USA}",{CHN}+{NDE}+{USA},1.0,,,,,,1.0468734316315675e-05,
0.96,MIXED_NONUNIQUE,True,accept,USA,{CHN}+{NDE}+{USA},"{CHN,NDE,USA}",1.0,,,,,,1.4192538069668359e-05,CHN
0.96,MIXED_NONUNIQUE,True,accept,USA,{CHN}+{NDE}+{USA},"{CHN,USA}+{NDE}",0.0,,,,,,-5.184426105753204e-06,
0.96,MIXED_NONUNIQUE,True,accept,USA,{CHN}+{NDE}+{USA},"{CHN}+{NDE,USA}",0.0,,,,,,-1.0468734316315675e-05,
0.97,MIXED_NONUNIQUE,True,propose,CHN,"{CHN,NDE,USA}","{CHN,NDE,USA}",0.2785669098098173,True,1.0,0.2785669098098173,False,,,
0.97,MIXED_NONUNIQUE,True,propose,CHN,"{CHN,NDE,USA}","{CHN}+{NDE,USA}",0.7214330901901826,False,1.0,0.7214330901901826,True,,,
0.97,MIXED_NONUNIQUE,True,propose,CHN,"{CHN,NDE}+{USA}","{CHN,NDE}+{USA}",1.0,True,1.0,1.0,False,,,
0.97,MIXED_NONUNIQUE,True,propose,CHN,"{CHN,USA}+{NDE}","{CHN,NDE,USA}",0.5783050420580312,False,1.0,0.5783050420580312,False,"NDE,USA",,
0.97,MIXED_NONUNIQUE,True,propose,CHN,"{CHN,USA}+{NDE}","{CHN,USA}+{NDE}",0.42169495794196876,True,1.0,0.42169495794196876,False,,,
0.97,MIXED_NONUNIQUE,True,propose,CHN,"{CHN}+{NDE,USA}","{CHN,NDE,USA}",0.45818661554913925,False,1.0,0.45818661554913925,False,"NDE,USA",,
0.97,MIXED_NONUNIQUE,True,propose,CHN,"{CHN}+{NDE,USA}","{CHN}+{NDE,USA}",0.5418133844508608,True,1.0,0.5418133844508608,False,,,
0.97,MIXED_NONUNIQUE,True,propose,CHN,{CHN}+{NDE}+{USA},"{CHN,NDE,USA}",1.0,False,1.0,1.0,False,"NDE,USA",,
0.97,MIXED_NONUNIQUE,True,propose,NDE,"{CHN,NDE,USA}","{CHN,NDE,USA}",1.0,True,1.0,1.0,False,,,
0.97,MIXED_NONUNIQUE,True,propose,NDE,"{CHN,NDE}+{USA}","{CHN,NDE}+{USA}",1.0,True,1.0,1.0,False,,,
0.97,MIXED_NONUNIQUE,True,propose,NDE,"{CHN,USA}+{NDE}","{CHN,NDE,USA}",1.0,False,0.2952820845060138,0.2952820845060138,False,"CHN,USA",,
0.97,MIXED_NONUNIQUE,True,propose,NDE,"{CHN}+{NDE,USA}","{CHN,NDE,USA}",1.0,False,0.4431717798546086,0.4431717798546086,False,"CHN,USA",,
0.97,MIXED_NONUNIQUE,True,propose,NDE,{CHN}+{NDE}+{USA},"{CHN,NDE}+{USA}",1.0,False,1.0,1.0,False,CHN,,
0.97,MIXED_NONUNIQUE,True,propose,USA,"{CHN,NDE,USA}","{CHN,NDE}+{USA}",1.0,False,1.0,1.0,True,,,
0.97,MIXED_NONUNIQUE,True,propose,USA,"{CHN,NDE}+{USA}","{CHN,NDE}+{USA}",1.0,True,1.0,1.0,False,,,
0.97,MIXED_NONUNIQUE,True,propose,USA,"{CHN,USA}+{NDE}","{CHN,NDE,USA}",0.923162428176393,False,0.2952820845060138,0.27259332612955856,False,"CHN,NDE",,
0.97,MIXED_NONUNIQUE,True,propose,USA,"{CHN,USA}+{NDE}",{CHN}+{NDE}+{USA},0.07683757182360695,False,1.0,0.07683757182360695,True,,,
0.97,MIXED_NONUNIQUE,True,propose,USA,"{CHN}+{NDE,USA}","{CHN,NDE,USA}",0.6244305922143053,False,0.4431717798546086,0.276730016947281,False,"CHN,NDE",,
0.97,MIXED_NONUNIQUE,True,propose,USA,"{CHN}+{NDE,USA}",{CHN}+{NDE}+{USA},0.3755694077856947,False,1.0,0.3755694077856947,True,,,
0.97,MIXED_NONUNIQUE,True,propose,USA,{CHN}+{NDE}+{USA},"{CHN,NDE}+{USA}",1.0,False,1.0,1.0,False,"CHN,NDE",,
0.97,MIXED_NONUNIQUE,True,accept,CHN,"{CHN,NDE,USA}","{CHN,NDE}+{USA}",0.0,,,,,,-4.2481823353313075e-05,
0.97,MIXED_NONUNIQUE,True,accept,CHN,"{CHN,NDE,USA}","{CHN,USA}+{NDE}",0.5000000000000006,,,,,,0.0,
0.97,MIXED_NONUNIQUE,True,accept,CHN,"{CHN,NDE,USA}","{CHN}+{NDE,USA}",0.5,,,,,,0.0,
0.97,MIXED_NONUNIQUE,True,accept,CHN,"{CHN,NDE,USA}",{CHN}+{NDE}+{USA},0.0,,,,,,-0.00013865510159050132,
0.97,MIXED_NONUNIQUE,True,accept,CHN,"{CHN,NDE}+{USA}","{CHN,NDE,USA}",1.0,,,,,,4.2481823353313075e-05,
0.97,MIXED_NONUNIQUE,True,accept,CHN,"{CHN,NDE}+{USA}","{CHN,USA}+{NDE}",1.0,,,,,,4.2481823353313075e-05,
0.97,MIXED_NONUNIQUE,True,accept,CHN,"{CHN,NDE}+{USA}","{CHN}+{NDE,USA}",1.0,,,,,,4.2481823353313075e-05,
0.97,MIXED_NONUNIQUE,True,accept,CHN,"{CHN,NDE}+{USA}",{CHN}+{NDE}+{USA},0.0,,,,,,-9.617327823718824e-05,
0.97,MIXED_NONUNIQUE,True,accept,CHN,"{CHN,USA}+{NDE}","{CHN,NDE,USA}",0.2952820845060138,,,,,,0.0,"NDE,USA"
0.97,MIXED_NONUNIQUE,True,accept,CHN,"{CHN,USA}+{NDE}","{CHN,NDE}+{USA}",0.0,,,,,,-4.2481823353313075e-05,
0.97,MIXED_NONUNIQUE,True,accept,CHN,"{CHN,USA}+{NDE}","{CHN}+{NDE,USA}",0.5,,,,,,0.0,
0.97,MIXED_NONUNIQUE,True,accept,CHN,"{CHN,USA}+{NDE}",{CHN}+{NDE}+{USA},0.0,,,,,,-0.00013865510159050132,
0.97,MIXED_NONUNIQUE,True,accept,CHN,"{CHN}+{NDE,USA}","{CHN,NDE,USA}",0.4431717798546086,,,,,,0.0,"NDE,USA"
0.97,MIXED_NONUNIQUE,True,accept,CHN,"{CHN}+{NDE,USA}","{CHN,NDE}+{USA}",0.0,,,,,,-4.2481823353313075e-05,
0.97,MIXED_NONUNIQUE,True,accept,CHN,"{CHN}+{NDE,USA}","{CHN,USA}+{NDE}",0.5,,,,,,0.0,
0.97,MIXED_NONUNIQUE,True,accept,CHN,{CHN}+{NDE}+{USA},"{CHN,NDE,USA}",1.0,,,,,,0.00013865510159050132,
0.97,MIXED_NONUNIQUE,True,accept,CHN,{CHN}+{NDE}+{USA},"{CHN,NDE}+{USA}",1.0,,,,,,9.617327823718824e-05,"NDE,USA"
0.97,MIXED_NONUNIQUE,True,accept,CHN,{CHN}+{NDE}+{USA},"{CHN,USA}+{NDE}",1.0,,,,,,0.00013865510159050132,
0.97,MIXED_NONUNIQUE,True,accept,NDE,"{CHN,NDE,USA}","{CHN,NDE}+{USA}",1.0,,,,,,5.725916333787495e-05,
0.97,MIXED_NONUNIQUE,True,accept,NDE,"{CHN,NDE,USA}","{CHN,USA}+{NDE}",0.0,,,,,,-0.0002331317651815823,
0.97,MIXED_NONUNIQUE,True,accept,NDE,"{CHN,NDE,USA}","{CHN}+{NDE,USA}",0.0,,,,,,-4.1899937382794405e-05,
0.97,MIXED_NONUNIQUE,True,accept,NDE,"{CHN,NDE,USA}",{CHN}+{NDE}+{USA},0.0,,,,,,-0.00043785754570535573,
0.97,MIXED_NONUNIQUE,True,accept,NDE,"{CHN,NDE}+{USA}","{CHN,NDE,USA}",0.0,,,,,,-5.725916333787495e-05,
0.97,MIXED_NONUNIQUE,True,accept,NDE,"{CHN,NDE}+{USA}","{CHN,USA}+{NDE}",0.0,,,,,,-0.00029039092851945725,
0.97,MIXED_NONUNIQUE,True,accept,NDE,"{CHN,NDE}+{USA}","{CHN}+{NDE,USA}",0.0,,,,,,-9.915910072066936e-05,
0.97,MIXED_NONUNIQUE,True,accept,NDE,"{CHN,NDE}+{USA}",{CHN}+{NDE}+{USA},0.0,,,,,,-0.0004951167090432307,
0.97,MIXED_NONUNIQUE,True,accept,NDE,"{CHN,USA}+{NDE}","{CHN,NDE,USA}",1.0,,,,,,0.0002331317651815823,"CHN,USA"
0.97,MIXED_NONUNIQUE,True,accept,NDE,"{CHN,USA}+{NDE}","{CHN,NDE}+{USA}",1.0,,,,,,0.00029039092851945725,
0.97,MIXED_NONUNIQUE,True,accept,NDE,"{CHN,USA}+{NDE}","{CHN}+{NDE,USA}",1.0,,,,,,0.0001912318277987879,
0.97,MIXED_NONUNIQUE,True,accept,NDE,"{CHN}+{NDE,USA}","{CHN,NDE,USA}",1.0,,,,,,4.1899937382794405e-05,"CHN,USA"
0.97,MIXED_NONUNIQUE,True,accept,NDE,"{CHN}+{NDE,USA}","{CHN,NDE}+{USA}",1.0,,,,,,9.915910072066936e-05,
0.97,MIXED_NONUNIQUE,True,accept,NDE,"{CHN}+{NDE,USA}","{CHN,USA}+{NDE}",0.0,,,,,,-0.0001912318277987879,
0.97,MIXED_NONUNIQUE,True,accept,NDE,"{CHN}+{NDE,USA}",{CHN}+{NDE}+{USA},0.0,,,,,,-0.00039595760832256133,
0.97,MIXED_NONUNIQUE,True,accept,NDE,{CHN}+{NDE}+{USA},"{CHN,NDE,USA}",1.0,,,,,,0.00043785754570535573,CHN
0.97,MIXED_NONUNIQUE,True,accept,NDE,{CHN}+{NDE}+{USA},"{CHN,NDE}+{USA}",1.0,,,,,,0.0004951167090432307,USA
0.97,MIXED_NONUNIQUE,True,accept,NDE,{CHN}+{NDE}+{USA},"{CHN}+{NDE,USA}",1.0,,,,,,0.00039595760832256133,
0.97,MIXED_NONUNIQUE,True,accept,USA,"{CHN,NDE,USA}","{CHN,NDE}+{USA}",1.0,,,,,,2.8376385903694512e-05,
0.97,MIXED_NONUNIQUE,True,accept,USA,"{CHN,NDE,USA}","{CHN,USA}+{NDE}",0.0,,,,,,-1.4807338248434831e-05,
0.97,MIXED_NONUNIQUE,True,accept,USA,"{CHN,NDE,USA}","{CHN}+{NDE,USA}",0.0,,,,,,-1.874006411162199e-05,
0.97,MIXED_NONUNIQUE,True,accept,USA,"{CHN,NDE,USA}",{CHN}+{NDE}+{USA},0.0,,,,,,-1.0434996544628206e-05,
0.97,MIXED_NONUNIQUE,True,accept,USA,"{CHN,NDE}+{USA}","{CHN,NDE,USA}",0.0,,,,,,-2.8376385903694512e-05,
0.97,MIXED_NONUNIQUE,True,accept,USA,"{CHN,NDE}+{USA}","{CHN,USA}+{NDE}",0.0,,,,,,-4.3183724152129344e-05,
0.97,MIXED_NONUNIQUE,True,accept,USA,"{CHN,NDE}+{USA}","{CHN}+{NDE,USA}",0.0,,,,,,-4.71164500153165e-05,
0.97,MIXED_NONUNIQUE,True,accept,USA,"{CHN,USA}+{NDE}","{CHN,NDE,USA}",1.0,,,,,,1.4807338248434831e-05,"CHN,NDE"
0.97,MIXED_NONUNIQUE,True,accept,USA,"{CHN,USA}+{NDE}","{CHN,NDE}+{USA}",1.0,,,,,,4.3183724152129344e-05,
0.97,MIXED_NONUNIQUE,True,accept,USA,"{CHN,USA}+{NDE}","{CHN}+{NDE,USA}",0.0,,,,,,-3.932725863187159e-06,
0.97,MIXED_NONUNIQUE,True,accept,USA,"{CHN,USA}+{NDE}",{CHN}+{NDE}+{USA},1.0,,,,,,4.372341703806626e-06,
0.97,MIXED_NONUNIQUE,True,accept,USA,"{CHN}+{NDE,USA}","{CHN,NDE,USA}",1.0,,,,,,1.874006411162199e-05,"CHN,NDE"
0.97,MIXED_NONUNIQUE,True,accept,USA,"{CHN}+{NDE,USA}","{CHN,NDE}+{USA}",1.0,,,,,,4.71164500153165e-05,
0.97,MIXED_NONUNIQUE,True,accept,USA,"{CHN}+{NDE,USA}","{CHN,USA}+{NDE}",1.0,,,,,,3.932725863187159e-06,
0.97,MIXED_NONUNIQUE,True,accept,USA,"{CHN}+{NDE,USA}",{CHN}+{NDE}+{USA},1.0,,,,,,8.305067566993785e-06,
0.97,MIXED_NONUNIQUE,True,accept,USA,{CHN}+{NDE}+{USA},"{CHN,NDE,USA}",1.0,,,,,,1.0434996544628206e-05,CHN
0.97,MIXED_NONUNIQUE,True,accept,USA,{CHN}+{NDE}+{USA},"{CHN,USA}+{NDE}",0.0,,,,,,-4.372341703806626e-06,
0.97,MIXED_NONUNIQUE,True,accept,USA,{CHN}+{NDE}+{USA},"{CHN}+{NDE,USA}",0.0,,,,,,-8.305067566993785e-06,
0.98,MIXED_NONUNIQUE,True,propose,CHN,"{CHN,NDE,USA}","{CHN,NDE,USA}",0.3000107232692958,True,1.0,0.3000107232692958,False,,,
0.98,MIXED_NONUNIQUE,True,propose,CHN,"{CHN,NDE,USA}","{CHN}+{NDE,USA}",0.6999892767307042,False,1.0,0.6999892767307042,True,,,
0.98,MIXED_NONUNIQUE,True,propose,CHN,"{CHN,NDE}+{USA}","{CHN,NDE}+{USA}",1.0,True,1.0,1.0,False,,,
0.98,MIXED_NONUNIQUE,True,propose,CHN,"{CHN,USA}+{NDE}","{CHN,NDE,USA}",0.5756898983840647,False,1.0,0.5756898983840647,False,"NDE,USA",,
0.98,MIXED_NONUNIQUE,True,propose,CHN,"{CHN,USA}+{NDE}","{CHN,USA}+{NDE}",0.4243101016159353,True,1.0,0.4243101016159353,False,,,
0.98,MIXED_NONUNIQUE,True,propose,CHN,"{CHN}+{NDE,USA}","{CHN,NDE,USA}",0.46399698553669033,False,1.0,0.46399698553669033,False,"NDE,USA",,
0.98,MIXED_NONUNIQUE,True,propose,CHN,"{CHN}+{NDE,USA}","{CHN}+{NDE,USA}",0.5360030144633097,True,1.0,0.5360030144633097,False,,,
0.98,MIXED_NONUNIQUE,True,propose,CHN,{CHN}+{NDE}+{USA},"{CHN,NDE,USA}",1.0,False,1.0,1.0,False,"NDE,USA",,
0.98,MIXED_NONUNIQUE,True,propose,NDE,"{CHN,NDE,USA}","{CHN,NDE,USA}",1.0,True,1.0,1.0,False,,,
0.98,MIXED_NONUNIQUE,True,propose,NDE,"{CHN,NDE}+{USA}","{CHN,NDE}+{USA}",1.0,True,1.0,1.0,False,,,
0.98,MIXED_NONUNIQUE,True,propose,NDE,"{CHN,USA}+{NDE}","{CHN,NDE,USA}",1.0,False,0.32238004643111007,0.32238004643111007,False,"CHN,USA",,
0.98,MIXED_NONUNIQUE,True,propose,NDE,"{CHN}+{NDE,USA}","{CHN,NDE,USA}",1.0,False,0.4616583808514721,0.4616583808514721,False,"CHN,USA",,
0.98,MIXED_NONUNIQUE,True,propose,NDE,{CHN}+{NDE}+{USA},"{CHN,NDE}+{USA}",1.0,False,1.0,1.0,False,CHN,,
0.98,MIXED_NONUNIQUE,True,propose,USA,"{CHN,NDE,USA}","{CHN,NDE}+{USA}",1.0,False,1.0,1.0,True,,,
0.98,MIXED_NONUNIQUE,True,propose,USA,"{CHN,NDE}+{USA}","{CHN,NDE}+{USA}",1.0,True,1.0,1.0,False,,,
0.98,MIXED_NONUNIQUE,True,propose,USA,"{CHN,USA}+{NDE}","{CHN,NDE,USA}",0.9151779788571158,False,0.32238004643111007,0.29503511931668647,False,"CHN,NDE",,
0.98,MIXED_NONUNIQUE,True,propose,USA,"{CHN,USA}+{NDE}",{CHN}+{NDE}+{USA},0.08482202114288417,False,1.0,0.08482202114288417,True,,,
0.98,MIXED_NONUNIQUE,True,propose,USA,"{CHN}+{NDE,USA}","{CHN,NDE,USA}",0.6203629544243852,False,0.4616583808514721,0.28639575707979725,False,"CHN,NDE",,
0.98,MIXED_NONUNIQUE,True,propose,USA,"{CHN}+{NDE,USA}",{CHN}+{NDE}+{USA},0.37963704557561484,False,1.0,0.37963704557561484,True,,,
0.98,MIXED_NONUNIQUE,True,propose,USA,{CHN}+{NDE}+{USA},"{CHN,NDE}+{USA}",1.0,False,1.0,1.0,False,"CHN,NDE",,
0.98,MIXED_NONUNIQUE,True,accept,CHN,"{CHN,NDE,USA}","{CHN,NDE}+{USA}",0.0,,,,,,-2.8865854329040985e-05,
0.98,MIXED_NONUNIQUE,True,accept,CHN,"{CHN,NDE,USA}","{CHN,USA}+{NDE}",0.5000000000000002,,,,,,0.0,
0.98,MIXED_NONUNIQUE,True,accept,CHN,"{CHN,NDE,USA}","{CHN}+{NDE,USA}",0.5,,,,,,0.0,
0.98,MIXED_NONUNIQUE,True,accept,CHN,"{CHN,NDE,USA}",{CHN}+{NDE}+{USA},0.0,,,,,,-9.270905377256611e-05,
0.98,MIXED_NONUNIQUE,True,accept,CHN,"{CHN,NDE}+{USA}","{CHN,NDE,USA}",1.0,,,,,,2.8865854329040985e-05,
0.98,MIXED_NONUNIQUE,True,accept,CHN,"{CHN,NDE}+{USA}","{CHN,USA}+{NDE}",1.0,,,,,,2.8865854329040985e-05,
0.98,MIXED_NONUNIQUE,True,accept,CHN,"{CHN,NDE}+{USA}","{CHN}+{NDE,USA}",1.0,,,,,,2.8865854329040985e-05,
0.98,MIXED_NONUNIQUE,True,accept,CHN,"{CHN,NDE}+{USA}",{CHN}+{NDE}+{USA},0.0,,,,,,-6.384319944352512e-05,
0.98,MIXED_NONUNIQUE,True,accept,CHN,"{CHN,USA}+{NDE}","{CHN,NDE,USA}",0.32238004643111007,,,,,,0.0,"NDE,USA"
0.98,MIXED_NONUNIQUE,True,accept,CHN,"{CHN,USA}+{NDE}","{CHN,NDE}+{USA}",0.0,,,,,,-2.8865854329040985e-05,
0.98,MIXED_NONUNIQUE,True,accept,CHN,"{CHN,USA}+{NDE}","{CHN}+{NDE,USA}",0.5,,,,,,0.0,
0.98,MIXED_NONUNIQUE,True,accept,CHN,"{CHN,USA}+{NDE}",{CHN}+{NDE}+{USA},0.0,,,,,,-9.270905377256611e-05,
0.98,MIXED_NONUNIQUE,True,accept,CHN,"{CHN}+{NDE,USA}","{CHN,NDE,USA}",0.4616583808514721,,,,,,0.0,"NDE,USA"
0.98,MIXED_NONUNIQUE,True,accept,CHN,"{CHN}+{NDE,USA}","{CHN,NDE}+{USA}",0.0,,,,,,-2.8865854329040985e-05,
0.98,MIXED_NONUNIQUE,True,accept,CHN,"{CHN}+{NDE,USA}","{CHN,USA}+{NDE}",0.5,,,,,,0.0,
0.98,MIXED_NONUNIQUE,True,accept,CHN,{CHN}+{NDE}+{USA},"{CHN,NDE,USA}",1.0,,,,,,9.270905377256611e-05,
0.98,MIXED_NONUNIQUE,True,accept,CHN,{CHN}+{NDE}+{USA},"{CHN,NDE}+{USA}",1.0,,,,,,6.384319944352512e-05,"NDE,USA"
0.98,MIXED_NONUNIQUE,True,accept,CHN,{CHN}+{NDE}+{USA},"{CHN,USA}+{NDE}",1.0,,,,,,9.270905377256611e-05,
0.98,MIXED_NONUNIQUE,True,accept,NDE,"{CHN,NDE,USA}","{CHN,NDE}+{USA}",1.0,,,,,,3.951314923256177e-05,
0.98,MIXED_NONUNIQUE,True,accept,NDE,"{CHN,NDE,USA}","{CHN,USA}+{NDE}",0.0,,,,,,-0.00015382646569150893,
0.98,MIXED_NONUNIQUE,True,accept,NDE,"{CHN,NDE,USA}","{CHN}+{NDE,USA}",0.0,,,,,,-2.941440680004348e-05,
0.98,MIXED_NONUNIQUE,True,accept,NDE,"{CHN,NDE,USA}",{CHN}+{NDE}+{USA},0.0,,,,,,-0.0002911297547818492,
0.98,MIXED_NONUNIQUE,True,accept,NDE,"{CHN,NDE}+{USA}","{CHN,NDE,USA}",0.0,,,,,,-3.951314923256177e-05,
0.98,MIXED_NONUNIQUE,True,accept,NDE,"{CHN,NDE}+{USA}","{CHN,USA}+{NDE}",0.0,,,,,,-0.0001933396149240707,
0.98,MIXED_NONUNIQUE,True,accept,NDE,"{CHN,NDE}+{USA}","{CHN}+{NDE,USA}",0.0,,,,,,-6.892755603260525e-05,
0.98,MIXED_NONUNIQUE,True,accept,NDE,"{CHN,NDE}+{USA}",{CHN}+{NDE}+{USA},0.0,,,,,,-0.000330642904014411,
0.98,MIXED_NONUNIQUE,True,accept,NDE,"{CHN,USA}+{NDE}","{CHN,NDE,USA}",1.0,,,,,,0.00015382646569150893,"CHN,USA"
0.98,MIXED_NONUNIQUE,True,accept,NDE,"{CHN,USA}+{NDE}","{CHN,NDE}+{USA}",1.0,,,,,,0.0001933396149240707,
0.98,MIXED_NONUNIQUE,True,accept,NDE,"{CHN,USA}+{NDE}","{CHN}+{NDE,USA}",1.0,,,,,,0.00012441205889146545,
0.98,MIXED_NONUNIQUE,True,accept,NDE,"{CHN}+{NDE,USA}","{CHN,NDE,USA}",1.0,,,,,,2.941440680004348e-05,"CHN,USA"
0.98,MIXED_NONUNIQUE,True,accept,NDE,"{CHN}+{NDE,USA}","{CHN,NDE}+{USA}",1.0,,,,,,6.892755603260525e-05,
0.98,MIXED_NONUNIQUE,True,accept,NDE,"{CHN}+{NDE,USA}","{CHN,USA}+{NDE}",0.0,,,,,,-0.00012441205889146545,
0.98,MIXED_NONUNIQUE,True,accept,NDE,"{CHN}+{NDE,USA}",{CHN}+{NDE}+{USA},0.0,,,,,,-0.00026171534798180573,
0.98,MIXED_NONUNIQUE,True,accept,NDE,{CHN}+{NDE}+{USA},"{CHN,NDE,USA}",1.0,,,,,,0.0002911297547818492,CHN
0.98,MIXED_NONUNIQUE,True,accept,NDE,{CHN}+{NDE}+{USA},"{CHN,NDE}+{USA}",1.0,,,,,,0.000330642904014411,USA
0.98,MIXED_NONUNIQUE,True,accept,NDE,{CHN}+{NDE}+{USA},"{CHN}+{NDE,USA}",1.0,,,,,,0.00026171534798180573,
0.98,MIXED_NONUNIQUE,True,accept,USA,"{CHN,NDE,USA}","{CHN,NDE}+{USA}",1.0,,,,,,1.9223487206510015e-05,
0.98,MIXED_NONUNIQUE,True,accept,USA,"{CHN,NDE,USA}","{CHN,USA}+{NDE}",0.0,,,,,,-1.0055419092047657e-05,
0.98,MIXED_NONUNIQUE,True,accept,USA,"{CHN,NDE,USA}","{CHN}+{NDE,USA}",0.0,,,,,,-1.265693079632868e-05,
0.98,MIXED_NONUNIQUE,True,accept,USA,"{CHN,NDE,USA}",{CHN}+{NDE}+{USA},0.0,,,,,,-6.813752618128888e-06,
0.98,MIXED_NONUNIQUE,True,accept,USA,"{CHN,NDE}+{USA}","{CHN,NDE,USA}",0.0,,,,,,-1.9223487206510015e-05,
0.98,MIXED_NONUNIQUE,True,accept,USA,"{CHN,NDE}+{USA}","{CHN,USA}+{NDE}",0.0,,,,,,-2.9278906298557672e-05,
0.98,MIXED_NONUNIQUE,True,accept,USA,"{CHN,NDE}+{USA}","{CHN}+{NDE,USA}",0.0,,,,,,-3.1880418002838695e-05,
0.98,MIXED_NONUNIQUE,True,accept,USA,"{CHN,USA}+{NDE}","{CHN,NDE,USA}",1.0,,,,,,1.0055419092047657e-05,"CHN,NDE"
0.98,MIXED_NONUNIQUE,True,accept,USA,"{CHN,USA}+{NDE}","{CHN,NDE}+{USA}",1.0,,,,,,2.9278906298557672e-05,
0.98,MIXED_NONUNIQUE,True,accept,USA,"{CHN,USA}+{NDE}","{CHN}+{NDE,USA}",0.0,,,,,,-2.601511704281023e-06,
0.98,MIXED_NONUNIQUE,True,accept,USA,"{CHN,USA}+{NDE}",{CHN}+{NDE}+{USA},1.0,,,,,,3.2416664739187695e-06,
0.98,MIXED_NONUNIQUE,True,accept,USA,"{CHN}+{NDE,USA}","{CHN,NDE,USA}",1.0,,,,,,1.265693079632868e-05,"CHN,NDE"
0.98,MIXED_NONUNIQUE,True,accept,USA,"{CHN}+{NDE,USA}","{CHN,NDE}+{USA}",1.0,,,,,,3.1880418002838695e-05,
0.98,MIXED_NONUNIQUE,True,accept,USA,"{CHN}+{NDE,USA}","{CHN,USA}+{NDE}",1.0,,,,,,2.601511704281023e-06,
0.98,MIXED_NONUNIQUE,True,accept,USA,"{CHN}+{NDE,USA}",{CHN}+{NDE}+{USA},1.0,,,,,,5.843178178199793e-06,
0.98,MIXED_NONUNIQUE,True,accept,USA,{CHN}+{NDE}+{USA},"{CHN,NDE,USA}",1.0,,,,,,6.813752618128888e-06,CHN
0.98,MIXED_NONUNIQUE,True,accept,USA,{CHN}+{NDE}+{USA},"{CHN,USA}+{NDE}",0.0,,,,,,-3.2416664739187695e-06,
0.98,MIXED_NONUNIQUE,True,accept,USA,{CHN}+{NDE}+{USA},"{CHN}+{NDE,USA}",0.0,,,,,,-5.843178178199793e-06,
0.99,MIXED_NONUNIQUE,True,propose,CHN,"{CHN,NDE,USA}","{CHN,NDE,USA}",0.3210313103091353,True,1.0,0.3210313103091353,False,,,
0.99,MIXED_NONUNIQUE,True,propose,CHN,"{CHN,NDE,USA}","{CHN}+{NDE,USA}",0.6789686896908647,False,1.0,0.6789686896908647,True,,,
0.99,MIXED_NONUNIQUE,True,propose,CHN,"{CHN,NDE}+{USA}","{CHN,NDE}+{USA}",1.0,True,1.0,1.0,False,,,
0.99,MIXED_NONUNIQUE,True,propose,CHN,"{CHN,USA}+{NDE}","{CHN,NDE,USA}",0.5737286934263893,False,1.0,0.5737286934263893,False,"NDE,USA",,
0.99,MIXED_NONUNIQUE,True,propose,CHN,"{CHN,USA}+{NDE}","{CHN,USA}+{NDE}",0.4262713065736107,True,1.0,0.4262713065736107,False,,,
0.99,MIXED_NONUNIQUE,True,propose,CHN,"{CHN}+{NDE,USA}","{CHN,NDE,USA}",0.46997150324269826,False,1.0,0.46997150324269826,False,"NDE,USA",,
0.99,MIXED_NONUNIQUE,True,propose,CHN,"{CHN}+{NDE,USA}","{CHN}+{NDE,USA}",0.5300284967573017,True,1.0,0.5300284967573017,False,,,
0.99,MIXED_NONUNIQUE,True,propose,CHN,{CHN}+{NDE}+{USA},"{CHN,NDE,USA}",1.0,False,1.0,1.0,False,"NDE,USA",,
0.99,MIXED_NONUNIQUE,True,propose,NDE,"{CHN,NDE,USA}","{CHN,NDE,USA}",1.0,True,1.0,1.0,False,,,
0.99,MIXED_NONUNIQUE,True,propose,NDE,"{CHN,NDE}+{USA}","{CHN,NDE}+{USA}",1.0,True,1.0,1.0,False,,,
0.99,MIXED_NONUNIQUE,True,propose,NDE,"{CHN,USA}+{NDE}","{CHN,NDE,USA}",1.0,False,0.34888445206996865,0.34888445206996865,False,"CHN,USA",,
0.99,MIXED_NONUNIQUE,True,propose,NDE,"{CHN}+{NDE,USA}","{CHN,NDE,USA}",1.0,False,0.47996815157050593,0.47996815157050593,False,"CHN,USA",,
0.99,MIXED_NONUNIQUE,True,propose,NDE,{CHN}+{NDE}+{USA},"{CHN,NDE}+{USA}",1.0,False,1.0,1.0,False,CHN,,
0.99,MIXED_NONUNIQUE,True,propose,USA,"{CHN,NDE,USA}","{CHN,NDE}+{USA}",1.0,False,1.0,1.0,True,,,
0.99,MIXED_NONUNIQUE,True,propose,USA,"{CHN,NDE}+{USA}","{CHN,NDE}+{USA}",1.0,True,1.0,1.0,False,,,
0.99,MIXED_NONUNIQUE,True,propose,USA,"{CHN,USA}+{NDE}","{CHN,NDE,USA}",0.9070683083349276,False,0.34888445206996865,0.3164620297434646,False,"CHN,NDE",,
0.99,MIXED_NONUNIQUE,True,propose,USA,"{CHN,USA}+{NDE}",{CHN}+{NDE}+{USA},0.09293169166507242,False,1.0,0.09293169166507242,True,,,
0.99,MIXED_NONUNIQUE,True,propose,USA,"{CHN}+{NDE,USA}","{CHN,NDE,USA}",0.616119348276966,False,0.47996815157050593,0.29571766473932015,False,"CHN,NDE",,
0.99,MIXED_NONUNIQUE,True,propose,USA,"{CHN}+{NDE,USA}",{CHN}+{NDE}+{USA},0.383880651723034,False,1.0,0.383880651723034,True,,,
0.99,MIXED_NONUNIQUE,True,propose,USA,{CHN}+{NDE}+{USA},"{CHN,NDE}+{USA}",1.0,False,1.0,1.0,False,"CHN,NDE",,
0.99,MIXED_NONUNIQUE,True,accept,CHN,"{CHN,NDE,USA}","{CHN,NDE}+{USA}",0.0,,,,,,-1.471592573665248e-05,
0.99,MIXED_NONUNIQUE,True,accept,CHN,"{CHN,NDE,USA}","{CHN,USA}+{NDE}",0.5000000000000002,,,,,,0.0,
0.99,MIXED_NONUNIQUE,True,accept,CHN,"{CHN,NDE,USA}","{CHN}+{NDE,USA}",0.5000000000000001,,,,,,0.0,
0.99,MIXED_NONUNIQUE,True,accept,CHN,"{CHN,NDE,USA}",{CHN}+{NDE}+{USA},0.0,,,,,,-4.649602617234905e-05,
0.99,MIXED_NONUNIQUE,True,accept,CHN,"{CHN,NDE}+{USA}","{CHN,NDE,USA}",1.0,,,,,,1.471592573665248e-05,
0.99,MIXED_NONUNIQUE,True,accept,CHN,"{CHN,NDE}+{USA}","{CHN,USA}+{NDE}",1.0,,,,,,1.471592573665248e-05,
0.99,MIXED_NONUNIQUE,True,accept,CHN,"{CHN,NDE}+{USA}","{CHN}+{NDE,USA}",1.0,,,,,,1.471592573665248e-05,
0.99,MIXED_NONUNIQUE,True,accept,CHN,"{CHN,NDE}+{USA}",{CHN}+{NDE}+{USA},0.0,,,,,,-3.178010043569657e-05,
0.99,MIXED_NONUNIQUE,True,accept,CHN,"{CHN,USA}+{NDE}","{CHN,NDE,USA}",0.34888445206996865,,,,,,0.0,"NDE,USA"
0.99,MIXED_NONUNIQUE,True,accept,CHN,"{CHN,USA}+{NDE}","{CHN,NDE}+{USA}",0.0,,,,,,-1.471592573665248e-05,
0.99,MIXED_NONUNIQUE,True,accept,CHN,"{CHN,USA}+{NDE}","{CHN}+{NDE,USA}",0.5,,,,,,0.0,
0.99,MIXED_NONUNIQUE,True,accept,CHN,"{CHN,USA}+{NDE}",{CHN}+{NDE}+{USA},0.0,,,,,,-4.649602617234905e-05,
0.99,MIXED_NONUNIQUE,True,accept,CHN,"{CHN}+{NDE,USA}","{CHN,NDE,USA}",0.47996815157050593,,,,,,0.0,"NDE,USA"
0.99,MIXED_NONUNIQUE,True,accept,CHN,"{CHN}+{NDE,USA}","{CHN,NDE}+{USA}",0.0,,,,,,-1.471592573665248e-05,
0.99,MIXED_NONUNIQUE,True,accept,CHN,"{CHN}+{NDE,USA}","{CHN,USA}+{NDE}",0.5,,,,,,0.0,
0.99,MIXED_NONUNIQUE,True,accept,CHN,{CHN}+{NDE}+{USA},"{CHN,NDE,USA}",1.0,,,,,,4.649602617234905e-05,
0.99,MIXED_NONUNIQUE,True,accept,CHN,{CHN}+{NDE}+{USA},"{CHN,NDE}+{USA}",1.0,,,,,,3.178010043569657e-05,"NDE,USA"
0.99,MIXED_NONUNIQUE,True,accept,CHN,{CHN}+{NDE}+{USA},"{CHN,USA}+{NDE}",1.0,,,,,,4.649602617234905e-05,
0.99,MIXED_NONUNIQUE,True,accept,NDE,"{CHN,NDE,USA}","{CHN,NDE}+{USA}",1.0,,,,,,2.044311529658671e-05,
0.99,MIXED_NONUNIQUE,True,accept,NDE,"{CHN,NDE,USA}","{CHN,USA}+{NDE}",0.0,,,,,,-7.619745172604553e-05,
0.99,MIXED_NONUNIQUE,True,accept,NDE,"{CHN,NDE,USA}","{CHN}+{NDE,USA}",0.0,,,,,,-1.5463331845211314e-05,
0.99,MIXED_NONUNIQUE,True,accept,NDE,"{CHN,NDE,USA}",{CHN}+{NDE}+{USA},0.0,,,,,,-0.00014517075038256166,
0.99,MIXED_NONUNIQUE,True,accept,NDE,"{CHN,NDE}+{USA}","{CHN,NDE,USA}",0.0,,,,,,-2.044311529658671e-05,
0.99,MIXED_NONUNIQUE,True,accept,NDE,"{CHN,NDE}+{USA}","{CHN,USA}+{NDE}",0.0,,,,,,-9.664056702263224e-05,
0.99,MIXED_NONUNIQUE,True,accept,NDE,"{CHN,NDE}+{USA}","{CHN}+{NDE,USA}",0.0,,,,,,-3.5906447141798026e-05,
0.99,MIXED_NONUNIQUE,True,accept,NDE,"{CHN,NDE}+{USA}",{CHN}+{NDE}+{USA},0.0,,,,,,-0.00016561386567914838,
0.99,MIXED_NONUNIQUE,True,accept,NDE,"{CHN,USA}+{NDE}","{CHN,NDE,USA}",1.0,,,,,,7.619745172604553e-05,"CHN,USA"
0.99,MIXED_NONUNIQUE,True,accept,NDE,"{CHN,USA}+{NDE}","{CHN,NDE}+{USA}",1.0,,,,,,9.664056702263224e-05,
0.99,MIXED_NONUNIQUE,True,accept,NDE,"{CHN,USA}+{NDE}","{CHN}+{NDE,USA}",1.0,,,,,,6.0734119880834214e-05,
0.99,MIXED_NONUNIQUE,True,accept,NDE,"{CHN}+{NDE,USA}","{CHN,NDE,USA}",1.0,,,,,,1.5463331845211314e-05,"CHN,USA"
0.99,MIXED_NONUNIQUE,True,accept,NDE,"{CHN}+{NDE,USA}","{CHN,NDE}+{USA}",1.0,,,,,,3.5906447141798026e-05,
0.99,MIXED_NONUNIQUE,True,accept,NDE,"{CHN}+{NDE,USA}","{CHN,USA}+{NDE}",0.0,,,,,,-6.0734119880834214e-05,
0.99,MIXED_NONUNIQUE,True,accept,NDE,"{CHN}+{NDE,USA}",{CHN}+{NDE}+{USA},0.0,,,,,,-0.00012970741853735035,
0.99,MIXED_NONUNIQUE,True,accept,NDE,{CHN}+{NDE}+{USA},"{CHN,NDE,USA}",1.0,,,,,,0.00014517075038256166,CHN
0.99,MIXED_NONUNIQUE,True,accept,NDE,{CHN}+{NDE}+{USA},"{CHN,NDE}+{USA}",1.0,,,,,,0.00016561386567914838,USA
0.99,MIXED_NONUNIQUE,True,accept,NDE,{CHN}+{NDE}+{USA},"{CHN}+{NDE,USA}",1.0,,,,,,0.00012970741853735035,
0.99,MIXED_NONUNIQUE,True,accept,USA,"{CHN,NDE,USA}","{CHN,NDE}+{USA}",1.0,,,,,,9.768699506640388e-06,
0.99,MIXED_NONUNIQUE,True,accept,USA,"{CHN,NDE,USA}","{CHN,USA}+{NDE}",0.0,,,,,,-5.120066645325494e-06,
0.99,MIXED_NONUNIQUE,True,accept,USA,"{CHN,NDE,USA}","{CHN}+{NDE,USA}",0.0,,,,,,-6.410674671553096e-06,
0.99,MIXED_NONUNIQUE,True,accept,USA,"{CHN,NDE,USA}",{CHN}+{NDE}+{USA},0.0,,,,,,-3.3337549991685478e-06,
0.99,MIXED_NONUNIQUE,True,accept,USA,"{CHN,NDE}+{USA}","{CHN,NDE,USA}",0.0,,,,,,-9.768699506640388e-06,
0.99,MIXED_NONUNIQUE,True,accept,USA,"{CHN,NDE}+{USA}","{CHN,USA}+{NDE}",0.0,,,,,,-1.4888766151965882e-05,
0.99,MIXED_NONUNIQUE,True,accept,USA,"{CHN,NDE}+{USA}","{CHN}+{NDE,USA}",0.0,,,,,,-1.6179374178193484e-05,
0.99,MIXED_NONUNIQUE,True,accept,USA,"{CHN,USA}+{NDE}","{CHN,NDE,USA}",1.0,,,,,,5.120066645325494e-06,"CHN,NDE"
0.99,MIXED_NONUNIQUE,True,accept,USA,"{CHN,USA}+{NDE}","{CHN,NDE}+{USA}",1.0,,,,,,1.4888766151965882e-05,
0.99,MIXED_NONUNIQUE,True,accept,USA,"{CHN,USA}+{NDE}","{CHN}+{NDE,USA}",0.0,,,,,,-1.290608026227602e-06,
0.99,MIXED_NONUNIQUE,True,accept,USA,"{CHN,USA}+{NDE}",{CHN}+{NDE}+{USA},1.0,,,,,,1.7863116461569462e-06,
0.99,MIXED_NONUNIQUE,True,accept,USA,"{CHN}+{NDE,USA}","{CHN,NDE,USA}",1.0,,,,,,6.410674671553096e-06,"CHN,NDE"
0.99,MIXED_NONUNIQUE,True,accept,USA,"{CHN}+{NDE,USA}","{CHN,NDE}+{USA}",1.0,,,,,,1.6179374178193484e-05,
0.99,MIXED_NONUNIQUE,True,accept,USA,"{CHN}+{NDE,USA}","{CHN,USA}+{NDE}",1.0,,,,,,1.290608026227602e-06,
0.99,MIXED_NONUNIQUE,True,accept,USA,"{CHN}+{NDE,USA}",{CHN}+{NDE}+{USA},1.0,,,,,,3.0769196723845482e-06,
0.99,MIXED_NONUNIQUE,True,accept,USA,{CHN}+{NDE}+{USA},"{CHN,NDE,USA}",1.0,,,,,,3.3337549991685478e-06,CHN
0.99,MIXED_NONUNIQUE,True,accept,USA,{CHN}+{NDE}+{USA},"{CHN,USA}+{NDE}",0.0,,,,,,-1.7863116461569462e-06,
0.99,MIXED_NONUNIQUE,True,accept,USA,{CHN}+{NDE}+{USA},"{CHN}+{NDE,USA}",0.0,,,,,,-3.0769196723845482e-06,
0.995,MIXED_NONUNIQUE,True,propose,CHN,"{CHN,NDE,USA}","{CHN,NDE,USA}",0.3313989623347808,True,1.0,0.3313989623347808,False,,,
0.995,MIXED_NONUNIQUE,True,propose,CHN,"{CHN,NDE,USA}","{CHN}+{NDE,USA}",0.6686010376652192,False,1.0,0.6686010376652192,True,,,
0.995,MIXED_NONUNIQUE,True,propose,CHN,"{CHN,NDE}+{USA}","{CHN,NDE}+{USA}",1.0,True,1.0,1.0,False,,,
0.995,MIXED_NONUNIQUE,True,propose,CHN,"{CHN,USA}+{NDE}","{CHN,NDE,USA}",0.5729841354853763,False,1.0,0.5729841354853763,False,"NDE,USA",,
0.995,MIXED_NONUNIQUE,True,propose,CHN,"{CHN,USA}+{NDE}","{CHN,USA}+{NDE}",0.4270158645146237,True,1.0,0.4270158645146237,False,,,
0.995,MIXED_NONUNIQUE,True,propose,CHN,"{CHN}+{NDE,USA}","{CHN,NDE,USA}",0.47302388322336003,False,1.0,0.47302388322336003,False,"NDE,USA",,
0.995,MIXED_NONUNIQUE,True,propose,CHN,"{CHN}+{NDE,USA}","{CHN}+{NDE,USA}",0.52697611677664,True,1.0,0.52697611677664,False,,,
0.995,MIXED_NONUNIQUE,True,propose,CHN,{CHN}+{NDE}+{USA},"{CHN,NDE,USA}",1.0,False,1.0,1.0,False,"NDE,USA",,
0.995,MIXED_NONUNIQUE,True,propose,NDE,"{CHN,NDE,USA}","{CHN,NDE,USA}",1.0,True,1.0,1.0,False,,,
0.995,MIXED_NONUNIQUE,True,propose,NDE,"{CHN,NDE}+{USA}","{CHN,NDE}+{USA}",1.0,True,1.0,1.0,False,,,
0.995,MIXED_NONUNIQUE,True,propose,NDE,"{CHN,USA}+{NDE}","{CHN,NDE,USA}",1.0,False,0.3619232735629045,0.3619232735629045,False,"CHN,USA",,
0.995,MIXED_NONUNIQUE,True,propose,NDE,"{CHN}+{NDE,USA}","{CHN,NDE,USA}",1.0,False,0.4890576344904413,0.4890576344904413,False,"CHN,USA",,
0.995,MIXED_NONUNIQUE,True,propose,NDE,{CHN}+{NDE}+{USA},"{CHN,NDE}+{USA}",1.0,False,1.0,1.0,False,CHN,,
0.995,MIXED_NONUNIQUE,True,propose,USA,"{CHN,NDE,USA}","{CHN,NDE}+{USA}",1.0,False,1.0,1.0,True,,,
0.995,MIXED_NONUNIQUE,True,propose,USA,"{CHN,NDE}+{USA}","{CHN,NDE}+{USA}",1.0,True,1.0,1.0,False,,,
0.995,MIXED_NONUNIQUE,True,propose,USA,"{CHN,USA}+{NDE}","{CHN,NDE,USA}",0.9029632470669957,False,0.3619232735629045,0.3268034142854768,False,"CHN,NDE",,
0.995,MIXED_NONUNIQUE,True,propose,USA,"{CHN,USA}+{NDE}",{CHN}+{NDE}+{USA},0.09703675293300429,False,1.0,0.09703675293300429,True,,,
0.995,MIXED_NONUNIQUE,True,propose,USA,"{CHN}+{NDE,USA}","{CHN,NDE,USA}",0.6139292077271497,False,0.4890576344904413,0.30024676607563056,False,"CHN,NDE",,
0.995,MIXED_NONUNIQUE,True,propose,USA,"{CHN}+{NDE,USA}",{CHN}+{NDE}+{USA},0.38607079227285035,False,1.0,0.38607079227285035,True,,,
0.995,MIXED_NONUNIQUE,True,propose,USA,{CHN}+{NDE}+{USA},"{CHN,NDE}+{USA}",1.0,False,1.0,1.0,False,"CHN,NDE",,
0.995,MIXED_NONUNIQUE,True,accept,CHN,"{CHN,NDE,USA}","{CHN,NDE}+{USA}",0.0,,,,,,-7.430813985465079e-06,
0.995,MIXED_NONUNIQUE,True,accept,CHN,"{CHN,NDE,USA}","{CHN,USA}+{NDE}",0.5000000000000001,,,,,,0.0,
0.995,MIXED_NONUNIQUE,True,accept,CHN,"{CHN,NDE,USA}","{CHN}+{NDE,USA}",0.4999999999999997,,,,,,0.0,
0.995,MIXED_NONUNIQUE,True,accept,CHN,"{CHN,NDE,USA}",{CHN}+{NDE}+{USA},0.0,,,,,,-2.3284438645632122e-05,
0.995,MIXED_NONUNIQUE,True,accept,CHN,"{CHN,NDE}+{USA}","{CHN,NDE,USA}",1.0,,,,,,7.430813985465079e-06,
0.995,MIXED_NONUNIQUE,True,accept,CHN,"{CHN,NDE}+{USA}","{CHN,USA}+{NDE}",1.0,,,,,,7.430813985465079e-06,
0.995,MIXED_NONUNIQUE,True,accept,CHN,"{CHN,NDE}+{USA}","{CHN}+{NDE,USA}",1.0,,,,,,7.430813985465079e-06,
0.995,MIXED_NONUNIQUE,True,accept,CHN,"{CHN,NDE}+{USA}",{CHN}+{NDE}+{USA},0.0,,,,,,-1.5853624660167043e-05,
0.995,MIXED_NONUNIQUE,True,accept,CHN,"{CHN,USA}+{NDE}","{CHN,NDE,USA}",0.3619232735629045,,,,,,0.0,"NDE,USA"
0.995,MIXED_NONUNIQUE,True,accept,CHN,"{CHN,USA}+{NDE}","{CHN,NDE}+{USA}",0.0,,,,,,-7.430813985465079e-06,
0.995,MIXED_NONUNIQUE,True,accept,CHN,"{CHN,USA}+{NDE}","{CHN}+{NDE,USA}",0.5,,,,,,0.0,
0.995,MIXED_NONUNIQUE,True,accept,CHN,"{CHN,USA}+{NDE}",{CHN}+{NDE}+{USA},0.0,,,,,,-2.3284438645632122e-05,
0.995,MIXED_NONUNIQUE,True,accept,CHN,"{CHN}+{NDE,USA}","{CHN,NDE,USA}",0.4890576344904413,,,,,,0.0,"NDE,USA"
0.995,MIXED_NONUNIQUE,True,accept,CHN,"{CHN}+{NDE,USA}","{CHN,NDE}+{USA}",0.0,,,,,,-7.430813985465079e-06,
0.995,MIXED_NONUNIQUE,True,accept,CHN,"{CHN}+{NDE,USA}","{CHN,USA}+{NDE}",0.5,,,,,,0.0,
0.995,MIXED_NONUNIQUE,True,accept,CHN,{CHN}+{NDE}+{USA},"{CHN,NDE,USA}",1.0,,,,,,2.3284438645632122e-05,
0.995,MIXED_NONUNIQUE,True,accept,CHN,{CHN}+{NDE}+{USA},"{CHN,NDE}+{USA}",1.0,,,,,,1.5853624660167043e-05,"NDE,USA"
0.995,MIXED_NONUNIQUE,True,accept,CHN,{CHN}+{NDE}+{USA},"{CHN,USA}+{NDE}",1.0,,,,,,2.3284438645632122e-05,
0.995,MIXED_NONUNIQUE,True,accept,NDE,"{CHN,NDE,USA}","{CHN,NDE}+{USA}",1.0,,,,,,1.03962409241376e-05,
0.995,MIXED_NONUNIQUE,True,accept,NDE,"{CHN,NDE,USA}","{CHN,USA}+{NDE}",0.0,,,,,,-3.7934367654202106e-05,
0.995,MIXED_NONUNIQUE,True,accept,NDE,"{CHN,NDE,USA}","{CHN}+{NDE,USA}",0.0,,,,,,-7.92365933932615e-06,
0.995,MIXED_NONUNIQUE,True,accept,NDE,"{CHN,NDE,USA}",{CHN}+{NDE}+{USA},0.0,,,,,,-7.248566446449445e-05,
0.995,MIXED_NONUNIQUE,True,accept,NDE,"{CHN,NDE}+{USA}","{CHN,NDE,USA}",0.0,,,,,,-1.03962409241376e-05,
0.995,MIXED_NONUNIQUE,True,accept,NDE,"{CHN,NDE}+{USA}","{CHN,USA}+{NDE}",0.0,,,,,,-4.8330608578339707e-05,
0.995,MIXED_NONUNIQUE,True,accept,NDE,"{CHN,NDE}+{USA}","{CHN}+{NDE,USA}",0.0,,,,,,-1.831990026346375e-05,
0.995,MIXED_NONUNIQUE,True,accept,NDE,"{CHN,NDE}+{USA}",{CHN}+{NDE}+{USA},0.0,,,,,,-8.288190538863205e-05,
0.995,MIXED_NONUNIQUE,True,accept,NDE,"{CHN,USA}+{NDE}","{CHN,NDE,USA}",1.0,,,,,,3.7934367654202106e-05,"CHN,USA"
0.995,MIXED_NONUNIQUE,True,accept,NDE,"{CHN,USA}+{NDE}","{CHN,NDE}+{USA}",1.0,,,,,,4.8330608578339707e-05,
0.995,MIXED_NONUNIQUE,True,accept,NDE,"{CHN,USA}+{NDE}","{CHN}+{NDE,USA}",1.0,,,,,,3.0010708314875956e-05,
0.995,MIXED_NONUNIQUE,True,accept,NDE,"{CHN}+{NDE,USA}","{CHN,NDE,USA}",1.0,,,,,,7.92365933932615e-06,"CHN,USA"
0.995,MIXED_NONUNIQUE,True,accept,NDE,"{CHN}+{NDE,USA}","{CHN,NDE}+{USA}",1.0,,,,,,1.831990026346375e-05,
0.995,MIXED_NONUNIQUE,True,accept,NDE,"{CHN}+{NDE,USA}","{CHN,USA}+{NDE}",0.0,,,,,,-3.0010708314875956e-05,
0.995,MIXED_NONUNIQUE,True,accept,NDE,"{CHN}+{NDE,USA}",{CHN}+{NDE}+{USA},0.0,,,,,,-6.45620051251683e-05,
0.995,MIXED_NONUNIQUE,True,accept,NDE,{CHN}+{NDE}+{USA},"{CHN,NDE,USA}",1.0,,,,,,7.248566446449445e-05,CHN
0.995,MIXED_NONUNIQUE,True,accept,NDE,{CHN}+{NDE}+{USA},"{CHN,NDE}+{USA}",1.0,,,,,,8.288190538863205e-05,USA
0.995,MIXED_NONUNIQUE,True,accept,NDE,{CHN}+{NDE}+{USA},"{CHN}+{NDE,USA}",1.0,,,,,,6.45620051251683e-05,
0.995,MIXED_NONUNIQUE,True,accept,USA,"{CHN,NDE,USA}","{CHN,NDE}+{USA}",1.0,,,,,,4.924342044798635e-06,
0.995,MIXED_NONUNIQUE,True,accept,USA,"{CHN,NDE,USA}","{CHN,USA}+{NDE}",0.0,,,,,,-2.583215831020169e-06,
0.995,MIXED_NONUNIQUE,True,accept,USA,"{CHN,NDE,USA}","{CHN}+{NDE,USA}",0.0,,,,,,-3.225980095500347e-06,
0.995,MIXED_NONUNIQUE,True,accept,USA,"{CHN,NDE,USA}",{CHN}+{NDE}+{USA},0.0,,,,,,-1.6482899010128449e-06,
0.995,MIXED_NONUNIQUE,True,accept,USA,"{CHN,NDE}+{USA}","{CHN,NDE,USA}",0.0,,,,,,-4.924342044798635e-06,
0.995,MIXED_NONUNIQUE,True,accept,USA,"{CHN,NDE}+{USA}","{CHN,USA}+{NDE}",0.0,,,,,,-7.507557875818804e-06,
0.995,MIXED_NONUNIQUE,True,accept,USA,"{CHN,NDE}+{USA}","{CHN}+{NDE,USA}",0.0,,,,,,-8.150322140298982e-06,
0.995,MIXED_NONUNIQUE,True,accept,USA,"{CHN,USA}+{NDE}","{CHN,NDE,USA}",1.0,,,,,,2.583215831020169e-06,"CHN,NDE"
0.995,MIXED_NONUNIQUE,True,accept,USA,"{CHN,USA}+{NDE}","{CHN,NDE}+{USA}",1.0,,,,,,7.507557875818804e-06,
0.995,MIXED_NONUNIQUE,True,accept,USA,"{CHN,USA}+{NDE}","{CHN}+{NDE,USA}",0.0,,,,,,-6.427642644801779e-07,
0.995,MIXED_NONUNIQUE,True,accept,USA,"{CHN,USA}+{NDE}",{CHN}+{NDE}+{USA},1.0,,,,,,9.349259300073243e-07,
0.995,MIXED_NONUNIQUE,True,accept,USA,"{CHN}+{NDE,USA}","{CHN,NDE,USA}",1.0,,,,,,3.225980095500347e-06,"CHN,NDE"
0.995,MIXED_NONUNIQUE,True,accept,USA,"{CHN}+{NDE,USA}","{CHN,NDE}+{USA}",1.0,,,,,,8.150322140298982e-06,
0.995,MIXED_NONUNIQUE,True,accept,USA,"{CHN}+{NDE,USA}","{CHN,USA}+{NDE}",1.0,,,,,,6.427642644801779e-07,
0.995,MIXED_NONUNIQUE,True,accept,USA,"{CHN}+{NDE,USA}",{CHN}+{NDE}+{USA},1.0,,,,,,1.5776901944875021e-06,
0.995,MIXED_NONUNIQUE,True,accept,USA,{CHN}+{NDE}+{USA},"{CHN,NDE,USA}",1.0,,,,,,1.6482899010128449e-06,CHN
0.995,MIXED_NONUNIQUE,True,accept,USA,{CHN}+{NDE}+{USA},"{CHN,USA}+{NDE}",0.0,,,,,,-9.349259300073243e-07,
0.995,MIXED_NONUNIQUE,True,accept,USA,{CHN}+{NDE}+{USA},"{CHN}+{NDE,USA}",0.0,,,,,,-1.5776901944875021e-06,
0.997,MIXED_NONUNIQUE,True,propose,CHN,"{CHN,NDE,USA}","{CHN,NDE,USA}",0.33552177352365836,True,1.0,0.33552177352365836,False,,,
0.997,MIXED_NONUNIQUE,True,propose,CHN,"{CHN,NDE,USA}","{CHN}+{NDE,USA}",0.6644782264763416,False,1.0,0.6644782264763416,True,,,
0.997,MIXED_NONUNIQUE,True,propose,CHN,"{CHN,NDE}+{USA}","{CHN,NDE}+{USA}",1.0,True,1.0,1.0,False,,,
0.997,MIXED_NONUNIQUE,True,propose,CHN,"{CHN,USA}+{NDE}","{CHN,NDE,USA}",0.5727290572648464,False,1.0,0.5727290572648464,False,"NDE,USA",,
0.997,MIXED_NONUNIQUE,True,propose,CHN,"{CHN,USA}+{NDE}","{CHN,USA}+{NDE}",0.42727094273515365,True,1.0,0.42727094273515365,False,,,
0.997,MIXED_NONUNIQUE,True,propose,CHN,"{CHN}+{NDE,USA}","{CHN,NDE,USA}",0.4742574145377315,False,1.0,0.4742574145377315,False,"NDE,USA",,
0.997,MIXED_NONUNIQUE,True,propose,CHN,"{CHN}+{NDE,USA}","{CHN}+{NDE,USA}",0.5257425854622685,True,1.0,0.5257425854622685,False,,,
0.997,MIXED_NONUNIQUE,True,propose,CHN,{CHN}+{NDE}+{USA},"{CHN,NDE,USA}",1.0,False,1.0,1.0,False,"NDE,USA",,
0.997,MIXED_NONUNIQUE,True,propose,NDE,"{CHN,NDE,USA}","{CHN,NDE,USA}",1.0,True,1.0,1.0,False,,,
0.997,MIXED_NONUNIQUE,True,propose,NDE,"{CHN,NDE}+{USA}","{CHN,NDE}+{USA}",1.0,True,1.0,1.0,False,,,
0.997,MIXED_NONUNIQUE,True,propose,NDE,"{CHN,USA}+{NDE}","{CHN,NDE,USA}",1.0,False,0.36709996021184876,0.36709996021184876,False,"CHN,USA",,
0.997,MIXED_NONUNIQUE,True,propose,NDE,"{CHN}+{NDE,USA}","{CHN,NDE,USA}",1.0,False,0.4926811853975622,0.4926811853975622,False,"CHN,USA",,
0.997,MIXED_NONUNIQUE,True,propose,NDE,{CHN}+{NDE}+{USA},"{CHN,NDE}+{USA}",1.0,False,1.0,1.0,False,CHN,,
0.997,MIXED_NONUNIQUE,True,propose,USA,"{CHN,NDE,USA}","{CHN,NDE}+{USA}",1.0,False,1.0,1.0,True,,,
0.997,MIXED_NONUNIQUE,True,propose,USA,"{CHN,NDE}+{USA}","{CHN,NDE}+{USA}",1.0,True,1.0,1.0,False,,,
0.997,MIXED_NONUNIQUE,True,propose,USA,"{CHN,USA}+{NDE}","{CHN,NDE,USA}",0.9013114180444443,False,0.36709996021184876,0.3308713857026005,False,"CHN,NDE",,
0.997,MIXED_NONUNIQUE,True,propose,USA,"{CHN,USA}+{NDE}",{CHN}+{NDE}+{USA},0.09868858195555574,False,1.0,0.09868858195555574,True,,,
0.997,MIXED_NONUNIQUE,True,propose,USA,"{CHN}+{NDE,USA}","{CHN,NDE,USA}",0.6130400821577081,False,0.4926811853975622,0.3020333143736786,False,"CHN,NDE",,
0.997,MIXED_NONUNIQUE,True,propose,USA,"{CHN}+{NDE,USA}",{CHN}+{NDE}+{USA},0.3869599178422919,False,1.0,0.3869599178422919,True,,,
0.997,MIXED_NONUNIQUE,True,propose,USA,{CHN}+{NDE}+{USA},"{CHN,NDE}+{USA}",1.0,False,1.0,1.0,False,"CHN,NDE",,
0.997,MIXED_NONUNIQUE,True,accept,CHN,"{CHN,NDE,USA}","{CHN,NDE}+{USA}",0.0,,,,,,-4.4762159792099965e-06,
0.997,MIXED_NONUNIQUE,True,accept,CHN,"{CHN,NDE,USA}","{CHN,USA}+{NDE}",0.49999999999999944,,,,,,0.0,
0.997,MIXED_NONUNIQUE,True,accept,CHN,"{CHN,NDE,USA}","{CHN}+{NDE,USA}",0.4999999999999999,,,,,,0.0,
0.997,MIXED_NONUNIQUE,True,accept,CHN,"{CHN,NDE,USA}",{CHN}+{NDE}+{USA},0.0,,,,,,-1.3979526981344748e-05,
0.997,MIXED_NONUNIQUE,True,accept,CHN,"{CHN,NDE}+{USA}","{CHN,NDE,USA}",1.0,,,,,,4.4762159792099965e-06,
0.997,MIXED_NONUNIQUE,True,accept,CHN,"{CHN,NDE}+{USA}","{CHN,USA}+{NDE}",1.0,,,,,,4.4762159792099965e-06,
0.997,MIXED_NONUNIQUE,True,accept,CHN,"{CHN,NDE}+{USA}","{CHN}+{NDE,USA}",1.0,,,,,,4.4762159792099965e-06,
0.997,MIXED_NONUNIQUE,True,accept,CHN,"{CHN,NDE}+{USA}",{CHN}+{NDE}+{USA},0.0,,,,,,-9.503311002134751e-06,
0.997,MIXED_NONUNIQUE,True,accept,CHN,"{CHN,USA}+{NDE}","{CHN,NDE,USA}",0.36709996021184876,,,,,,0.0,"NDE,USA"
0.997,MIXED_NONUNIQUE,True,accept,CHN,"{CHN,USA}+{NDE}","{CHN,NDE}+{USA}",0.0,,,,,,-4.4762159792099965e-06,
0.997,MIXED_NONUNIQUE,True,accept,CHN,"{CHN,USA}+{NDE}","{CHN}+{NDE,USA}",0.5,,,,,,0.0,
0.997,MIXED_NONUNIQUE,True,accept,CHN,"{CHN,USA}+{NDE}",{CHN}+{NDE}+{USA},0.0,,,,,,-1.3979526981344748e-05,
0.997,MIXED_NONUNIQUE,True,accept,CHN,"{CHN}+{NDE,USA}","{CHN,NDE,USA}",0.4926811853975622,,,,,,0.0,"NDE,USA"
0.997,MIXED_NONUNIQUE,True,accept,CHN,"{CHN}+{NDE,USA}","{CHN,NDE}+{USA}",0.0,,,,,,-4.4762159792099965e-06,
0.997,MIXED_NONUNIQUE,True,accept,CHN,"{CHN}+{NDE,USA}","{CHN,USA}+{NDE}",0.5,,,,,,0.0,
0.997,MIXED_NONUNIQUE,True,accept,CHN,{CHN}+{NDE}+{USA},"{CHN,NDE,USA}",1.0,,,,,,1.3979526981344748e-05,
0.997,MIXED_NONUNIQUE,True,accept,CHN,{CHN}+{NDE}+{USA},"{CHN,NDE}+{USA}",1.0,,,,,,9.503311002134751e-06,"NDE,USA"
0.997,MIXED_NONUNIQUE,True,accept,CHN,{CHN}+{NDE}+{USA},"{CHN,USA}+{NDE}",1.0,,,,,,1.3979526981344748e-05,
0.997,MIXED_NONUNIQUE,True,accept,NDE,"{CHN,NDE,USA}","{CHN,NDE}+{USA}",1.0,,,,,,6.280006214609557e-06,
0.997,MIXED_NONUNIQUE,True,accept,NDE,"{CHN,NDE,USA}","{CHN,USA}+{NDE}",0.0,,,,,,-2.272276640624682e-05,
0.997,MIXED_NONUNIQUE,True,accept,NDE,"{CHN,NDE,USA}","{CHN}+{NDE,USA}",0.0,,,,,,-4.800609918476084e-06,
0.997,MIXED_NONUNIQUE,True,accept,NDE,"{CHN,NDE,USA}",{CHN}+{NDE}+{USA},0.0,,,,,,-4.346734047189216e-05,
0.997,MIXED_NONUNIQUE,True,accept,NDE,"{CHN,NDE}+{USA}","{CHN,NDE,USA}",0.0,,,,,,-6.280006214609557e-06,
0.997,MIXED_NONUNIQUE,True,accept,NDE,"{CHN,NDE}+{USA}","{CHN,USA}+{NDE}",0.0,,,,,,-2.9002772620856376e-05,
0.997,MIXED_NONUNIQUE,True,accept,NDE,"{CHN,NDE}+{USA}","{CHN}+{NDE,USA}",0.0,,,,,,-1.1080616133085641e-05,
0.997,MIXED_NONUNIQUE,True,accept,NDE,"{CHN,NDE}+{USA}",{CHN}+{NDE}+{USA},0.0,,,,,,-4.9747346686501714e-05,
0.997,MIXED_NONUNIQUE,True,accept,NDE,"{CHN,USA}+{NDE}","{CHN,NDE,USA}",1.0,,,,,,2.272276640624682e-05,"CHN,USA"
0.997,MIXED_NONUNIQUE,True,accept,NDE,"{CHN,USA}+{NDE}","{CHN,NDE}+{USA}",1.0,,,,,,2.9002772620856376e-05,
0.997,MIXED_NONUNIQUE,True,accept,NDE,"{CHN,USA}+{NDE}","{CHN}+{NDE,USA}",1.0,,,,,,1.7922156487770735e-05,
0.997,MIXED_NONUNIQUE,True,accept,NDE,"{CHN}+{NDE,USA}","{CHN,NDE,USA}",1.0,,,,,,4.800609918476084e-06,"CHN,USA"
0.997,MIXED_NONUNIQUE,True,accept,NDE,"{CHN}+{NDE,USA}","{CHN,NDE}+{USA}",1.0,,,,,,1.1080616133085641e-05,
0.997,MIXED_NONUNIQUE,True,accept,NDE,"{CHN}+{NDE,USA}","{CHN,USA}+{NDE}",0.0,,,,,,-1.7922156487770735e-05,
0.997,MIXED_NONUNIQUE,True,accept,NDE,"{CHN}+{NDE,USA}",{CHN}+{NDE}+{USA},0.0,,,,,,-3.866673055341607e-05,
0.997,MIXED_NONUNIQUE,True,accept,NDE,{CHN}+{NDE}+{USA},"{CHN,NDE,USA}",1.0,,,,,,4.346734047189216e-05,CHN
0.997,MIXED_NONUNIQUE,True,accept,NDE,{CHN}+{NDE}+{USA},"{CHN,NDE}+{USA}",1.0,,,,,,4.9747346686501714e-05,USA
0.997,MIXED_NONUNIQUE,True,accept,NDE,{CHN}+{NDE}+{USA},"{CHN}+{NDE,USA}",1.0,,,,,,3.866673055341607e-05,
0.997,MIXED_NONUNIQUE,True,accept,USA,"{CHN,NDE,USA}","{CHN,NDE}+{USA}",1.0,,,,,,2.964287250328823e-06,
0.997,MIXED_NONUNIQUE,True,accept,USA,"{CHN,NDE,USA}","{CHN,USA}+{NDE}",0.0,,,,,,-1.5555052161886351e-06,
0.997,MIXED_NONUNIQUE,True,accept,USA,"{CHN,NDE,USA}","{CHN}+{NDE,USA}",0.0,,,,,,-1.940553523205324e-06,
0.997,MIXED_NONUNIQUE,True,accept,USA,"{CHN,NDE,USA}",{CHN}+{NDE}+{USA},0.0,,,,,,-9.844793131819074e-07,
0.997,MIXED_NONUNIQUE,True,accept,USA,"{CHN,NDE}+{USA}","{CHN,NDE,USA}",0.0,,,,,,-2.964287250328823e-06,
0.997,MIXED_NONUNIQUE,True,accept,USA,"{CHN,NDE}+{USA}","{CHN,USA}+{NDE}",0.0,,,,,,-4.519792466517458e-06,
0.997,MIXED_NONUNIQUE,True,accept,USA,"{CHN,NDE}+{USA}","{CHN}+{NDE,USA}",0.0,,,,,,-4.904840773534147e-06,
0.997,MIXED_NONUNIQUE,True,accept,USA,"{CHN,USA}+{NDE}","{CHN,NDE,USA}",1.0,,,,,,1.5555052161886351e-06,"CHN,NDE"
0.997,MIXED_NONUNIQUE,True,accept,USA,"{CHN,USA}+{NDE}","{CHN,NDE}+{USA}",1.0,,,,,,4.519792466517458e-06,
0.997,MIXED_NONUNIQUE,True,accept,USA,"{CHN,USA}+{NDE}","{CHN}+{NDE,USA}",0.0,,,,,,-3.850483070166888e-07,
0.997,MIXED_NONUNIQUE,True,accept,USA,"{CHN,USA}+{NDE}",{CHN}+{NDE}+{USA},1.0,,,,,,5.710259030067277e-07,
0.997,MIXED_NONUNIQUE,True,accept,USA,"{CHN}+{NDE,USA}","{CHN,NDE,USA}",1.0,,,,,,1.940553523205324e-06,"CHN,NDE"
0.997,MIXED_NONUNIQUE,True,accept,USA,"{CHN}+{NDE,USA}","{CHN,NDE}+{USA}",1.0,,,,,,4.904840773534147e-06,
0.997,MIXED_NONUNIQUE,True,accept,USA,"{CHN}+{NDE,USA}","{CHN,USA}+{NDE}",1.0,,,,,,3.850483070166888e-07,
0.997,MIXED_NONUNIQUE,True,accept,USA,"{CHN}+{NDE,USA}",{CHN}+{NDE}+{USA},1.0,,,,,,9.560742100234165e-07,
0.997,MIXED_NONUNIQUE,True,accept,USA,{CHN}+{NDE}+{USA},"{CHN,NDE,USA}",1.0,,,,,,9.844793131819074e-07,CHN
0.997,MIXED_NONUNIQUE,True,accept,USA,{CHN}+{NDE}+{USA},"{CHN,USA}+{NDE}",0.0,,,,,,-5.710259030067277e-07,
0.997,MIXED_NONUNIQUE,True,accept,USA,{CHN}+{NDE}+{USA},"{CHN}+{NDE,USA}",0.0,,,,,,-9.560742100234165e-07,
0.999,MIXED_NONUNIQUE,True,propose,CHN,"{CHN,NDE,USA}","{CHN,NDE,USA}",0.3396453015958443,True,1.0,0.3396453015958443,False,,,
0.999,MIXED_NONUNIQUE,True,propose,CHN,"{CHN,NDE,USA}","{CHN}+{NDE,USA}",0.6603546984041557,False,1.0,0.6603546984041557,True,,,
0.999,MIXED_NONUNIQUE,True,propose,CHN,"{CHN,NDE}+{USA}","{CHN,NDE}+{USA}",1.0,True,1.0,1.0,False,,,
0.999,MIXED_NONUNIQUE,True,propose,CHN,"{CHN,USA}+{NDE}","{CHN,NDE,USA}",0.5724848414866056,False,1.0,0.5724848414866056,False,"NDE,USA",,
0.999,MIXED_NONUNIQUE,True,propose,CHN,"{CHN,USA}+{NDE}","{CHN,USA}+{NDE}",0.4275151585133944,True,1.0,0.4275151585133944,False,,,
0.999,MIXED_NONUNIQUE,True,propose,CHN,"{CHN}+{NDE,USA}","{CHN,NDE,USA}",0.475500982007847,False,1.0,0.475500982007847,False,"NDE,USA",,
0.999,MIXED_NONUNIQUE,True,propose,CHN,"{CHN}+{NDE,USA}","{CHN}+{NDE,USA}",0.5244990179921529,True,1.0,0.5244990179921529,False,,,
0.999,MIXED_NONUNIQUE,True,propose,CHN,{CHN}+{NDE}+{USA},"{CHN,NDE,USA}",1.0,False,1.0,1.0,False,"NDE,USA",,
0.999,MIXED_NONUNIQUE,True,propose,NDE,"{CHN,NDE,USA}","{CHN,NDE,USA}",1.0,True,1.0,1.0,False,,,
0.999,MIXED_NONUNIQUE,True,propose,NDE,"{CHN,NDE}+{USA}","{CHN,NDE}+{USA}",1.0,True,1.0,1.0,False,,,
0.999,MIXED_NONUNIQUE,True,propose,NDE,"{CHN,USA}+{NDE}","{CHN,NDE,USA}",1.0,False,0.3722533694100389,0.3722533694100389,False,"CHN,USA",,
0.999,MIXED_NONUNIQUE,True,propose,NDE,"{CHN}+{NDE,USA}","{CHN,NDE,USA}",1.0,False,0.4962929205907092,0.4962929205907092,False,"CHN,USA",,
0.999,MIXED_NONUNIQUE,True,propose,NDE,{CHN}+{NDE}+{USA},"{CHN,NDE}+{USA}",1.0,False,1.0,1.0,False,CHN,,
0.999,MIXED_NONUNIQUE,True,propose,USA,"{CHN,NDE,USA}","{CHN,NDE}+{USA}",1.0,False,1.0,1.0,True,,,
0.999,MIXED_NONUNIQUE,True,propose,USA,"{CHN,NDE}+{USA}","{CHN,NDE}+{USA}",1.0,True,1.0,1.0,False,,,
0.999,MIXED_NONUNIQUE,True,propose,USA,"{CHN,USA}+{NDE}","{CHN,NDE,USA}",0.8996538534709277,False,0.3722533694100389,0.3348991782572783,False,"CHN,NDE",,
0.999,MIXED_NONUNIQUE,True,propose,USA,"{CHN,USA}+{NDE}",{CHN}+{NDE}+{USA},0.10034614652907226,False,1.0,0.10034614652907226,True,,,
0.999,MIXED_NONUNIQUE,True,propose,USA,"{CHN}+{NDE,USA}","{CHN,NDE,USA}",0.6121433903955664,False,0.4962929205907092,0.3038024310397143,False,"CHN,NDE",,
0.999,MIXED_NONUNIQUE,True,propose,USA,"{CHN}+{NDE,USA}",{CHN}+{NDE}+{USA},0.3878566096044336,False,1.0,0.3878566096044336,True,,,
0.999,MIXED_NONUNIQUE,True,propose,USA,{CHN}+{NDE}+{USA},"{CHN,NDE}+{USA}",1.0,False,1.0,1.0,False,"CHN,NDE",,
0.999,MIXED_NONUNIQUE,True,accept,CHN,"{CHN,NDE,USA}","{CHN,NDE}+{USA}",0.0,,,,,,-1.4980283680188222e-06,
0.999,MIXED_NONUNIQUE,True,accept,CHN,"{CHN,NDE,USA}","{CHN,USA}+{NDE}",0.49999999999999994,,,,,,0.0,
0.999,MIXED_NONUNIQUE,True,accept,CHN,"{CHN,NDE,USA}","{CHN}+{NDE,USA}",0.5000000000000001,,,,,,0.0,
0.999,MIXED_NONUNIQUE,True,accept,CHN,"{CHN,NDE,USA}",{CHN}+{NDE}+{USA},0.0,,,,,,-4.662820513701149e-06,
0.999,MIXED_NONUNIQUE,True,accept,CHN,"{CHN,NDE}+{USA}","{CHN,NDE,USA}",1.0,,,,,,1.4980283680188222e-06,
0.999,MIXED_NONUNIQUE,True,accept,CHN,"{CHN,NDE}+{USA}","{CHN,USA}+{NDE}",1.0,,,,,,1.4980283680188222e-06,
0.999,MIXED_NONUNIQUE,True,accept,CHN,"{CHN,NDE}+{USA}","{CHN}+{NDE,USA}",1.0,,,,,,1.4980283680188222e-06,
0.999,MIXED_NONUNIQUE,True,accept,CHN,"{CHN,NDE}+{USA}",{CHN}+{NDE}+{USA},0.0,,,,,,-3.164792145682327e-06,
0.999,MIXED_NONUNIQUE,True,accept,CHN,"{CHN,USA}+{NDE}","{CHN,NDE,USA}",0.3722533694100389,,,,,,0.0,"NDE,USA"
0.999,MIXED_NONUNIQUE,True,accept,CHN,"{CHN,USA}+{NDE}","{CHN,NDE}+{USA}",0.0,,,,,,-1.4980283680188222e-06,
0.999,MIXED_NONUNIQUE,True,accept,CHN,"{CHN,USA}+{NDE}","{CHN}+{NDE,USA}",0.5,,,,,,0.0,
0.999,MIXED_NONUNIQUE,True,accept,CHN,"{CHN,USA}+{NDE}",{CHN}+{NDE}+{USA},0.0,,,,,,-4.662820513701149e-06,
0.999,MIXED_NONUNIQUE,True,accept,CHN,"{CHN}+{NDE,USA}","{CHN,NDE,USA}",0.4962929205907092,,,,,,0.0,"NDE,USA"
0.999,MIXED_NONUNIQUE,True,accept,CHN,"{CHN}+{NDE,USA}","{CHN,NDE}+{USA}",0.0,,,,,,-1.4980283680188222e-06,
0.999,MIXED_NONUNIQUE,True,accept,CHN,"{CHN}+{NDE,USA}","{CHN,USA}+{NDE}",0.5,,,,,,0.0,
0.999,MIXED_NONUNIQUE,True,accept,CHN,{CHN}+{NDE}+{USA},"{CHN,NDE,USA}",1.0,,,,,,4.662820513701149e-06,
0.999,MIXED_NONUNIQUE,True,accept,CHN,{CHN}+{NDE}+{USA},"{CHN,NDE}+{USA}",1.0,,,,,,3.164792145682327e-06,"NDE,USA"
0.999,MIXED_NONUNIQUE,True,accept,CHN,{CHN}+{NDE}+{USA},"{CHN,USA}+{NDE}",1.0,,,,,,4.662820513701149e-06,
0.999,MIXED_NONUNIQUE,True,accept,NDE,"{CHN,NDE,USA}","{CHN,NDE}+{USA}",1.0,,,,,,2.107469125434136e-06,
0.999,MIXED_NONUNIQUE,True,accept,NDE,"{CHN,NDE,USA}","{CHN,USA}+{NDE}",0.0,,,,,,-7.562023785823158e-06,
0.999,MIXED_NONUNIQUE,True,accept,NDE,"{CHN,NDE,USA}","{CHN}+{NDE,USA}",0.0,,,,,,-1.6157467648270085e-06,
0.999,MIXED_NONUNIQUE,True,accept,NDE,"{CHN,NDE,USA}",{CHN}+{NDE}+{USA},0.0,,,,,,-1.4481081855421962e-05,
0.999,MIXED_NONUNIQUE,True,accept,NDE,"{CHN,NDE}+{USA}","{CHN,NDE,USA}",0.0,,,,,,-2.107469125434136e-06,
0.999,MIXED_NONUNIQUE,True,accept,NDE,"{CHN,NDE}+{USA}","{CHN,USA}+{NDE}",0.0,,,,,,-9.669492911257294e-06,
0.999,MIXED_NONUNIQUE,True,accept,NDE,"{CHN,NDE}+{USA}","{CHN}+{NDE,USA}",0.0,,,,,,-3.7232158902611445e-06,
0.999,MIXED_NONUNIQUE,True,accept,NDE,"{CHN,NDE}+{USA}",{CHN}+{NDE}+{USA},0.0,,,,,,-1.6588550980856098e-05,
0.999,MIXED_NONUNIQUE,True,accept,NDE,"{CHN,USA}+{NDE}","{CHN,NDE,USA}",1.0,,,,,,7.562023785823158e-06,"CHN,USA"
0.999,MIXED_NONUNIQUE,True,accept,NDE,"{CHN,USA}+{NDE}","{CHN,NDE}+{USA}",1.0,,,,,,9.669492911257294e-06,
0.999,MIXED_NONUNIQUE,True,accept,NDE,"{CHN,USA}+{NDE}","{CHN}+{NDE,USA}",1.0,,,,,,5.946277020996149e-06,
0.999,MIXED_NONUNIQUE,True,accept,NDE,"{CHN}+{NDE,USA}","{CHN,NDE,USA}",1.0,,,,,,1.6157467648270085e-06,"CHN,USA"
0.999,MIXED_NONUNIQUE,True,accept,NDE,"{CHN}+{NDE,USA}","{CHN,NDE}+{USA}",1.0,,,,,,3.7232158902611445e-06,
0.999,MIXED_NONUNIQUE,True,accept,NDE,"{CHN}+{NDE,USA}","{CHN,USA}+{NDE}",0.0,,,,,,-5.946277020996149e-06,
0.999,MIXED_NONUNIQUE,True,accept,NDE,"{CHN}+{NDE,USA}",{CHN}+{NDE}+{USA},0.0,,,,,,-1.2865335090594954e-05,
0.999,MIXED_NONUNIQUE,True,accept,NDE,{CHN}+{NDE}+{USA},"{CHN,NDE,USA}",1.0,,,,,,1.4481081855421962e-05,CHN
0.999,MIXED_NONUNIQUE,True,accept,NDE,{CHN}+{NDE}+{USA},"{CHN,NDE}+{USA}",1.0,,,,,,1.6588550980856098e-05,USA
0.999,MIXED_NONUNIQUE,True,accept,NDE,{CHN}+{NDE}+{USA},"{CHN}+{NDE,USA}",1.0,,,,,,1.2865335090594954e-05,
0.999,MIXED_NONUNIQUE,True,accept,USA,"{CHN,NDE,USA}","{CHN,NDE}+{USA}",1.0,,,,,,9.913320426768735e-07,
0.999,MIXED_NONUNIQUE,True,accept,USA,"{CHN,NDE,USA}","{CHN,USA}+{NDE}",0.0,,,,,,-5.2036901276864e-07,
0.999,MIXED_NONUNIQUE,True,accept,USA,"{CHN,NDE,USA}","{CHN}+{NDE,USA}",0.0,,,,,,-6.485116208487796e-07,
0.999,MIXED_NONUNIQUE,True,accept,USA,"{CHN,NDE,USA}",{CHN}+{NDE}+{USA},0.0,,,,,,-3.2665989424529585e-07,
0.999,MIXED_NONUNIQUE,True,accept,USA,"{CHN,NDE}+{USA}","{CHN,NDE,USA}",0.0,,,,,,-9.913320426768735e-07,
0.999,MIXED_NONUNIQUE,True,accept,USA,"{CHN,NDE}+{USA}","{CHN,USA}+{NDE}",0.0,,,,,,-1.5117010554455135e-06,
0.999,MIXED_NONUNIQUE,True,accept,USA,"{CHN,NDE}+{USA}","{CHN}+{NDE,USA}",0.0,,,,,,-1.639843663525653e-06,
0.999,MIXED_NONUNIQUE,True,accept,USA,"{CHN,USA}+{NDE}","{CHN,NDE,USA}",1.0,,,,,,5.2036901276864e-07,"CHN,NDE"
0.999,MIXED_NONUNIQUE,True,accept,USA,"{CHN,USA}+{NDE}","{CHN,NDE}+{USA}",1.0,,,,,,1.5117010554455135e-06,
0.999,MIXED_NONUNIQUE,True,accept,USA,"{CHN,USA}+{NDE}","{CHN}+{NDE,USA}",0.0,,,,,,-1.2814260808013955e-07,
0.999,MIXED_NONUNIQUE,True,accept,USA,"{CHN,USA}+{NDE}",{CHN}+{NDE}+{USA},1.0,,,,,,1.9370911852334416e-07,
0.999,MIXED_NONUNIQUE,True,accept,USA,"{CHN}+{NDE,USA}","{CHN,NDE,USA}",1.0,,,,,,6.485116208487796e-07,"CHN,NDE"
0.999,MIXED_NONUNIQUE,True,accept,USA,"{CHN}+{NDE,USA}","{CHN,NDE}+{USA}",1.0,,,,,,1.639843663525653e-06,
0.999,MIXED_NONUNIQUE,True,accept,USA,"{CHN}+{NDE,USA}","{CHN,USA}+{NDE}",1.0,,,,,,1.2814260808013955e-07,
0.999,MIXED_NONUNIQUE,True,accept,USA,"{CHN}+{NDE,USA}",{CHN}+{NDE}+{USA},1.0,,,,,,3.218517266034837e-07,
0.999,MIXED_NONUNIQUE,True,accept,USA,{CHN}+{NDE}+{USA},"{CHN,NDE,USA}",1.0,,,,,,3.2665989424529585e-07,CHN
0.999,MIXED_NONUNIQUE,True,accept,USA,{CHN}+{NDE}+{USA},"{CHN,USA}+{NDE}",0.0,,,,,,-1.9370911852334416e-07,
0.999,MIXED_NONUNIQUE,True,accept,USA,{CHN}+{NDE}+{USA},"{CHN}+{NDE,USA}",0.0,,,,,,-3.218517266034837e-07,
