delta,status,nonunique,kind,player,state,target,prob,stay,accept_prob,effective,free_exit,voters,gain,proposed_by
0.5,PURE,False,propose,NDE,"{NDE,RUS,USA}","{NDE,RUS,USA}",1.0,True,1.0,1.0,False,,,
0.5,PURE,False,propose,NDE,"{NDE,RUS}+{USA}","{NDE,RUS}+{USA}",1.0,True,1.0,1.0,False,,,
0.5,PURE,False,propose,NDE,"{NDE,USA}+{RUS}","{NDE,USA}+{RUS}",1.0,True,1.0,1.0,False,,,
0.5,PURE,False,propose,NDE,"{NDE}+{RUS,USA}","{NDE}+{RUS,USA}",1.0,True,1.0,1.0,False,,,
0.5,PURE,False,propose,NDE,{NDE}+{RUS}+{USA},"{NDE,USA}+{RUS}",1.0,False,1.0,1.0,False,USA,,
0.5,PURE,False,propose,RUS,"{NDE,RUS,USA}","{NDE,USA}+{RUS}",1.0,False,1.0,1.0,True,,,
0.5,PURE,False,propose,RUS,"{NDE,RUS}+{USA}",{NDE}+{RUS}+{USA},1.0,False,1.0,1.0,True,,,
0.5,PURE,False,propose,RUS,"{NDE,USA}+{RUS}","{NDE,USA}+{RUS}",1.0,True,1.0,1.0,False,,,
0.5,PURE,False,propose,RUS,"{NDE}+{RUS,USA}","{NDE}+{RUS,USA}",1.0,True,1.0,1.0,False,,,
0.5,PURE,False,propose,RUS,{NDE}+{RUS}+{USA},"{NDE}+{RUS,USA}",1.0,False,1.0,1.0,False,USA,,
0.5,PURE,False,propose,USA,"{NDE,RUS,USA}","{NDE,RUS}+{USA}",1.0,False,1.0,1.0,True,,,
0.5,PURE,False,propose,USA,"{NDE,RUS}+{USA}","{NDE,RUS}+{USA}",1.0,True,1.0,1.0,False,,,
0.5,PURE,False,propose,USA,"{NDE,USA}+{RUS}","{NDE,USA}+{RUS}",1.0,True,1.0,1.0,False,,,
0.5,PURE,False,propose,USA,"{NDE}+{RUS,USA}","{NDE}+{RUS,USA}",1.0,True,1.0,1.0,False,,,
0.5,PURE,False,propose,USA,{NDE}+{RUS}+{USA},"{NDE,USA}+{RUS}",1.0,False,1.0,1.0,False,NDE,,
0.5,PURE,False,accept,NDE,"{NDE,RUS,USA}","{NDE,RUS}+{USA}",0.0,,,,,,-0.0015312359013819332,
0.5,PURE,False,accept,NDE,"{NDE,RUS,USA}","{NDE,USA}+{RUS}",1.0,,,,,,0.000725730458317031,
0.5,PURE,False,accept,NDE,"{NDE,RUS,USA}","{NDE}+{RUS,USA}",0.0,,,,,,-0.0056116801535708305,
0.5,PURE,False,accept,NDE,"{NDE,RUS,USA}",{NDE}+{RUS}+{USA},0.0,,,,,,-0.008759680873520637,
0.5,PURE,False,accept,NDE,"{NDE,RUS}+{USA}","{NDE,RUS,USA}",1.0,,,,,,0.0015312359013819332,
0.5,PURE,False,accept,NDE,"{NDE,RUS}+{USA}","{NDE,USA}+{RUS}",1.0,,,,,,0.002256966359698964,
0.5,PURE,False,accept,NDE,"{NDE,RUS}+{USA}","{NDE}+{RUS,USA}",0.0,,,,,,-0.004080444252188897,
0.5,PURE,False,accept,NDE,"{NDE,RUS}+{USA}",{NDE}+{RUS}+{USA},0.0,,,,,,-0.007228444972138703,
0.5,PURE,False,accept,NDE,"{NDE,USA}+{RUS}","{NDE,RUS,USA}",0.0,,,,,,-0.000725730458317031,
0.5,PURE,False,accept,NDE,"{NDE,USA}+{RUS}","{NDE,RUS}+{USA}",0.0,,,,,,-0.002256966359698964,
0.5,PURE,False,accept,NDE,"{NDE,USA}+{RUS}","{NDE}+{RUS,USA}",0.0,,,,,,-0.0063374106118878615,
0.5,PURE,False,accept,NDE,"{NDE,USA}+{RUS}",{NDE}+{RUS}+{USA},0.0,,,,,,-0.009485411331837668,
0.5,PURE,False,accept,NDE,"{NDE}+{RUS,USA}","{NDE,RUS,USA}",1.0,,,,,,0.0056116801535708305,
0.5,PURE,False,accept,NDE,"{NDE}+{RUS,USA}","{NDE,RUS}+{USA}",1.0,,,,,,0.004080444252188897,
0.5,PURE,False,accept,NDE,"{NDE}+{RUS,USA}","{NDE,USA}+{RUS}",1.0,,,,,,0.0063374106118878615,
0.5,PURE,False,accept,NDE,{NDE}+{RUS}+{USA},"{NDE,RUS,USA}",1.0,,,,,,0.008759680873520637,
0.5,PURE,False,accept,NDE,{NDE}+{RUS}+{USA},"{NDE,RUS}+{USA}",1.0,,,,,,0.007228444972138703,
0.5,PURE,False,accept,NDE,{NDE}+{RUS}+{USA},"{NDE,USA}+{RUS}",1.0,,,,,,0.009485411331837668,USA
0.5,PURE,False,accept,RUS,"{NDE,RUS,USA}","{NDE,RUS}+{USA}",0.0,,,,,,-0.0006687518355801281,
0.5,PURE,False,accept,RUS,"{NDE,RUS,USA}","{NDE,USA}+{RUS}",1.0,,,,,,0.000129324687076382,
0.5,PURE,False,accept,RUS,"{NDE,RUS,USA}","{NDE}+{RUS,USA}",1.0,,,,,,0.00045351089528034016,
0.5,PURE,False,accept,RUS,"{NDE,RUS,USA}",{NDE}+{RUS}+{USA},1.0,,,,,,0.0003466211457019419,
0.5,PURE,False,accept,RUS,"{NDE,RUS}+{USA}","{NDE,RUS,USA}",1.0,,,,,,0.0006687518355801281,
0.5,PURE,False,accept,RUS,"{NDE,RUS}+{USA}","{NDE,USA}+{RUS}",1.0,,,,,,0.0007980765226565101,
0.5,PURE,False,accept,RUS,"{NDE,RUS}+{USA}","{NDE}+{RUS,USA}",1.0,,,,,,0.0011222627308604682,
0.5,PURE,False,accept,RUS,"{NDE,RUS}+{USA}",{NDE}+{RUS}+{USA},1.0,,,,,,0.00101537298128207,
0.5,PURE,False,accept,RUS,"{NDE,USA}+{RUS}","{NDE,RUS,USA}",0.0,,,,,,-0.000129324687076382,
0.5,PURE,False,accept,RUS,"{NDE,USA}+{RUS}","{NDE,RUS}+{USA}",0.0,,,,,,-0.0007980765226565101,
0.5,PURE,False,accept,RUS,"{NDE,USA}+{RUS}","{NDE}+{RUS,USA}",1.0,,,,,,0.00032418620820395816,
0.5,PURE,False,accept,RUS,"{NDE}+{RUS,USA}","{NDE,RUS,USA}",0.0,,,,,,-0.00045351089528034016,
0.5,PURE,False,accept,RUS,"{NDE}+{RUS,USA}","{NDE,RUS}+{USA}",0.0,,,,,,-0.0011222627308604682,
0.5,PURE,False,accept,RUS,"{NDE}+{RUS,USA}","{NDE,USA}+{RUS}",0.0,,,,,,-0.00032418620820395816,
0.5,PURE,False,accept,RUS,"{NDE}+{RUS,USA}",{NDE}+{RUS}+{USA},0.0,,,,,,-0.00010688974957839825,
0.5,PURE,False,accept,RUS,{NDE}+{RUS}+{USA},"{NDE,RUS,USA}",0.0,,,,,,-0.0003466211457019419,
0.5,PURE,False,accept,RUS,{NDE}+{RUS}+{USA},"{NDE,RUS}+{USA}",0.0,,,,,,-0.00101537298128207,
0.5,PURE,False,accept,RUS,{NDE}+{RUS}+{USA},"{NDE}+{RUS,USA}",1.0,,,,,,0.00010688974957839825,
0.5,PURE,False,accept,USA,"{NDE,RUS,USA}","{NDE,RUS}+{USA}",1.0,,,,,,9.522190046906687e-05,
0.5,PURE,False,accept,USA,"{NDE,RUS,USA}","{NDE,USA}+{RUS}",0.0,,,,,,-4.5944071004111464e-05,
0.5,PURE,False,accept,USA,"{NDE,RUS,USA}","{NDE}+{RUS,USA}",0.0,,,,,,-5.5936796017341806e-05,
0.5,PURE,False,accept,USA,"{NDE,RUS,USA}",{NDE}+{RUS}+{USA},0.0,,,,,,-0.00038220890452356215,
0.5,PURE,False,accept,USA,"{NDE,RUS}+{USA}","{NDE,RUS,USA}",0.0,,,,,,-9.522190046906687e-05,
0.5,PURE,False,accept,USA,"{NDE,RUS}+{USA}","{NDE,USA}+{RUS}",0.0,,,,,,-0.00014116597147317833,
0.5,PURE,False,accept,USA,"{NDE,RUS}+{USA}","{NDE}+{RUS,USA}",0.0,,,,,,-0.00015115869648640867,
0.5,PURE,False,accept,USA,"{NDE,USA}+{RUS}","{NDE,RUS,USA}",1.0,,,,,,4.5944071004111464e-05,
0.5,PURE,False,accept,USA,"{NDE,USA}+{RUS}","{NDE,RUS}+{USA}",1.0,,,,,,0.00014116597147317833,
0.5,PURE,False,accept,USA,"{NDE,USA}+{RUS}","{NDE}+{RUS,USA}",0.0,,,,,,-9.992725013230341e-06,
0.5,PURE,False,accept,USA,"{NDE,USA}+{RUS}",{NDE}+{RUS}+{USA},0.0,,,,,,-0.0003362648335194507,
0.5,PURE,False,accept,USA,"{NDE}+{RUS,USA}","{NDE,RUS,USA}",1.0,,,,,,5.5936796017341806e-05,
0.5,PURE,False,accept,USA,"{NDE}+{RUS,USA}","{NDE,RUS}+{USA}",1.0,,,,,,0.00015115869648640867,
0.5,PURE,False,accept,USA,"{NDE}+{RUS,USA}","{NDE,USA}+{RUS}",1.0,,,,,,9.992725013230341e-06,
0.5,PURE,False,accept,USA,"{NDE}+{RUS,USA}",{NDE}+{RUS}+{USA},0.0,,,,,,-0.00032627210850622035,
0.5,PURE,False,accept,USA,{NDE}+{RUS}+{USA},"{NDE,RUS,USA}",1.0,,,,,,0.00038220890452356215,
0.5,PURE,False,accept,USA,{NDE}+{RUS}+{USA},"{NDE,USA}+{RUS}",1.0,,,,,,0.0003362648335194507,NDE
0.5,PURE,False,accept,USA,{NDE}+{RUS}+{USA},"{NDE}+{RUS,USA}",1.0,,,,,,0.00032627210850622035,RUS
0.7,PURE,False,propose,NDE,"{NDE,RUS,USA}","{NDE,RUS,USA}",1.0,True,1.0,1.0,False,,,
0.7,PURE,False,propose,NDE,"{NDE,RUS}+{USA}","{NDE,RUS}+{USA}",1.0,True,1.0,1.0,False,,,
0.7,PURE,False,propose,NDE,"{NDE,USA}+{RUS}","{NDE,USA}+{RUS}",1.0,True,1.0,1.0,False,,,
0.7,PURE,False,propose,NDE,"{NDE}+{RUS,USA}","{NDE}+{RUS,USA}",1.0,True,1.0,1.0,False,,,
0.7,PURE,False,propose,NDE,{NDE}+{RUS}+{USA},"{NDE,USA}+{RUS}",1.0,False,1.0,1.0,False,USA,,
0.7,PURE,False,propose,RUS,"{NDE,RUS,USA}","{NDE,USA}+{RUS}",1.0,False,1.0,1.0,True,,,
0.7,PURE,False,propose,RUS,"{NDE,RUS}+{USA}",{NDE}+{RUS}+{USA},1.0,False,1.0,1.0,True,,,
0.7,PURE,False,propose,RUS,"{NDE,USA}+{RUS}","{NDE,USA}+{RUS}",1.0,True,1.0,1.0,False,,,
0.7,PURE,False,propose,RUS,"{NDE}+{RUS,USA}","{NDE}+{RUS,USA}",1.0,True,1.0,1.0,False,,,
0.7,PURE,False,propose,RUS,{NDE}+{RUS}+{USA},"{NDE}+{RUS,USA}",1.0,False,1.0,1.0,False,USA,,
0.7,PURE,False,propose,USA,"{NDE,RUS,USA}","{NDE,RUS}+{USA}",1.0,False,1.0,1.0,True,,,
0.7,PURE,False,propose,USA,"{NDE,RUS}+{USA}","{NDE,RUS}+{USA}",1.0,True,1.0,1.0,False,,,
0.7,PURE,False,propose,USA,"{NDE,USA}+{RUS}","{NDE,USA}+{RUS}",1.0,True,1.0,1.0,False,,,
0.7,PURE,False,propose,USA,"{NDE}+{RUS,USA}","{NDE}+{RUS,USA}",1.0,True,1.0,1.0,False,,,
0.7,PURE,False,propose,USA,{NDE}+{RUS}+{USA},"{NDE,USA}+{RUS}",1.0,False,1.0,1.0,False,NDE,,
0.7,PURE,False,accept,NDE,"{NDE,RUS,USA}","{NDE,RUS}+{USA}",0.0,,,,,,-0.0017506934213038505,
0.7,PURE,False,accept,NDE,"{NDE,RUS,USA}","{NDE,USA}+{RUS}",1.0,,,,,,0.0010231194840493174,
0.7,PURE,False,accept,NDE,"{NDE,RUS,USA}","{NDE}+{RUS,USA}",0.0,,,,,,-0.005314291127838544,
0.7,PURE,False,accept,NDE,"{NDE,RUS,USA}",{NDE}+{RUS}+{USA},0.0,,,,,,-0.005513115396638568,
0.7,PURE,False,accept,NDE,"{NDE,RUS}+{USA}","{NDE,RUS,USA}",1.0,,,,,,0.0017506934213038505,
0.7,PURE,False,accept,NDE,"{NDE,RUS}+{USA}","{NDE,USA}+{RUS}",1.0,,,,,,0.002773812905353168,
0.7,PURE,False,accept,NDE,"{NDE,RUS}+{USA}","{NDE}+{RUS,USA}",0.0,,,,,,-0.0035635977065346935,
0.7,PURE,False,accept,NDE,"{NDE,RUS}+{USA}",{NDE}+{RUS}+{USA},0.0,,,,,,-0.0037624219753347177,
0.7,PURE,False,accept,NDE,"{NDE,USA}+{RUS}","{NDE,RUS,USA}",0.0,,,,,,-0.0010231194840493174,
0.7,PURE,False,accept,NDE,"{NDE,USA}+{RUS}","{NDE,RUS}+{USA}",0.0,,,,,,-0.002773812905353168,
0.7,PURE,False,accept,NDE,"{NDE,USA}+{RUS}","{NDE}+{RUS,USA}",0.0,,,,,,-0.0063374106118878615,
0.7,PURE,False,accept,NDE,"{NDE,USA}+{RUS}",{NDE}+{RUS}+{USA},0.0,,,,,,-0.006536234880687886,
0.7,PURE,False,accept,NDE,"{NDE}+{RUS,USA}","{NDE,RUS,USA}",1.0,,,,,,0.005314291127838544,
0.7,PURE,False,accept,NDE,"{NDE}+{RUS,USA}","{NDE,RUS}+{USA}",1.0,,,,,,0.0035635977065346935,
0.7,PURE,False,accept,NDE,"{NDE}+{RUS,USA}","{NDE,USA}+{RUS}",1.0,,,,,,0.0063374106118878615,
0.7,PURE,False,accept,NDE,{NDE}+{RUS}+{USA},"{NDE,RUS,USA}",1.0,,,,,,0.005513115396638568,
0.7,PURE,False,accept,NDE,{NDE}+{RUS}+{USA},"{NDE,RUS}+{USA}",1.0,,,,,,0.0037624219753347177,
0.7,PURE,False,accept,NDE,{NDE}+{RUS}+{USA},"{NDE,USA}+{RUS}",1.0,,,,,,0.006536234880687886,USA
0.7,PURE,False,accept,RUS,"{NDE,RUS,USA}","{NDE,RUS}+{USA}",0.0,,,,,,-0.00041164991256636974,
0.7,PURE,False,accept,RUS,"{NDE,RUS,USA}","{NDE,USA}+{RUS}",1.0,,,,,,0.00015169938288384088,
0.7,PURE,False,accept,RUS,"{NDE,RUS,USA}","{NDE}+{RUS,USA}",1.0,,,,,,0.00047588559108779904,
0.7,PURE,False,accept,RUS,"{NDE,RUS,USA}",{NDE}+{RUS}+{USA},1.0,,,,,,0.000325302085819823,
0.7,PURE,False,accept,RUS,"{NDE,RUS}+{USA}","{NDE,RUS,USA}",1.0,,,,,,0.00041164991256636974,
0.7,PURE,False,accept,RUS,"{NDE,RUS}+{USA}","{NDE,USA}+{RUS}",1.0,,,,,,0.0005633492954502106,
0.7,PURE,False,accept,RUS,"{NDE,RUS}+{USA}","{NDE}+{RUS,USA}",1.0,,,,,,0.0008875355036541688,
0.7,PURE,False,accept,RUS,"{NDE,RUS}+{USA}",{NDE}+{RUS}+{USA},1.0,,,,,,0.0007369519983861927,
0.7,PURE,False,accept,RUS,"{NDE,USA}+{RUS}","{NDE,RUS,USA}",0.0,,,,,,-0.00015169938288384088,
0.7,PURE,False,accept,RUS,"{NDE,USA}+{RUS}","{NDE,RUS}+{USA}",0.0,,,,,,-0.0005633492954502106,
0.7,PURE,False,accept,RUS,"{NDE,USA}+{RUS}","{NDE}+{RUS,USA}",1.0,,,,,,0.00032418620820395816,
0.7,PURE,False,accept,RUS,"{NDE}+{RUS,USA}","{NDE,RUS,USA}",0.0,,,,,,-0.00047588559108779904,
0.7,PURE,False,accept,RUS,"{NDE}+{RUS,USA}","{NDE,RUS}+{USA}",0.0,,,,,,-0.0008875355036541688,
0.7,PURE,False,accept,RUS,"{NDE}+{RUS,USA}","{NDE,USA}+{RUS}",0.0,,,,,,-0.00032418620820395816,
0.7,PURE,False,accept,RUS,"{NDE}+{RUS,USA}",{NDE}+{RUS}+{USA},0.0,,,,,,-0.00015058350526797604,
0.7,PURE,False,accept,RUS,{NDE}+{RUS}+{USA},"{NDE,RUS,USA}",0.0,,,,,,-0.000325302085819823,
0.7,PURE,False,accept,RUS,{NDE}+{RUS}+{USA},"{NDE,RUS}+{USA}",0.0,,,,,,-0.0007369519983861927,
0.7,PURE,False,accept,RUS,{NDE}+{RUS}+{USA},"{NDE}+{RUS,USA}",1.0,,,,,,0.00015058350526797604,
0.7,PURE,False,accept,USA,"{NDE,RUS,USA}","{NDE,RUS}+{USA}",1.0,,,,,,4.4151485368182364e-05,
0.7,PURE,False,accept,USA,"{NDE,RUS,USA}","{NDE,USA}+{RUS}",0.0,,,,,,-3.592022176368559e-05,
0.7,PURE,False,accept,USA,"{NDE,RUS,USA}","{NDE}+{RUS,USA}",0.0,,,,,,-4.591294677691593e-05,
0.7,PURE,False,accept,USA,"{NDE,RUS,USA}",{NDE}+{RUS}+{USA},0.0,,,,,,-0.00023901148521021653,
0.7,PURE,False,accept,USA,"{NDE,RUS}+{USA}","{NDE,RUS,USA}",0.0,,,,,,-4.4151485368182364e-05,
0.7,PURE,False,accept,USA,"{NDE,RUS}+{USA}","{NDE,USA}+{RUS}",0.0,,,,,,-8.007170713186795e-05,
0.7,PURE,False,accept,USA,"{NDE,RUS}+{USA}","{NDE}+{RUS,USA}",0.0,,,,,,-9.00644321450983e-05,
0.7,PURE,False,accept,USA,"{NDE,USA}+{RUS}","{NDE,RUS,USA}",1.0,,,,,,3.592022176368559e-05,
0.7,PURE,False,accept,USA,"{NDE,USA}+{RUS}","{NDE,RUS}+{USA}",1.0,,,,,,8.007170713186795e-05,
0.7,PURE,False,accept,USA,"{NDE,USA}+{RUS}","{NDE}+{RUS,USA}",0.0,,,,,,-9.992725013230341e-06,
0.7,PURE,False,accept,USA,"{NDE,USA}+{RUS}",{NDE}+{RUS}+{USA},0.0,,,,,,-0.00020309126344653095,
0.7,PURE,False,accept,USA,"{NDE}+{RUS,USA}","{NDE,RUS,USA}",1.0,,,,,,4.591294677691593e-05,
0.7,PURE,False,accept,USA,"{NDE}+{RUS,USA}","{NDE,RUS}+{USA}",1.0,,,,,,9.00644321450983e-05,
0.7,PURE,False,accept,USA,"{NDE}+{RUS,USA}","{NDE,USA}+{RUS}",1.0,,,,,,9.992725013230341e-06,
0.7,PURE,False,accept,USA,"{NDE}+{RUS,USA}",{NDE}+{RUS}+{USA},0.0,,,,,,-0.0001930985384333006,
0.7,PURE,False,accept,USA,{NDE}+{RUS}+{USA},"{NDE,RUS,USA}",1.0,,,,,,0.00023901148521021653,
0.7,PURE,False,accept,USA,{NDE}+{RUS}+{USA},"{NDE,USA}+{RUS}",1.0,,,,,,0.00020309126344653095,NDE
0.7,PURE,False,accept,USA,{NDE}+{RUS}+{USA},"{NDE}+{RUS,USA}",1.0,,,,,,0.0001930985384333006,RUS
0.8,PURE,False,propose,NDE,"{NDE,RUS,USA}","{NDE,RUS,USA}",1.0,True,1.0,1.0,False,,,
0.8,PURE,False,propose,NDE,"{NDE,RUS}+{USA}","{NDE,RUS}+{USA}",1.0,True,1.0,1.0,False,,,
0.8,PURE,False,propose,NDE,"{NDE,USA}+{RUS}","{NDE,USA}+{RUS}",1.0,True,1.0,1.0,False,,,
0.8,PURE,False,propose,NDE,"{NDE}+{RUS,USA}","{NDE}+{RUS,USA}",1.0,True,1.0,1.0,False,,,
0.8,PURE,False,propose,NDE,{NDE}+{RUS}+{USA},"{NDE,USA}+{RUS}",1.0,False,1.0,1.0,False,USA,,
0.8,PURE,False,propose,RUS,"{NDE,RUS,USA}","{NDE,USA}+{RUS}",1.0,False,1.0,1.0,True,,,
0.8,PURE,False,propose,RUS,"{NDE,RUS}+{USA}",{NDE}+{RUS}+{USA},1.0,False,1.0,1.0,True,,,
0.8,PURE,False,propose,RUS,"{NDE,USA}+{RUS}","{NDE,USA}+{RUS}",1.0,True,1.0,1.0,False,,,
0.8,PURE,False,propose,RUS,"{NDE}+{RUS,USA}","{NDE}+{RUS,USA}",1.0,True,1.0,1.0,False,,,
0.8,PURE,False,propose,RUS,{NDE}+{RUS}+{USA},"{NDE}+{RUS,USA}",1.0,False,1.0,1.0,False,USA,,
0.8,PURE,False,propose,USA,"{NDE,RUS,USA}","{NDE,RUS}+{USA}",1.0,False,1.0,1.0,True,,,
0.8,PURE,False,propose,USA,"{NDE,RUS}+{USA}","{NDE,RUS}+{USA}",1.0,True,1.0,1.0,False,,,
0.8,PURE,False,propose,USA,"{NDE,USA}+{RUS}","{NDE,USA}+{RUS}",1.0,True,1.0,1.0,False,,,
0.8,PURE,False,propose,USA,"{NDE}+{RUS,USA}","{NDE}+{RUS,USA}",1.0,True,1.0,1.0,False,,,
0.8,PURE,False,propose,USA,{NDE}+{RUS}+{USA},"{NDE,USA}+{RUS}",1.0,False,1.0,1.0,False,NDE,,
0.8,PURE,False,accept,NDE,"{NDE,RUS,USA}","{NDE,RUS}+{USA}",0.0,,,,,,-0.0016743049814103017,
0.8,PURE,False,accept,NDE,"{NDE,RUS,USA}","{NDE,USA}+{RUS}",1.0,,,,,,0.0011527008367906433,
0.8,PURE,False,accept,NDE,"{NDE,RUS,USA}","{NDE}+{RUS,USA}",0.0,,,,,,-0.005184709775097218,
0.8,PURE,False,accept,NDE,"{NDE,RUS,USA}",{NDE}+{RUS}+{USA},0.0,,,,,,-0.003908945818320575,
0.8,PURE,False,accept,NDE,"{NDE,RUS}+{USA}","{NDE,RUS,USA}",1.0,,,,,,0.0016743049814103017,
0.8,PURE,False,accept,NDE,"{NDE,RUS}+{USA}","{NDE,USA}+{RUS}",1.0,,,,,,0.002827005818200945,
0.8,PURE,False,accept,NDE,"{NDE,RUS}+{USA}","{NDE}+{RUS,USA}",0.0,,,,,,-0.0035104047936869165,
0.8,PURE,False,accept,NDE,"{NDE,RUS}+{USA}",{NDE}+{RUS}+{USA},0.0,,,,,,-0.0022346408369102733,
0.8,PURE,False,accept,NDE,"{NDE,USA}+{RUS}","{NDE,RUS,USA}",0.0,,,,,,-0.0011527008367906433,
0.8,PURE,False,accept,NDE,"{NDE,USA}+{RUS}","{NDE,RUS}+{USA}",0.0,,,,,,-0.002827005818200945,
0.8,PURE,False,accept,NDE,"{NDE,USA}+{RUS}","{NDE}+{RUS,USA}",0.0,,,,,,-0.0063374106118878615,
0.8,PURE,False,accept,NDE,"{NDE,USA}+{RUS}",{NDE}+{RUS}+{USA},0.0,,,,,,-0.005061646655111218,
0.8,PURE,False,accept,NDE,"{NDE}+{RUS,USA}","{NDE,RUS,USA}",1.0,,,,,,0.005184709775097218,
0.8,PURE,False,accept,NDE,"{NDE}+{RUS,USA}","{NDE,RUS}+{USA}",1.0,,,,,,0.0035104047936869165,
0.8,PURE,False,accept,NDE,"{NDE}+{RUS,USA}","{NDE,USA}+{RUS}",1.0,,,,,,0.0063374106118878615,
0.8,PURE,False,accept,NDE,{NDE}+{RUS}+{USA},"{NDE,RUS,USA}",1.0,,,,,,0.003908945818320575,
0.8,PURE,False,accept,NDE,{NDE}+{RUS}+{USA},"{NDE,RUS}+{USA}",1.0,,,,,,0.0022346408369102733,
0.8,PURE,False,accept,NDE,{NDE}+{RUS}+{USA},"{NDE,USA}+{RUS}",1.0,,,,,,0.005061646655111218,USA
0.8,PURE,False,accept,RUS,"{NDE,RUS,USA}","{NDE,RUS}+{USA}",0.0,,,,,,-0.0002685483941966549,
0.8,PURE,False,accept,RUS,"{NDE,RUS,USA}","{NDE,USA}+{RUS}",1.0,,,,,,0.0001318200699302885,
0.8,PURE,False,accept,RUS,"{NDE,RUS,USA}","{NDE}+{RUS,USA}",1.0,,,,,,0.00045600627813424666,
0.8,PURE,False,accept,RUS,"{NDE,RUS,USA}",{NDE}+{RUS}+{USA},1.0,,,,,,0.0002835758950212597,
0.8,PURE,False,accept,RUS,"{NDE,RUS}+{USA}","{NDE,RUS,USA}",1.0,,,,,,0.0002685483941966549,
0.8,PURE,False,accept,RUS,"{NDE,RUS}+{USA}","{NDE,USA}+{RUS}",1.0,,,,,,0.0004003684641269434,
0.8,PURE,False,accept,RUS,"{NDE,RUS}+{USA}","{NDE}+{RUS,USA}",1.0,,,,,,0.0007245546723309015,
0.8,PURE,False,accept,RUS,"{NDE,RUS}+{USA}",{NDE}+{RUS}+{USA},1.0,,,,,,0.0005521242892179146,
0.8,PURE,False,accept,RUS,"{NDE,USA}+{RUS}","{NDE,RUS,USA}",0.0,,,,,,-0.0001318200699302885,
0.8,PURE,False,accept,RUS,"{NDE,USA}+{RUS}","{NDE,RUS}+{USA}",0.0,,,,,,-0.0004003684641269434,
0.8,PURE,False,accept,RUS,"{NDE,USA}+{RUS}","{NDE}+{RUS,USA}",1.0,,,,,,0.00032418620820395816,
0.8,PURE,False,accept,RUS,"{NDE}+{RUS,USA}","{NDE,RUS,USA}",0.0,,,,,,-0.00045600627813424666,
0.8,PURE,False,accept,RUS,"{NDE}+{RUS,USA}","{NDE,RUS}+{USA}",0.0,,,,,,-0.0007245546723309015,
0.8,PURE,False,accept,RUS,"{NDE}+{RUS,USA}","{NDE,USA}+{RUS}",0.0,,,,,,-0.00032418620820395816,
0.8,PURE,False,accept,RUS,"{NDE}+{RUS,USA}",{NDE}+{RUS}+{USA},0.0,,,,,,-0.00017243038311298697,
0.8,PURE,False,accept,RUS,{NDE}+{RUS}+{USA},"{NDE,RUS,USA}",0.0,,,,,,-0.0002835758950212597,
0.8,PURE,False,accept,RUS,{NDE}+{RUS}+{USA},"{NDE,RUS}+{USA}",0.0,,,,,,-0.0005521242892179146,
0.8,PURE,False,accept,RUS,{NDE}+{RUS}+{USA},"{NDE}+{RUS,USA}",1.0,,,,,,0.00017243038311298697,
0.8,PURE,False,accept,USA,"{NDE,RUS,USA}","{NDE,RUS}+{USA}",1.0,,,,,,2.4214220201823622e-05,
0.8,PURE,False,accept,USA,"{NDE,RUS,USA}","{NDE,USA}+{RUS}",0.0,,,,,,-2.6487323479429392e-05,
0.8,PURE,False,accept,USA,"{NDE,RUS,USA}","{NDE}+{RUS,USA}",0.0,,,,,,-3.6480048492659733e-05,
0.8,PURE,False,accept,USA,"{NDE,RUS,USA}",{NDE}+{RUS}+{USA},0.0,,,,,,-0.00016299180188994455,
0.8,PURE,False,accept,USA,"{NDE,RUS}+{USA}","{NDE,RUS,USA}",0.0,,,,,,-2.4214220201823622e-05,
0.8,PURE,False,accept,USA,"{NDE,RUS}+{USA}","{NDE,USA}+{RUS}",0.0,,,,,,-5.0701543681253014e-05,
0.8,PURE,False,accept,USA,"{NDE,RUS}+{USA}","{NDE}+{RUS,USA}",0.0,,,,,,-6.0694268694483355e-05,
0.8,PURE,False,accept,USA,"{NDE,USA}+{RUS}","{NDE,RUS,USA}",1.0,,,,,,2.6487323479429392e-05,
0.8,PURE,False,accept,USA,"{NDE,USA}+{RUS}","{NDE,RUS}+{USA}",1.0,,,,,,5.0701543681253014e-05,
0.8,PURE,False,accept,USA,"{NDE,USA}+{RUS}","{NDE}+{RUS,USA}",0.0,,,,,,-9.992725013230341e-06,
0.8,PURE,False,accept,USA,"{NDE,USA}+{RUS}",{NDE}+{RUS}+{USA},0.0,,,,,,-0.00013650447841051516,
0.8,PURE,False,accept,USA,"{NDE}+{RUS,USA}","{NDE,RUS,USA}",1.0,,,,,,3.6480048492659733e-05,
0.8,PURE,False,accept,USA,"{NDE}+{RUS,USA}","{NDE,RUS}+{USA}",1.0,,,,,,6.0694268694483355e-05,
0.8,PURE,False,accept,USA,"{NDE}+{RUS,USA}","{NDE,USA}+{RUS}",1.0,,,,,,9.992725013230341e-06,
0.8,PURE,False,accept,USA,"{NDE}+{RUS,USA}",{NDE}+{RUS}+{USA},0.0,,,,,,-0.00012651175339728482,
0.8,PURE,False,accept,USA,{NDE}+{RUS}+{USA},"{NDE,RUS,USA}",1.0,,,,,,0.00016299180188994455,
0.8,PURE,False,accept,USA,{NDE}+{RUS}+{USA},"{NDE,USA}+{RUS}",1.0,,,,,,0.00013650447841051516,NDE
0.8,PURE,False,accept,USA,{NDE}+{RUS}+{USA},"{NDE}+{RUS,USA}",1.0,,,,,,0.00012651175339728482,RUS
0.82,PURE,False,propose,NDE,"{NDE,RUS,USA}","{NDE,RUS,USA}",1.0,True,1.0,1.0,False,,,
0.82,PURE,False,propose,NDE,"{NDE,RUS}+{USA}","{NDE,RUS}+{USA}",1.0,True,1.0,1.0,False,,,
0.82,PURE,False,propose,NDE,"{NDE,USA}+{RUS}","{NDE,USA}+{RUS}",1.0,True,1.0,1.0,False,,,
0.82,PURE,False,propose,NDE,"{NDE}+{RUS,USA}","{NDE}+{RUS,USA}",1.0,True,1.0,1.0,False,,,
0.82,PURE,False,propose,NDE,{NDE}+{RUS}+{USA},"{NDE,USA}+{RUS}",1.0,False,1.0,1.0,False,USA,,
0.82,PURE,False,propose,RUS,"{NDE,RUS,USA}","{NDE,USA}+{RUS}",1.0,False,1.0,1.0,True,,,
0.82,PURE,False,propose,RUS,"{NDE,RUS}+{USA}",{NDE}+{RUS}+{USA},1.0,False,1.0,1.0,True,,,
0.82,PURE,False,propose,RUS,"{NDE,USA}+{RUS}","{NDE,USA}+{RUS}",1.0,True,1.0,1.0,False,,,
0.82,PURE,False,propose,RUS,"{NDE}+{RUS,USA}","{NDE}+{RUS,USA}",1.0,True,1.0,1.0,False,,,
0.82,PURE,False,propose,RUS,{NDE}+{RUS}+{USA},"{NDE}+{RUS,USA}",1.0,False,1.0,1.0,False,USA,,
0.82,PURE,False,propose,USA,"{NDE,RUS,USA}","{NDE,RUS}+{USA}",1.0,False,1.0,1.0,True,,,
0.82,PURE,False,propose,USA,"{NDE,RUS}+{USA}","{NDE,RUS}+{USA}",1.0,True,1.0,1.0,False,,,
0.82,PURE,False,propose,USA,"{NDE,USA}+{RUS}","{NDE,USA}+{RUS}",1.0,True,1.0,1.0,False,,,
0.82,PURE,False,propose,USA,"{NDE}+{RUS,USA}","{NDE}+{RUS,USA}",1.0,True,1.0,1.0,False,,,
0.82,PURE,False,propose,USA,{NDE}+{RUS}+{USA},"{NDE,USA}+{RUS}",1.0,False,1.0,1.0,False,NDE,,
0.82,PURE,False,accept,NDE,"{NDE,RUS,USA}","{NDE,RUS}+{USA}",0.0,,,,,,-0.0016419523209663112,
0.82,PURE,False,accept,NDE,"{NDE,RUS,USA}","{NDE,USA}+{RUS}",1.0,,,,,,0.0011715473315696556,
0.82,PURE,False,accept,NDE,"{NDE,RUS,USA}","{NDE}+{RUS,USA}",0.0,,,,,,-0.005165863280318206,
0.82,PURE,False,accept,NDE,"{NDE,RUS,USA}",{NDE}+{RUS}+{USA},0.0,,,,,,-0.0035951816784276502,
0.82,PURE,False,accept,NDE,"{NDE,RUS}+{USA}","{NDE,RUS,USA}",1.0,,,,,,0.0016419523209663112,
0.82,PURE,False,accept,NDE,"{NDE,RUS}+{USA}","{NDE,USA}+{RUS}",1.0,,,,,,0.002813499652535967,
0.82,PURE,False,accept,NDE,"{NDE,RUS}+{USA}","{NDE}+{RUS,USA}",0.0,,,,,,-0.0035239109593518947,
0.82,PURE,False,accept,NDE,"{NDE,RUS}+{USA}",{NDE}+{RUS}+{USA},0.0,,,,,,-0.001953229357461339,
0.82,PURE,False,accept,NDE,"{NDE,USA}+{RUS}","{NDE,RUS,USA}",0.0,,,,,,-0.0011715473315696556,
0.82,PURE,False,accept,NDE,"{NDE,USA}+{RUS}","{NDE,RUS}+{USA}",0.0,,,,,,-0.002813499652535967,
0.82,PURE,False,accept,NDE,"{NDE,USA}+{RUS}","{NDE}+{RUS,USA}",0.0,,,,,,-0.0063374106118878615,
0.82,PURE,False,accept,NDE,"{NDE,USA}+{RUS}",{NDE}+{RUS}+{USA},0.0,,,,,,-0.004766729009997306,
0.82,PURE,False,accept,NDE,"{NDE}+{RUS,USA}","{NDE,RUS,USA}",1.0,,,,,,0.005165863280318206,
0.82,PURE,False,accept,NDE,"{NDE}+{RUS,USA}","{NDE,RUS}+{USA}",1.0,,,,,,0.0035239109593518947,
0.82,PURE,False,accept,NDE,"{NDE}+{RUS,USA}","{NDE,USA}+{RUS}",1.0,,,,,,0.0063374106118878615,
0.82,PURE,False,accept,NDE,{NDE}+{RUS}+{USA},"{NDE,RUS,USA}",1.0,,,,,,0.0035951816784276502,
0.82,PURE,False,accept,NDE,{NDE}+{RUS}+{USA},"{NDE,RUS}+{USA}",1.0,,,,,,0.001953229357461339,
0.82,PURE,False,accept,NDE,{NDE}+{RUS}+{USA},"{NDE,USA}+{RUS}",1.0,,,,,,0.004766729009997306,USA
0.82,PURE,False,accept,RUS,"{NDE,RUS,USA}","{NDE,RUS}+{USA}",0.0,,,,,,-0.00023859317704899574,
0.82,PURE,False,accept,RUS,"{NDE,RUS,USA}","{NDE,USA}+{RUS}",1.0,,,,,,0.0001238123893165799,
0.82,PURE,False,accept,RUS,"{NDE,RUS,USA}","{NDE}+{RUS,USA}",1.0,,,,,,0.00044799859752053806,
0.82,PURE,False,accept,RUS,"{NDE,RUS,USA}",{NDE}+{RUS}+{USA},1.0,,,,,,0.0002711988388386377,
0.82,PURE,False,accept,RUS,"{NDE,RUS}+{USA}","{NDE,RUS,USA}",1.0,,,,,,0.00023859317704899574,
0.82,PURE,False,accept,RUS,"{NDE,RUS}+{USA}","{NDE,USA}+{RUS}",1.0,,,,,,0.00036240556636557564,
0.82,PURE,False,accept,RUS,"{NDE,RUS}+{USA}","{NDE}+{RUS,USA}",1.0,,,,,,0.0006865917745695338,
0.82,PURE,False,accept,RUS,"{NDE,RUS}+{USA}",{NDE}+{RUS}+{USA},1.0,,,,,,0.0005097920158876335,
0.82,PURE,False,accept,RUS,"{NDE,USA}+{RUS}","{NDE,RUS,USA}",0.0,,,,,,-0.0001238123893165799,
0.82,PURE,False,accept,RUS,"{NDE,USA}+{RUS}","{NDE,RUS}+{USA}",0.0,,,,,,-0.00036240556636557564,
0.82,PURE,False,accept,RUS,"{NDE,USA}+{RUS}","{NDE}+{RUS,USA}",1.0,,,,,,0.00032418620820395816,
0.82,PURE,False,accept,RUS,"{NDE}+{RUS,USA}","{NDE,RUS,USA}",0.0,,,,,,-0.00044799859752053806,
0.82,PURE,False,accept,RUS,"{NDE}+{RUS,USA}","{NDE,RUS}+{USA}",0.0,,,,,,-0.0006865917745695338,
0.82,PURE,False,accept,RUS,"{NDE}+{RUS,USA}","{NDE,USA}+{RUS}",0.0,,,,,,-0.00032418620820395816,
0.82,PURE,False,accept,RUS,"{NDE}+{RUS,USA}",{NDE}+{RUS}+{USA},0.0,,,,,,-0.00017679975868190034,
0.82,PURE,False,accept,RUS,{NDE}+{RUS}+{USA},"{NDE,RUS,USA}",0.0,,,,,,-0.0002711988388386377,
0.82,PURE,False,accept,RUS,{NDE}+{RUS}+{USA},"{NDE,RUS}+{USA}",0.0,,,,,,-0.0005097920158876335,
0.82,PURE,False,accept,RUS,{NDE}+{RUS}+{USA},"{NDE}+{RUS,USA}",1.0,,,,,,0.00017679975868190034,
0.82,PURE,False,accept,USA,"{NDE,RUS,USA}","{NDE,RUS}+{USA}",1.0,,,,,,2.074033986465551e-05,
0.82,PURE,False,accept,USA,"{NDE,RUS,USA}","{NDE,USA}+{RUS}",0.0,,,,,,-2.4225638035169084e-05,
0.82,PURE,False,accept,USA,"{NDE,RUS,USA}","{NDE}+{RUS,USA}",0.0,,,,,,-3.4218363048399425e-05,
0.82,PURE,False,accept,USA,"{NDE,RUS,USA}",{NDE}+{RUS}+{USA},0.0,,,,,,-0.00014741275943830345,
0.82,PURE,False,accept,USA,"{NDE,RUS}+{USA}","{NDE,RUS,USA}",0.0,,,,,,-2.074033986465551e-05,
0.82,PURE,False,accept,USA,"{NDE,RUS}+{USA}","{NDE,USA}+{RUS}",0.0,,,,,,-4.4965977899824594e-05,
0.82,PURE,False,accept,USA,"{NDE,RUS}+{USA}","{NDE}+{RUS,USA}",0.0,,,,,,-5.4958702913054935e-05,
0.82,PURE,False,accept,USA,"{NDE,USA}+{RUS}","{NDE,RUS,USA}",1.0,,,,,,2.4225638035169084e-05,
0.82,PURE,False,accept,USA,"{NDE,USA}+{RUS}","{NDE,RUS}+{USA}",1.0,,,,,,4.4965977899824594e-05,
0.82,PURE,False,accept,USA,"{NDE,USA}+{RUS}","{NDE}+{RUS,USA}",0.0,,,,,,-9.992725013230341e-06,
0.82,PURE,False,accept,USA,"{NDE,USA}+{RUS}",{NDE}+{RUS}+{USA},0.0,,,,,,-0.00012318712140313437,
0.82,PURE,False,accept,USA,"{NDE}+{RUS,USA}","{NDE,RUS,USA}",1.0,,,,,,3.4218363048399425e-05,
0.82,PURE,False,accept,USA,"{NDE}+{RUS,USA}","{NDE,RUS}+{USA}",1.0,,,,,,5.4958702913054935e-05,
0.82,PURE,False,accept,USA,"{NDE}+{RUS,USA}","{NDE,USA}+{RUS}",1.0,,,,,,9.992725013230341e-06,
0.82,PURE,False,accept,USA,"{NDE}+{RUS,USA}",{NDE}+{RUS}+{USA},0.0,,,,,,-0.00011319439638990403,
0.82,PURE,False,accept,USA,{NDE}+{RUS}+{USA},"{NDE,RUS,USA}",1.0,,,,,,0.00014741275943830345,
0.82,PURE,False,accept,USA,{NDE}+{RUS}+{USA},"{NDE,USA}+{RUS}",1.0,,,,,,0.00012318712140313437,NDE
0.82,PURE,False,accept,USA,{NDE}+{RUS}+{USA},"{NDE}+{RUS,USA}",1.0,,,,,,0.00011319439638990403,RUS
0.84,PURE,False,propose,NDE,"{NDE,RUS,USA}","{NDE,RUS,USA}",1.0,True,1.0,1.0,False,,,
0.84,PURE,False,propose,NDE,"{NDE,RUS}+{USA}","{NDE,RUS}+{USA}",1.0,True,1.0,1.0,False,,,
0.84,PURE,False,propose,NDE,"{NDE,USA}+{RUS}","{NDE,USA}+{RUS}",1.0,True,1.0,1.0,False,,,
0.84,PURE,False,propose,NDE,"{NDE}+{RUS,USA}","{NDE}+{RUS,USA}",1.0,True,1.0,1.0,False,,,
0.84,PURE,False,propose,NDE,{NDE}+{RUS}+{USA},"{NDE,USA}+{RUS}",1.0,False,1.0,1.0,False,USA,,
0.84,PURE,False,propose,RUS,"{NDE,RUS,USA}","{NDE,USA}+{RUS}",1.0,False,1.0,1.0,True,,,
0.84,PURE,False,propose,RUS,"{NDE,RUS}+{USA}",{NDE}+{RUS}+{USA},1.0,False,1.0,1.0,True,,,
0.84,PURE,False,propose,RUS,"{NDE,USA}+{RUS}","{NDE,USA}+{RUS}",1.0,True,1.0,1.0,False,,,
0.84,PURE,False,propose,RUS,"{NDE}+{RUS,USA}","{NDE}+{RUS,USA}",1.0,True,1.0,1.0,False,,,
0.84,PURE,False,propose,RUS,{NDE}+{RUS}+{USA},"{NDE}+{RUS,USA}",1.0,False,1.0,1.0,False,USA,,
0.84,PURE,False,propose,USA,"{NDE,RUS,USA}","{NDE,RUS}+{USA}",1.0,False,1.0,1.0,True,,,
0.84,PURE,False,propose,USA,"{NDE,RUS}+{USA}","{NDE,RUS}+{USA}",1.0,True,1.0,1.0,False,,,
0.84,PURE,False,propose,USA,"{NDE,USA}+{RUS}","{NDE,USA}+{RUS}",1.0,True,1.0,1.0,False,,,
0.84,PURE,False,propose,USA,"{NDE}+{RUS,USA}","{NDE}+{RUS,USA}",1.0,True,1.0,1.0,False,,,
0.84,PURE,False,propose,USA,{NDE}+{RUS}+{USA},"{NDE,USA}+{RUS}",1.0,False,1.0,1.0,False,NDE,,
0.84,PURE,False,accept,NDE,"{NDE,RUS,USA}","{NDE,RUS}+{USA}",0.0,,,,,,-0.001603539099310325,
0.84,PURE,False,accept,NDE,"{NDE,RUS,USA}","{NDE,USA}+{RUS}",1.0,,,,,,0.0011866989337292466,
0.84,PURE,False,accept,NDE,"{NDE,RUS,USA}","{NDE}+{RUS,USA}",0.0,,,,,,-0.005150711678158615,
0.84,PURE,False,accept,NDE,"{NDE,RUS,USA}",{NDE}+{RUS}+{USA},0.0,,,,,,-0.003285112431154147,
0.84,PURE,False,accept,NDE,"{NDE,RUS}+{USA}","{NDE,RUS,USA}",1.0,,,,,,0.001603539099310325,
0.84,PURE,False,accept,NDE,"{NDE,RUS}+{USA}","{NDE,USA}+{RUS}",1.0,,,,,,0.0027902380330395715,
0.84,PURE,False,accept,NDE,"{NDE,RUS}+{USA}","{NDE}+{RUS,USA}",0.0,,,,,,-0.00354717257884829,
0.84,PURE,False,accept,NDE,"{NDE,RUS}+{USA}",{NDE}+{RUS}+{USA},0.0,,,,,,-0.001681573331843822,
0.84,PURE,False,accept,NDE,"{NDE,USA}+{RUS}","{NDE,RUS,USA}",0.0,,,,,,-0.0011866989337292466,
0.84,PURE,False,accept,NDE,"{NDE,USA}+{RUS}","{NDE,RUS}+{USA}",0.0,,,,,,-0.0027902380330395715,
0.84,PURE,False,accept,NDE,"{NDE,USA}+{RUS}","{NDE}+{RUS,USA}",0.0,,,,,,-0.0063374106118878615,
0.84,PURE,False,accept,NDE,"{NDE,USA}+{RUS}",{NDE}+{RUS}+{USA},0.0,,,,,,-0.0044718113648833935,
0.84,PURE,False,accept,NDE,"{NDE}+{RUS,USA}","{NDE,RUS,USA}",1.0,,,,,,0.005150711678158615,
0.84,PURE,False,accept,NDE,"{NDE}+{RUS,USA}","{NDE,RUS}+{USA}",1.0,,,,,,0.00354717257884829,
0.84,PURE,False,accept,NDE,"{NDE}+{RUS,USA}","{NDE,USA}+{RUS}",1.0,,,,,,0.0063374106118878615,
0.84,PURE,False,accept,NDE,{NDE}+{RUS}+{USA},"{NDE,RUS,USA}",1.0,,,,,,0.003285112431154147,
0.84,PURE,False,accept,NDE,{NDE}+{RUS}+{USA},"{NDE,RUS}+{USA}",1.0,,,,,,0.001681573331843822,
0.84,PURE,False,accept,NDE,{NDE}+{RUS}+{USA},"{NDE,USA}+{RUS}",1.0,,,,,,0.0044718113648833935,USA
0.84,PURE,False,accept,RUS,"{NDE,RUS,USA}","{NDE,RUS}+{USA}",0.0,,,,,,-0.0002081641480202734,
0.84,PURE,False,accept,RUS,"{NDE,RUS,USA}","{NDE,USA}+{RUS}",1.0,,,,,,0.00011411014422191279,
0.84,PURE,False,accept,RUS,"{NDE,RUS,USA}","{NDE}+{RUS,USA}",1.0,,,,,,0.00043829635242587095,
0.84,PURE,False,accept,RUS,"{NDE,RUS,USA}",{NDE}+{RUS}+{USA},1.0,,,,,,0.00025712721817505724,
0.84,PURE,False,accept,RUS,"{NDE,RUS}+{USA}","{NDE,RUS,USA}",1.0,,,,,,0.0002081641480202734,
0.84,PURE,False,accept,RUS,"{NDE,RUS}+{USA}","{NDE,USA}+{RUS}",1.0,,,,,,0.0003222742922421862,
0.84,PURE,False,accept,RUS,"{NDE,RUS}+{USA}","{NDE}+{RUS,USA}",1.0,,,,,,0.0006464605004461443,
0.84,PURE,False,accept,RUS,"{NDE,RUS}+{USA}",{NDE}+{RUS}+{USA},1.0,,,,,,0.0004652913661953306,
0.84,PURE,False,accept,RUS,"{NDE,USA}+{RUS}","{NDE,RUS,USA}",0.0,,,,,,-0.00011411014422191279,
0.84,PURE,False,accept,RUS,"{NDE,USA}+{RUS}","{NDE,RUS}+{USA}",0.0,,,,,,-0.0003222742922421862,
0.84,PURE,False,accept,RUS,"{NDE,USA}+{RUS}","{NDE}+{RUS,USA}",1.0,,,,,,0.00032418620820395816,
0.84,PURE,False,accept,RUS,"{NDE}+{RUS,USA}","{NDE,RUS,USA}",0.0,,,,,,-0.00043829635242587095,
0.84,PURE,False,accept,RUS,"{NDE}+{RUS,USA}","{NDE,RUS}+{USA}",0.0,,,,,,-0.0006464605004461443,
0.84,PURE,False,accept,RUS,"{NDE}+{RUS,USA}","{NDE,USA}+{RUS}",0.0,,,,,,-0.00032418620820395816,
0.84,PURE,False,accept,RUS,"{NDE}+{RUS,USA}",{NDE}+{RUS}+{USA},0.0,,,,,,-0.0001811691342508137,
0.84,PURE,False,accept,RUS,{NDE}+{RUS}+{USA},"{NDE,RUS,USA}",0.0,,,,,,-0.00025712721817505724,
0.84,PURE,False,accept,RUS,{NDE}+{RUS}+{USA},"{NDE,RUS}+{USA}",0.0,,,,,,-0.0004652913661953306,
0.84,PURE,False,accept,RUS,{NDE}+{RUS}+{USA},"{NDE}+{RUS,USA}",1.0,,,,,,0.0001811691342508137,
0.84,PURE,False,accept,USA,"{NDE,RUS,USA}","{NDE,RUS}+{USA}",1.0,,,,,,1.74487461324091e-05,
0.84,PURE,False,accept,USA,"{NDE,RUS,USA}","{NDE,USA}+{RUS}",0.0,,,,,,-2.1837612210973134e-05,
0.84,PURE,False,accept,USA,"{NDE,RUS,USA}","{NDE}+{RUS,USA}",0.0,,,,,,-3.1830337224203475e-05,
0.84,PURE,False,accept,USA,"{NDE,RUS,USA}",{NDE}+{RUS}+{USA},0.0,,,,,,-0.0001317073766067267,
0.84,PURE,False,accept,USA,"{NDE,RUS}+{USA}","{NDE,RUS,USA}",0.0,,,,,,-1.74487461324091e-05,
0.84,PURE,False,accept,USA,"{NDE,RUS}+{USA}","{NDE,USA}+{RUS}",0.0,,,,,,-3.928635834338223e-05,
0.84,PURE,False,accept,USA,"{NDE,RUS}+{USA}","{NDE}+{RUS,USA}",0.0,,,,,,-4.9279083356612574e-05,
0.84,PURE,False,accept,USA,"{NDE,USA}+{RUS}","{NDE,RUS,USA}",1.0,,,,,,2.1837612210973134e-05,
0.84,PURE,False,accept,USA,"{NDE,USA}+{RUS}","{NDE,RUS}+{USA}",1.0,,,,,,3.928635834338223e-05,
0.84,PURE,False,accept,USA,"{NDE,USA}+{RUS}","{NDE}+{RUS,USA}",0.0,,,,,,-9.992725013230341e-06,
0.84,PURE,False,accept,USA,"{NDE,USA}+{RUS}",{NDE}+{RUS}+{USA},0.0,,,,,,-0.00010986976439575358,
0.84,PURE,False,accept,USA,"{NDE}+{RUS,USA}","{NDE,RUS,USA}",1.0,,,,,,3.1830337224203475e-05,
0.84,PURE,False,accept,USA,"{NDE}+{RUS,USA}","{NDE,RUS}+{USA}",1.0,,,,,,4.9279083356612574e-05,
0.84,PURE,False,accept,USA,"{NDE}+{RUS,USA}","{NDE,USA}+{RUS}",1.0,,,,,,9.992725013230341e-06,
0.84,PURE,False,accept,USA,"{NDE}+{RUS,USA}",{NDE}+{RUS}+{USA},0.0,,,,,,-9.987703938252324e-05,
0.84,PURE,False,accept,USA,{NDE}+{RUS}+{USA},"{NDE,RUS,USA}",1.0,,,,,,0.0001317073766067267,
0.84,PURE,False,accept,USA,{NDE}+{RUS}+{USA},"{NDE,USA}+{RUS}",1.0,,,,,,0.00010986976439575358,NDE
0.84,PURE,False,accept,USA,{NDE}+{RUS}+{USA},"{NDE}+{RUS,USA}",1.0,,,,,,9.987703938252324e-05,RUS
0.86,PURE,False,propose,NDE,"{NDE,RUS,USA}","{NDE,RUS,USA}",1.0,True,1.0,1.0,False,,,
0.86,PURE,False,propose,NDE,"{NDE,RUS}+{USA}","{NDE,RUS}+{USA}",1.0,True,1.0,1.0,False,,,
0.86,PURE,False,propose,NDE,"{NDE,USA}+{RUS}","{NDE,USA}+{RUS}",1.0,True,1.0,1.0,False,,,
0.86,PURE,False,propose,NDE,"{NDE}+{RUS,USA}","{NDE}+{RUS,USA}",1.0,True,1.0,1.0,False,,,
0.86,PURE,False,propose,NDE,{NDE}+{RUS}+{USA},"{NDE,USA}+{RUS}",1.0,False,1.0,1.0,False,USA,,
0.86,PURE,False,propose,RUS,"{NDE,RUS,USA}","{NDE,USA}+{RUS}",1.0,False,1.0,1.0,True,,,
0.86,PURE,False,propose,RUS,"{NDE,RUS}+{USA}",{NDE}+{RUS}+{USA},1.0,False,1.0,1.0,True,,,
0.86,PURE,False,propose,RUS,"{NDE,USA}+{RUS}","{NDE,USA}+{RUS}",1.0,True,1.0,1.0,False,,,
0.86,PURE,False,propose,RUS,"{NDE}+{RUS,USA}","{NDE}+{RUS,USA}",1.0,True,1.0,1.0,False,,,
0.86,PURE,False,propose,RUS,{NDE}+{RUS}+{USA},"{NDE}+{RUS,USA}",1.0,False,1.0,1.0,False,USA,,
0.86,PURE,False,propose,USA,"{NDE,RUS,USA}","{NDE,RUS}+{USA}",1.0,False,1.0,1.0,True,,,
0.86,PURE,False,propose,USA,"{NDE,RUS}+{USA}","{NDE,RUS}+{USA}",1.0,True,1.0,1.0,False,,,
0.86,PURE,False,propose,USA,"{NDE,USA}+{RUS}","{NDE,USA}+{RUS}",1.0,True,1.0,1.0,False,,,
0.86,PURE,False,propose,USA,"{NDE}+{RUS,USA}","{NDE}+{RUS,USA}",1.0,True,1.0,1.0,False,,,
0.86,PURE,False,propose,USA,{NDE}+{RUS}+{USA},"{NDE,USA}+{RUS}",1.0,False,1.0,1.0,False,NDE,,
0.86,PURE,False,accept,NDE,"{NDE,RUS,USA}","{NDE,RUS}+{USA}",0.0,,,,,,-0.0015588953941616523,
0.86,PURE,False,accept,NDE,"{NDE,RUS,USA}","{NDE,USA}+{RUS}",1.0,,,,,,0.0011974109917538556,
0.86,PURE,False,accept,NDE,"{NDE,RUS,USA}","{NDE}+{RUS,USA}",0.0,,,,,,-0.005139999620134006,
0.86,PURE,False,accept,NDE,"{NDE,RUS,USA}",{NDE}+{RUS}+{USA},0.0,,,,,,-0.002979482728012073,
0.86,PURE,False,accept,NDE,"{NDE,RUS}+{USA}","{NDE,RUS,USA}",1.0,,,,,,0.0015588953941616523,
0.86,PURE,False,accept,NDE,"{NDE,RUS}+{USA}","{NDE,USA}+{RUS}",1.0,,,,,,0.002756306385915508,
0.86,PURE,False,accept,NDE,"{NDE,RUS}+{USA}","{NDE}+{RUS,USA}",0.0,,,,,,-0.0035811042259723536,
0.86,PURE,False,accept,NDE,"{NDE,RUS}+{USA}",{NDE}+{RUS}+{USA},0.0,,,,,,-0.0014205873338504205,
0.86,PURE,False,accept,NDE,"{NDE,USA}+{RUS}","{NDE,RUS,USA}",0.0,,,,,,-0.0011974109917538556,
0.86,PURE,False,accept,NDE,"{NDE,USA}+{RUS}","{NDE,RUS}+{USA}",0.0,,,,,,-0.002756306385915508,
0.86,PURE,False,accept,NDE,"{NDE,USA}+{RUS}","{NDE}+{RUS,USA}",0.0,,,,,,-0.0063374106118878615,
0.86,PURE,False,accept,NDE,"{NDE,USA}+{RUS}",{NDE}+{RUS}+{USA},0.0,,,,,,-0.004176893719765928,
0.86,PURE,False,accept,NDE,"{NDE}+{RUS,USA}","{NDE,RUS,USA}",1.0,,,,,,0.005139999620134006,
0.86,PURE,False,accept,NDE,"{NDE}+{RUS,USA}","{NDE,RUS}+{USA}",1.0,,,,,,0.0035811042259723536,
0.86,PURE,False,accept,NDE,"{NDE}+{RUS,USA}","{NDE,USA}+{RUS}",1.0,,,,,,0.0063374106118878615,
0.86,PURE,False,accept,NDE,{NDE}+{RUS}+{USA},"{NDE,RUS,USA}",1.0,,,,,,0.002979482728012073,
0.86,PURE,False,accept,NDE,{NDE}+{RUS}+{USA},"{NDE,RUS}+{USA}",1.0,,,,,,0.0014205873338504205,
0.86,PURE,False,accept,NDE,{NDE}+{RUS}+{USA},"{NDE,USA}+{RUS}",1.0,,,,,,0.004176893719765928,USA
0.86,PURE,False,accept,RUS,"{NDE,RUS,USA}","{NDE,RUS}+{USA}",0.0,,,,,,-0.00017724802266516626,
0.86,PURE,False,accept,RUS,"{NDE,RUS,USA}","{NDE,USA}+{RUS}",1.0,,,,,,0.00010252333380744716,
0.86,PURE,False,accept,RUS,"{NDE,RUS,USA}","{NDE}+{RUS,USA}",1.0,,,,,,0.0004267095420114053,
0.86,PURE,False,accept,RUS,"{NDE,RUS,USA}",{NDE}+{RUS}+{USA},1.0,,,,,,0.00024117103219167824,
0.86,PURE,False,accept,RUS,"{NDE,RUS}+{USA}","{NDE,RUS,USA}",1.0,,,,,,0.00017724802266516626,
0.86,PURE,False,accept,RUS,"{NDE,RUS}+{USA}","{NDE,USA}+{RUS}",1.0,,,,,,0.0002797713564726134,
0.86,PURE,False,accept,RUS,"{NDE,RUS}+{USA}","{NDE}+{RUS,USA}",1.0,,,,,,0.0006039575646765716,
0.86,PURE,False,accept,RUS,"{NDE,RUS}+{USA}",{NDE}+{RUS}+{USA},1.0,,,,,,0.0004184190548568445,
0.86,PURE,False,accept,RUS,"{NDE,USA}+{RUS}","{NDE,RUS,USA}",0.0,,,,,,-0.00010252333380744716,
0.86,PURE,False,accept,RUS,"{NDE,USA}+{RUS}","{NDE,RUS}+{USA}",0.0,,,,,,-0.0002797713564726134,
0.86,PURE,False,accept,RUS,"{NDE,USA}+{RUS}","{NDE}+{RUS,USA}",1.0,,,,,,0.00032418620820395816,
0.86,PURE,False,accept,RUS,"{NDE}+{RUS,USA}","{NDE,RUS,USA}",0.0,,,,,,-0.0004267095420114053,
0.86,PURE,False,accept,RUS,"{NDE}+{RUS,USA}","{NDE,RUS}+{USA}",0.0,,,,,,-0.0006039575646765716,
0.86,PURE,False,accept,RUS,"{NDE}+{RUS,USA}","{NDE,USA}+{RUS}",0.0,,,,,,-0.00032418620820395816,
0.86,PURE,False,accept,RUS,"{NDE}+{RUS,USA}",{NDE}+{RUS}+{USA},0.0,,,,,,-0.00018553850981972708,
0.86,PURE,False,accept,RUS,{NDE}+{RUS}+{USA},"{NDE,RUS,USA}",0.0,,,,,,-0.00024117103219167824,
0.86,PURE,False,accept,RUS,{NDE}+{RUS}+{USA},"{NDE,RUS}+{USA}",0.0,,,,,,-0.0004184190548568445,
0.86,PURE,False,accept,RUS,{NDE}+{RUS}+{USA},"{NDE}+{RUS,USA}",1.0,,,,,,0.00018553850981972708,
0.86,PURE,False,accept,USA,"{NDE,RUS,USA}","{NDE,RUS}+{USA}",1.0,,,,,,1.4344549844391707e-05,
0.86,PURE,False,accept,USA,"{NDE,RUS,USA}","{NDE,USA}+{RUS}",0.0,,,,,,-1.932338012711199e-05,
0.86,PURE,False,accept,USA,"{NDE,RUS,USA}","{NDE}+{RUS,USA}",0.0,,,,,,-2.931610514034233e-05,
0.86,PURE,False,accept,USA,"{NDE,RUS,USA}",{NDE}+{RUS}+{USA},0.0,,,,,,-0.00011587578751548477,
0.86,PURE,False,accept,USA,"{NDE,RUS}+{USA}","{NDE,RUS,USA}",0.0,,,,,,-1.4344549844391707e-05,
0.86,PURE,False,accept,USA,"{NDE,RUS}+{USA}","{NDE,USA}+{RUS}",0.0,,,,,,-3.3667929971503696e-05,
0.86,PURE,False,accept,USA,"{NDE,RUS}+{USA}","{NDE}+{RUS,USA}",0.0,,,,,,-4.366065498473404e-05,
0.86,PURE,False,accept,USA,"{NDE,USA}+{RUS}","{NDE,RUS,USA}",1.0,,,,,,1.932338012711199e-05,
0.86,PURE,False,accept,USA,"{NDE,USA}+{RUS}","{NDE,RUS}+{USA}",1.0,,,,,,3.3667929971503696e-05,
0.86,PURE,False,accept,USA,"{NDE,USA}+{RUS}","{NDE}+{RUS,USA}",0.0,,,,,,-9.992725013230341e-06,
0.86,PURE,False,accept,USA,"{NDE,USA}+{RUS}",{NDE}+{RUS}+{USA},0.0,,,,,,-9.655240738837279e-05,
0.86,PURE,False,accept,USA,"{NDE}+{RUS,USA}","{NDE,RUS,USA}",1.0,,,,,,2.931610514034233e-05,
0.86,PURE,False,accept,USA,"{NDE}+{RUS,USA}","{NDE,RUS}+{USA}",1.0,,,,,,4.366065498473404e-05,
0.86,PURE,False,accept,USA,"{NDE}+{RUS,USA}","{NDE,USA}+{RUS}",1.0,,,,,,9.992725013230341e-06,
0.86,PURE,False,accept,USA,"{NDE}+{RUS,USA}",{NDE}+{RUS}+{USA},0.0,,,,,,-8.655968237514244e-05,
0.86,PURE,False,accept,USA,{NDE}+{RUS}+{USA},"{NDE,RUS,USA}",1.0,,,,,,0.00011587578751548477,
0.86,PURE,False,accept,USA,{NDE}+{RUS}+{USA},"{NDE,USA}+{RUS}",1.0,,,,,,9.655240738837279e-05,NDE
0.86,PURE,False,accept,USA,{NDE}+{RUS}+{USA},"{NDE}+{RUS,USA}",1.0,,,,,,8.655968237514244e-05,RUS
0.88,PURE,False,propose,NDE,"{NDE,RUS,USA}","{NDE,RUS,USA}",1.0,True,1.0,1.0,False,,,
0.88,PURE,False,propose,NDE,"{NDE,RUS}+{USA}","{NDE,RUS}+{USA}",1.0,True,1.0,1.0,False,,,
0.88,PURE,False,propose,NDE,"{NDE,USA}+{RUS}","{NDE,USA}+{RUS}",1.0,True,1.0,1.0,False,,,
0.88,PURE,False,propose,NDE,"{NDE}+{RUS,USA}","{NDE}+{RUS,USA}",1.0,True,1.0,1.0,False,,,
0.88,PURE,False,propose,NDE,{NDE}+{RUS}+{USA},"{NDE,USA}+{RUS}",1.0,False,1.0,1.0,False,USA,,
0.88,PURE,False,propose,RUS,"{NDE,RUS,USA}","{NDE,USA}+{RUS}",1.0,False,1.0,1.0,True,,,
0.88,PURE,False,propose,RUS,"{NDE,RUS}+{USA}",{NDE}+{RUS}+{USA},1.0,False,1.0,1.0,True,,,
0.88,PURE,False,propose,RUS,"{NDE,USA}+{RUS}","{NDE,USA}+{RUS}",1.0,True,1.0,1.0,False,,,
0.88,PURE,False,propose,RUS,"{NDE}+{RUS,USA}","{NDE}+{RUS,USA}",1.0,True,1.0,1.0,False,,,
0.88,PURE,False,propose,RUS,{NDE}+{RUS}+{USA},"{NDE}+{RUS,USA}",1.0,False,1.0,1.0,False,USA,,
0.88,PURE,False,propose,USA,"{NDE,RUS,USA}","{NDE,RUS}+{USA}",1.0,False,1.0,1.0,True,,,
0.88,PURE,False,propose,USA,"{NDE,RUS}+{USA}","{NDE,RUS}+{USA}",1.0,True,1.0,1.0,False,,,
0.88,PURE,False,propose,USA,"{NDE,USA}+{RUS}","{NDE,USA}+{RUS}",1.0,True,1.0,1.0,False,,,
0.88,PURE,False,propose,USA,"{NDE}+{RUS,USA}","{NDE}+{RUS,USA}",1.0,True,1.0,1.0,False,,,
0.88,PURE,False,propose,USA,{NDE}+{RUS}+{USA},"{NDE,USA}+{RUS}",1.0,False,1.0,1.0,False,NDE,,
0.88,PURE,False,accept,NDE,"{NDE,RUS,USA}","{NDE,RUS}+{USA}",0.0,,,,,,-0.0015078448710887926,
0.88,PURE,False,accept,NDE,"{NDE,RUS,USA}","{NDE,USA}+{RUS}",1.0,,,,,,0.0012028272567583542,
0.88,PURE,False,accept,NDE,"{NDE,RUS,USA}","{NDE}+{RUS,USA}",0.0,,,,,,-0.005134583355129507,
0.88,PURE,False,accept,NDE,"{NDE,RUS,USA}",{NDE}+{RUS}+{USA},0.0,,,,,,-0.0026791488178936618,
0.88,PURE,False,accept,NDE,"{NDE,RUS}+{USA}","{NDE,RUS,USA}",1.0,,,,,,0.0015078448710887926,
0.88,PURE,False,accept,NDE,"{NDE,RUS}+{USA}","{NDE,USA}+{RUS}",1.0,,,,,,0.002710672127847147,
0.88,PURE,False,accept,NDE,"{NDE,RUS}+{USA}","{NDE}+{RUS,USA}",0.0,,,,,,-0.0036267384840407146,
0.88,PURE,False,accept,NDE,"{NDE,RUS}+{USA}",{NDE}+{RUS}+{USA},0.0,,,,,,-0.0011713039468048692,
0.88,PURE,False,accept,NDE,"{NDE,USA}+{RUS}","{NDE,RUS,USA}",0.0,,,,,,-0.0012028272567583542,
0.88,PURE,False,accept,NDE,"{NDE,USA}+{RUS}","{NDE,RUS}+{USA}",0.0,,,,,,-0.002710672127847147,
0.88,PURE,False,accept,NDE,"{NDE,USA}+{RUS}","{NDE}+{RUS,USA}",0.0,,,,,,-0.0063374106118878615,
0.88,PURE,False,accept,NDE,"{NDE,USA}+{RUS}",{NDE}+{RUS}+{USA},0.0,,,,,,-0.003881976074652016,
0.88,PURE,False,accept,NDE,"{NDE}+{RUS,USA}","{NDE,RUS,USA}",1.0,,,,,,0.005134583355129507,
0.88,PURE,False,accept,NDE,"{NDE}+{RUS,USA}","{NDE,RUS}+{USA}",1.0,,,,,,0.0036267384840407146,
0.88,PURE,False,accept,NDE,"{NDE}+{RUS,USA}","{NDE,USA}+{RUS}",1.0,,,,,,0.0063374106118878615,
0.88,PURE,False,accept,NDE,{NDE}+{RUS}+{USA},"{NDE,RUS,USA}",1.0,,,,,,0.0026791488178936618,
0.88,PURE,False,accept,NDE,{NDE}+{RUS}+{USA},"{NDE,RUS}+{USA}",1.0,,,,,,0.0011713039468048692,
0.88,PURE,False,accept,NDE,{NDE}+{RUS}+{USA},"{NDE,USA}+{RUS}",1.0,,,,,,0.003881976074652016,USA
0.88,PURE,False,accept,RUS,"{NDE,RUS,USA}","{NDE,RUS}+{USA}",0.0,,,,,,-0.00014583101523868436,
0.88,PURE,False,accept,RUS,"{NDE,RUS,USA}","{NDE,USA}+{RUS}",1.0,,,,,,8.883622817501546e-05,
0.88,PURE,False,accept,RUS,"{NDE,RUS,USA}","{NDE}+{RUS,USA}",1.0,,,,,,0.0004130224363789736,
0.88,PURE,False,accept,RUS,"{NDE,RUS,USA}",{NDE}+{RUS}+{USA},1.0,,,,,,0.00022311455099011113,
0.88,PURE,False,accept,RUS,"{NDE,RUS}+{USA}","{NDE,RUS,USA}",1.0,,,,,,0.00014583101523868436,
0.88,PURE,False,accept,RUS,"{NDE,RUS}+{USA}","{NDE,USA}+{RUS}",1.0,,,,,,0.00023466724341369982,
0.88,PURE,False,accept,RUS,"{NDE,RUS}+{USA}","{NDE}+{RUS,USA}",1.0,,,,,,0.000558853451617658,
0.88,PURE,False,accept,RUS,"{NDE,RUS}+{USA}",{NDE}+{RUS}+{USA},1.0,,,,,,0.0003689455662287955,
0.88,PURE,False,accept,RUS,"{NDE,USA}+{RUS}","{NDE,RUS,USA}",0.0,,,,,,-8.883622817501546e-05,
0.88,PURE,False,accept,RUS,"{NDE,USA}+{RUS}","{NDE,RUS}+{USA}",0.0,,,,,,-0.00023466724341369982,
0.88,PURE,False,accept,RUS,"{NDE,USA}+{RUS}","{NDE}+{RUS,USA}",1.0,,,,,,0.00032418620820395816,
0.88,PURE,False,accept,RUS,"{NDE}+{RUS,USA}","{NDE,RUS,USA}",0.0,,,,,,-0.0004130224363789736,
0.88,PURE,False,accept,RUS,"{NDE}+{RUS,USA}","{NDE,RUS}+{USA}",0.0,,,,,,-0.000558853451617658,
0.88,PURE,False,accept,RUS,"{NDE}+{RUS,USA}","{NDE,USA}+{RUS}",0.0,,,,,,-0.00032418620820395816,
0.88,PURE,False,accept,RUS,"{NDE}+{RUS,USA}",{NDE}+{RUS}+{USA},0.0,,,,,,-0.0001899078853888625,
0.88,PURE,False,accept,RUS,{NDE}+{RUS}+{USA},"{NDE,RUS,USA}",0.0,,,,,,-0.00022311455099011113,
0.88,PURE,False,accept,RUS,{NDE}+{RUS}+{USA},"{NDE,RUS}+{USA}",0.0,,,,,,-0.0003689455662287955,
0.88,PURE,False,accept,RUS,{NDE}+{RUS}+{USA},"{NDE}+{RUS,USA}",1.0,,,,,,0.0001899078853888625,
0.88,PURE,False,accept,USA,"{NDE,RUS,USA}","{NDE,RUS}+{USA}",1.0,,,,,,1.1433054702081336e-05,
0.88,PURE,False,accept,USA,"{NDE,RUS,USA}","{NDE,USA}+{RUS}",0.0,,,,,,-1.668355980921632e-05,
0.88,PURE,False,accept,USA,"{NDE,RUS,USA}","{NDE}+{RUS,USA}",0.0,,,,,,-2.667628482244666e-05,
0.88,PURE,False,accept,USA,"{NDE,RUS,USA}",{NDE}+{RUS}+{USA},0.0,,,,,,-9.99186101906524e-05,
0.88,PURE,False,accept,USA,"{NDE,RUS}+{USA}","{NDE,RUS,USA}",0.0,,,,,,-1.1433054702081336e-05,
0.88,PURE,False,accept,USA,"{NDE,RUS}+{USA}","{NDE,USA}+{RUS}",0.0,,,,,,-2.8116614511297655e-05,
0.88,PURE,False,accept,USA,"{NDE,RUS}+{USA}","{NDE}+{RUS,USA}",0.0,,,,,,-3.8109339524527996e-05,
0.88,PURE,False,accept,USA,"{NDE,USA}+{RUS}","{NDE,RUS,USA}",1.0,,,,,,1.668355980921632e-05,
0.88,PURE,False,accept,USA,"{NDE,USA}+{RUS}","{NDE,RUS}+{USA}",1.0,,,,,,2.8116614511297655e-05,
0.88,PURE,False,accept,USA,"{NDE,USA}+{RUS}","{NDE}+{RUS,USA}",0.0,,,,,,-9.992725013230341e-06,
0.88,PURE,False,accept,USA,"{NDE,USA}+{RUS}",{NDE}+{RUS}+{USA},0.0,,,,,,-8.323505038143608e-05,
0.88,PURE,False,accept,USA,"{NDE}+{RUS,USA}","{NDE,RUS,USA}",1.0,,,,,,2.667628482244666e-05,
0.88,PURE,False,accept,USA,"{NDE}+{RUS,USA}","{NDE,RUS}+{USA}",1.0,,,,,,3.8109339524527996e-05,
0.88,PURE,False,accept,USA,"{NDE}+{RUS,USA}","{NDE,USA}+{RUS}",1.0,,,,,,9.992725013230341e-06,
0.88,PURE,False,accept,USA,"{NDE}+{RUS,USA}",{NDE}+{RUS}+{USA},0.0,,,,,,-7.324232536820574e-05,
0.88,PURE,False,accept,USA,{NDE}+{RUS}+{USA},"{NDE,RUS,USA}",1.0,,,,,,9.99186101906524e-05,
0.88,PURE,False,accept,USA,{NDE}+{RUS}+{USA},"{NDE,USA}+{RUS}",1.0,,,,,,8.323505038143608e-05,NDE
0.88,PURE,False,accept,USA,{NDE}+{RUS}+{USA},"{NDE}+{RUS,USA}",1.0,,,,,,7.324232536820574e-05,RUS
0.9,PURE,False,propose,NDE,"{NDE,RUS,USA}","{NDE,RUS,USA}",1.0,True,1.0,1.0,False,,,
0.9,PURE,False,propose,NDE,"{NDE,RUS}+{USA}","{NDE,RUS}+{USA}",1.0,True,1.0,1.0,False,,,
0.9,PURE,False,propose,NDE,"{NDE,USA}+{RUS}","{NDE,USA}+{RUS}",1.0,True,1.0,1.0,False,,,
0.9,PURE,False,propose,NDE,"{NDE}+{RUS,USA}","{NDE}+{RUS,USA}",1.0,True,1.0,1.0,False,,,
0.9,PURE,False,propose,NDE,{NDE}+{RUS}+{USA},"{NDE,USA}+{RUS}",1.0,False,1.0,1.0,False,USA,,
0.9,PURE,False,propose,RUS,"{NDE,RUS,USA}","{NDE,USA}+{RUS}",1.0,False,1.0,1.0,True,,,
0.9,PURE,False,propose,RUS,"{NDE,RUS}+{USA}",{NDE}+{RUS}+{USA},1.0,False,1.0,1.0,True,,,
0.9,PURE,False,propose,RUS,"{NDE,USA}+{RUS}","{NDE,USA}+{RUS}",1.0,True,1.0,1.0,False,,,
0.9,PURE,False,propose,RUS,"{NDE}+{RUS,USA}","{NDE}+{RUS,USA}",1.0,True,1.0,1.0,False,,,
0.9,PURE,False,propose,RUS,{NDE}+{RUS}+{USA},"{NDE}+{RUS,USA}",1.0,False,1.0,1.0,False,USA,,
0.9,PURE,False,propose,USA,"{NDE,RUS,USA}","{NDE,RUS}+{USA}",1.0,False,1.0,1.0,True,,,
0.9,PURE,False,propose,USA,"{NDE,RUS}+{USA}","{NDE,RUS}+{USA}",1.0,True,1.0,1.0,False,,,
0.9,PURE,False,propose,USA,"{NDE,USA}+{RUS}","{NDE,USA}+{RUS}",1.0,True,1.0,1.0,False,,,
0.9,PURE,False,propose,USA,"{NDE}+{RUS,USA}","{NDE}+{RUS,USA}",1.0,True,1.0,1.0,False,,,
0.9,PURE,False,propose,USA,{NDE}+{RUS}+{USA},"{NDE,USA}+{RUS}",1.0,False,1.0,1.0,False,NDE,,
0.9,PURE,False,accept,NDE,"{NDE,RUS,USA}","{NDE,RUS}+{USA}",0.0,,,,,,-0.001450204478139483,
0.9,PURE,False,accept,NDE,"{NDE,RUS,USA}","{NDE,USA}+{RUS}",1.0,,,,,,0.001201960519594536,
0.9,PURE,False,accept,NDE,"{NDE,RUS,USA}","{NDE}+{RUS,USA}",0.0,,,,,,-0.0051354500922933255,
0.9,PURE,False,accept,NDE,"{NDE,RUS,USA}",{NDE}+{RUS}+{USA},0.0,,,,,,-0.0023850979099435676,
0.9,PURE,False,accept,NDE,"{NDE,RUS}+{USA}","{NDE,RUS,USA}",1.0,,,,,,0.001450204478139483,
0.9,PURE,False,accept,NDE,"{NDE,RUS}+{USA}","{NDE,USA}+{RUS}",1.0,,,,,,0.002652164997734019,
0.9,PURE,False,accept,NDE,"{NDE,RUS}+{USA}","{NDE}+{RUS,USA}",0.0,,,,,,-0.0036852456141538426,
0.9,PURE,False,accept,NDE,"{NDE,RUS}+{USA}",{NDE}+{RUS}+{USA},0.0,,,,,,-0.0009348934318040847,
0.9,PURE,False,accept,NDE,"{NDE,USA}+{RUS}","{NDE,RUS,USA}",0.0,,,,,,-0.001201960519594536,
0.9,PURE,False,accept,NDE,"{NDE,USA}+{RUS}","{NDE,RUS}+{USA}",0.0,,,,,,-0.002652164997734019,
0.9,PURE,False,accept,NDE,"{NDE,USA}+{RUS}","{NDE}+{RUS,USA}",0.0,,,,,,-0.0063374106118878615,
0.9,PURE,False,accept,NDE,"{NDE,USA}+{RUS}",{NDE}+{RUS}+{USA},0.0,,,,,,-0.0035870584295381036,
0.9,PURE,False,accept,NDE,"{NDE}+{RUS,USA}","{NDE,RUS,USA}",1.0,,,,,,0.0051354500922933255,
0.9,PURE,False,accept,NDE,"{NDE}+{RUS,USA}","{NDE,RUS}+{USA}",1.0,,,,,,0.0036852456141538426,
0.9,PURE,False,accept,NDE,"{NDE}+{RUS,USA}","{NDE,USA}+{RUS}",1.0,,,,,,0.0063374106118878615,
0.9,PURE,False,accept,NDE,{NDE}+{RUS}+{USA},"{NDE,RUS,USA}",1.0,,,,,,0.0023850979099435676,
0.9,PURE,False,accept,NDE,{NDE}+{RUS}+{USA},"{NDE,RUS}+{USA}",1.0,,,,,,0.0009348934318040847,
0.9,PURE,False,accept,NDE,{NDE}+{RUS}+{USA},"{NDE,USA}+{RUS}",1.0,,,,,,0.0035870584295381036,USA
0.9,PURE,False,accept,RUS,"{NDE,RUS,USA}","{NDE,RUS}+{USA}",0.0,,,,,,-0.0001138988148243758,
0.9,PURE,False,accept,RUS,"{NDE,RUS,USA}","{NDE,USA}+{RUS}",1.0,,,,,,7.280302051193566e-05,
0.9,PURE,False,accept,RUS,"{NDE,RUS,USA}","{NDE}+{RUS,USA}",1.0,,,,,,0.0003969892287158938,
0.9,PURE,False,accept,RUS,"{NDE,RUS,USA}",{NDE}+{RUS}+{USA},1.0,,,,,,0.00020271196775811795,
0.9,PURE,False,accept,RUS,"{NDE,RUS}+{USA}","{NDE,RUS,USA}",1.0,,,,,,0.0001138988148243758,
0.9,PURE,False,accept,RUS,"{NDE,RUS}+{USA}","{NDE,USA}+{RUS}",1.0,,,,,,0.00018670183533631146,
0.9,PURE,False,accept,RUS,"{NDE,RUS}+{USA}","{NDE}+{RUS,USA}",1.0,,,,,,0.0005108880435402696,
0.9,PURE,False,accept,RUS,"{NDE,RUS}+{USA}",{NDE}+{RUS}+{USA},1.0,,,,,,0.00031661078258249375,
0.9,PURE,False,accept,RUS,"{NDE,USA}+{RUS}","{NDE,RUS,USA}",0.0,,,,,,-7.280302051193566e-05,
0.9,PURE,False,accept,RUS,"{NDE,USA}+{RUS}","{NDE,RUS}+{USA}",0.0,,,,,,-0.00018670183533631146,
0.9,PURE,False,accept,RUS,"{NDE,USA}+{RUS}","{NDE}+{RUS,USA}",1.0,,,,,,0.00032418620820395816,
0.9,PURE,False,accept,RUS,"{NDE}+{RUS,USA}","{NDE,RUS,USA}",0.0,,,,,,-0.0003969892287158938,
0.9,PURE,False,accept,RUS,"{NDE}+{RUS,USA}","{NDE,RUS}+{USA}",0.0,,,,,,-0.0005108880435402696,
0.9,PURE,False,accept,RUS,"{NDE}+{RUS,USA}","{NDE,USA}+{RUS}",0.0,,,,,,-0.00032418620820395816,
0.9,PURE,False,accept,RUS,"{NDE}+{RUS,USA}",{NDE}+{RUS}+{USA},0.0,,,,,,-0.00019427726095777587,
0.9,PURE,False,accept,RUS,{NDE}+{RUS}+{USA},"{NDE,RUS,USA}",0.0,,,,,,-0.00020271196775811795,
0.9,PURE,False,accept,RUS,{NDE}+{RUS}+{USA},"{NDE,RUS}+{USA}",0.0,,,,,,-0.00031661078258249375,
0.9,PURE,False,accept,RUS,{NDE}+{RUS}+{USA},"{NDE}+{RUS,USA}",1.0,,,,,,0.00019427726095777587,
0.9,PURE,False,accept,USA,"{NDE,RUS,USA}","{NDE,RUS}+{USA}",1.0,,,,,,8.71976645244743e-06,
0.9,PURE,False,accept,USA,"{NDE,RUS,USA}","{NDE,USA}+{RUS}",0.0,,,,,,-1.391935680139511e-05,
0.9,PURE,False,accept,USA,"{NDE,RUS,USA}","{NDE}+{RUS,USA}",0.0,,,,,,-2.3912081814625452e-05,
0.9,PURE,False,accept,USA,"{NDE,RUS,USA}",{NDE}+{RUS}+{USA},0.0,,,,,,-8.38370501754504e-05,
0.9,PURE,False,accept,USA,"{NDE,RUS}+{USA}","{NDE,RUS,USA}",0.0,,,,,,-8.71976645244743e-06,
0.9,PURE,False,accept,USA,"{NDE,RUS}+{USA}","{NDE,USA}+{RUS}",0.0,,,,,,-2.263912325384254e-05,
0.9,PURE,False,accept,USA,"{NDE,RUS}+{USA}","{NDE}+{RUS,USA}",0.0,,,,,,-3.263184826707288e-05,
0.9,PURE,False,accept,USA,"{NDE,USA}+{RUS}","{NDE,RUS,USA}",1.0,,,,,,1.391935680139511e-05,
0.9,PURE,False,accept,USA,"{NDE,USA}+{RUS}","{NDE,RUS}+{USA}",1.0,,,,,,2.263912325384254e-05,
0.9,PURE,False,accept,USA,"{NDE,USA}+{RUS}","{NDE}+{RUS,USA}",0.0,,,,,,-9.992725013230341e-06,
0.9,PURE,False,accept,USA,"{NDE,USA}+{RUS}",{NDE}+{RUS}+{USA},0.0,,,,,,-6.991769337405529e-05,
0.9,PURE,False,accept,USA,"{NDE}+{RUS,USA}","{NDE,RUS,USA}",1.0,,,,,,2.3912081814625452e-05,
0.9,PURE,False,accept,USA,"{NDE}+{RUS,USA}","{NDE,RUS}+{USA}",1.0,,,,,,3.263184826707288e-05,
0.9,PURE,False,accept,USA,"{NDE}+{RUS,USA}","{NDE,USA}+{RUS}",1.0,,,,,,9.992725013230341e-06,
0.9,PURE,False,accept,USA,"{NDE}+{RUS,USA}",{NDE}+{RUS}+{USA},0.0,,,,,,-5.992496836082495e-05,
0.9,PURE,False,accept,USA,{NDE}+{RUS}+{USA},"{NDE,RUS,USA}",1.0,,,,,,8.38370501754504e-05,
0.9,PURE,False,accept,USA,{NDE}+{RUS}+{USA},"{NDE,USA}+{RUS}",1.0,,,,,,6.991769337405529e-05,NDE
0.9,PURE,False,accept,USA,{NDE}+{RUS}+{USA},"{NDE}+{RUS,USA}",1.0,,,,,,5.992496836082495e-05,RUS
0.92,PURE,False,propose,NDE,"{NDE,RUS,USA}","{NDE,RUS,USA}",1.0,True,1.0,1.0,False,,,
0.92,PURE,False,propose,NDE,"{NDE,RUS}+{USA}","{NDE,RUS}+{USA}",1.0,True,1.0,1.0,False,,,
0.92,PURE,False,propose,NDE,"{NDE,USA}+{RUS}","{NDE,USA}+{RUS}",1.0,True,1.0,1.0,False,,,
0.92,PURE,False,propose,NDE,"{NDE}+{RUS,USA}","{NDE}+{RUS,USA}",1.0,True,1.0,1.0,False,,,
0.92,PURE,False,propose,NDE,{NDE}+{RUS}+{USA},"{NDE,USA}+{RUS}",1.0,False,1.0,1.0,False,USA,,
0.92,PURE,False,propose,RUS,"{NDE,RUS,USA}","{NDE,USA}+{RUS}",1.0,False,1.0,1.0,True,,,
0.92,PURE,False,propose,RUS,"{NDE,RUS}+{USA}",{NDE}+{RUS}+{USA},1.0,False,1.0,1.0,True,,,
0.92,PURE,False,propose,RUS,"{NDE,USA}+{RUS}","{NDE,USA}+{RUS}",1.0,True,1.0,1.0,False,,,
0.92,PURE,False,propose,RUS,"{NDE}+{RUS,USA}","{NDE}+{RUS,USA}",1.0,True,1.0,1.0,False,,,
0.92,PURE,False,propose,RUS,{NDE}+{RUS}+{USA},"{NDE}+{RUS,USA}",1.0,False,1.0,1.0,False,USA,,
0.92,PURE,False,propose,USA,"{NDE,RUS,USA}","{NDE,RUS}+{USA}",1.0,False,1.0,1.0,True,,,
0.92,PURE,False,propose,USA,"{NDE,RUS}+{USA}","{NDE,RUS}+{USA}",1.0,True,1.0,1.0,False,,,
0.92,PURE,False,propose,USA,"{NDE,USA}+{RUS}","{NDE,USA}+{RUS}",1.0,True,1.0,1.0,False,,,
0.92,PURE,False,propose,USA,"{NDE}+{RUS,USA}","{NDE}+{RUS,USA}",1.0,True,1.0,1.0,False,,,
0.92,PURE,False,propose,USA,{NDE}+{RUS}+{USA},"{NDE,USA}+{RUS}",1.0,False,1.0,1.0,False,NDE,,
0.92,PURE,False,accept,NDE,"{NDE,RUS,USA}","{NDE,RUS}+{USA}",0.0,,,,,,-0.0013857841229203416,
0.92,PURE,False,accept,NDE,"{NDE,RUS,USA}","{NDE,USA}+{RUS}",1.0,,,,,,0.0011936691962404211,
0.92,PURE,False,accept,NDE,"{NDE,RUS,USA}","{NDE}+{RUS,USA}",0.0,,,,,,-0.00514374141564744,
0.92,PURE,False,accept,NDE,"{NDE,RUS,USA}",{NDE}+{RUS}+{USA},0.0,,,,,,-0.00209847158818377,
0.92,PURE,False,accept,NDE,"{NDE,RUS}+{USA}","{NDE,RUS,USA}",1.0,,,,,,0.0013857841229203416,
0.92,PURE,False,accept,NDE,"{NDE,RUS}+{USA}","{NDE,USA}+{RUS}",1.0,,,,,,0.0025794533191607627,
0.92,PURE,False,accept,NDE,"{NDE,RUS}+{USA}","{NDE}+{RUS,USA}",0.0,,,,,,-0.0037579572927270988,
0.92,PURE,False,accept,NDE,"{NDE,RUS}+{USA}",{NDE}+{RUS}+{USA},0.0,,,,,,-0.0007126874652634285,
0.92,PURE,False,accept,NDE,"{NDE,USA}+{RUS}","{NDE,RUS,USA}",0.0,,,,,,-0.0011936691962404211,
0.92,PURE,False,accept,NDE,"{NDE,USA}+{RUS}","{NDE,RUS}+{USA}",0.0,,,,,,-0.0025794533191607627,
0.92,PURE,False,accept,NDE,"{NDE,USA}+{RUS}","{NDE}+{RUS,USA}",0.0,,,,,,-0.0063374106118878615,
0.92,PURE,False,accept,NDE,"{NDE,USA}+{RUS}",{NDE}+{RUS}+{USA},0.0,,,,,,-0.0032921407844241912,
0.92,PURE,False,accept,NDE,"{NDE}+{RUS,USA}","{NDE,RUS,USA}",1.0,,,,,,0.00514374141564744,
0.92,PURE,False,accept,NDE,"{NDE}+{RUS,USA}","{NDE,RUS}+{USA}",1.0,,,,,,0.0037579572927270988,
0.92,PURE,False,accept,NDE,"{NDE}+{RUS,USA}","{NDE,USA}+{RUS}",1.0,,,,,,0.0063374106118878615,
0.92,PURE,False,accept,NDE,{NDE}+{RUS}+{USA},"{NDE,RUS,USA}",1.0,,,,,,0.00209847158818377,
0.92,PURE,False,accept,NDE,{NDE}+{RUS}+{USA},"{NDE,RUS}+{USA}",1.0,,,,,,0.0007126874652634285,
0.92,PURE,False,accept,NDE,{NDE}+{RUS}+{USA},"{NDE,USA}+{RUS}",1.0,,,,,,0.0032921407844241912,USA
0.92,PURE,False,accept,RUS,"{NDE,RUS,USA}","{NDE,RUS}+{USA}",0.0,,,,,,-8.143656008607891e-05,
0.92,PURE,False,accept,RUS,"{NDE,RUS,USA}","{NDE,USA}+{RUS}",1.0,,,,,,5.414257611824347e-05,
0.92,PURE,False,accept,RUS,"{NDE,RUS,USA}","{NDE}+{RUS,USA}",1.0,,,,,,0.00037832878432220163,
0.92,PURE,False,accept,RUS,"{NDE,RUS,USA}",{NDE}+{RUS}+{USA},1.0,,,,,,0.0001796821477955124,
0.92,PURE,False,accept,RUS,"{NDE,RUS}+{USA}","{NDE,RUS,USA}",1.0,,,,,,8.143656008607891e-05,
0.92,PURE,False,accept,RUS,"{NDE,RUS}+{USA}","{NDE,USA}+{RUS}",1.0,,,,,,0.00013557913620432238,
0.92,PURE,False,accept,RUS,"{NDE,RUS}+{USA}","{NDE}+{RUS,USA}",1.0,,,,,,0.00045976534440828054,
0.92,PURE,False,accept,RUS,"{NDE,RUS}+{USA}",{NDE}+{RUS}+{USA},1.0,,,,,,0.0002611187078815913,
0.92,PURE,False,accept,RUS,"{NDE,USA}+{RUS}","{NDE,RUS,USA}",0.0,,,,,,-5.414257611824347e-05,
0.92,PURE,False,accept,RUS,"{NDE,USA}+{RUS}","{NDE,RUS}+{USA}",0.0,,,,,,-0.00013557913620432238,
0.92,PURE,False,accept,RUS,"{NDE,USA}+{RUS}","{NDE}+{RUS,USA}",1.0,,,,,,0.00032418620820395816,
0.92,PURE,False,accept,RUS,"{NDE}+{RUS,USA}","{NDE,RUS,USA}",0.0,,,,,,-0.00037832878432220163,
0.92,PURE,False,accept,RUS,"{NDE}+{RUS,USA}","{NDE,RUS}+{USA}",0.0,,,,,,-0.00045976534440828054,
0.92,PURE,False,accept,RUS,"{NDE}+{RUS,USA}","{NDE,USA}+{RUS}",0.0,,,,,,-0.00032418620820395816,
0.92,PURE,False,accept,RUS,"{NDE}+{RUS,USA}",{NDE}+{RUS}+{USA},0.0,,,,,,-0.00019864663652668924,
0.92,PURE,False,accept,RUS,{NDE}+{RUS}+{USA},"{NDE,RUS,USA}",0.0,,,,,,-0.0001796821477955124,
0.92,PURE,False,accept,RUS,{NDE}+{RUS}+{USA},"{NDE,RUS}+{USA}",0.0,,,,,,-0.0002611187078815913,
0.92,PURE,False,accept,RUS,{NDE}+{RUS}+{USA},"{NDE}+{RUS,USA}",1.0,,,,,,0.00019864663652668924,
0.92,PURE,False,accept,USA,"{NDE,RUS,USA}","{NDE,RUS}+{USA}",1.0,,,,,,6.210402601958265e-06,
0.92,PURE,False,accept,USA,"{NDE,RUS,USA}","{NDE,USA}+{RUS}",0.0,,,,,,-1.103269058377876e-05,
0.92,PURE,False,accept,USA,"{NDE,RUS,USA}","{NDE}+{RUS,USA}",0.0,,,,,,-2.10254155970091e-05,
0.92,PURE,False,accept,USA,"{NDE,RUS,USA}",{NDE}+{RUS}+{USA},0.0,,,,,,-6.763302695045326e-05,
0.92,PURE,False,accept,USA,"{NDE,RUS}+{USA}","{NDE,RUS,USA}",0.0,,,,,,-6.210402601958265e-06,
0.92,PURE,False,accept,USA,"{NDE,RUS}+{USA}","{NDE,USA}+{RUS}",0.0,,,,,,-1.7243093185737024e-05,
0.92,PURE,False,accept,USA,"{NDE,RUS}+{USA}","{NDE}+{RUS,USA}",0.0,,,,,,-2.7235818198967365e-05,
0.92,PURE,False,accept,USA,"{NDE,USA}+{RUS}","{NDE,RUS,USA}",1.0,,,,,,1.103269058377876e-05,
0.92,PURE,False,accept,USA,"{NDE,USA}+{RUS}","{NDE,RUS}+{USA}",1.0,,,,,,1.7243093185737024e-05,
0.92,PURE,False,accept,USA,"{NDE,USA}+{RUS}","{NDE}+{RUS,USA}",0.0,,,,,,-9.992725013230341e-06,
0.92,PURE,False,accept,USA,"{NDE,USA}+{RUS}",{NDE}+{RUS}+{USA},0.0,,,,,,-5.66003363666745e-05,
0.92,PURE,False,accept,USA,"{NDE}+{RUS,USA}","{NDE,RUS,USA}",1.0,,,,,,2.10254155970091e-05,
0.92,PURE,False,accept,USA,"{NDE}+{RUS,USA}","{NDE,RUS}+{USA}",1.0,,,,,,2.7235818198967365e-05,
0.92,PURE,False,accept,USA,"{NDE}+{RUS,USA}","{NDE,USA}+{RUS}",1.0,,,,,,9.992725013230341e-06,
0.92,PURE,False,accept,USA,"{NDE}+{RUS,USA}",{NDE}+{RUS}+{USA},0.0,,,,,,-4.6607611353444156e-05,
0.92,PURE,False,accept,USA,{NDE}+{RUS}+{USA},"{NDE,RUS,USA}",1.0,,,,,,6.763302695045326e-05,
0.92,PURE,False,accept,USA,{NDE}+{RUS}+{USA},"{NDE,USA}+{RUS}",1.0,,,,,,5.66003363666745e-05,NDE
0.92,PURE,False,accept,USA,{NDE}+{RUS}+{USA},"{NDE}+{RUS,USA}",1.0,,,,,,4.6607611353444156e-05,RUS
0.94,PURE,False,propose,NDE,"{NDE,RUS,USA}","{NDE,RUS,USA}",1.0,True,1.0,1.0,False,,,
0.94,PURE,False,propose,NDE,"{NDE,RUS}+{USA}","{NDE,RUS}+{USA}",1.0,True,1.0,1.0,False,,,
0.94,PURE,False,propose,NDE,"{NDE,USA}+{RUS}","{NDE,USA}+{RUS}",1.0,True,1.0,1.0,False,,,
0.94,PURE,False,propose,NDE,"{NDE}+{RUS,USA}","{NDE}+{RUS,USA}",1.0,True,1.0,1.0,False,,,
0.94,PURE,False,propose,NDE,{NDE}+{RUS}+{USA},"{NDE,USA}+{RUS}",1.0,False,1.0,1.0,False,USA,,
0.94,PURE,False,propose,RUS,"{NDE,RUS,USA}","{NDE,USA}+{RUS}",1.0,False,1.0,1.0,True,,,
0.94,PURE,False,propose,RUS,"{NDE,RUS}+{USA}",{NDE}+{RUS}+{USA},1.0,False,1.0,1.0,True,,,
0.94,PURE,False,propose,RUS,"{NDE,USA}+{RUS}","{NDE,USA}+{RUS}",1.0,True,1.0,1.0,False,,,
0.94,PURE,False,propose,RUS,"{NDE}+{RUS,USA}","{NDE}+{RUS,USA}",1.0,True,1.0,1.0,False,,,
0.94,PURE,False,propose,RUS,{NDE}+{RUS}+{USA},"{NDE}+{RUS,USA}",1.0,False,1.0,1.0,False,USA,,
0.94,PURE,False,propose,USA,"{NDE,RUS,USA}","{NDE,RUS}+{USA}",1.0,False,1.0,1.0,True,,,
0.94,PURE,False,propose,USA,"{NDE,RUS}+{USA}","{NDE,RUS}+{USA}",1.0,True,1.0,1.0,False,,,
0.94,PURE,False,propose,USA,"{NDE,USA}+{RUS}","{NDE,USA}+{RUS}",1.0,True,1.0,1.0,False,,,
0.94,PURE,False,propose,USA,"{NDE}+{RUS,USA}","{NDE}+{RUS,USA}",1.0,True,1.0,1.0,False,,,
0.94,PURE,False,propose,USA,{NDE}+{RUS}+{USA},"{NDE,USA}+{RUS}",1.0,False,1.0,1.0,False,NDE,,
0.94,PURE,False,accept,NDE,"{NDE,RUS,USA}","{NDE,RUS}+{USA}",0.0,,,,,,-0.001314386330800943,
0.94,PURE,False,accept,NDE,"{NDE,RUS,USA}","{NDE,USA}+{RUS}",1.0,,,,,,0.0011766288454175822,
0.94,PURE,False,accept,NDE,"{NDE,RUS,USA}","{NDE}+{RUS,USA}",0.0,,,,,,-0.005160781766470279,
0.94,PURE,False,accept,NDE,"{NDE,RUS,USA}",{NDE}+{RUS}+{USA},0.0,,,,,,-0.001820594293889144,
0.94,PURE,False,accept,NDE,"{NDE,RUS}+{USA}","{NDE,RUS,USA}",1.0,,,,,,0.001314386330800943,
0.94,PURE,False,accept,NDE,"{NDE,RUS}+{USA}","{NDE,USA}+{RUS}",1.0,,,,,,0.002491015176218525,
0.94,PURE,False,accept,NDE,"{NDE,RUS}+{USA}","{NDE}+{RUS,USA}",0.0,,,,,,-0.0038463954356693364,
0.94,PURE,False,accept,NDE,"{NDE,RUS}+{USA}",{NDE}+{RUS}+{USA},0.0,,,,,,-0.000506207963088201,
0.94,PURE,False,accept,NDE,"{NDE,USA}+{RUS}","{NDE,RUS,USA}",0.0,,,,,,-0.0011766288454175822,
0.94,PURE,False,accept,NDE,"{NDE,USA}+{RUS}","{NDE,RUS}+{USA}",0.0,,,,,,-0.002491015176218525,
0.94,PURE,False,accept,NDE,"{NDE,USA}+{RUS}","{NDE}+{RUS,USA}",0.0,,,,,,-0.0063374106118878615,
0.94,PURE,False,accept,NDE,"{NDE,USA}+{RUS}",{NDE}+{RUS}+{USA},0.0,,,,,,-0.002997223139306726,
0.94,PURE,False,accept,NDE,"{NDE}+{RUS,USA}","{NDE,RUS,USA}",1.0,,,,,,0.005160781766470279,
0.94,PURE,False,accept,NDE,"{NDE}+{RUS,USA}","{NDE,RUS}+{USA}",1.0,,,,,,0.0038463954356693364,
0.94,PURE,False,accept,NDE,"{NDE}+{RUS,USA}","{NDE,USA}+{RUS}",1.0,,,,,,0.0063374106118878615,
0.94,PURE,False,accept,NDE,{NDE}+{RUS}+{USA},"{NDE,RUS,USA}",1.0,,,,,,0.001820594293889144,
0.94,PURE,False,accept,NDE,{NDE}+{RUS}+{USA},"{NDE,RUS}+{USA}",1.0,,,,,,0.000506207963088201,
0.94,PURE,False,accept,NDE,{NDE}+{RUS}+{USA},"{NDE,USA}+{RUS}",1.0,,,,,,0.002997223139306726,USA
0.94,PURE,False,accept,RUS,"{NDE,RUS,USA}","{NDE,RUS}+{USA}",0.0,,,,,,-4.84288125484067e-05,
0.94,PURE,False,accept,RUS,"{NDE,RUS,USA}","{NDE,USA}+{RUS}",1.0,,,,,,3.253205228492817e-05,
0.94,PURE,False,accept,RUS,"{NDE,RUS,USA}","{NDE}+{RUS,USA}",1.0,,,,,,0.00035671826048888633,
0.94,PURE,False,accept,RUS,"{NDE,RUS,USA}",{NDE}+{RUS}+{USA},1.0,,,,,,0.00015370224839306168,
0.94,PURE,False,accept,RUS,"{NDE,RUS}+{USA}","{NDE,RUS,USA}",1.0,,,,,,4.84288125484067e-05,
0.94,PURE,False,accept,RUS,"{NDE,RUS}+{USA}","{NDE,USA}+{RUS}",1.0,,,,,,8.096086483333487e-05,
0.94,PURE,False,accept,RUS,"{NDE,RUS}+{USA}","{NDE}+{RUS,USA}",1.0,,,,,,0.000405147073037293,
0.94,PURE,False,accept,RUS,"{NDE,RUS}+{USA}",{NDE}+{RUS}+{USA},1.0,,,,,,0.00020213106094146838,
0.94,PURE,False,accept,RUS,"{NDE,USA}+{RUS}","{NDE,RUS,USA}",0.0,,,,,,-3.253205228492817e-05,
0.94,PURE,False,accept,RUS,"{NDE,USA}+{RUS}","{NDE,RUS}+{USA}",0.0,,,,,,-8.096086483333487e-05,
0.94,PURE,False,accept,RUS,"{NDE,USA}+{RUS}","{NDE}+{RUS,USA}",1.0,,,,,,0.00032418620820395816,
0.94,PURE,False,accept,RUS,"{NDE}+{RUS,USA}","{NDE,RUS,USA}",0.0,,,,,,-0.00035671826048888633,
0.94,PURE,False,accept,RUS,"{NDE}+{RUS,USA}","{NDE,RUS}+{USA}",0.0,,,,,,-0.000405147073037293,
0.94,PURE,False,accept,RUS,"{NDE}+{RUS,USA}","{NDE,USA}+{RUS}",0.0,,,,,,-0.00032418620820395816,
0.94,PURE,False,accept,RUS,"{NDE}+{RUS,USA}",{NDE}+{RUS}+{USA},0.0,,,,,,-0.00020301601209582465,
0.94,PURE,False,accept,RUS,{NDE}+{RUS}+{USA},"{NDE,RUS,USA}",0.0,,,,,,-0.00015370224839306168,
0.94,PURE,False,accept,RUS,{NDE}+{RUS}+{USA},"{NDE,RUS}+{USA}",0.0,,,,,,-0.00020213106094146838,
0.94,PURE,False,accept,RUS,{NDE}+{RUS}+{USA},"{NDE}+{RUS,USA}",1.0,,,,,,0.00020301601209582465,
0.94,PURE,False,accept,USA,"{NDE,RUS,USA}","{NDE,RUS}+{USA}",1.0,,,,,,3.910902695913876e-06,
0.94,PURE,False,accept,USA,"{NDE,RUS,USA}","{NDE,USA}+{RUS}",0.0,,,,,,-8.026349595624538e-06,
0.94,PURE,False,accept,USA,"{NDE,RUS,USA}","{NDE}+{RUS,USA}",0.0,,,,,,-1.801907460885488e-05,
0.94,PURE,False,accept,USA,"{NDE,RUS,USA}",{NDE}+{RUS}+{USA},0.0,,,,,,-5.130932895536233e-05,
0.94,PURE,False,accept,USA,"{NDE,RUS}+{USA}","{NDE,RUS,USA}",0.0,,,,,,-3.910902695913876e-06,
0.94,PURE,False,accept,USA,"{NDE,RUS}+{USA}","{NDE,USA}+{RUS}",0.0,,,,,,-1.1937252291538414e-05,
0.94,PURE,False,accept,USA,"{NDE,RUS}+{USA}","{NDE}+{RUS,USA}",0.0,,,,,,-2.1929977304768755e-05,
0.94,PURE,False,accept,USA,"{NDE,USA}+{RUS}","{NDE,RUS,USA}",1.0,,,,,,8.026349595624538e-06,
0.94,PURE,False,accept,USA,"{NDE,USA}+{RUS}","{NDE,RUS}+{USA}",1.0,,,,,,1.1937252291538414e-05,
0.94,PURE,False,accept,USA,"{NDE,USA}+{RUS}","{NDE}+{RUS,USA}",0.0,,,,,,-9.992725013230341e-06,
0.94,PURE,False,accept,USA,"{NDE,USA}+{RUS}",{NDE}+{RUS}+{USA},0.0,,,,,,-4.3282979359737794e-05,
0.94,PURE,False,accept,USA,"{NDE}+{RUS,USA}","{NDE,RUS,USA}",1.0,,,,,,1.801907460885488e-05,
0.94,PURE,False,accept,USA,"{NDE}+{RUS,USA}","{NDE,RUS}+{USA}",1.0,,,,,,2.1929977304768755e-05,
0.94,PURE,False,accept,USA,"{NDE}+{RUS,USA}","{NDE,USA}+{RUS}",1.0,,,,,,9.992725013230341e-06,
0.94,PURE,False,accept,USA,"{NDE}+{RUS,USA}",{NDE}+{RUS}+{USA},0.0,,,,,,-3.329025434650745e-05,
0.94,PURE,False,accept,USA,{NDE}+{RUS}+{USA},"{NDE,RUS,USA}",1.0,,,,,,5.130932895536233e-05,
0.94,PURE,False,accept,USA,{NDE}+{RUS}+{USA},"{NDE,USA}+{RUS}",1.0,,,,,,4.3282979359737794e-05,NDE
0.94,PURE,False,accept,USA,{NDE}+{RUS}+{USA},"{NDE}+{RUS,USA}",1.0,,,,,,3.329025434650745e-05,RUS
0.95,PURE,False,propose,NDE,"{NDE,RUS,USA}","{NDE,RUS,USA}",1.0,True,1.0,1.0,False,,,
0.95,PURE,False,propose,NDE,"{NDE,RUS}+{USA}","{NDE,RUS}+{USA}",1.0,True,1.0,1.0,False,,,
0.95,PURE,False,propose,NDE,"{NDE,USA}+{RUS}","{NDE,USA}+{RUS}",1.0,True,1.0,1.0,False,,,
0.95,PURE,False,propose,NDE,"{NDE}+{RUS,USA}","{NDE}+{RUS,USA}",1.0,True,1.0,1.0,False,,,
0.95,PURE,False,propose,NDE,{NDE}+{RUS}+{USA},"{NDE,USA}+{RUS}",1.0,False,1.0,1.0,False,USA,,
0.95,PURE,False,propose,RUS,"{NDE,RUS,USA}","{NDE,USA}+{RUS}",1.0,False,1.0,1.0,True,,,
0.95,PURE,False,propose,RUS,"{NDE,RUS}+{USA}",{NDE}+{RUS}+{USA},1.0,False,1.0,1.0,True,,,
0.95,PURE,False,propose,RUS,"{NDE,USA}+{RUS}","{NDE,USA}+{RUS}",1.0,True,1.0,1.0,False,,,
0.95,PURE,False,propose,RUS,"{NDE}+{RUS,USA}","{NDE}+{RUS,USA}",1.0,True,1.0,1.0,False,,,
0.95,PURE,False,propose,RUS,{NDE}+{RUS}+{USA},"{NDE}+{RUS,USA}",1.0,False,1.0,1.0,False,USA,,
0.95,PURE,False,propose,USA,"{NDE,RUS,USA}","{NDE,RUS}+{USA}",1.0,False,1.0,1.0,True,,,
0.95,PURE,False,propose,USA,"{NDE,RUS}+{USA}","{NDE,RUS}+{USA}",1.0,True,1.0,1.0,False,,,
0.95,PURE,False,propose,USA,"{NDE,USA}+{RUS}","{NDE,USA}+{RUS}",1.0,True,1.0,1.0,False,,,
0.95,PURE,False,propose,USA,"{NDE}+{RUS,USA}","{NDE}+{RUS,USA}",1.0,True,1.0,1.0,False,,,
0.95,PURE,False,propose,USA,{NDE}+{RUS}+{USA},"{NDE,USA}+{RUS}",1.0,False,1.0,1.0,False,NDE,,
0.95,PURE,False,accept,NDE,"{NDE,RUS,USA}","{NDE,RUS}+{USA}",0.0,,,,,,-0.0012760070778838895,
0.95,PURE,False,accept,NDE,"{NDE,RUS,USA}","{NDE,USA}+{RUS}",1.0,,,,,,0.0011643554732607697,
0.95,PURE,False,accept,NDE,"{NDE,RUS,USA}","{NDE}+{RUS,USA}",0.0,,,,,,-0.005173055138627092,
0.95,PURE,False,accept,NDE,"{NDE,RUS,USA}",{NDE}+{RUS}+{USA},0.0,,,,,,-0.0016854088434890002,
0.95,PURE,False,accept,NDE,"{NDE,RUS}+{USA}","{NDE,RUS,USA}",1.0,,,,,,0.0012760070778838895,
0.95,PURE,False,accept,NDE,"{NDE,RUS}+{USA}","{NDE,USA}+{RUS}",1.0,,,,,,0.002440362551144659,
0.95,PURE,False,accept,NDE,"{NDE,RUS}+{USA}","{NDE}+{RUS,USA}",0.0,,,,,,-0.0038970480607432023,
0.95,PURE,False,accept,NDE,"{NDE,RUS}+{USA}",{NDE}+{RUS}+{USA},0.0,,,,,,-0.00040940176560511077,
0.95,PURE,False,accept,NDE,"{NDE,USA}+{RUS}","{NDE,RUS,USA}",0.0,,,,,,-0.0011643554732607697,
0.95,PURE,False,accept,NDE,"{NDE,USA}+{RUS}","{NDE,RUS}+{USA}",0.0,,,,,,-0.002440362551144659,
0.95,PURE,False,accept,NDE,"{NDE,USA}+{RUS}","{NDE}+{RUS,USA}",0.0,,,,,,-0.0063374106118878615,
0.95,PURE,False,accept,NDE,"{NDE,USA}+{RUS}",{NDE}+{RUS}+{USA},0.0,,,,,,-0.00284976431674977,
0.95,PURE,False,accept,NDE,"{NDE}+{RUS,USA}","{NDE,RUS,USA}",1.0,,,,,,0.005173055138627092,
0.95,PURE,False,accept,NDE,"{NDE}+{RUS,USA}","{NDE,RUS}+{USA}",1.0,,,,,,0.0038970480607432023,
0.95,PURE,False,accept,NDE,"{NDE}+{RUS,USA}","{NDE,USA}+{RUS}",1.0,,,,,,0.0063374106118878615,
0.95,PURE,False,accept,NDE,{NDE}+{RUS}+{USA},"{NDE,RUS,USA}",1.0,,,,,,0.0016854088434890002,
0.95,PURE,False,accept,NDE,{NDE}+{RUS}+{USA},"{NDE,RUS}+{USA}",1.0,,,,,,0.00040940176560511077,
0.95,PURE,False,accept,NDE,{NDE}+{RUS}+{USA},"{NDE,USA}+{RUS}",1.0,,,,,,0.00284976431674977,USA
0.95,PURE,False,accept,RUS,"{NDE,RUS,USA}","{NDE,RUS}+{USA}",0.0,,,,,,-3.1715389716469033e-05,
0.95,PURE,False,accept,RUS,"{NDE,RUS,USA}","{NDE,USA}+{RUS}",1.0,,,,,,2.0506332606196054e-05,
0.95,PURE,False,accept,RUS,"{NDE,RUS,USA}","{NDE}+{RUS,USA}",1.0,,,,,,0.0003446925408101542,
0.95,PURE,False,accept,RUS,"{NDE,RUS,USA}",{NDE}+{RUS}+{USA},1.0,,,,,,0.00013949184092987288,
0.95,PURE,False,accept,RUS,"{NDE,RUS}+{USA}","{NDE,RUS,USA}",1.0,,,,,,3.1715389716469033e-05,
0.95,PURE,False,accept,RUS,"{NDE,RUS}+{USA}","{NDE,USA}+{RUS}",1.0,,,,,,5.222172232266509e-05,
0.95,PURE,False,accept,RUS,"{NDE,RUS}+{USA}","{NDE}+{RUS,USA}",1.0,,,,,,0.00037640793052662325,
0.95,PURE,False,accept,RUS,"{NDE,RUS}+{USA}",{NDE}+{RUS}+{USA},1.0,,,,,,0.0001712072306463419,
0.95,PURE,False,accept,RUS,"{NDE,USA}+{RUS}","{NDE,RUS,USA}",0.0,,,,,,-2.0506332606196054e-05,
0.95,PURE,False,accept,RUS,"{NDE,USA}+{RUS}","{NDE,RUS}+{USA}",0.0,,,,,,-5.222172232266509e-05,
0.95,PURE,False,accept,RUS,"{NDE,USA}+{RUS}","{NDE}+{RUS,USA}",1.0,,,,,,0.00032418620820395816,
0.95,PURE,False,accept,RUS,"{NDE}+{RUS,USA}","{NDE,RUS,USA}",0.0,,,,,,-0.0003446925408101542,
0.95,PURE,False,accept,RUS,"{NDE}+{RUS,USA}","{NDE,RUS}+{USA}",0.0,,,,,,-0.00037640793052662325,
0.95,PURE,False,accept,RUS,"{NDE}+{RUS,USA}","{NDE,USA}+{RUS}",0.0,,,,,,-0.00032418620820395816,
0.95,PURE,False,accept,RUS,"{NDE}+{RUS,USA}",{NDE}+{RUS}+{USA},0.0,,,,,,-0.00020520069988028133,
0.95,PURE,False,accept,RUS,{NDE}+{RUS}+{USA},"{NDE,RUS,USA}",0.0,,,,,,-0.00013949184092987288,
0.95,PURE,False,accept,RUS,{NDE}+{RUS}+{USA},"{NDE,RUS}+{USA}",0.0,,,,,,-0.0001712072306463419,
0.95,PURE,False,accept,RUS,{NDE}+{RUS}+{USA},"{NDE}+{RUS,USA}",1.0,,,,,,0.00020520069988028133,
0.95,PURE,False,accept,USA,"{NDE,RUS,USA}","{NDE,RUS}+{USA}",1.0,,,,,,2.8417712094608305e-06,
0.95,PURE,False,accept,USA,"{NDE,RUS,USA}","{NDE,USA}+{RUS}",0.0,,,,,,-6.479456206243128e-06,
0.95,PURE,False,accept,USA,"{NDE,RUS,USA}","{NDE}+{RUS,USA}",0.0,,,,,,-1.647218121947347e-05,
0.95,PURE,False,accept,USA,"{NDE,RUS,USA}",{NDE}+{RUS}+{USA},0.0,,,,,,-4.3103757062290526e-05,
0.95,PURE,False,accept,USA,"{NDE,RUS}+{USA}","{NDE,RUS,USA}",0.0,,,,,,-2.8417712094608305e-06,
0.95,PURE,False,accept,USA,"{NDE,RUS}+{USA}","{NDE,USA}+{RUS}",0.0,,,,,,-9.321227415703959e-06,
0.95,PURE,False,accept,USA,"{NDE,RUS}+{USA}","{NDE}+{RUS,USA}",0.0,,,,,,-1.93139524289343e-05,
0.95,PURE,False,accept,USA,"{NDE,USA}+{RUS}","{NDE,RUS,USA}",1.0,,,,,,6.479456206243128e-06,
0.95,PURE,False,accept,USA,"{NDE,USA}+{RUS}","{NDE,RUS}+{USA}",1.0,,,,,,9.321227415703959e-06,
0.95,PURE,False,accept,USA,"{NDE,USA}+{RUS}","{NDE}+{RUS,USA}",0.0,,,,,,-9.992725013230341e-06,
0.95,PURE,False,accept,USA,"{NDE,USA}+{RUS}",{NDE}+{RUS}+{USA},0.0,,,,,,-3.66243008560474e-05,
0.95,PURE,False,accept,USA,"{NDE}+{RUS,USA}","{NDE,RUS,USA}",1.0,,,,,,1.647218121947347e-05,
0.95,PURE,False,accept,USA,"{NDE}+{RUS,USA}","{NDE,RUS}+{USA}",1.0,,,,,,1.93139524289343e-05,
0.95,PURE,False,accept,USA,"{NDE}+{RUS,USA}","{NDE,USA}+{RUS}",1.0,,,,,,9.992725013230341e-06,
0.95,PURE,False,accept,USA,"{NDE}+{RUS,USA}",{NDE}+{RUS}+{USA},0.0,,,,,,-2.6631575842817057e-05,
0.95,PURE,False,accept,USA,{NDE}+{RUS}+{USA},"{NDE,RUS,USA}",1.0,,,,,,4.3103757062290526e-05,
0.95,PURE,False,accept,USA,{NDE}+{RUS}+{USA},"{NDE,USA}+{RUS}",1.0,,,,,,3.66243008560474e-05,NDE
0.95,PURE,False,accept,USA,{NDE}+{RUS}+{USA},"{NDE}+{RUS,USA}",1.0,,,,,,2.6631575842817057e-05,RUS
0.96,PURE,False,propose,NDE,"{NDE,RUS,USA}","{NDE,RUS,USA}",1.0,True,1.0,1.0,False,,,
0.96,PURE,False,propose,NDE,"{NDE,RUS}+{USA}","{NDE,RUS}+{USA}",1.0,True,1.0,1.0,False,,,
0.96,PURE,False,propose,NDE,"{NDE,USA}+{RUS}","{NDE,USA}+{RUS}",1.0,True,1.0,1.0,False,,,
0.96,PURE,False,propose,NDE,"{NDE}+{RUS,USA}","{NDE}+{RUS,USA}",1.0,True,1.0,1.0,False,,,
0.96,PURE,False,propose,NDE,{NDE}+{RUS}+{USA},"{NDE,USA}+{RUS}",1.0,False,1.0,1.0,False,USA,,
0.96,PURE,False,propose,RUS,"{NDE,RUS,USA}","{NDE,USA}+{RUS}",1.0,False,1.0,1.0,True,,,
0.96,PURE,False,propose,RUS,"{NDE,RUS}+{USA}",{NDE}+{RUS}+{USA},1.0,False,1.0,1.0,True,,,
0.96,PURE,False,propose,RUS,"{NDE,USA}+{RUS}","{NDE,USA}+{RUS}",1.0,True,1.0,1.0,False,,,
0.96,PURE,False,propose,RUS,"{NDE}+{RUS,USA}","{NDE}+{RUS,USA}",1.0,True,1.0,1.0,False,,,
0.96,PURE,False,propose,RUS,{NDE}+{RUS}+{USA},"{NDE}+{RUS,USA}",1.0,False,1.0,1.0,False,USA,,
0.96,PURE,False,propose,USA,"{NDE,RUS,USA}","{NDE,RUS}+{USA}",1.0,False,1.0,1.0,True,,,
0.96,PURE,False,propose,USA,"{NDE,RUS}+{USA}","{NDE,RUS}+{USA}",1.0,True,1.0,1.0,False,,,
0.96,PURE,False,propose,USA,"{NDE,USA}+{RUS}","{NDE,USA}+{RUS}",1.0,True,1.0,1.0,False,,,
0.96,PURE,False,propose,USA,"{NDE}+{RUS,USA}","{NDE}+{RUS,USA}",1.0,True,1.0,1.0,False,,,
0.96,PURE,False,propose,USA,{NDE}+{RUS}+{USA},"{NDE,USA}+{RUS}",1.0,False,1.0,1.0,False,NDE,,
0.96,PURE,False,accept,NDE,"{NDE,RUS,USA}","{NDE,RUS}+{USA}",0.0,,,,,,-0.0012358058830521657,
0.96,PURE,False,accept,NDE,"{NDE,RUS,USA}","{NDE,USA}+{RUS}",1.0,,,,,,0.0011492973009303853,
0.96,PURE,False,accept,NDE,"{NDE,RUS,USA}","{NDE}+{RUS,USA}",0.0,,,,,,-0.005188113310957476,
0.96,PURE,False,accept,NDE,"{NDE,RUS,USA}",{NDE}+{RUS}+{USA},0.0,,,,,,-0.0015530081932624284,
0.96,PURE,False,accept,NDE,"{NDE,RUS}+{USA}","{NDE,RUS,USA}",1.0,,,,,,0.0012358058830521657,
0.96,PURE,False,accept,NDE,"{NDE,RUS}+{USA}","{NDE,USA}+{RUS}",1.0,,,,,,0.002385103183982551,
0.96,PURE,False,accept,NDE,"{NDE,RUS}+{USA}","{NDE}+{RUS,USA}",0.0,,,,,,-0.0039523074279053105,
0.96,PURE,False,accept,NDE,"{NDE,RUS}+{USA}",{NDE}+{RUS}+{USA},0.0,,,,,,-0.0003172023102102628,
0.96,PURE,False,accept,NDE,"{NDE,USA}+{RUS}","{NDE,RUS,USA}",0.0,,,,,,-0.0011492973009303853,
0.96,PURE,False,accept,NDE,"{NDE,USA}+{RUS}","{NDE,RUS}+{USA}",0.0,,,,,,-0.002385103183982551,
0.96,PURE,False,accept,NDE,"{NDE,USA}+{RUS}","{NDE}+{RUS,USA}",0.0,,,,,,-0.0063374106118878615,
0.96,PURE,False,accept,NDE,"{NDE,USA}+{RUS}",{NDE}+{RUS}+{USA},0.0,,,,,,-0.0027023054941928137,
0.96,PURE,False,accept,NDE,"{NDE}+{RUS,USA}","{NDE,RUS,USA}",1.0,,,,,,0.005188113310957476,
0.96,PURE,False,accept,NDE,"{NDE}+{RUS,USA}","{NDE,RUS}+{USA}",1.0,,,,,,0.0039523074279053105,
0.96,PURE,False,accept,NDE,"{NDE}+{RUS,USA}","{NDE,USA}+{RUS}",1.0,,,,,,0.0063374106118878615,
0.96,PURE,False,accept,NDE,{NDE}+{RUS}+{USA},"{NDE,RUS,USA}",1.0,,,,,,0.0015530081932624284,
0.96,PURE,False,accept,NDE,{NDE}+{RUS}+{USA},"{NDE,RUS}+{USA}",1.0,,,,,,0.0003172023102102628,
0.96,PURE,False,accept,NDE,{NDE}+{RUS}+{USA},"{NDE,USA}+{RUS}",1.0,,,,,,0.0027023054941928137,USA
0.96,PURE,False,accept,RUS,"{NDE,RUS,USA}","{NDE,RUS}+{USA}",0.0,,,,,,-1.4859528305599667e-05,
0.96,PURE,False,accept,RUS,"{NDE,RUS,USA}","{NDE,USA}+{RUS}",1.0,,,,,,7.599096002230965e-06,
0.96,PURE,False,accept,RUS,"{NDE,RUS,USA}","{NDE}+{RUS,USA}",1.0,,,,,,0.0003317853042061891,
0.96,PURE,False,accept,RUS,"{NDE,RUS,USA}",{NDE}+{RUS}+{USA},1.0,,,,,,0.0001243999165414511,
0.96,PURE,False,accept,RUS,"{NDE,RUS}+{USA}","{NDE,RUS,USA}",1.0,,,,,,1.4859528305599667e-05,
0.96,PURE,False,accept,RUS,"{NDE,RUS}+{USA}","{NDE,USA}+{RUS}",1.0,,,,,,2.2458624307830632e-05,
0.96,PURE,False,accept,RUS,"{NDE,RUS}+{USA}","{NDE}+{RUS,USA}",1.0,,,,,,0.0003466448325117888,
0.96,PURE,False,accept,RUS,"{NDE,RUS}+{USA}",{NDE}+{RUS}+{USA},1.0,,,,,,0.00013925944484705077,
0.96,PURE,False,accept,RUS,"{NDE,USA}+{RUS}","{NDE,RUS,USA}",0.0,,,,,,-7.599096002230965e-06,
0.96,PURE,False,accept,RUS,"{NDE,USA}+{RUS}","{NDE,RUS}+{USA}",0.0,,,,,,-2.2458624307830632e-05,
0.96,PURE,False,accept,RUS,"{NDE,USA}+{RUS}","{NDE}+{RUS,USA}",1.0,,,,,,0.00032418620820395816,
0.96,PURE,False,accept,RUS,"{NDE}+{RUS,USA}","{NDE,RUS,USA}",0.0,,,,,,-0.0003317853042061891,
0.96,PURE,False,accept,RUS,"{NDE}+{RUS,USA}","{NDE,RUS}+{USA}",0.0,,,,,,-0.0003466448325117888,
0.96,PURE,False,accept,RUS,"{NDE}+{RUS,USA}","{NDE,USA}+{RUS}",0.0,,,,,,-0.00032418620820395816,
0.96,PURE,False,accept,RUS,"{NDE}+{RUS,USA}",{NDE}+{RUS}+{USA},0.0,,,,,,-0.00020738538766473802,
0.96,PURE,False,accept,RUS,{NDE}+{RUS}+{USA},"{NDE,RUS,USA}",0.0,,,,,,-0.0001243999165414511,
0.96,PURE,False,accept,RUS,{NDE}+{RUS}+{USA},"{NDE,RUS}+{USA}",0.0,,,,,,-0.00013925944484705077,
0.96,PURE,False,accept,RUS,{NDE}+{RUS}+{USA},"{NDE}+{RUS,USA}",1.0,,,,,,0.00020738538766473802,
0.96,PURE,False,accept,USA,"{NDE,RUS,USA}","{NDE,RUS}+{USA}",1.0,,,,,,1.827439203960779e-06,
0.96,PURE,False,accept,USA,"{NDE,RUS,USA}","{NDE,USA}+{RUS}",0.0,,,,,,-4.904182386855638e-06,
0.96,PURE,False,accept,USA,"{NDE,RUS,USA}","{NDE}+{RUS,USA}",0.0,,,,,,-1.4896907400085979e-05,
0.96,PURE,False,accept,USA,"{NDE,RUS,USA}",{NDE}+{RUS}+{USA},0.0,,,,,,-3.486980473921264e-05,
0.96,PURE,False,accept,USA,"{NDE,RUS}+{USA}","{NDE,RUS,USA}",0.0,,,,,,-1.827439203960779e-06,
0.96,PURE,False,accept,USA,"{NDE,RUS}+{USA}","{NDE,USA}+{RUS}",0.0,,,,,,-6.731621590816417e-06,
0.96,PURE,False,accept,USA,"{NDE,RUS}+{USA}","{NDE}+{RUS,USA}",0.0,,,,,,-1.6724346604046758e-05,
0.96,PURE,False,accept,USA,"{NDE,USA}+{RUS}","{NDE,RUS,USA}",1.0,,,,,,4.904182386855638e-06,
0.96,PURE,False,accept,USA,"{NDE,USA}+{RUS}","{NDE,RUS}+{USA}",1.0,,,,,,6.731621590816417e-06,
0.96,PURE,False,accept,USA,"{NDE,USA}+{RUS}","{NDE}+{RUS,USA}",0.0,,,,,,-9.992725013230341e-06,
0.96,PURE,False,accept,USA,"{NDE,USA}+{RUS}",{NDE}+{RUS}+{USA},0.0,,,,,,-2.9965622352357002e-05,
0.96,PURE,False,accept,USA,"{NDE}+{RUS,USA}","{NDE,RUS,USA}",1.0,,,,,,1.4896907400085979e-05,
0.96,PURE,False,accept,USA,"{NDE}+{RUS,USA}","{NDE,RUS}+{USA}",1.0,,,,,,1.6724346604046758e-05,
0.96,PURE,False,accept,USA,"{NDE}+{RUS,USA}","{NDE,USA}+{RUS}",1.0,,,,,,9.992725013230341e-06,
0.96,PURE,False,accept,USA,"{NDE}+{RUS,USA}",{NDE}+{RUS}+{USA},0.0,,,,,,-1.997289733912666e-05,
0.96,PURE,False,accept,USA,{NDE}+{RUS}+{USA},"{NDE,RUS,USA}",1.0,,,,,,3.486980473921264e-05,
0.96,PURE,False,accept,USA,{NDE}+{RUS}+{USA},"{NDE,USA}+{RUS}",1.0,,,,,,2.9965622352357002e-05,NDE
0.96,PURE,False,accept,USA,{NDE}+{RUS}+{USA},"{NDE}+{RUS,USA}",1.0,,,,,,1.997289733912666e-05,RUS
0.97,PURE,False,propose,NDE,"{NDE,RUS,USA}","{NDE,RUS,USA}",1.0,True,1.0,1.0,False,,,
0.97,PURE,False,propose,NDE,"{NDE,RUS}+{USA}","{NDE,RUS,USA}",1.0,False,1.0,1.0,False,"RUS,USA",,
0.97,PURE,False,propose,NDE,"{NDE,USA}+{RUS}","{NDE,USA}+{RUS}",1.0,True,1.0,1.0,False,,,
0.97,PURE,False,propose,NDE,"{NDE}+{RUS,USA}","{NDE}+{RUS,USA}",1.0,True,1.0,1.0,False,,,
0.97,PURE,False,propose,NDE,{NDE}+{RUS}+{USA},"{NDE,USA}+{RUS}",1.0,False,1.0,1.0,False,USA,,
0.97,PURE,False,propose,RUS,"{NDE,RUS,USA}","{NDE,RUS,USA}",1.0,True,1.0,1.0,False,,,
0.97,PURE,False,propose,RUS,"{NDE,RUS}+{USA}",{NDE}+{RUS}+{USA},1.0,False,1.0,1.0,True,,,
0.97,PURE,False,propose,RUS,"{NDE,USA}+{RUS}","{NDE,USA}+{RUS}",1.0,True,1.0,1.0,False,,,
0.97,PURE,False,propose,RUS,"{NDE}+{RUS,USA}","{NDE}+{RUS,USA}",1.0,True,1.0,1.0,False,,,
0.97,PURE,False,propose,RUS,{NDE}+{RUS}+{USA},"{NDE}+{RUS,USA}",1.0,False,1.0,1.0,False,USA,,
0.97,PURE,False,propose,USA,"{NDE,RUS,USA}","{NDE,RUS,USA}",1.0,True,1.0,1.0,False,,,
0.97,PURE,False,propose,USA,"{NDE,RUS}+{USA}","{NDE,RUS,USA}",1.0,False,1.0,1.0,False,"NDE,RUS",,
0.97,PURE,False,propose,USA,"{NDE,USA}+{RUS}","{NDE,USA}+{RUS}",1.0,True,1.0,1.0,False,,,
0.97,PURE,False,propose,USA,"{NDE}+{RUS,USA}","{NDE}+{RUS,USA}",1.0,True,1.0,1.0,False,,,
0.97,PURE,False,propose,USA,{NDE}+{RUS}+{USA},"{NDE,USA}+{RUS}",1.0,False,1.0,1.0,False,NDE,,
0.97,PURE,False,accept,NDE,"{NDE,RUS,USA}","{NDE,RUS}+{USA}",0.0,,,,,,-0.0006599375107008143,
0.97,PURE,False,accept,NDE,"{NDE,RUS,USA}","{NDE,USA}+{RUS}",1.0,,,,,,0.0004572286439596951,
0.97,PURE,False,accept,NDE,"{NDE,RUS,USA}","{NDE}+{RUS,USA}",0.0,,,,,,-0.005880181967928166,
0.97,PURE,False,accept,NDE,"{NDE,RUS,USA}",{NDE}+{RUS}+{USA},0.0,,,,,,-0.0020976180276761625,
0.97,PURE,False,accept,NDE,"{NDE,RUS}+{USA}","{NDE,RUS,USA}",1.0,,,,,,0.0006599375107008143,USA
0.97,PURE,False,accept,NDE,"{NDE,RUS}+{USA}","{NDE,USA}+{RUS}",1.0,,,,,,0.0011171661546605094,
0.97,PURE,False,accept,NDE,"{NDE,RUS}+{USA}","{NDE}+{RUS,USA}",0.0,,,,,,-0.005220244457227352,
0.97,PURE,False,accept,NDE,"{NDE,RUS}+{USA}",{NDE}+{RUS}+{USA},0.0,,,,,,-0.0014376805169753482,
0.97,PURE,False,accept,NDE,"{NDE,USA}+{RUS}","{NDE,RUS,USA}",0.0,,,,,,-0.0004572286439596951,
0.97,PURE,False,accept,NDE,"{NDE,USA}+{RUS}","{NDE,RUS}+{USA}",0.0,,,,,,-0.0011171661546605094,
0.97,PURE,False,accept,NDE,"{NDE,USA}+{RUS}","{NDE}+{RUS,USA}",0.0,,,,,,-0.0063374106118878615,
0.97,PURE,False,accept,NDE,"{NDE,USA}+{RUS}",{NDE}+{RUS}+{USA},0.0,,,,,,-0.0025548466716358575,
0.97,PURE,False,accept,NDE,"{NDE}+{RUS,USA}","{NDE,RUS,USA}",1.0,,,,,,0.005880181967928166,
0.97,PURE,False,accept,NDE,"{NDE}+{RUS,USA}","{NDE,RUS}+{USA}",1.0,,,,,,0.005220244457227352,
0.97,PURE,False,accept,NDE,"{NDE}+{RUS,USA}","{NDE,USA}+{RUS}",1.0,,,,,,0.0063374106118878615,
0.97,PURE,False,accept,NDE,{NDE}+{RUS}+{USA},"{NDE,RUS,USA}",1.0,,,,,,0.0020976180276761625,
0.97,PURE,False,accept,NDE,{NDE}+{RUS}+{USA},"{NDE,RUS}+{USA}",1.0,,,,,,0.0014376805169753482,
0.97,PURE,False,accept,NDE,{NDE}+{RUS}+{USA},"{NDE,USA}+{RUS}",1.0,,,,,,0.0025548466716358575,USA
0.97,PURE,False,accept,RUS,"{NDE,RUS,USA}","{NDE,RUS}+{USA}",0.0,,,,,,-1.487461729188233e-05,
0.97,PURE,False,accept,RUS,"{NDE,RUS,USA}","{NDE,USA}+{RUS}",0.0,,,,,,-5.04843624249407e-05,
0.97,PURE,False,accept,RUS,"{NDE,RUS,USA}","{NDE}+{RUS,USA}",1.0,,,,,,0.00027370184577901746,
0.97,PURE,False,accept,RUS,"{NDE,RUS,USA}",{NDE}+{RUS}+{USA},1.0,,,,,,6.413177032982276e-05,
0.97,PURE,False,accept,RUS,"{NDE,RUS}+{USA}","{NDE,RUS,USA}",1.0,,,,,,1.487461729188233e-05,"NDE,USA"
0.97,PURE,False,accept,RUS,"{NDE,RUS}+{USA}","{NDE,USA}+{RUS}",0.0,,,,,,-3.560974513305837e-05,
0.97,PURE,False,accept,RUS,"{NDE,RUS}+{USA}","{NDE}+{RUS,USA}",1.0,,,,,,0.0002885764630708998,
0.97,PURE,False,accept,RUS,"{NDE,RUS}+{USA}",{NDE}+{RUS}+{USA},1.0,,,,,,7.900638762170509e-05,
0.97,PURE,False,accept,RUS,"{NDE,USA}+{RUS}","{NDE,RUS,USA}",1.0,,,,,,5.04843624249407e-05,
0.97,PURE,False,accept,RUS,"{NDE,USA}+{RUS}","{NDE,RUS}+{USA}",1.0,,,,,,3.560974513305837e-05,
0.97,PURE,False,accept,RUS,"{NDE,USA}+{RUS}","{NDE}+{RUS,USA}",1.0,,,,,,0.00032418620820395816,
0.97,PURE,False,accept,RUS,"{NDE}+{RUS,USA}","{NDE,RUS,USA}",0.0,,,,,,-0.00027370184577901746,
0.97,PURE,False,accept,RUS,"{NDE}+{RUS,USA}","{NDE,RUS}+{USA}",0.0,,,,,,-0.0002885764630708998,
0.97,PURE,False,accept,RUS,"{NDE}+{RUS,USA}","{NDE,USA}+{RUS}",0.0,,,,,,-0.00032418620820395816,
0.97,PURE,False,accept,RUS,"{NDE}+{RUS,USA}",{NDE}+{RUS}+{USA},0.0,,,,,,-0.0002095700754491947,
0.97,PURE,False,accept,RUS,{NDE}+{RUS}+{USA},"{NDE,RUS,USA}",0.0,,,,,,-6.413177032982276e-05,
0.97,PURE,False,accept,RUS,{NDE}+{RUS}+{USA},"{NDE,RUS}+{USA}",0.0,,,,,,-7.900638762170509e-05,
0.97,PURE,False,accept,RUS,{NDE}+{RUS}+{USA},"{NDE}+{RUS,USA}",1.0,,,,,,0.0002095700754491947,
0.97,PURE,False,accept,USA,"{NDE,RUS,USA}","{NDE,RUS}+{USA}",0.0,,,,,,-8.95636315689785e-06,
0.97,PURE,False,accept,USA,"{NDE,RUS,USA}","{NDE,USA}+{RUS}",0.0,,,,,,-2.951812784912633e-05,
0.97,PURE,False,accept,USA,"{NDE,RUS,USA}","{NDE}+{RUS,USA}",0.0,,,,,,-3.951085286235667e-05,
0.97,PURE,False,accept,USA,"{NDE,RUS,USA}",{NDE}+{RUS}+{USA},0.0,,,,,,-5.2825071697792936e-05,
0.97,PURE,False,accept,USA,"{NDE,RUS}+{USA}","{NDE,RUS,USA}",1.0,,,,,,8.95636315689785e-06,NDE
0.97,PURE,False,accept,USA,"{NDE,RUS}+{USA}","{NDE,USA}+{RUS}",0.0,,,,,,-2.056176469222848e-05,
0.97,PURE,False,accept,USA,"{NDE,RUS}+{USA}","{NDE}+{RUS,USA}",0.0,,,,,,-3.055448970545882e-05,
0.97,PURE,False,accept,USA,"{NDE,USA}+{RUS}","{NDE,RUS,USA}",1.0,,,,,,2.951812784912633e-05,
0.97,PURE,False,accept,USA,"{NDE,USA}+{RUS}","{NDE,RUS}+{USA}",1.0,,,,,,2.056176469222848e-05,
0.97,PURE,False,accept,USA,"{NDE,USA}+{RUS}","{NDE}+{RUS,USA}",0.0,,,,,,-9.992725013230341e-06,
0.97,PURE,False,accept,USA,"{NDE,USA}+{RUS}",{NDE}+{RUS}+{USA},0.0,,,,,,-2.3306943848666606e-05,
0.97,PURE,False,accept,USA,"{NDE}+{RUS,USA}","{NDE,RUS,USA}",1.0,,,,,,3.951085286235667e-05,
0.97,PURE,False,accept,USA,"{NDE}+{RUS,USA}","{NDE,RUS}+{USA}",1.0,,,,,,3.055448970545882e-05,
0.97,PURE,False,accept,USA,"{NDE}+{RUS,USA}","{NDE,USA}+{RUS}",1.0,,,,,,9.992725013230341e-06,
0.97,PURE,False,accept,USA,"{NDE}+{RUS,USA}",{NDE}+{RUS}+{USA},0.0,,,,,,-1.3314218835436264e-05,
0.97,PURE,False,accept,USA,{NDE}+{RUS}+{USA},"{NDE,RUS,USA}",1.0,,,,,,5.2825071697792936e-05,
0.97,PURE,False,accept,USA,{NDE}+{RUS}+{USA},"{NDE,USA}+{RUS}",1.0,,,,,,2.3306943848666606e-05,NDE
0.97,PURE,False,accept,USA,{NDE}+{RUS}+{USA},"{NDE}+{RUS,USA}",1.0,,,,,,1.3314218835436264e-05,RUS
0.98,PURE,False,propose,NDE,"{NDE,RUS,USA}","{NDE,RUS,USA}",1.0,True,1.0,1.0,False,,,
0.98,PURE,False,propose,NDE,"{NDE,RUS}+{USA}","{NDE,RUS,USA}",1.0,False,1.0,1.0,False,"RUS,USA",,
0.98,PURE,False,propose,NDE,"{NDE,USA}+{RUS}","{NDE,USA}+{RUS}",1.0,True,1.0,1.0,False,,,
0.98,PURE,False,propose,NDE,"{NDE}+{RUS,USA}","{NDE}+{RUS,USA}",1.0,True,1.0,1.0,False,,,
0.98,PURE,False,propose,NDE,{NDE}+{RUS}+{USA},"{NDE,USA}+{RUS}",1.0,False,1.0,1.0,False,USA,,
0.98,PURE,False,propose,RUS,"{NDE,RUS,USA}","{NDE,RUS,USA}",1.0,True,1.0,1.0,False,,,
0.98,PURE,False,propose,RUS,"{NDE,RUS}+{USA}",{NDE}+{RUS}+{USA},1.0,False,1.0,1.0,True,,,
0.98,PURE,False,propose,RUS,"{NDE,USA}+{RUS}","{NDE,USA}+{RUS}",1.0,True,1.0,1.0,False,,,
0.98,PURE,False,propose,RUS,"{NDE}+{RUS,USA}","{NDE}+{RUS,USA}",1.0,True,1.0,1.0,False,,,
0.98,PURE,False,propose,RUS,{NDE}+{RUS}+{USA},"{NDE}+{RUS,USA}",1.0,False,1.0,1.0,False,USA,,
0.98,PURE,False,propose,USA,"{NDE,RUS,USA}","{NDE,RUS,USA}",1.0,True,1.0,1.0,False,,,
0.98,PURE,False,propose,USA,"{NDE,RUS}+{USA}","{NDE,RUS,USA}",1.0,False,1.0,1.0,False,"NDE,RUS",,
0.98,PURE,False,propose,USA,"{NDE,USA}+{RUS}","{NDE,USA}+{RUS}",1.0,True,1.0,1.0,False,,,
0.98,PURE,False,propose,USA,"{NDE}+{RUS,USA}","{NDE}+{RUS,USA}",1.0,True,1.0,1.0,False,,,
0.98,PURE,False,propose,USA,{NDE}+{RUS}+{USA},"{NDE,USA}+{RUS}",1.0,False,1.0,1.0,False,NDE,,
0.98,PURE,False,accept,NDE,"{NDE,RUS,USA}","{NDE,RUS}+{USA}",0.0,,,,,,-0.0006248571281730619,
0.98,PURE,False,accept,NDE,"{NDE,RUS,USA}","{NDE,USA}+{RUS}",1.0,,,,,,0.0004572286439596951,
0.98,PURE,False,accept,NDE,"{NDE,RUS,USA}","{NDE}+{RUS,USA}",0.0,,,,,,-0.005880181967928166,
0.98,PURE,False,accept,NDE,"{NDE,RUS,USA}",{NDE}+{RUS}+{USA},0.0,,,,,,-0.0019501592051192063,
0.98,PURE,False,accept,NDE,"{NDE,RUS}+{USA}","{NDE,RUS,USA}",1.0,,,,,,0.0006248571281730619,USA
0.98,PURE,False,accept,NDE,"{NDE,RUS}+{USA}","{NDE,USA}+{RUS}",1.0,,,,,,0.001082085772132757,
0.98,PURE,False,accept,NDE,"{NDE,RUS}+{USA}","{NDE}+{RUS,USA}",0.0,,,,,,-0.0052553248397551044,
0.98,PURE,False,accept,NDE,"{NDE,RUS}+{USA}",{NDE}+{RUS}+{USA},0.0,,,,,,-0.0013253020769461443,
0.98,PURE,False,accept,NDE,"{NDE,USA}+{RUS}","{NDE,RUS,USA}",0.0,,,,,,-0.0004572286439596951,
0.98,PURE,False,accept,NDE,"{NDE,USA}+{RUS}","{NDE,RUS}+{USA}",0.0,,,,,,-0.001082085772132757,
0.98,PURE,False,accept,NDE,"{NDE,USA}+{RUS}","{NDE}+{RUS,USA}",0.0,,,,,,-0.0063374106118878615,
0.98,PURE,False,accept,NDE,"{NDE,USA}+{RUS}",{NDE}+{RUS}+{USA},0.0,,,,,,-0.0024073878490789014,
0.98,PURE,False,accept,NDE,"{NDE}+{RUS,USA}","{NDE,RUS,USA}",1.0,,,,,,0.005880181967928166,
0.98,PURE,False,accept,NDE,"{NDE}+{RUS,USA}","{NDE,RUS}+{USA}",1.0,,,,,,0.0052553248397551044,
0.98,PURE,False,accept,NDE,"{NDE}+{RUS,USA}","{NDE,USA}+{RUS}",1.0,,,,,,0.0063374106118878615,
0.98,PURE,False,accept,NDE,{NDE}+{RUS}+{USA},"{NDE,RUS,USA}",1.0,,,,,,0.0019501592051192063,
0.98,PURE,False,accept,NDE,{NDE}+{RUS}+{USA},"{NDE,RUS}+{USA}",1.0,,,,,,0.0013253020769461443,
0.98,PURE,False,accept,NDE,{NDE}+{RUS}+{USA},"{NDE,USA}+{RUS}",1.0,,,,,,0.0024073878490789014,USA
0.98,PURE,False,accept,RUS,"{NDE,RUS,USA}","{NDE,RUS}+{USA}",0.0,,,,,,-3.5043239454690678e-06,
0.98,PURE,False,accept,RUS,"{NDE,RUS,USA}","{NDE,USA}+{RUS}",0.0,,,,,,-5.04843624249407e-05,
0.98,PURE,False,accept,RUS,"{NDE,RUS,USA}","{NDE}+{RUS,USA}",1.0,,,,,,0.00027370184577901746,
0.98,PURE,False,accept,RUS,"{NDE,RUS,USA}",{NDE}+{RUS}+{USA},1.0,,,,,,6.194708254536607e-05,
0.98,PURE,False,accept,RUS,"{NDE,RUS}+{USA}","{NDE,RUS,USA}",1.0,,,,,,3.5043239454690678e-06,"NDE,USA"
0.98,PURE,False,accept,RUS,"{NDE,RUS}+{USA}","{NDE,USA}+{RUS}",0.0,,,,,,-4.698003847947163e-05,
0.98,PURE,False,accept,RUS,"{NDE,RUS}+{USA}","{NDE}+{RUS,USA}",1.0,,,,,,0.00027720616972448653,
0.98,PURE,False,accept,RUS,"{NDE,RUS}+{USA}",{NDE}+{RUS}+{USA},1.0,,,,,,6.545140649083514e-05,
0.98,PURE,False,accept,RUS,"{NDE,USA}+{RUS}","{NDE,RUS,USA}",1.0,,,,,,5.04843624249407e-05,
0.98,PURE,False,accept,RUS,"{NDE,USA}+{RUS}","{NDE,RUS}+{USA}",1.0,,,,,,4.698003847947163e-05,
0.98,PURE,False,accept,RUS,"{NDE,USA}+{RUS}","{NDE}+{RUS,USA}",1.0,,,,,,0.00032418620820395816,
0.98,PURE,False,accept,RUS,"{NDE}+{RUS,USA}","{NDE,RUS,USA}",0.0,,,,,,-0.00027370184577901746,
0.98,PURE,False,accept,RUS,"{NDE}+{RUS,USA}","{NDE,RUS}+{USA}",0.0,,,,,,-0.00027720616972448653,
0.98,PURE,False,accept,RUS,"{NDE}+{RUS,USA}","{NDE,USA}+{RUS}",0.0,,,,,,-0.00032418620820395816,
0.98,PURE,False,accept,RUS,"{NDE}+{RUS,USA}",{NDE}+{RUS}+{USA},0.0,,,,,,-0.0002117547632336514,
0.98,PURE,False,accept,RUS,{NDE}+{RUS}+{USA},"{NDE,RUS,USA}",0.0,,,,,,-6.194708254536607e-05,
0.98,PURE,False,accept,RUS,{NDE}+{RUS}+{USA},"{NDE,RUS}+{USA}",0.0,,,,,,-6.545140649083514e-05,
0.98,PURE,False,accept,RUS,{NDE}+{RUS}+{USA},"{NDE}+{RUS,USA}",1.0,,,,,,0.0002117547632336514,
0.98,PURE,False,accept,USA,"{NDE,RUS,USA}","{NDE,RUS}+{USA}",0.0,,,,,,-9.665192870933481e-06,
0.98,PURE,False,accept,USA,"{NDE,RUS,USA}","{NDE,USA}+{RUS}",0.0,,,,,,-2.951812784912633e-05,
0.98,PURE,False,accept,USA,"{NDE,RUS,USA}","{NDE}+{RUS,USA}",0.0,,,,,,-3.951085286235667e-05,
0.98,PURE,False,accept,USA,"{NDE,RUS,USA}",{NDE}+{RUS}+{USA},0.0,,,,,,-4.616639319410254e-05,
0.98,PURE,False,accept,USA,"{NDE,RUS}+{USA}","{NDE,RUS,USA}",1.0,,,,,,9.665192870933481e-06,NDE
0.98,PURE,False,accept,USA,"{NDE,RUS}+{USA}","{NDE,USA}+{RUS}",0.0,,,,,,-1.985293497819285e-05,
0.98,PURE,False,accept,USA,"{NDE,RUS}+{USA}","{NDE}+{RUS,USA}",0.0,,,,,,-2.984565999142319e-05,
0.98,PURE,False,accept,USA,"{NDE,USA}+{RUS}","{NDE,RUS,USA}",1.0,,,,,,2.951812784912633e-05,
0.98,PURE,False,accept,USA,"{NDE,USA}+{RUS}","{NDE,RUS}+{USA}",1.0,,,,,,1.985293497819285e-05,
0.98,PURE,False,accept,USA,"{NDE,USA}+{RUS}","{NDE}+{RUS,USA}",0.0,,,,,,-9.992725013230341e-06,
0.98,PURE,False,accept,USA,"{NDE,USA}+{RUS}",{NDE}+{RUS}+{USA},0.0,,,,,,-1.664826534497621e-05,
0.98,PURE,False,accept,USA,"{NDE}+{RUS,USA}","{NDE,RUS,USA}",1.0,,,,,,3.951085286235667e-05,
0.98,PURE,False,accept,USA,"{NDE}+{RUS,USA}","{NDE,RUS}+{USA}",1.0,,,,,,2.984565999142319e-05,
0.98,PURE,False,accept,USA,"{NDE}+{RUS,USA}","{NDE,USA}+{RUS}",1.0,,,,,,9.992725013230341e-06,
0.98,PURE,False,accept,USA,"{NDE}+{RUS,USA}",{NDE}+{RUS}+{USA},0.0,,,,,,-6.655540331745868e-06,
0.98,PURE,False,accept,USA,{NDE}+{RUS}+{USA},"{NDE,RUS,USA}",1.0,,,,,,4.616639319410254e-05,
0.98,PURE,False,accept,USA,{NDE}+{RUS}+{USA},"{NDE,USA}+{RUS}",1.0,,,,,,1.664826534497621e-05,NDE
0.98,PURE,False,accept,USA,{NDE}+{RUS}+{USA},"{NDE}+{RUS,USA}",1.0,,,,,,6.655540331745868e-06,RUS
0.995,MIXED_NONUNIQUE,True,propose,NDE,"{NDE,RUS,USA}","{NDE,RUS,USA}",1.0,True,1.0,1.0,False,,,
0.995,MIXED_NONUNIQUE,True,propose,NDE,"{NDE,RUS}+{USA}","{NDE,RUS,USA}",1.0,False,1.0,1.0,False,"RUS,USA",,
0.995,MIXED_NONUNIQUE,True,propose,NDE,"{NDE,USA}+{RUS}","{NDE,USA}+{RUS}",1.0,True,1.0,1.0,False,,,
0.995,MIXED_NONUNIQUE,True,propose,NDE,"{NDE}+{RUS,USA}","{NDE}+{RUS,USA}",1.0,True,1.0,1.0,False,,,
0.995,MIXED_NONUNIQUE,True,propose,NDE,{NDE}+{RUS}+{USA},"{NDE,RUS,USA}",0.19244600196982833,False,0.19990728117502263,0.03847135702679143,False,"RUS,USA",,
0.995,MIXED_NONUNIQUE,True,propose,NDE,{NDE}+{RUS}+{USA},"{NDE,USA}+{RUS}",0.8075539980301717,False,0.14437076214482059,0.11658718616871283,False,USA,,
0.995,MIXED_NONUNIQUE,True,propose,RUS,"{NDE,RUS,USA}","{NDE,RUS,USA}",1.0,True,1.0,1.0,False,,,
0.995,MIXED_NONUNIQUE,True,propose,RUS,"{NDE,RUS}+{USA}","{NDE,RUS,USA}",0.20580392871943806,False,1.0,0.20580392871943806,False,"NDE,USA",,
0.995,MIXED_NONUNIQUE,True,propose,RUS,"{NDE,RUS}+{USA}",{NDE}+{RUS}+{USA},0.7941960712805619,False,1.0,0.7941960712805619,True,,,
0.995,MIXED_NONUNIQUE,True,propose,RUS,"{NDE,USA}+{RUS}","{NDE,RUS,USA}",0.7969037019055975,False,0.0,0.0,False,"NDE,USA",,
0.995,MIXED_NONUNIQUE,True,propose,RUS,"{NDE,USA}+{RUS}","{NDE,USA}+{RUS}",0.20309629809440255,True,1.0,0.20309629809440255,False,,,
0.995,MIXED_NONUNIQUE,True,propose,RUS,"{NDE}+{RUS,USA}","{NDE}+{RUS,USA}",1.0,True,1.0,1.0,False,,,
0.995,MIXED_NONUNIQUE,True,propose,RUS,{NDE}+{RUS}+{USA},"{NDE,RUS,USA}",0.10339180028369742,False,1.0,0.10339180028369742,False,"NDE,USA",,
0.995,MIXED_NONUNIQUE,True,propose,RUS,{NDE}+{RUS}+{USA},{NDE}+{RUS}+{USA},0.8966081997163026,True,1.0,0.8966081997163026,False,,,
0.995,MIXED_NONUNIQUE,True,propose,USA,"{NDE,RUS,USA}","{NDE,RUS,USA}",1.0,True,1.0,1.0,False,,,
0.995,MIXED_NONUNIQUE,True,propose,USA,"{NDE,RUS}+{USA}","{NDE,RUS,USA}",1.0,False,1.0,1.0,False,"NDE,RUS",,
0.995,MIXED_NONUNIQUE,True,propose,USA,"{NDE,USA}+{RUS}","{NDE,RUS,USA}",0.977616594453428,False,0.0,0.0,False,"NDE,RUS",,
0.995,MIXED_NONUNIQUE,True,propose,USA,"{NDE,USA}+{RUS}","{NDE,USA}+{RUS}",0.016136903428983017,True,1.0,0.016136903428983017,False,,,
0.995,MIXED_NONUNIQUE,True,propose,USA,"{NDE,USA}+{RUS}",{NDE}+{RUS}+{USA},0.006246502117589037,False,1.0,0.006246502117589037,True,,,
0.995,MIXED_NONUNIQUE,True,propose,USA,"{NDE}+{RUS,USA}",{NDE}+{RUS}+{USA},1.0,False,1.0,1.0,True,,,
0.995,MIXED_NONUNIQUE,True,propose,USA,{NDE}+{RUS}+{USA},"{NDE,RUS,USA}",1.0,False,0.19990728117502263,0.19990728117502263,False,"NDE,RUS",,
0.995,MIXED_NONUNIQUE,True,accept,NDE,"{NDE,RUS,USA}","{NDE,RUS}+{USA}",0.0,,,,,,-0.00012261370579835784,
0.995,MIXED_NONUNIQUE,True,accept,NDE,"{NDE,RUS,USA}","{NDE,USA}+{RUS}",1.0,,,,,,0.0001835165704662245,
0.995,MIXED_NONUNIQUE,True,accept,NDE,"{NDE,RUS,USA}","{NDE}+{RUS,USA}",0.0,,,,,,-0.0005573074956544133,
0.995,MIXED_NONUNIQUE,True,accept,NDE,"{NDE,RUS,USA}",{NDE}+{RUS}+{USA},0.0,,,,,,-0.00047706315687889855,
0.995,MIXED_NONUNIQUE,True,accept,NDE,"{NDE,RUS}+{USA}","{NDE,RUS,USA}",1.0,,,,,,0.00012261370579835784,"RUS,USA"
0.995,MIXED_NONUNIQUE,True,accept,NDE,"{NDE,RUS}+{USA}","{NDE,USA}+{RUS}",1.0,,,,,,0.00030613027626458233,
0.995,MIXED_NONUNIQUE,True,accept,NDE,"{NDE,RUS}+{USA}","{NDE}+{RUS,USA}",0.0,,,,,,-0.00043469378985605545,
0.995,MIXED_NONUNIQUE,True,accept,NDE,"{NDE,RUS}+{USA}",{NDE}+{RUS}+{USA},0.0,,,,,,-0.0003544494510805407,
0.995,MIXED_NONUNIQUE,True,accept,NDE,"{NDE,USA}+{RUS}","{NDE,RUS,USA}",0.0,,,,,,-0.0001835165704662245,"RUS,USA"
0.995,MIXED_NONUNIQUE,True,accept,NDE,"{NDE,USA}+{RUS}","{NDE,RUS}+{USA}",0.0,,,,,,-0.00030613027626458233,
0.995,MIXED_NONUNIQUE,True,accept,NDE,"{NDE,USA}+{RUS}","{NDE}+{RUS,USA}",0.0,,,,,,-0.0007408240661206378,
0.995,MIXED_NONUNIQUE,True,accept,NDE,"{NDE,USA}+{RUS}",{NDE}+{RUS}+{USA},0.0,,,,,,-0.000660579727345123,
0.995,MIXED_NONUNIQUE,True,accept,NDE,"{NDE}+{RUS,USA}","{NDE,RUS,USA}",1.0,,,,,,0.0005573074956544133,
0.995,MIXED_NONUNIQUE,True,accept,NDE,"{NDE}+{RUS,USA}","{NDE,RUS}+{USA}",1.0,,,,,,0.00043469378985605545,
0.995,MIXED_NONUNIQUE,True,accept,NDE,"{NDE}+{RUS,USA}","{NDE,USA}+{RUS}",1.0,,,,,,0.0007408240661206378,
0.995,MIXED_NONUNIQUE,True,accept,NDE,{NDE}+{RUS}+{USA},"{NDE,RUS,USA}",1.0,,,,,,0.00047706315687889855,"RUS,USA"
0.995,MIXED_NONUNIQUE,True,accept,NDE,{NDE}+{RUS}+{USA},"{NDE,RUS}+{USA}",1.0,,,,,,0.0003544494510805407,
0.995,MIXED_NONUNIQUE,True,accept,NDE,{NDE}+{RUS}+{USA},"{NDE,USA}+{RUS}",1.0,,,,,,0.000660579727345123,
0.995,MIXED_NONUNIQUE,True,accept,RUS,"{NDE,RUS,USA}","{NDE,RUS}+{USA}",0.0,,,,,,-5.935092727282765e-06,
0.995,MIXED_NONUNIQUE,True,accept,RUS,"{NDE,RUS,USA}","{NDE,USA}+{RUS}",0.0,,,,,,-3.5694358374804835e-05,
0.995,MIXED_NONUNIQUE,True,accept,RUS,"{NDE,RUS,USA}","{NDE}+{RUS,USA}",1.0,,,,,,4.064878898590862e-06,
0.995,MIXED_NONUNIQUE,True,accept,RUS,"{NDE,RUS,USA}",{NDE}+{RUS}+{USA},0.794196136848019,,,,,,8.881784197001252e-16,
0.995,MIXED_NONUNIQUE,True,accept,RUS,"{NDE,RUS}+{USA}","{NDE,RUS,USA}",1.0,,,,,,5.935092727282765e-06,"NDE,USA"
0.995,MIXED_NONUNIQUE,True,accept,RUS,"{NDE,RUS}+{USA}","{NDE,USA}+{RUS}",0.0,,,,,,-2.975926564752207e-05,
0.995,MIXED_NONUNIQUE,True,accept,RUS,"{NDE,RUS}+{USA}","{NDE}+{RUS,USA}",1.0,,,,,,9.999971625873627e-06,
0.995,MIXED_NONUNIQUE,True,accept,RUS,"{NDE,RUS}+{USA}",{NDE}+{RUS}+{USA},1.0,,,,,,5.935092728170943e-06,
0.995,MIXED_NONUNIQUE,True,accept,RUS,"{NDE,USA}+{RUS}","{NDE,RUS,USA}",1.0,,,,,,3.5694358374804835e-05,USA
0.995,MIXED_NONUNIQUE,True,accept,RUS,"{NDE,USA}+{RUS}","{NDE,RUS}+{USA}",1.0,,,,,,2.975926564752207e-05,
0.995,MIXED_NONUNIQUE,True,accept,RUS,"{NDE,USA}+{RUS}","{NDE}+{RUS,USA}",1.0,,,,,,3.97592372733957e-05,
0.995,MIXED_NONUNIQUE,True,accept,RUS,"{NDE}+{RUS,USA}","{NDE,RUS,USA}",0.0,,,,,,-4.064878898590862e-06,
0.995,MIXED_NONUNIQUE,True,accept,RUS,"{NDE}+{RUS,USA}","{NDE,RUS}+{USA}",0.0,,,,,,-9.999971625873627e-06,
0.995,MIXED_NONUNIQUE,True,accept,RUS,"{NDE}+{RUS,USA}","{NDE,USA}+{RUS}",0.0,,,,,,-3.97592372733957e-05,
0.995,MIXED_NONUNIQUE,True,accept,RUS,"{NDE}+{RUS,USA}",{NDE}+{RUS}+{USA},0.0,,,,,,-4.064878897702684e-06,
0.995,MIXED_NONUNIQUE,True,accept,RUS,{NDE}+{RUS}+{USA},"{NDE,RUS,USA}",0.19990728117502263,,,,,,-8.881784197001252e-16,"NDE,USA"
0.995,MIXED_NONUNIQUE,True,accept,RUS,{NDE}+{RUS}+{USA},"{NDE,RUS}+{USA}",0.0,,,,,,-5.935092728170943e-06,
0.995,MIXED_NONUNIQUE,True,accept,RUS,{NDE}+{RUS}+{USA},"{NDE}+{RUS,USA}",1.0,,,,,,4.064878897702684e-06,
0.995,MIXED_NONUNIQUE,True,accept,USA,"{NDE,RUS,USA}","{NDE,RUS}+{USA}",0.0,,,,,,-6.421364528108597e-06,
0.995,MIXED_NONUNIQUE,True,accept,USA,"{NDE,RUS,USA}","{NDE,USA}+{RUS}",0.0,,,,,,-2.951812784912633e-05,
0.995,MIXED_NONUNIQUE,True,accept,USA,"{NDE,RUS,USA}","{NDE}+{RUS,USA}",0.0,,,,,,-2.9666534655525822e-05,
0.995,MIXED_NONUNIQUE,True,accept,USA,"{NDE,RUS,USA}",{NDE}+{RUS}+{USA},0.0,,,,,,-2.951812784868224e-05,
0.995,MIXED_NONUNIQUE,True,accept,USA,"{NDE,RUS}+{USA}","{NDE,RUS,USA}",1.0,,,,,,6.421364528108597e-06,"NDE,RUS"
0.995,MIXED_NONUNIQUE,True,accept,USA,"{NDE,RUS}+{USA}","{NDE,USA}+{RUS}",0.0,,,,,,-2.3096763321017733e-05,
0.995,MIXED_NONUNIQUE,True,accept,USA,"{NDE,RUS}+{USA}","{NDE}+{RUS,USA}",0.0,,,,,,-2.3245170127417225e-05,
0.995,MIXED_NONUNIQUE,True,accept,USA,"{NDE,USA}+{RUS}","{NDE,RUS,USA}",1.0,,,,,,2.951812784912633e-05,RUS
0.995,MIXED_NONUNIQUE,True,accept,USA,"{NDE,USA}+{RUS}","{NDE,RUS}+{USA}",1.0,,,,,,2.3096763321017733e-05,
0.995,MIXED_NONUNIQUE,True,accept,USA,"{NDE,USA}+{RUS}","{NDE}+{RUS,USA}",0.0,,,,,,-1.4840680639949255e-07,
0.995,MIXED_NONUNIQUE,True,accept,USA,"{NDE,USA}+{RUS}",{NDE}+{RUS}+{USA},0.7942071610997304,,,,,,4.440892098500626e-16,
0.995,MIXED_NONUNIQUE,True,accept,USA,"{NDE}+{RUS,USA}","{NDE,RUS,USA}",1.0,,,,,,2.9666534655525822e-05,
0.995,MIXED_NONUNIQUE,True,accept,USA,"{NDE}+{RUS,USA}","{NDE,RUS}+{USA}",1.0,,,,,,2.3245170127417225e-05,
0.995,MIXED_NONUNIQUE,True,accept,USA,"{NDE}+{RUS,USA}","{NDE,USA}+{RUS}",1.0,,,,,,1.4840680639949255e-07,
0.995,MIXED_NONUNIQUE,True,accept,USA,"{NDE}+{RUS,USA}",{NDE}+{RUS}+{USA},1.0,,,,,,1.4840680684358176e-07,
0.995,MIXED_NONUNIQUE,True,accept,USA,{NDE}+{RUS}+{USA},"{NDE,RUS,USA}",1.0,,,,,,2.951812784868224e-05,"NDE,RUS"
0.995,MIXED_NONUNIQUE,True,accept,USA,{NDE}+{RUS}+{USA},"{NDE,USA}+{RUS}",0.14437076214482059,,,,,,-4.440892098500626e-16,NDE
0.995,MIXED_NONUNIQUE,True,accept,USA,{NDE}+{RUS}+{USA},"{NDE}+{RUS,USA}",0.0,,,,,,-1.4840680684358176e-07,
0.997,MIXED,False,propose,NDE,"{NDE,RUS,USA}","{NDE,RUS,USA}",1.0,True,1.0,1.0,False,,,
0.997,MIXED,False,propose,NDE,"{NDE,RUS}+{USA}","{NDE,RUS,USA}",1.0,False,1.0,1.0,False,"RUS,USA",,
0.997,MIXED,False,propose,NDE,"{NDE,USA}+{RUS}","{NDE,RUS,USA}",0.009301395926367235,False,1.0,0.009301395926367235,False,"RUS,USA",,
0.997,MIXED,False,propose,NDE,"{NDE,USA}+{RUS}","{NDE,USA}+{RUS}",0.9906986040736327,True,1.0,0.9906986040736327,False,,,
0.997,MIXED,False,propose,NDE,"{NDE}+{RUS,USA}","{NDE}+{RUS,USA}",1.0,True,1.0,1.0,False,,,
0.997,MIXED,False,propose,NDE,{NDE}+{RUS}+{USA},"{NDE,RUS,USA}",0.17554558871142312,False,0.2380629127633172,0.04179089417139268,False,"RUS,USA",,
0.997,MIXED,False,propose,NDE,{NDE}+{RUS}+{USA},"{NDE,USA}+{RUS}",0.8244544112885769,False,0.2380629127633172,0.19627201859192453,False,USA,,
0.997,MIXED,False,propose,RUS,"{NDE,RUS,USA}","{NDE,RUS,USA}",1.0,True,1.0,1.0,False,,,
0.997,MIXED,False,propose,RUS,"{NDE,RUS}+{USA}","{NDE,RUS,USA}",0.12835639544559155,False,1.0,0.12835639544559155,False,"NDE,USA",,
0.997,MIXED,False,propose,RUS,"{NDE,RUS}+{USA}",{NDE}+{RUS}+{USA},0.8716436045544085,False,1.0,0.8716436045544085,True,,,
0.997,MIXED,False,propose,RUS,"{NDE,USA}+{RUS}","{NDE,RUS,USA}",0.8694256798752469,False,0.0,0.0,False,"NDE,USA",,
0.997,MIXED,False,propose,RUS,"{NDE,USA}+{RUS}","{NDE,USA}+{RUS}",0.13057432012475312,True,1.0,0.13057432012475312,False,,,
0.997,MIXED,False,propose,RUS,"{NDE}+{RUS,USA}","{NDE}+{RUS,USA}",1.0,True,1.0,1.0,False,,,
0.997,MIXED,False,propose,RUS,{NDE}+{RUS}+{USA},"{NDE,RUS,USA}",0.14496832370076032,False,1.0,0.14496832370076032,False,"NDE,USA",,
0.997,MIXED,False,propose,RUS,{NDE}+{RUS}+{USA},{NDE}+{RUS}+{USA},0.8550316762992397,True,1.0,0.8550316762992397,False,,,
0.997,MIXED,False,propose,USA,"{NDE,RUS,USA}","{NDE,RUS,USA}",1.0,True,1.0,1.0,False,,,
0.997,MIXED,False,propose,USA,"{NDE,RUS}+{USA}","{NDE,RUS,USA}",1.0,False,1.0,1.0,False,"NDE,RUS",,
0.997,MIXED,False,propose,USA,"{NDE,USA}+{RUS}","{NDE,RUS,USA}",0.9824335527884868,False,0.0,0.0,False,"NDE,RUS",,
0.997,MIXED,False,propose,USA,"{NDE,USA}+{RUS}",{NDE}+{RUS}+{USA},0.017566447211513236,False,1.0,0.017566447211513236,True,,,
0.997,MIXED,False,propose,USA,"{NDE}+{RUS,USA}",{NDE}+{RUS}+{USA},1.0,False,1.0,1.0,True,,,
0.997,MIXED,False,propose,USA,{NDE}+{RUS}+{USA},"{NDE,RUS,USA}",1.0,False,0.2380629127633172,0.2380629127633172,False,"NDE,RUS",,
0.997,MIXED,False,accept,NDE,"{NDE,RUS,USA}","{NDE,RUS}+{USA}",0.0,,,,,,-6.623355033497091e-05,
0.997,MIXED,False,accept,NDE,"{NDE,RUS,USA}","{NDE,USA}+{RUS}",0.999703182499498,,,,,,1.0658141036401503e-14,
0.997,MIXED,False,accept,NDE,"{NDE,RUS,USA}","{NDE}+{RUS,USA}",0.0,,,,,,-0.00028546553543762343,
0.997,MIXED,False,accept,NDE,"{NDE,RUS,USA}",{NDE}+{RUS}+{USA},0.0,,,,,,-0.000234961575664272,
0.997,MIXED,False,accept,NDE,"{NDE,RUS}+{USA}","{NDE,RUS,USA}",1.0,,,,,,6.623355033497091e-05,"RUS,USA"
0.997,MIXED,False,accept,NDE,"{NDE,RUS}+{USA}","{NDE,USA}+{RUS}",1.0,,,,,,6.623355034562906e-05,
0.997,MIXED,False,accept,NDE,"{NDE,RUS}+{USA}","{NDE}+{RUS,USA}",0.0,,,,,,-0.00021923198510265252,
0.997,MIXED,False,accept,NDE,"{NDE,RUS}+{USA}",{NDE}+{RUS}+{USA},0.0,,,,,,-0.0001687280253293011,
0.997,MIXED,False,accept,NDE,"{NDE,USA}+{RUS}","{NDE,RUS,USA}",0.0,,,,,,-1.0658141036401503e-14,"RUS,USA"
0.997,MIXED,False,accept,NDE,"{NDE,USA}+{RUS}","{NDE,RUS}+{USA}",0.0,,,,,,-6.623355034562906e-05,
0.997,MIXED,False,accept,NDE,"{NDE,USA}+{RUS}","{NDE}+{RUS,USA}",0.0,,,,,,-0.00028546553544828157,
0.997,MIXED,False,accept,NDE,"{NDE,USA}+{RUS}",{NDE}+{RUS}+{USA},0.0,,,,,,-0.00023496157567493015,
0.997,MIXED,False,accept,NDE,"{NDE}+{RUS,USA}","{NDE,RUS,USA}",1.0,,,,,,0.00028546553543762343,
0.997,MIXED,False,accept,NDE,"{NDE}+{RUS,USA}","{NDE,RUS}+{USA}",1.0,,,,,,0.00021923198510265252,
0.997,MIXED,False,accept,NDE,"{NDE}+{RUS,USA}","{NDE,USA}+{RUS}",1.0,,,,,,0.00028546553544828157,
0.997,MIXED,False,accept,NDE,{NDE}+{RUS}+{USA},"{NDE,RUS,USA}",1.0,,,,,,0.000234961575664272,"RUS,USA"
0.997,MIXED,False,accept,NDE,{NDE}+{RUS}+{USA},"{NDE,RUS}+{USA}",1.0,,,,,,0.0001687280253293011,
0.997,MIXED,False,accept,NDE,{NDE}+{RUS}+{USA},"{NDE,USA}+{RUS}",1.0,,,,,,0.00023496157567493015,
0.997,MIXED,False,accept,RUS,"{NDE,RUS,USA}","{NDE,RUS}+{USA}",0.0,,,,,,-3.5610556365917034e-06,
0.997,MIXED,False,accept,RUS,"{NDE,RUS,USA}","{NDE,USA}+{RUS}",0.0,,,,,,-1.2696124842115353e-05,
0.997,MIXED,False,accept,RUS,"{NDE,RUS,USA}","{NDE}+{RUS,USA}",1.0,,,,,,2.448624862649851e-06,
0.997,MIXED,False,accept,RUS,"{NDE,RUS,USA}",{NDE}+{RUS}+{USA},0.8716436044706893,,,,,,-2.220446049250313e-16,
0.997,MIXED,False,accept,RUS,"{NDE,RUS}+{USA}","{NDE,RUS,USA}",1.0,,,,,,3.5610556365917034e-06,"NDE,USA"
0.997,MIXED,False,accept,RUS,"{NDE,RUS}+{USA}","{NDE,USA}+{RUS}",0.0,,,,,,-9.13506920552365e-06,
0.997,MIXED,False,accept,RUS,"{NDE,RUS}+{USA}","{NDE}+{RUS,USA}",1.0,,,,,,6.009680499241554e-06,
0.997,MIXED,False,accept,RUS,"{NDE,RUS}+{USA}",{NDE}+{RUS}+{USA},1.0,,,,,,3.561055636369659e-06,
0.997,MIXED,False,accept,RUS,"{NDE,USA}+{RUS}","{NDE,RUS,USA}",1.0,,,,,,1.2696124842115353e-05,"NDE,USA"
0.997,MIXED,False,accept,RUS,"{NDE,USA}+{RUS}","{NDE,RUS}+{USA}",1.0,,,,,,9.13506920552365e-06,
0.997,MIXED,False,accept,RUS,"{NDE,USA}+{RUS}","{NDE}+{RUS,USA}",1.0,,,,,,1.5144749704765204e-05,
0.997,MIXED,False,accept,RUS,"{NDE}+{RUS,USA}","{NDE,RUS,USA}",0.0,,,,,,-2.448624862649851e-06,
0.997,MIXED,False,accept,RUS,"{NDE}+{RUS,USA}","{NDE,RUS}+{USA}",0.0,,,,,,-6.009680499241554e-06,
0.997,MIXED,False,accept,RUS,"{NDE}+{RUS,USA}","{NDE,USA}+{RUS}",0.0,,,,,,-1.5144749704765204e-05,
0.997,MIXED,False,accept,RUS,"{NDE}+{RUS,USA}",{NDE}+{RUS}+{USA},0.0,,,,,,-2.4486248628718954e-06,
0.997,MIXED,False,accept,RUS,{NDE}+{RUS}+{USA},"{NDE,RUS,USA}",0.2380629127633172,,,,,,2.220446049250313e-16,"NDE,USA"
0.997,MIXED,False,accept,RUS,{NDE}+{RUS}+{USA},"{NDE,RUS}+{USA}",0.0,,,,,,-3.561055636369659e-06,
0.997,MIXED,False,accept,RUS,{NDE}+{RUS}+{USA},"{NDE}+{RUS,USA}",1.0,,,,,,2.4486248628718954e-06,
0.997,MIXED,False,accept,USA,"{NDE,RUS,USA}","{NDE,RUS}+{USA}",0.0,,,,,,-3.3989881988993886e-06,
0.997,MIXED,False,accept,USA,"{NDE,RUS,USA}","{NDE,USA}+{RUS}",0.0,,,,,,-1.453817116292555e-05,
0.997,MIXED,False,accept,USA,"{NDE,RUS,USA}","{NDE}+{RUS,USA}",0.0,,,,,,-1.476158481628076e-05,
0.997,MIXED,False,accept,USA,"{NDE,RUS,USA}",{NDE}+{RUS}+{USA},0.0,,,,,,-1.453817116292555e-05,
0.997,MIXED,False,accept,USA,"{NDE,RUS}+{USA}","{NDE,RUS,USA}",1.0,,,,,,3.3989881988993886e-06,"NDE,RUS"
0.997,MIXED,False,accept,USA,"{NDE,RUS}+{USA}","{NDE,USA}+{RUS}",0.0,,,,,,-1.1139182964026162e-05,
0.997,MIXED,False,accept,USA,"{NDE,RUS}+{USA}","{NDE}+{RUS,USA}",0.0,,,,,,-1.136259661738137e-05,
0.997,MIXED,False,accept,USA,"{NDE,USA}+{RUS}","{NDE,RUS,USA}",1.0,,,,,,1.453817116292555e-05,"NDE,RUS"
0.997,MIXED,False,accept,USA,"{NDE,USA}+{RUS}","{NDE,RUS}+{USA}",1.0,,,,,,1.1139182964026162e-05,
0.997,MIXED,False,accept,USA,"{NDE,USA}+{RUS}","{NDE}+{RUS,USA}",0.0,,,,,,-2.234136533552089e-07,
0.997,MIXED,False,accept,USA,"{NDE,USA}+{RUS}",{NDE}+{RUS}+{USA},0.8716203335738414,,,,,,0.0,
0.997,MIXED,False,accept,USA,"{NDE}+{RUS,USA}","{NDE,RUS,USA}",1.0,,,,,,1.476158481628076e-05,
0.997,MIXED,False,accept,USA,"{NDE}+{RUS,USA}","{NDE,RUS}+{USA}",1.0,,,,,,1.136259661738137e-05,
0.997,MIXED,False,accept,USA,"{NDE}+{RUS,USA}","{NDE,USA}+{RUS}",1.0,,,,,,2.234136533552089e-07,
0.997,MIXED,False,accept,USA,"{NDE}+{RUS,USA}",{NDE}+{RUS}+{USA},1.0,,,,,,2.234136533552089e-07,
0.997,MIXED,False,accept,USA,{NDE}+{RUS}+{USA},"{NDE,RUS,USA}",1.0,,,,,,1.453817116292555e-05,"NDE,RUS"
0.997,MIXED,False,accept,USA,{NDE}+{RUS}+{USA},"{NDE,USA}+{RUS}",0.2380629127633172,,,,,,0.0,NDE
0.997,MIXED,False,accept,USA,{NDE}+{RUS}+{USA},"{NDE}+{RUS,USA}",0.0,,,,,,-2.234136533552089e-07,
