delta,status,nonunique,kind,player,state,target,prob,stay,accept_prob,effective,free_exit,voters,gain,proposed_by
0.5,PURE,False,propose,EUR,"{EUR,NDE,RUS}","{EUR,NDE,RUS}",1.0,True,1.0,1.0,False,,,
0.5,PURE,False,propose,EUR,"{EUR,NDE}+{RUS}","{EUR,NDE}+{RUS}",1.0,True,1.0,1.0,False,,,
0.5,PURE,False,propose,EUR,"{EUR,RUS}+{NDE}","{EUR,RUS}+{NDE}",1.0,True,1.0,1.0,False,,,
0.5,PURE,False,propose,EUR,"{EUR}+{NDE,RUS}","{EUR,NDE,RUS}",1.0,False,1.0,1.0,False,"NDE,RUS",,
0.5,PURE,False,propose,EUR,{EUR}+{NDE}+{RUS},"{EUR,RUS}+{NDE}",1.0,False,1.0,1.0,False,RUS,,
0.5,PURE,False,propose,NDE,"{EUR,NDE,RUS}","{EUR,NDE,RUS}",1.0,True,1.0,1.0,False,,,
0.5,PURE,False,propose,NDE,"{EUR,NDE}+{RUS}","{EUR,NDE}+{RUS}",1.0,True,1.0,1.0,False,,,
0.5,PURE,False,propose,NDE,"{EUR,RUS}+{NDE}","{EUR,RUS}+{NDE}",1.0,True,1.0,1.0,False,,,
0.5,PURE,False,propose,NDE,"{EUR}+{NDE,RUS}","{EUR,NDE}+{RUS}",1.0,False,1.0,1.0,False,"EUR,RUS",,
0.5,PURE,False,propose,NDE,{EUR}+{NDE}+{RUS},"{EUR,NDE}+{RUS}",1.0,False,1.0,1.0,False,EUR,,
0.5,PURE,False,propose,RUS,"{EUR,NDE,RUS}","{EUR,NDE,RUS}",1.0,True,1.0,1.0,False,,,
0.5,PURE,False,propose,RUS,"{EUR,NDE}+{RUS}","{EUR,NDE}+{RUS}",1.0,True,1.0,1.0,False,,,
0.5,PURE,False,propose,RUS,"{EUR,RUS}+{NDE}","{EUR,RUS}+{NDE}",1.0,True,1.0,1.0,False,,,
0.5,PURE,False,propose,RUS,"{EUR}+{NDE,RUS}",{EUR}+{NDE}+{RUS},1.0,False,1.0,1.0,True,,,
0.5,PURE,False,propose,RUS,{EUR}+{NDE}+{RUS},"{EUR,RUS}+{NDE}",1.0,False,1.0,1.0,False,EUR,,
0.5,PURE,False,accept,EUR,"{EUR,NDE,RUS}","{EUR,NDE}+{RUS}",0.0,,,,,,-5.024120883323491e-05,
0.5,PURE,False,accept,EUR,"{EUR,NDE,RUS}","{EUR,RUS}+{NDE}",0.0,,,,,,-1.2829463993391244e-06,
0.5,PURE,False,accept,EUR,"{EUR,NDE,RUS}","{EUR}+{NDE,RUS}",0.0,,,,,,-5.539419770750342e-05,
0.5,PURE,False,accept,EUR,"{EUR,NDE,RUS}",{EUR}+{NDE}+{RUS},0.0,,,,,,-0.00025672461692849424,
0.5,PURE,False,accept,EUR,"{EUR,NDE}+{RUS}","{EUR,NDE,RUS}",1.0,,,,,,5.024120883323491e-05,
0.5,PURE,False,accept,EUR,"{EUR,NDE}+{RUS}","{EUR,RUS}+{NDE}",1.0,,,,,,4.895826243389578e-05,
0.5,PURE,False,accept,EUR,"{EUR,NDE}+{RUS}","{EUR}+{NDE,RUS}",0.0,,,,,,-5.152988874268516e-06,
0.5,PURE,False,accept,EUR,"{EUR,NDE}+{RUS}",{EUR}+{NDE}+{RUS},0.0,,,,,,-0.00020648340809525934,
0.5,PURE,False,accept,EUR,"{EUR,RUS}+{NDE}","{EUR,NDE,RUS}",1.0,,,,,,1.2829463993391244e-06,
0.5,PURE,False,accept,EUR,"{EUR,RUS}+{NDE}","{EUR,NDE}+{RUS}",0.0,,,,,,-4.895826243389578e-05,
0.5,PURE,False,accept,EUR,"{EUR,RUS}+{NDE}","{EUR}+{NDE,RUS}",0.0,,,,,,-5.41112513081643e-05,
0.5,PURE,False,accept,EUR,"{EUR,RUS}+{NDE}",{EUR}+{NDE}+{RUS},0.0,,,,,,-0.0002554416705291551,
0.5,PURE,False,accept,EUR,"{EUR}+{NDE,RUS}","{EUR,NDE,RUS}",1.0,,,,,,5.539419770750342e-05,
0.5,PURE,False,accept,EUR,"{EUR}+{NDE,RUS}","{EUR,NDE}+{RUS}",1.0,,,,,,5.152988874268516e-06,NDE
0.5,PURE,False,accept,EUR,"{EUR}+{NDE,RUS}","{EUR,RUS}+{NDE}",1.0,,,,,,5.41112513081643e-05,
0.5,PURE,False,accept,EUR,{EUR}+{NDE}+{RUS},"{EUR,NDE,RUS}",1.0,,,,,,0.00025672461692849424,
0.5,PURE,False,accept,EUR,{EUR}+{NDE}+{RUS},"{EUR,NDE}+{RUS}",1.0,,,,,,0.00020648340809525934,NDE
0.5,PURE,False,accept,EUR,{EUR}+{NDE}+{RUS},"{EUR,RUS}+{NDE}",1.0,,,,,,0.0002554416705291551,RUS
0.5,PURE,False,accept,NDE,"{EUR,NDE,RUS}","{EUR,NDE}+{RUS}",1.0,,,,,,0.00048542659413897127,
0.5,PURE,False,accept,NDE,"{EUR,NDE,RUS}","{EUR,RUS}+{NDE}",0.0,,,,,,-0.008206455454011774,
0.5,PURE,False,accept,NDE,"{EUR,NDE,RUS}","{EUR}+{NDE,RUS}",0.0,,,,,,-0.0011164961885548053,
0.5,PURE,False,accept,NDE,"{EUR,NDE,RUS}",{EUR}+{NDE}+{RUS},0.0,,,,,,-0.010592070187360747,
0.5,PURE,False,accept,NDE,"{EUR,NDE}+{RUS}","{EUR,NDE,RUS}",0.0,,,,,,-0.00048542659413897127,
0.5,PURE,False,accept,NDE,"{EUR,NDE}+{RUS}","{EUR,RUS}+{NDE}",0.0,,,,,,-0.008691882048150745,
0.5,PURE,False,accept,NDE,"{EUR,NDE}+{RUS}","{EUR}+{NDE,RUS}",0.0,,,,,,-0.0016019227826937765,
0.5,PURE,False,accept,NDE,"{EUR,NDE}+{RUS}",{EUR}+{NDE}+{RUS},0.0,,,,,,-0.011077496781499718,
0.5,PURE,False,accept,NDE,"{EUR,RUS}+{NDE}","{EUR,NDE,RUS}",1.0,,,,,,0.008206455454011774,
0.5,PURE,False,accept,NDE,"{EUR,RUS}+{NDE}","{EUR,NDE}+{RUS}",1.0,,,,,,0.008691882048150745,
0.5,PURE,False,accept,NDE,"{EUR,RUS}+{NDE}","{EUR}+{NDE,RUS}",1.0,,,,,,0.007089959265456969,
0.5,PURE,False,accept,NDE,"{EUR}+{NDE,RUS}","{EUR,NDE,RUS}",1.0,,,,,,0.0011164961885548053,EUR
0.5,PURE,False,accept,NDE,"{EUR}+{NDE,RUS}","{EUR,NDE}+{RUS}",1.0,,,,,,0.0016019227826937765,
0.5,PURE,False,accept,NDE,"{EUR}+{NDE,RUS}","{EUR,RUS}+{NDE}",0.0,,,,,,-0.007089959265456969,
0.5,PURE,False,accept,NDE,"{EUR}+{NDE,RUS}",{EUR}+{NDE}+{RUS},0.0,,,,,,-0.009475573998805942,
0.5,PURE,False,accept,NDE,{EUR}+{NDE}+{RUS},"{EUR,NDE,RUS}",1.0,,,,,,0.010592070187360747,
0.5,PURE,False,accept,NDE,{EUR}+{NDE}+{RUS},"{EUR,NDE}+{RUS}",1.0,,,,,,0.011077496781499718,
0.5,PURE,False,accept,NDE,{EUR}+{NDE}+{RUS},"{EUR}+{NDE,RUS}",1.0,,,,,,0.009475573998805942,
0.5,PURE,False,accept,RUS,"{EUR,NDE,RUS}","{EUR,NDE}+{RUS}",0.0,,,,,,-4.415890100495368e-05,
0.5,PURE,False,accept,RUS,"{EUR,NDE,RUS}","{EUR,RUS}+{NDE}",1.0,,,,,,0.0002601257415260072,
0.5,PURE,False,accept,RUS,"{EUR,NDE,RUS}","{EUR}+{NDE,RUS}",0.0,,,,,,-0.0005923686967639341,
0.5,PURE,False,accept,RUS,"{EUR,NDE,RUS}",{EUR}+{NDE}+{RUS},1.0,,,,,,0.00019360491360997933,
0.5,PURE,False,accept,RUS,"{EUR,NDE}+{RUS}","{EUR,NDE,RUS}",1.0,,,,,,4.415890100495368e-05,
0.5,PURE,False,accept,RUS,"{EUR,NDE}+{RUS}","{EUR,RUS}+{NDE}",1.0,,,,,,0.0003042846425309609,
0.5,PURE,False,accept,RUS,"{EUR,NDE}+{RUS}","{EUR}+{NDE,RUS}",0.0,,,,,,-0.0005482097957589804,
0.5,PURE,False,accept,RUS,"{EUR,RUS}+{NDE}","{EUR,NDE,RUS}",0.0,,,,,,-0.0002601257415260072,
0.5,PURE,False,accept,RUS,"{EUR,RUS}+{NDE}","{EUR,NDE}+{RUS}",0.0,,,,,,-0.0003042846425309609,
0.5,PURE,False,accept,RUS,"{EUR,RUS}+{NDE}","{EUR}+{NDE,RUS}",0.0,,,,,,-0.0008524944382899413,
0.5,PURE,False,accept,RUS,"{EUR,RUS}+{NDE}",{EUR}+{NDE}+{RUS},0.0,,,,,,-6.652082791602787e-05,
0.5,PURE,False,accept,RUS,"{EUR}+{NDE,RUS}","{EUR,NDE,RUS}",1.0,,,,,,0.0005923686967639341,EUR
0.5,PURE,False,accept,RUS,"{EUR}+{NDE,RUS}","{EUR,NDE}+{RUS}",1.0,,,,,,0.0005482097957589804,NDE
0.5,PURE,False,accept,RUS,"{EUR}+{NDE,RUS}","{EUR,RUS}+{NDE}",1.0,,,,,,0.0008524944382899413,
0.5,PURE,False,accept,RUS,"{EUR}+{NDE,RUS}",{EUR}+{NDE}+{RUS},1.0,,,,,,0.0007859736103739134,
0.5,PURE,False,accept,RUS,{EUR}+{NDE}+{RUS},"{EUR,NDE,RUS}",0.0,,,,,,-0.00019360491360997933,
0.5,PURE,False,accept,RUS,{EUR}+{NDE}+{RUS},"{EUR,RUS}+{NDE}",1.0,,,,,,6.652082791602787e-05,EUR
0.5,PURE,False,accept,RUS,{EUR}+{NDE}+{RUS},"{EUR}+{NDE,RUS}",0.0,,,,,,-0.0007859736103739134,
0.7,PURE,False,propose,EUR,"{EUR,NDE,RUS}","{EUR,NDE,RUS}",1.0,True,1.0,1.0,False,,,
0.7,PURE,False,propose,EUR,"{EUR,NDE}+{RUS}","{EUR,NDE}+{RUS}",1.0,True,1.0,1.0,False,,,
0.7,PURE,False,propose,EUR,"{EUR,RUS}+{NDE}","{EUR,RUS}+{NDE}",1.0,True,1.0,1.0,False,,,
0.7,PURE,False,propose,EUR,"{EUR}+{NDE,RUS}","{EUR,NDE,RUS}",1.0,False,1.0,1.0,False,"NDE,RUS",,
0.7,PURE,False,propose,EUR,{EUR}+{NDE}+{RUS},"{EUR,RUS}+{NDE}",1.0,False,1.0,1.0,False,RUS,,
0.7,PURE,False,propose,NDE,"{EUR,NDE,RUS}","{EUR,NDE,RUS}",1.0,True,1.0,1.0,False,,,
0.7,PURE,False,propose,NDE,"{EUR,NDE}+{RUS}","{EUR,NDE}+{RUS}",1.0,True,1.0,1.0,False,,,
0.7,PURE,False,propose,NDE,"{EUR,RUS}+{NDE}","{EUR,RUS}+{NDE}",1.0,True,1.0,1.0,False,,,
0.7,PURE,False,propose,NDE,"{EUR}+{NDE,RUS}","{EUR,NDE}+{RUS}",1.0,False,1.0,1.0,False,"EUR,RUS",,
0.7,PURE,False,propose,NDE,{EUR}+{NDE}+{RUS},"{EUR,NDE}+{RUS}",1.0,False,1.0,1.0,False,EUR,,
0.7,PURE,False,propose,RUS,"{EUR,NDE,RUS}","{EUR,NDE,RUS}",1.0,True,1.0,1.0,False,,,
0.7,PURE,False,propose,RUS,"{EUR,NDE}+{RUS}","{EUR,NDE}+{RUS}",1.0,True,1.0,1.0,False,,,
0.7,PURE,False,propose,RUS,"{EUR,RUS}+{NDE}","{EUR,RUS}+{NDE}",1.0,True,1.0,1.0,False,,,
0.7,PURE,False,propose,RUS,"{EUR}+{NDE,RUS}",{EUR}+{NDE}+{RUS},1.0,False,1.0,1.0,True,,,
0.7,PURE,False,propose,RUS,{EUR}+{NDE}+{RUS},"{EUR,RUS}+{NDE}",1.0,False,1.0,1.0,False,EUR,,
0.7,PURE,False,accept,EUR,"{EUR,NDE,RUS}","{EUR,NDE}+{RUS}",0.0,,,,,,-5.024120883323491e-05,
0.7,PURE,False,accept,EUR,"{EUR,NDE,RUS}","{EUR,RUS}+{NDE}",0.0,,,,,,-1.2829463993391244e-06,
0.7,PURE,False,accept,EUR,"{EUR,NDE,RUS}","{EUR}+{NDE,RUS}",0.0,,,,,,-5.184721875250986e-05,
0.7,PURE,False,accept,EUR,"{EUR,NDE,RUS}",{EUR}+{NDE}+{RUS},0.0,,,,,,-0.00016107571704138124,
0.7,PURE,False,accept,EUR,"{EUR,NDE}+{RUS}","{EUR,NDE,RUS}",1.0,,,,,,5.024120883323491e-05,
0.7,PURE,False,accept,EUR,"{EUR,NDE}+{RUS}","{EUR,RUS}+{NDE}",1.0,,,,,,4.895826243389578e-05,
0.7,PURE,False,accept,EUR,"{EUR,NDE}+{RUS}","{EUR}+{NDE,RUS}",0.0,,,,,,-1.6060099192749533e-06,
0.7,PURE,False,accept,EUR,"{EUR,NDE}+{RUS}",{EUR}+{NDE}+{RUS},0.0,,,,,,-0.00011083450820814633,
0.7,PURE,False,accept,EUR,"{EUR,RUS}+{NDE}","{EUR,NDE,RUS}",1.0,,,,,,1.2829463993391244e-06,
0.7,PURE,False,accept,EUR,"{EUR,RUS}+{NDE}","{EUR,NDE}+{RUS}",0.0,,,,,,-4.895826243389578e-05,
0.7,PURE,False,accept,EUR,"{EUR,RUS}+{NDE}","{EUR}+{NDE,RUS}",0.0,,,,,,-5.0564272353170736e-05,
0.7,PURE,False,accept,EUR,"{EUR,RUS}+{NDE}",{EUR}+{NDE}+{RUS},0.0,,,,,,-0.00015979277064204211,
0.7,PURE,False,accept,EUR,"{EUR}+{NDE,RUS}","{EUR,NDE,RUS}",1.0,,,,,,5.184721875250986e-05,
0.7,PURE,False,accept,EUR,"{EUR}+{NDE,RUS}","{EUR,NDE}+{RUS}",1.0,,,,,,1.6060099192749533e-06,NDE
0.7,PURE,False,accept,EUR,"{EUR}+{NDE,RUS}","{EUR,RUS}+{NDE}",1.0,,,,,,5.0564272353170736e-05,
0.7,PURE,False,accept,EUR,{EUR}+{NDE}+{RUS},"{EUR,NDE,RUS}",1.0,,,,,,0.00016107571704138124,
0.7,PURE,False,accept,EUR,{EUR}+{NDE}+{RUS},"{EUR,NDE}+{RUS}",1.0,,,,,,0.00011083450820814633,NDE
0.7,PURE,False,accept,EUR,{EUR}+{NDE}+{RUS},"{EUR,RUS}+{NDE}",1.0,,,,,,0.00015979277064204211,RUS
0.7,PURE,False,accept,NDE,"{EUR,NDE,RUS}","{EUR,NDE}+{RUS}",1.0,,,,,,0.00048542659413897127,
0.7,PURE,False,accept,NDE,"{EUR,NDE,RUS}","{EUR,RUS}+{NDE}",0.0,,,,,,-0.008206455454011774,
0.7,PURE,False,accept,NDE,"{EUR,NDE,RUS}","{EUR}+{NDE,RUS}",0.0,,,,,,-0.0015243787089502803,
0.7,PURE,False,accept,NDE,"{EUR,NDE,RUS}",{EUR}+{NDE}+{RUS},0.0,,,,,,-0.008478906687599874,
0.7,PURE,False,accept,NDE,"{EUR,NDE}+{RUS}","{EUR,NDE,RUS}",0.0,,,,,,-0.00048542659413897127,
0.7,PURE,False,accept,NDE,"{EUR,NDE}+{RUS}","{EUR,RUS}+{NDE}",0.0,,,,,,-0.008691882048150745,
0.7,PURE,False,accept,NDE,"{EUR,NDE}+{RUS}","{EUR}+{NDE,RUS}",0.0,,,,,,-0.0020098053030892515,
0.7,PURE,False,accept,NDE,"{EUR,NDE}+{RUS}",{EUR}+{NDE}+{RUS},0.0,,,,,,-0.008964333281738845,
0.7,PURE,False,accept,NDE,"{EUR,RUS}+{NDE}","{EUR,NDE,RUS}",1.0,,,,,,0.008206455454011774,
0.7,PURE,False,accept,NDE,"{EUR,RUS}+{NDE}","{EUR,NDE}+{RUS}",1.0,,,,,,0.008691882048150745,
0.7,PURE,False,accept,NDE,"{EUR,RUS}+{NDE}","{EUR}+{NDE,RUS}",1.0,,,,,,0.006682076745061494,
0.7,PURE,False,accept,NDE,"{EUR}+{NDE,RUS}","{EUR,NDE,RUS}",1.0,,,,,,0.0015243787089502803,EUR
0.7,PURE,False,accept,NDE,"{EUR}+{NDE,RUS}","{EUR,NDE}+{RUS}",1.0,,,,,,0.0020098053030892515,
0.7,PURE,False,accept,NDE,"{EUR}+{NDE,RUS}","{EUR,RUS}+{NDE}",0.0,,,,,,-0.006682076745061494,
0.7,PURE,False,accept,NDE,"{EUR}+{NDE,RUS}",{EUR}+{NDE}+{RUS},0.0,,,,,,-0.006954527978649594,
0.7,PURE,False,accept,NDE,{EUR}+{NDE}+{RUS},"{EUR,NDE,RUS}",1.0,,,,,,0.008478906687599874,
0.7,PURE,False,accept,NDE,{EUR}+{NDE}+{RUS},"{EUR,NDE}+{RUS}",1.0,,,,,,0.008964333281738845,
0.7,PURE,False,accept,NDE,{EUR}+{NDE}+{RUS},"{EUR}+{NDE,RUS}",1.0,,,,,,0.006954527978649594,
0.7,PURE,False,accept,RUS,"{EUR,NDE,RUS}","{EUR,NDE}+{RUS}",0.0,,,,,,-4.415890100495368e-05,
0.7,PURE,False,accept,RUS,"{EUR,NDE,RUS}","{EUR,RUS}+{NDE}",1.0,,,,,,0.0002601257415260072,
0.7,PURE,False,accept,RUS,"{EUR,NDE,RUS}","{EUR}+{NDE,RUS}",0.0,,,,,,-0.00033875310576214623,
0.7,PURE,False,accept,RUS,"{EUR,NDE,RUS}",{EUR}+{NDE}+{RUS},1.0,,,,,,0.0001796419591055809,
0.7,PURE,False,accept,RUS,"{EUR,NDE}+{RUS}","{EUR,NDE,RUS}",1.0,,,,,,4.415890100495368e-05,
0.7,PURE,False,accept,RUS,"{EUR,NDE}+{RUS}","{EUR,RUS}+{NDE}",1.0,,,,,,0.0003042846425309609,
0.7,PURE,False,accept,RUS,"{EUR,NDE}+{RUS}","{EUR}+{NDE,RUS}",0.0,,,,,,-0.00029459420475719256,
0.7,PURE,False,accept,RUS,"{EUR,RUS}+{NDE}","{EUR,NDE,RUS}",0.0,,,,,,-0.0002601257415260072,
0.7,PURE,False,accept,RUS,"{EUR,RUS}+{NDE}","{EUR,NDE}+{RUS}",0.0,,,,,,-0.0003042846425309609,
0.7,PURE,False,accept,RUS,"{EUR,RUS}+{NDE}","{EUR}+{NDE,RUS}",0.0,,,,,,-0.0005988788472881534,
0.7,PURE,False,accept,RUS,"{EUR,RUS}+{NDE}",{EUR}+{NDE}+{RUS},0.0,,,,,,-8.048378242042631e-05,
0.7,PURE,False,accept,RUS,"{EUR}+{NDE,RUS}","{EUR,NDE,RUS}",1.0,,,,,,0.00033875310576214623,EUR
0.7,PURE,False,accept,RUS,"{EUR}+{NDE,RUS}","{EUR,NDE}+{RUS}",1.0,,,,,,0.00029459420475719256,NDE
0.7,PURE,False,accept,RUS,"{EUR}+{NDE,RUS}","{EUR,RUS}+{NDE}",1.0,,,,,,0.0005988788472881534,
0.7,PURE,False,accept,RUS,"{EUR}+{NDE,RUS}",{EUR}+{NDE}+{RUS},1.0,,,,,,0.0005183950648677271,
0.7,PURE,False,accept,RUS,{EUR}+{NDE}+{RUS},"{EUR,NDE,RUS}",0.0,,,,,,-0.0001796419591055809,
0.7,PURE,False,accept,RUS,{EUR}+{NDE}+{RUS},"{EUR,RUS}+{NDE}",1.0,,,,,,8.048378242042631e-05,EUR
0.7,PURE,False,accept,RUS,{EUR}+{NDE}+{RUS},"{EUR}+{NDE,RUS}",0.0,,,,,,-0.0005183950648677271,
0.8,PURE,False,propose,EUR,"{EUR,NDE,RUS}","{EUR,NDE,RUS}",1.0,True,1.0,1.0,False,,,
0.8,PURE,False,propose,EUR,"{EUR,NDE}+{RUS}","{EUR,NDE}+{RUS}",1.0,True,1.0,1.0,False,,,
0.8,PURE,False,propose,EUR,"{EUR,RUS}+{NDE}","{EUR,RUS}+{NDE}",1.0,True,1.0,1.0,False,,,
0.8,PURE,False,propose,EUR,"{EUR}+{NDE,RUS}","{EUR,NDE,RUS}",1.0,False,1.0,1.0,False,"NDE,RUS",,
0.8,PURE,False,propose,EUR,{EUR}+{NDE}+{RUS},"{EUR,RUS}+{NDE}",1.0,False,1.0,1.0,False,RUS,,
0.8,PURE,False,propose,NDE,"{EUR,NDE,RUS}","{EUR,NDE,RUS}",1.0,True,1.0,1.0,False,,,
0.8,PURE,False,propose,NDE,"{EUR,NDE}+{RUS}","{EUR,NDE}+{RUS}",1.0,True,1.0,1.0,False,,,
0.8,PURE,False,propose,NDE,"{EUR,RUS}+{NDE}","{EUR,RUS}+{NDE}",1.0,True,1.0,1.0,False,,,
0.8,PURE,False,propose,NDE,"{EUR}+{NDE,RUS}","{EUR,NDE,RUS}",1.0,False,1.0,1.0,False,"EUR,RUS",,
0.8,PURE,False,propose,NDE,{EUR}+{NDE}+{RUS},"{EUR,NDE}+{RUS}",1.0,False,1.0,1.0,False,EUR,,
0.8,PURE,False,propose,RUS,"{EUR,NDE,RUS}","{EUR,NDE,RUS}",1.0,True,1.0,1.0,False,,,
0.8,PURE,False,propose,RUS,"{EUR,NDE}+{RUS}","{EUR,NDE}+{RUS}",1.0,True,1.0,1.0,False,,,
0.8,PURE,False,propose,RUS,"{EUR,RUS}+{NDE}","{EUR,RUS}+{NDE}",1.0,True,1.0,1.0,False,,,
0.8,PURE,False,propose,RUS,"{EUR}+{NDE,RUS}",{EUR}+{NDE}+{RUS},1.0,False,1.0,1.0,True,,,
0.8,PURE,False,propose,RUS,{EUR}+{NDE}+{RUS},"{EUR,RUS}+{NDE}",1.0,False,1.0,1.0,False,EUR,,
0.8,PURE,False,accept,EUR,"{EUR,NDE,RUS}","{EUR,NDE}+{RUS}",0.0,,,,,,-5.024120883323491e-05,
0.8,PURE,False,accept,EUR,"{EUR,NDE,RUS}","{EUR,RUS}+{NDE}",0.0,,,,,,-1.2829463993391244e-06,
0.8,PURE,False,accept,EUR,"{EUR,NDE,RUS}","{EUR}+{NDE,RUS}",0.0,,,,,,-3.189362859146172e-05,
0.8,PURE,False,accept,EUR,"{EUR,NDE,RUS}",{EUR}+{NDE}+{RUS},0.0,,,,,,-0.00011325126709760269,
0.8,PURE,False,accept,EUR,"{EUR,NDE}+{RUS}","{EUR,NDE,RUS}",1.0,,,,,,5.024120883323491e-05,
0.8,PURE,False,accept,EUR,"{EUR,NDE}+{RUS}","{EUR,RUS}+{NDE}",1.0,,,,,,4.895826243389578e-05,
0.8,PURE,False,accept,EUR,"{EUR,NDE}+{RUS}","{EUR}+{NDE,RUS}",1.0,,,,,,1.8347580241773187e-05,
0.8,PURE,False,accept,EUR,"{EUR,NDE}+{RUS}",{EUR}+{NDE}+{RUS},0.0,,,,,,-6.301005826436779e-05,
0.8,PURE,False,accept,EUR,"{EUR,RUS}+{NDE}","{EUR,NDE,RUS}",1.0,,,,,,1.2829463993391244e-06,
0.8,PURE,False,accept,EUR,"{EUR,RUS}+{NDE}","{EUR,NDE}+{RUS}",0.0,,,,,,-4.895826243389578e-05,
0.8,PURE,False,accept,EUR,"{EUR,RUS}+{NDE}","{EUR}+{NDE,RUS}",0.0,,,,,,-3.0610682192122596e-05,
0.8,PURE,False,accept,EUR,"{EUR,RUS}+{NDE}",{EUR}+{NDE}+{RUS},0.0,,,,,,-0.00011196832069826357,
0.8,PURE,False,accept,EUR,"{EUR}+{NDE,RUS}","{EUR,NDE,RUS}",1.0,,,,,,3.189362859146172e-05,NDE
0.8,PURE,False,accept,EUR,"{EUR}+{NDE,RUS}","{EUR,NDE}+{RUS}",0.0,,,,,,-1.8347580241773187e-05,
0.8,PURE,False,accept,EUR,"{EUR}+{NDE,RUS}","{EUR,RUS}+{NDE}",1.0,,,,,,3.0610682192122596e-05,
0.8,PURE,False,accept,EUR,{EUR}+{NDE}+{RUS},"{EUR,NDE,RUS}",1.0,,,,,,0.00011325126709760269,
0.8,PURE,False,accept,EUR,{EUR}+{NDE}+{RUS},"{EUR,NDE}+{RUS}",1.0,,,,,,6.301005826436779e-05,NDE
0.8,PURE,False,accept,EUR,{EUR}+{NDE}+{RUS},"{EUR,RUS}+{NDE}",1.0,,,,,,0.00011196832069826357,RUS
0.8,PURE,False,accept,NDE,"{EUR,NDE,RUS}","{EUR,NDE}+{RUS}",1.0,,,,,,0.00048542659413897127,
0.8,PURE,False,accept,NDE,"{EUR,NDE,RUS}","{EUR,RUS}+{NDE}",0.0,,,,,,-0.008206455454011774,
0.8,PURE,False,accept,NDE,"{EUR,NDE,RUS}","{EUR}+{NDE,RUS}",0.0,,,,,,-0.0017521088859311362,
0.8,PURE,False,accept,NDE,"{EUR,NDE,RUS}",{EUR}+{NDE}+{RUS},0.0,,,,,,-0.007422324937721214,
0.8,PURE,False,accept,NDE,"{EUR,NDE}+{RUS}","{EUR,NDE,RUS}",0.0,,,,,,-0.00048542659413897127,
0.8,PURE,False,accept,NDE,"{EUR,NDE}+{RUS}","{EUR,RUS}+{NDE}",0.0,,,,,,-0.008691882048150745,
0.8,PURE,False,accept,NDE,"{EUR,NDE}+{RUS}","{EUR}+{NDE,RUS}",0.0,,,,,,-0.0022375354800701075,
0.8,PURE,False,accept,NDE,"{EUR,NDE}+{RUS}",{EUR}+{NDE}+{RUS},0.0,,,,,,-0.007907751531860185,
0.8,PURE,False,accept,NDE,"{EUR,RUS}+{NDE}","{EUR,NDE,RUS}",1.0,,,,,,0.008206455454011774,
0.8,PURE,False,accept,NDE,"{EUR,RUS}+{NDE}","{EUR,NDE}+{RUS}",1.0,,,,,,0.008691882048150745,
0.8,PURE,False,accept,NDE,"{EUR,RUS}+{NDE}","{EUR}+{NDE,RUS}",1.0,,,,,,0.006454346568080638,
0.8,PURE,False,accept,NDE,"{EUR}+{NDE,RUS}","{EUR,NDE,RUS}",1.0,,,,,,0.0017521088859311362,EUR
0.8,PURE,False,accept,NDE,"{EUR}+{NDE,RUS}","{EUR,NDE}+{RUS}",1.0,,,,,,0.0022375354800701075,
0.8,PURE,False,accept,NDE,"{EUR}+{NDE,RUS}","{EUR,RUS}+{NDE}",0.0,,,,,,-0.006454346568080638,
0.8,PURE,False,accept,NDE,"{EUR}+{NDE,RUS}",{EUR}+{NDE}+{RUS},0.0,,,,,,-0.005670216051790078,
0.8,PURE,False,accept,NDE,{EUR}+{NDE}+{RUS},"{EUR,NDE,RUS}",1.0,,,,,,0.007422324937721214,
0.8,PURE,False,accept,NDE,{EUR}+{NDE}+{RUS},"{EUR,NDE}+{RUS}",1.0,,,,,,0.007907751531860185,
0.8,PURE,False,accept,NDE,{EUR}+{NDE}+{RUS},"{EUR}+{NDE,RUS}",1.0,,,,,,0.005670216051790078,
0.8,PURE,False,accept,RUS,"{EUR,NDE,RUS}","{EUR,NDE}+{RUS}",0.0,,,,,,-4.415890100495368e-05,
0.8,PURE,False,accept,RUS,"{EUR,NDE,RUS}","{EUR,RUS}+{NDE}",1.0,,,,,,0.0002601257415260072,
0.8,PURE,False,accept,RUS,"{EUR,NDE,RUS}","{EUR}+{NDE,RUS}",0.0,,,,,,-0.00020086775105165877,
0.8,PURE,False,accept,RUS,"{EUR,NDE,RUS}",{EUR}+{NDE}+{RUS},1.0,,,,,,0.0001726604818534927,
0.8,PURE,False,accept,RUS,"{EUR,NDE}+{RUS}","{EUR,NDE,RUS}",1.0,,,,,,4.415890100495368e-05,
0.8,PURE,False,accept,RUS,"{EUR,NDE}+{RUS}","{EUR,RUS}+{NDE}",1.0,,,,,,0.0003042846425309609,
0.8,PURE,False,accept,RUS,"{EUR,NDE}+{RUS}","{EUR}+{NDE,RUS}",0.0,,,,,,-0.0001567088500467051,
0.8,PURE,False,accept,RUS,"{EUR,RUS}+{NDE}","{EUR,NDE,RUS}",0.0,,,,,,-0.0002601257415260072,
0.8,PURE,False,accept,RUS,"{EUR,RUS}+{NDE}","{EUR,NDE}+{RUS}",0.0,,,,,,-0.0003042846425309609,
0.8,PURE,False,accept,RUS,"{EUR,RUS}+{NDE}","{EUR}+{NDE,RUS}",0.0,,,,,,-0.000460993492577666,
0.8,PURE,False,accept,RUS,"{EUR,RUS}+{NDE}",{EUR}+{NDE}+{RUS},0.0,,,,,,-8.74652596725145e-05,
0.8,PURE,False,accept,RUS,"{EUR}+{NDE,RUS}","{EUR,NDE,RUS}",1.0,,,,,,0.00020086775105165877,"EUR,NDE"
0.8,PURE,False,accept,RUS,"{EUR}+{NDE,RUS}","{EUR,NDE}+{RUS}",1.0,,,,,,0.0001567088500467051,
0.8,PURE,False,accept,RUS,"{EUR}+{NDE,RUS}","{EUR,RUS}+{NDE}",1.0,,,,,,0.000460993492577666,
0.8,PURE,False,accept,RUS,"{EUR}+{NDE,RUS}",{EUR}+{NDE}+{RUS},1.0,,,,,,0.00037352823290515147,
0.8,PURE,False,accept,RUS,{EUR}+{NDE}+{RUS},"{EUR,NDE,RUS}",0.0,,,,,,-0.0001726604818534927,
0.8,PURE,False,accept,RUS,{EUR}+{NDE}+{RUS},"{EUR,RUS}+{NDE}",1.0,,,,,,8.74652596725145e-05,EUR
0.8,PURE,False,accept,RUS,{EUR}+{NDE}+{RUS},"{EUR}+{NDE,RUS}",0.0,,,,,,-0.00037352823290515147,
0.82,PURE,False,propose,EUR,"{EUR,NDE,RUS}","{EUR,NDE,RUS}",1.0,True,1.0,1.0,False,,,
0.82,PURE,False,propose,EUR,"{EUR,NDE}+{RUS}","{EUR,NDE}+{RUS}",1.0,True,1.0,1.0,False,,,
0.82,PURE,False,propose,EUR,"{EUR,RUS}+{NDE}","{EUR,RUS}+{NDE}",1.0,True,1.0,1.0,False,,,
0.82,PURE,False,propose,EUR,"{EUR}+{NDE,RUS}","{EUR,NDE,RUS}",1.0,False,1.0,1.0,False,"NDE,RUS",,
0.82,PURE,False,propose,EUR,{EUR}+{NDE}+{RUS},"{EUR,RUS}+{NDE}",1.0,False,1.0,1.0,False,RUS,,
0.82,PURE,False,propose,NDE,"{EUR,NDE,RUS}","{EUR,NDE,RUS}",1.0,True,1.0,1.0,False,,,
0.82,PURE,False,propose,NDE,"{EUR,NDE}+{RUS}","{EUR,NDE}+{RUS}",1.0,True,1.0,1.0,False,,,
0.82,PURE,False,propose,NDE,"{EUR,RUS}+{NDE}","{EUR,RUS}+{NDE}",1.0,True,1.0,1.0,False,,,
0.82,PURE,False,propose,NDE,"{EUR}+{NDE,RUS}","{EUR,NDE,RUS}",1.0,False,1.0,1.0,False,"EUR,RUS",,
0.82,PURE,False,propose,NDE,{EUR}+{NDE}+{RUS},"{EUR,NDE}+{RUS}",1.0,False,1.0,1.0,False,EUR,,
0.82,PURE,False,propose,RUS,"{EUR,NDE,RUS}","{EUR,NDE,RUS}",1.0,True,1.0,1.0,False,,,
0.82,PURE,False,propose,RUS,"{EUR,NDE}+{RUS}","{EUR,NDE}+{RUS}",1.0,True,1.0,1.0,False,,,
0.82,PURE,False,propose,RUS,"{EUR,RUS}+{NDE}","{EUR,RUS}+{NDE}",1.0,True,1.0,1.0,False,,,
0.82,PURE,False,propose,RUS,"{EUR}+{NDE,RUS}",{EUR}+{NDE}+{RUS},1.0,False,1.0,1.0,True,,,
0.82,PURE,False,propose,RUS,{EUR}+{NDE}+{RUS},"{EUR,RUS}+{NDE}",1.0,False,1.0,1.0,False,EUR,,
0.82,PURE,False,accept,EUR,"{EUR,NDE,RUS}","{EUR,NDE}+{RUS}",0.0,,,,,,-5.024120883323491e-05,
0.82,PURE,False,accept,EUR,"{EUR,NDE,RUS}","{EUR,RUS}+{NDE}",0.0,,,,,,-1.2829463993391244e-06,
0.82,PURE,False,accept,EUR,"{EUR,NDE,RUS}","{EUR}+{NDE,RUS}",0.0,,,,,,-2.986490470524572e-05,
0.82,PURE,False,accept,EUR,"{EUR,NDE,RUS}",{EUR}+{NDE}+{RUS},0.0,,,,,,-0.00010368637710911344,
0.82,PURE,False,accept,EUR,"{EUR,NDE}+{RUS}","{EUR,NDE,RUS}",1.0,,,,,,5.024120883323491e-05,
0.82,PURE,False,accept,EUR,"{EUR,NDE}+{RUS}","{EUR,RUS}+{NDE}",1.0,,,,,,4.895826243389578e-05,
0.82,PURE,False,accept,EUR,"{EUR,NDE}+{RUS}","{EUR}+{NDE,RUS}",1.0,,,,,,2.0376304127989187e-05,
0.82,PURE,False,accept,EUR,"{EUR,NDE}+{RUS}",{EUR}+{NDE}+{RUS},0.0,,,,,,-5.344516827587853e-05,
0.82,PURE,False,accept,EUR,"{EUR,RUS}+{NDE}","{EUR,NDE,RUS}",1.0,,,,,,1.2829463993391244e-06,
0.82,PURE,False,accept,EUR,"{EUR,RUS}+{NDE}","{EUR,NDE}+{RUS}",0.0,,,,,,-4.895826243389578e-05,
0.82,PURE,False,accept,EUR,"{EUR,RUS}+{NDE}","{EUR}+{NDE,RUS}",0.0,,,,,,-2.8581958305906596e-05,
0.82,PURE,False,accept,EUR,"{EUR,RUS}+{NDE}",{EUR}+{NDE}+{RUS},0.0,,,,,,-0.00010240343070977431,
0.82,PURE,False,accept,EUR,"{EUR}+{NDE,RUS}","{EUR,NDE,RUS}",1.0,,,,,,2.986490470524572e-05,NDE
0.82,PURE,False,accept,EUR,"{EUR}+{NDE,RUS}","{EUR,NDE}+{RUS}",0.0,,,,,,-2.0376304127989187e-05,
0.82,PURE,False,accept,EUR,"{EUR}+{NDE,RUS}","{EUR,RUS}+{NDE}",1.0,,,,,,2.8581958305906596e-05,
0.82,PURE,False,accept,EUR,{EUR}+{NDE}+{RUS},"{EUR,NDE,RUS}",1.0,,,,,,0.00010368637710911344,
0.82,PURE,False,accept,EUR,{EUR}+{NDE}+{RUS},"{EUR,NDE}+{RUS}",1.0,,,,,,5.344516827587853e-05,NDE
0.82,PURE,False,accept,EUR,{EUR}+{NDE}+{RUS},"{EUR,RUS}+{NDE}",1.0,,,,,,0.00010240343070977431,RUS
0.82,PURE,False,accept,NDE,"{EUR,NDE,RUS}","{EUR,NDE}+{RUS}",1.0,,,,,,0.00048542659413897127,
0.82,PURE,False,accept,NDE,"{EUR,NDE,RUS}","{EUR,RUS}+{NDE}",0.0,,,,,,-0.008206455454011774,
0.82,PURE,False,accept,NDE,"{EUR,NDE,RUS}","{EUR}+{NDE,RUS}",0.0,,,,,,-0.0017665490262714911,
0.82,PURE,False,accept,NDE,"{EUR,NDE,RUS}",{EUR}+{NDE}+{RUS},0.0,,,,,,-0.007211008587745482,
0.82,PURE,False,accept,NDE,"{EUR,NDE}+{RUS}","{EUR,NDE,RUS}",0.0,,,,,,-0.00048542659413897127,
0.82,PURE,False,accept,NDE,"{EUR,NDE}+{RUS}","{EUR,RUS}+{NDE}",0.0,,,,,,-0.008691882048150745,
0.82,PURE,False,accept,NDE,"{EUR,NDE}+{RUS}","{EUR}+{NDE,RUS}",0.0,,,,,,-0.0022519756204104624,
0.82,PURE,False,accept,NDE,"{EUR,NDE}+{RUS}",{EUR}+{NDE}+{RUS},0.0,,,,,,-0.007696435181884453,
0.82,PURE,False,accept,NDE,"{EUR,RUS}+{NDE}","{EUR,NDE,RUS}",1.0,,,,,,0.008206455454011774,
0.82,PURE,False,accept,NDE,"{EUR,RUS}+{NDE}","{EUR,NDE}+{RUS}",1.0,,,,,,0.008691882048150745,
0.82,PURE,False,accept,NDE,"{EUR,RUS}+{NDE}","{EUR}+{NDE,RUS}",1.0,,,,,,0.006439906427740283,
0.82,PURE,False,accept,NDE,"{EUR}+{NDE,RUS}","{EUR,NDE,RUS}",1.0,,,,,,0.0017665490262714911,EUR
0.82,PURE,False,accept,NDE,"{EUR}+{NDE,RUS}","{EUR,NDE}+{RUS}",1.0,,,,,,0.0022519756204104624,
0.82,PURE,False,accept,NDE,"{EUR}+{NDE,RUS}","{EUR,RUS}+{NDE}",0.0,,,,,,-0.006439906427740283,
0.82,PURE,False,accept,NDE,"{EUR}+{NDE,RUS}",{EUR}+{NDE}+{RUS},0.0,,,,,,-0.005444459561473991,
0.82,PURE,False,accept,NDE,{EUR}+{NDE}+{RUS},"{EUR,NDE,RUS}",1.0,,,,,,0.007211008587745482,
0.82,PURE,False,accept,NDE,{EUR}+{NDE}+{RUS},"{EUR,NDE}+{RUS}",1.0,,,,,,0.007696435181884453,
0.82,PURE,False,accept,NDE,{EUR}+{NDE}+{RUS},"{EUR}+{NDE,RUS}",1.0,,,,,,0.005444459561473991,
0.82,PURE,False,accept,RUS,"{EUR,NDE,RUS}","{EUR,NDE}+{RUS}",0.0,,,,,,-4.415890100495368e-05,
0.82,PURE,False,accept,RUS,"{EUR,NDE,RUS}","{EUR,RUS}+{NDE}",1.0,,,,,,0.0002601257415260072,
0.82,PURE,False,accept,RUS,"{EUR,NDE,RUS}","{EUR}+{NDE,RUS}",0.0,,,,,,-0.00017540728064124878,
0.82,PURE,False,accept,RUS,"{EUR,NDE,RUS}",{EUR}+{NDE}+{RUS},1.0,,,,,,0.00017126418640289742,
0.82,PURE,False,accept,RUS,"{EUR,NDE}+{RUS}","{EUR,NDE,RUS}",1.0,,,,,,4.415890100495368e-05,
0.82,PURE,False,accept,RUS,"{EUR,NDE}+{RUS}","{EUR,RUS}+{NDE}",1.0,,,,,,0.0003042846425309609,
0.82,PURE,False,accept,RUS,"{EUR,NDE}+{RUS}","{EUR}+{NDE,RUS}",0.0,,,,,,-0.0001312483796362951,
0.82,PURE,False,accept,RUS,"{EUR,RUS}+{NDE}","{EUR,NDE,RUS}",0.0,,,,,,-0.0002601257415260072,
0.82,PURE,False,accept,RUS,"{EUR,RUS}+{NDE}","{EUR,NDE}+{RUS}",0.0,,,,,,-0.0003042846425309609,
0.82,PURE,False,accept,RUS,"{EUR,RUS}+{NDE}","{EUR}+{NDE,RUS}",0.0,,,,,,-0.000435533022167256,
0.82,PURE,False,accept,RUS,"{EUR,RUS}+{NDE}",{EUR}+{NDE}+{RUS},0.0,,,,,,-8.886155512310978e-05,
0.82,PURE,False,accept,RUS,"{EUR}+{NDE,RUS}","{EUR,NDE,RUS}",1.0,,,,,,0.00017540728064124878,"EUR,NDE"
0.82,PURE,False,accept,RUS,"{EUR}+{NDE,RUS}","{EUR,NDE}+{RUS}",1.0,,,,,,0.0001312483796362951,
0.82,PURE,False,accept,RUS,"{EUR}+{NDE,RUS}","{EUR,RUS}+{NDE}",1.0,,,,,,0.000435533022167256,
0.82,PURE,False,accept,RUS,"{EUR}+{NDE,RUS}",{EUR}+{NDE}+{RUS},1.0,,,,,,0.0003466714670441462,
0.82,PURE,False,accept,RUS,{EUR}+{NDE}+{RUS},"{EUR,NDE,RUS}",0.0,,,,,,-0.00017126418640289742,
0.82,PURE,False,accept,RUS,{EUR}+{NDE}+{RUS},"{EUR,RUS}+{NDE}",1.0,,,,,,8.886155512310978e-05,EUR
0.82,PURE,False,accept,RUS,{EUR}+{NDE}+{RUS},"{EUR}+{NDE,RUS}",0.0,,,,,,-0.0003466714670441462,
0.84,PURE,False,propose,EUR,"{EUR,NDE,RUS}","{EUR,NDE,RUS}",1.0,True,1.0,1.0,False,,,
0.84,PURE,False,propose,EUR,"{EUR,NDE}+{RUS}","{EUR,NDE}+{RUS}",1.0,True,1.0,1.0,False,,,
0.84,PURE,False,propose,EUR,"{EUR,RUS}+{NDE}","{EUR,RUS}+{NDE}",1.0,True,1.0,1.0,False,,,
0.84,PURE,False,propose,EUR,"{EUR}+{NDE,RUS}","{EUR,NDE,RUS}",1.0,False,1.0,1.0,False,"NDE,RUS",,
0.84,PURE,False,propose,EUR,{EUR}+{NDE}+{RUS},"{EUR,RUS}+{NDE}",1.0,False,1.0,1.0,False,RUS,,
0.84,PURE,False,propose,NDE,"{EUR,NDE,RUS}","{EUR,NDE,RUS}",1.0,True,1.0,1.0,False,,,
0.84,PURE,False,propose,NDE,"{EUR,NDE}+{RUS}","{EUR,NDE}+{RUS}",1.0,True,1.0,1.0,False,,,
0.84,PURE,False,propose,NDE,"{EUR,RUS}+{NDE}","{EUR,RUS}+{NDE}",1.0,True,1.0,1.0,False,,,
0.84,PURE,False,propose,NDE,"{EUR}+{NDE,RUS}","{EUR,NDE,RUS}",1.0,False,1.0,1.0,False,"EUR,RUS",,
0.84,PURE,False,propose,NDE,{EUR}+{NDE}+{RUS},"{EUR,NDE}+{RUS}",1.0,False,1.0,1.0,False,EUR,,
0.84,PURE,False,propose,RUS,"{EUR,NDE,RUS}","{EUR,NDE,RUS}",1.0,True,1.0,1.0,False,,,
0.84,PURE,False,propose,RUS,"{EUR,NDE}+{RUS}","{EUR,NDE}+{RUS}",1.0,True,1.0,1.0,False,,,
0.84,PURE,False,propose,RUS,"{EUR,RUS}+{NDE}","{EUR,RUS}+{NDE}",1.0,True,1.0,1.0,False,,,
0.84,PURE,False,propose,RUS,"{EUR}+{NDE,RUS}",{EUR}+{NDE}+{RUS},1.0,False,1.0,1.0,True,,,
0.84,PURE,False,propose,RUS,{EUR}+{NDE}+{RUS},"{EUR,RUS}+{NDE}",1.0,False,1.0,1.0,False,EUR,,
0.84,PURE,False,accept,EUR,"{EUR,NDE,RUS}","{EUR,NDE}+{RUS}",0.0,,,,,,-5.024120883323491e-05,
0.84,PURE,False,accept,EUR,"{EUR,NDE,RUS}","{EUR,RUS}+{NDE}",0.0,,,,,,-1.2829463993391244e-06,
0.84,PURE,False,accept,EUR,"{EUR,NDE,RUS}","{EUR}+{NDE,RUS}",0.0,,,,,,-2.7708648952629034e-05,
0.84,PURE,False,accept,EUR,"{EUR,NDE,RUS}",{EUR}+{NDE}+{RUS},0.0,,,,,,-9.412148712018009e-05,
0.84,PURE,False,accept,EUR,"{EUR,NDE}+{RUS}","{EUR,NDE,RUS}",1.0,,,,,,5.024120883323491e-05,
0.84,PURE,False,accept,EUR,"{EUR,NDE}+{RUS}","{EUR,RUS}+{NDE}",1.0,,,,,,4.895826243389578e-05,
0.84,PURE,False,accept,EUR,"{EUR,NDE}+{RUS}","{EUR}+{NDE,RUS}",1.0,,,,,,2.2532559880605874e-05,
0.84,PURE,False,accept,EUR,"{EUR,NDE}+{RUS}",{EUR}+{NDE}+{RUS},0.0,,,,,,-4.3880278286945185e-05,
0.84,PURE,False,accept,EUR,"{EUR,RUS}+{NDE}","{EUR,NDE,RUS}",1.0,,,,,,1.2829463993391244e-06,
0.84,PURE,False,accept,EUR,"{EUR,RUS}+{NDE}","{EUR,NDE}+{RUS}",0.0,,,,,,-4.895826243389578e-05,
0.84,PURE,False,accept,EUR,"{EUR,RUS}+{NDE}","{EUR}+{NDE,RUS}",0.0,,,,,,-2.642570255328991e-05,
0.84,PURE,False,accept,EUR,"{EUR,RUS}+{NDE}",{EUR}+{NDE}+{RUS},0.0,,,,,,-9.283854072084097e-05,
0.84,PURE,False,accept,EUR,"{EUR}+{NDE,RUS}","{EUR,NDE,RUS}",1.0,,,,,,2.7708648952629034e-05,NDE
0.84,PURE,False,accept,EUR,"{EUR}+{NDE,RUS}","{EUR,NDE}+{RUS}",0.0,,,,,,-2.2532559880605874e-05,
0.84,PURE,False,accept,EUR,"{EUR}+{NDE,RUS}","{EUR,RUS}+{NDE}",1.0,,,,,,2.642570255328991e-05,
0.84,PURE,False,accept,EUR,{EUR}+{NDE}+{RUS},"{EUR,NDE,RUS}",1.0,,,,,,9.412148712018009e-05,
0.84,PURE,False,accept,EUR,{EUR}+{NDE}+{RUS},"{EUR,NDE}+{RUS}",1.0,,,,,,4.3880278286945185e-05,NDE
0.84,PURE,False,accept,EUR,{EUR}+{NDE}+{RUS},"{EUR,RUS}+{NDE}",1.0,,,,,,9.283854072084097e-05,RUS
0.84,PURE,False,accept,NDE,"{EUR,NDE,RUS}","{EUR,NDE}+{RUS}",1.0,,,,,,0.00048542659413897127,
0.84,PURE,False,accept,NDE,"{EUR,NDE,RUS}","{EUR,RUS}+{NDE}",0.0,,,,,,-0.008206455454011774,
0.84,PURE,False,accept,NDE,"{EUR,NDE,RUS}","{EUR}+{NDE,RUS}",0.0,,,,,,-0.0017781716152747151,
0.84,PURE,False,accept,NDE,"{EUR,NDE,RUS}",{EUR}+{NDE}+{RUS},0.0,,,,,,-0.00699969223776975,
0.84,PURE,False,accept,NDE,"{EUR,NDE}+{RUS}","{EUR,NDE,RUS}",0.0,,,,,,-0.00048542659413897127,
0.84,PURE,False,accept,NDE,"{EUR,NDE}+{RUS}","{EUR,RUS}+{NDE}",0.0,,,,,,-0.008691882048150745,
0.84,PURE,False,accept,NDE,"{EUR,NDE}+{RUS}","{EUR}+{NDE,RUS}",0.0,,,,,,-0.0022635982094136864,
0.84,PURE,False,accept,NDE,"{EUR,NDE}+{RUS}",{EUR}+{NDE}+{RUS},0.0,,,,,,-0.007485118831908721,
0.84,PURE,False,accept,NDE,"{EUR,RUS}+{NDE}","{EUR,NDE,RUS}",1.0,,,,,,0.008206455454011774,
0.84,PURE,False,accept,NDE,"{EUR,RUS}+{NDE}","{EUR,NDE}+{RUS}",1.0,,,,,,0.008691882048150745,
0.84,PURE,False,accept,NDE,"{EUR,RUS}+{NDE}","{EUR}+{NDE,RUS}",1.0,,,,,,0.006428283838737059,
0.84,PURE,False,accept,NDE,"{EUR}+{NDE,RUS}","{EUR,NDE,RUS}",1.0,,,,,,0.0017781716152747151,EUR
0.84,PURE,False,accept,NDE,"{EUR}+{NDE,RUS}","{EUR,NDE}+{RUS}",1.0,,,,,,0.0022635982094136864,
0.84,PURE,False,accept,NDE,"{EUR}+{NDE,RUS}","{EUR,RUS}+{NDE}",0.0,,,,,,-0.006428283838737059,
0.84,PURE,False,accept,NDE,"{EUR}+{NDE,RUS}",{EUR}+{NDE}+{RUS},0.0,,,,,,-0.005221520622495035,
0.84,PURE,False,accept,NDE,{EUR}+{NDE}+{RUS},"{EUR,NDE,RUS}",1.0,,,,,,0.00699969223776975,
0.84,PURE,False,accept,NDE,{EUR}+{NDE}+{RUS},"{EUR,NDE}+{RUS}",1.0,,,,,,0.007485118831908721,
0.84,PURE,False,accept,NDE,{EUR}+{NDE}+{RUS},"{EUR}+{NDE,RUS}",1.0,,,,,,0.005221520622495035,
0.84,PURE,False,accept,RUS,"{EUR,NDE,RUS}","{EUR,NDE}+{RUS}",0.0,,,,,,-4.415890100495368e-05,
0.84,PURE,False,accept,RUS,"{EUR,NDE,RUS}","{EUR,RUS}+{NDE}",1.0,,,,,,0.0002601257415260072,
0.84,PURE,False,accept,RUS,"{EUR,NDE,RUS}","{EUR}+{NDE,RUS}",0.0,,,,,,-0.0001499654275034512,
0.84,PURE,False,accept,RUS,"{EUR,NDE,RUS}",{EUR}+{NDE}+{RUS},1.0,,,,,,0.0001698678909525242,
0.84,PURE,False,accept,RUS,"{EUR,NDE}+{RUS}","{EUR,NDE,RUS}",1.0,,,,,,4.415890100495368e-05,
0.84,PURE,False,accept,RUS,"{EUR,NDE}+{RUS}","{EUR,RUS}+{NDE}",1.0,,,,,,0.0003042846425309609,
0.84,PURE,False,accept,RUS,"{EUR,NDE}+{RUS}","{EUR}+{NDE,RUS}",0.0,,,,,,-0.00010580652649849753,
0.84,PURE,False,accept,RUS,"{EUR,RUS}+{NDE}","{EUR,NDE,RUS}",0.0,,,,,,-0.0002601257415260072,
0.84,PURE,False,accept,RUS,"{EUR,RUS}+{NDE}","{EUR,NDE}+{RUS}",0.0,,,,,,-0.0003042846425309609,
0.84,PURE,False,accept,RUS,"{EUR,RUS}+{NDE}","{EUR}+{NDE,RUS}",0.0,,,,,,-0.0004100911690294584,
0.84,PURE,False,accept,RUS,"{EUR,RUS}+{NDE}",{EUR}+{NDE}+{RUS},0.0,,,,,,-9.025785057348301e-05,
0.84,PURE,False,accept,RUS,"{EUR}+{NDE,RUS}","{EUR,NDE,RUS}",1.0,,,,,,0.0001499654275034512,"EUR,NDE"
0.84,PURE,False,accept,RUS,"{EUR}+{NDE,RUS}","{EUR,NDE}+{RUS}",1.0,,,,,,0.00010580652649849753,
0.84,PURE,False,accept,RUS,"{EUR}+{NDE,RUS}","{EUR,RUS}+{NDE}",1.0,,,,,,0.0004100911690294584,
0.84,PURE,False,accept,RUS,"{EUR}+{NDE,RUS}",{EUR}+{NDE}+{RUS},1.0,,,,,,0.0003198333184559754,
0.84,PURE,False,accept,RUS,{EUR}+{NDE}+{RUS},"{EUR,NDE,RUS}",0.0,,,,,,-0.0001698678909525242,
0.84,PURE,False,accept,RUS,{EUR}+{NDE}+{RUS},"{EUR,RUS}+{NDE}",1.0,,,,,,9.025785057348301e-05,EUR
0.84,PURE,False,accept,RUS,{EUR}+{NDE}+{RUS},"{EUR}+{NDE,RUS}",0.0,,,,,,-0.0003198333184559754,
0.86,PURE,False,propose,EUR,"{EUR,NDE,RUS}","{EUR,NDE,RUS}",1.0,True,1.0,1.0,False,,,
0.86,PURE,False,propose,EUR,"{EUR,NDE}+{RUS}","{EUR,NDE}+{RUS}",1.0,True,1.0,1.0,False,,,
0.86,PURE,False,propose,EUR,"{EUR,RUS}+{NDE}","{EUR,RUS}+{NDE}",1.0,True,1.0,1.0,False,,,
0.86,PURE,False,propose,EUR,"{EUR}+{NDE,RUS}","{EUR,NDE,RUS}",1.0,False,1.0,1.0,False,"NDE,RUS",,
0.86,PURE,False,propose,EUR,{EUR}+{NDE}+{RUS},"{EUR,RUS}+{NDE}",1.0,False,1.0,1.0,False,RUS,,
0.86,PURE,False,propose,NDE,"{EUR,NDE,RUS}","{EUR,NDE,RUS}",1.0,True,1.0,1.0,False,,,
0.86,PURE,False,propose,NDE,"{EUR,NDE}+{RUS}","{EUR,NDE}+{RUS}",1.0,True,1.0,1.0,False,,,
0.86,PURE,False,propose,NDE,"{EUR,RUS}+{NDE}","{EUR,RUS}+{NDE}",1.0,True,1.0,1.0,False,,,
0.86,PURE,False,propose,NDE,"{EUR}+{NDE,RUS}","{EUR,NDE,RUS}",1.0,False,1.0,1.0,False,"EUR,RUS",,
0.86,PURE,False,propose,NDE,{EUR}+{NDE}+{RUS},"{EUR,NDE}+{RUS}",1.0,False,1.0,1.0,False,EUR,,
0.86,PURE,False,propose,RUS,"{EUR,NDE,RUS}","{EUR,NDE,RUS}",1.0,True,1.0,1.0,False,,,
0.86,PURE,False,propose,RUS,"{EUR,NDE}+{RUS}","{EUR,NDE}+{RUS}",1.0,True,1.0,1.0,False,,,
0.86,PURE,False,propose,RUS,"{EUR,RUS}+{NDE}","{EUR,RUS}+{NDE}",1.0,True,1.0,1.0,False,,,
0.86,PURE,False,propose,RUS,"{EUR}+{NDE,RUS}",{EUR}+{NDE}+{RUS},1.0,False,1.0,1.0,True,,,
0.86,PURE,False,propose,RUS,{EUR}+{NDE}+{RUS},"{EUR,RUS}+{NDE}",1.0,False,1.0,1.0,False,EUR,,
0.86,PURE,False,accept,EUR,"{EUR,NDE,RUS}","{EUR,NDE}+{RUS}",0.0,,,,,,-5.024120883323491e-05,
0.86,PURE,False,accept,EUR,"{EUR,NDE,RUS}","{EUR,RUS}+{NDE}",0.0,,,,,,-1.2829463993391244e-06,
0.86,PURE,False,accept,EUR,"{EUR,NDE,RUS}","{EUR}+{NDE,RUS}",0.0,,,,,,-2.542486133361166e-05,
0.86,PURE,False,accept,EUR,"{EUR,NDE,RUS}",{EUR}+{NDE}+{RUS},0.0,,,,,,-8.455659713169084e-05,
0.86,PURE,False,accept,EUR,"{EUR,NDE}+{RUS}","{EUR,NDE,RUS}",1.0,,,,,,5.024120883323491e-05,
0.86,PURE,False,accept,EUR,"{EUR,NDE}+{RUS}","{EUR,RUS}+{NDE}",1.0,,,,,,4.895826243389578e-05,
0.86,PURE,False,accept,EUR,"{EUR,NDE}+{RUS}","{EUR}+{NDE,RUS}",1.0,,,,,,2.4816347499623248e-05,
0.86,PURE,False,accept,EUR,"{EUR,NDE}+{RUS}",{EUR}+{NDE}+{RUS},0.0,,,,,,-3.431538829845593e-05,
0.86,PURE,False,accept,EUR,"{EUR,RUS}+{NDE}","{EUR,NDE,RUS}",1.0,,,,,,1.2829463993391244e-06,
0.86,PURE,False,accept,EUR,"{EUR,RUS}+{NDE}","{EUR,NDE}+{RUS}",0.0,,,,,,-4.895826243389578e-05,
0.86,PURE,False,accept,EUR,"{EUR,RUS}+{NDE}","{EUR}+{NDE,RUS}",0.0,,,,,,-2.4141914934272535e-05,
0.86,PURE,False,accept,EUR,"{EUR,RUS}+{NDE}",{EUR}+{NDE}+{RUS},0.0,,,,,,-8.327365073235171e-05,
0.86,PURE,False,accept,EUR,"{EUR}+{NDE,RUS}","{EUR,NDE,RUS}",1.0,,,,,,2.542486133361166e-05,NDE
0.86,PURE,False,accept,EUR,"{EUR}+{NDE,RUS}","{EUR,NDE}+{RUS}",0.0,,,,,,-2.4816347499623248e-05,
0.86,PURE,False,accept,EUR,"{EUR}+{NDE,RUS}","{EUR,RUS}+{NDE}",1.0,,,,,,2.4141914934272535e-05,
0.86,PURE,False,accept,EUR,{EUR}+{NDE}+{RUS},"{EUR,NDE,RUS}",1.0,,,,,,8.455659713169084e-05,
0.86,PURE,False,accept,EUR,{EUR}+{NDE}+{RUS},"{EUR,NDE}+{RUS}",1.0,,,,,,3.431538829845593e-05,NDE
0.86,PURE,False,accept,EUR,{EUR}+{NDE}+{RUS},"{EUR,RUS}+{NDE}",1.0,,,,,,8.327365073235171e-05,RUS
0.86,PURE,False,accept,NDE,"{EUR,NDE,RUS}","{EUR,NDE}+{RUS}",1.0,,,,,,0.00048542659413897127,
0.86,PURE,False,accept,NDE,"{EUR,NDE,RUS}","{EUR,RUS}+{NDE}",0.0,,,,,,-0.008206455454011774,
0.86,PURE,False,accept,NDE,"{EUR,NDE,RUS}","{EUR}+{NDE,RUS}",0.0,,,,,,-0.001786976652944361,
0.86,PURE,False,accept,NDE,"{EUR,NDE,RUS}",{EUR}+{NDE}+{RUS},0.0,,,,,,-0.006788375887794018,
0.86,PURE,False,accept,NDE,"{EUR,NDE}+{RUS}","{EUR,NDE,RUS}",0.0,,,,,,-0.00048542659413897127,
0.86,PURE,False,accept,NDE,"{EUR,NDE}+{RUS}","{EUR,RUS}+{NDE}",0.0,,,,,,-0.008691882048150745,
0.86,PURE,False,accept,NDE,"{EUR,NDE}+{RUS}","{EUR}+{NDE,RUS}",0.0,,,,,,-0.002272403247083332,
0.86,PURE,False,accept,NDE,"{EUR,NDE}+{RUS}",{EUR}+{NDE}+{RUS},0.0,,,,,,-0.007273802481932989,
0.86,PURE,False,accept,NDE,"{EUR,RUS}+{NDE}","{EUR,NDE,RUS}",1.0,,,,,,0.008206455454011774,
0.86,PURE,False,accept,NDE,"{EUR,RUS}+{NDE}","{EUR,NDE}+{RUS}",1.0,,,,,,0.008691882048150745,
0.86,PURE,False,accept,NDE,"{EUR,RUS}+{NDE}","{EUR}+{NDE,RUS}",1.0,,,,,,0.006419478801067413,
0.86,PURE,False,accept,NDE,"{EUR}+{NDE,RUS}","{EUR,NDE,RUS}",1.0,,,,,,0.001786976652944361,EUR
0.86,PURE,False,accept,NDE,"{EUR}+{NDE,RUS}","{EUR,NDE}+{RUS}",1.0,,,,,,0.002272403247083332,
0.86,PURE,False,accept,NDE,"{EUR}+{NDE,RUS}","{EUR,RUS}+{NDE}",0.0,,,,,,-0.006419478801067413,
0.86,PURE,False,accept,NDE,"{EUR}+{NDE,RUS}",{EUR}+{NDE}+{RUS},0.0,,,,,,-0.005001399234849657,
0.86,PURE,False,accept,NDE,{EUR}+{NDE}+{RUS},"{EUR,NDE,RUS}",1.0,,,,,,0.006788375887794018,
0.86,PURE,False,accept,NDE,{EUR}+{NDE}+{RUS},"{EUR,NDE}+{RUS}",1.0,,,,,,0.007273802481932989,
0.86,PURE,False,accept,NDE,{EUR}+{NDE}+{RUS},"{EUR}+{NDE,RUS}",1.0,,,,,,0.005001399234849657,
0.86,PURE,False,accept,RUS,"{EUR,NDE,RUS}","{EUR,NDE}+{RUS}",0.0,,,,,,-4.415890100495368e-05,
0.86,PURE,False,accept,RUS,"{EUR,NDE,RUS}","{EUR,RUS}+{NDE}",1.0,,,,,,0.0002601257415260072,
0.86,PURE,False,accept,RUS,"{EUR,NDE,RUS}","{EUR}+{NDE,RUS}",0.0,,,,,,-0.00012454219163826608,
0.86,PURE,False,accept,RUS,"{EUR,NDE,RUS}",{EUR}+{NDE}+{RUS},1.0,,,,,,0.00016847159550215096,
0.86,PURE,False,accept,RUS,"{EUR,NDE}+{RUS}","{EUR,NDE,RUS}",1.0,,,,,,4.415890100495368e-05,
0.86,PURE,False,accept,RUS,"{EUR,NDE}+{RUS}","{EUR,RUS}+{NDE}",1.0,,,,,,0.0003042846425309609,
0.86,PURE,False,accept,RUS,"{EUR,NDE}+{RUS}","{EUR}+{NDE,RUS}",0.0,,,,,,-8.03832906333124e-05,
0.86,PURE,False,accept,RUS,"{EUR,RUS}+{NDE}","{EUR,NDE,RUS}",0.0,,,,,,-0.0002601257415260072,
0.86,PURE,False,accept,RUS,"{EUR,RUS}+{NDE}","{EUR,NDE}+{RUS}",0.0,,,,,,-0.0003042846425309609,
0.86,PURE,False,accept,RUS,"{EUR,RUS}+{NDE}","{EUR}+{NDE,RUS}",0.0,,,,,,-0.0003846679331642733,
0.86,PURE,False,accept,RUS,"{EUR,RUS}+{NDE}",{EUR}+{NDE}+{RUS},0.0,,,,,,-9.165414602385624e-05,
0.86,PURE,False,accept,RUS,"{EUR}+{NDE,RUS}","{EUR,NDE,RUS}",1.0,,,,,,0.00012454219163826608,"EUR,NDE"
0.86,PURE,False,accept,RUS,"{EUR}+{NDE,RUS}","{EUR,NDE}+{RUS}",1.0,,,,,,8.03832906333124e-05,
0.86,PURE,False,accept,RUS,"{EUR}+{NDE,RUS}","{EUR,RUS}+{NDE}",1.0,,,,,,0.0003846679331642733,
0.86,PURE,False,accept,RUS,"{EUR}+{NDE,RUS}",{EUR}+{NDE}+{RUS},1.0,,,,,,0.00029301378714041704,
0.86,PURE,False,accept,RUS,{EUR}+{NDE}+{RUS},"{EUR,NDE,RUS}",0.0,,,,,,-0.00016847159550215096,
0.86,PURE,False,accept,RUS,{EUR}+{NDE}+{RUS},"{EUR,RUS}+{NDE}",1.0,,,,,,9.165414602385624e-05,EUR
0.86,PURE,False,accept,RUS,{EUR}+{NDE}+{RUS},"{EUR}+{NDE,RUS}",0.0,,,,,,-0.00029301378714041704,
0.88,PURE,False,propose,EUR,"{EUR,NDE,RUS}","{EUR,NDE,RUS}",1.0,True,1.0,1.0,False,,,
0.88,PURE,False,propose,EUR,"{EUR,NDE}+{RUS}","{EUR,NDE}+{RUS}",1.0,True,1.0,1.0,False,,,
0.88,PURE,False,propose,EUR,"{EUR,RUS}+{NDE}","{EUR,RUS}+{NDE}",1.0,True,1.0,1.0,False,,,
0.88,PURE,False,propose,EUR,"{EUR}+{NDE,RUS}","{EUR,NDE,RUS}",1.0,False,1.0,1.0,False,"NDE,RUS",,
0.88,PURE,False,propose,EUR,{EUR}+{NDE}+{RUS},"{EUR,RUS}+{NDE}",1.0,False,1.0,1.0,False,RUS,,
0.88,PURE,False,propose,NDE,"{EUR,NDE,RUS}","{EUR,NDE,RUS}",1.0,True,1.0,1.0,False,,,
0.88,PURE,False,propose,NDE,"{EUR,NDE}+{RUS}","{EUR,NDE}+{RUS}",1.0,True,1.0,1.0,False,,,
0.88,PURE,False,propose,NDE,"{EUR,RUS}+{NDE}","{EUR,RUS}+{NDE}",1.0,True,1.0,1.0,False,,,
0.88,PURE,False,propose,NDE,"{EUR}+{NDE,RUS}","{EUR,NDE,RUS}",1.0,False,1.0,1.0,False,"EUR,RUS",,
0.88,PURE,False,propose,NDE,{EUR}+{NDE}+{RUS},"{EUR,NDE}+{RUS}",1.0,False,1.0,1.0,False,EUR,,
0.88,PURE,False,propose,RUS,"{EUR,NDE,RUS}","{EUR,NDE,RUS}",1.0,True,1.0,1.0,False,,,
0.88,PURE,False,propose,RUS,"{EUR,NDE}+{RUS}","{EUR,NDE}+{RUS}",1.0,True,1.0,1.0,False,,,
0.88,PURE,False,propose,RUS,"{EUR,RUS}+{NDE}","{EUR,RUS}+{NDE}",1.0,True,1.0,1.0,False,,,
0.88,PURE,False,propose,RUS,"{EUR}+{NDE,RUS}",{EUR}+{NDE}+{RUS},1.0,False,1.0,1.0,True,,,
0.88,PURE,False,propose,RUS,{EUR}+{NDE}+{RUS},"{EUR,RUS}+{NDE}",1.0,False,1.0,1.0,False,EUR,,
0.88,PURE,False,accept,EUR,"{EUR,NDE,RUS}","{EUR,NDE}+{RUS}",0.0,,,,,,-5.024120883323491e-05,
0.88,PURE,False,accept,EUR,"{EUR,NDE,RUS}","{EUR,RUS}+{NDE}",0.0,,,,,,-1.2829463993391244e-06,
0.88,PURE,False,accept,EUR,"{EUR,NDE,RUS}","{EUR}+{NDE,RUS}",0.0,,,,,,-2.3013541847749508e-05,
0.88,PURE,False,accept,EUR,"{EUR,NDE,RUS}",{EUR}+{NDE}+{RUS},0.0,,,,,,-7.499170714275749e-05,
0.88,PURE,False,accept,EUR,"{EUR,NDE}+{RUS}","{EUR,NDE,RUS}",1.0,,,,,,5.024120883323491e-05,
0.88,PURE,False,accept,EUR,"{EUR,NDE}+{RUS}","{EUR,RUS}+{NDE}",1.0,,,,,,4.895826243389578e-05,
0.88,PURE,False,accept,EUR,"{EUR,NDE}+{RUS}","{EUR}+{NDE,RUS}",1.0,,,,,,2.72276669854854e-05,
0.88,PURE,False,accept,EUR,"{EUR,NDE}+{RUS}",{EUR}+{NDE}+{RUS},0.0,,,,,,-2.4750498309522584e-05,
0.88,PURE,False,accept,EUR,"{EUR,RUS}+{NDE}","{EUR,NDE,RUS}",1.0,,,,,,1.2829463993391244e-06,
0.88,PURE,False,accept,EUR,"{EUR,RUS}+{NDE}","{EUR,NDE}+{RUS}",0.0,,,,,,-4.895826243389578e-05,
0.88,PURE,False,accept,EUR,"{EUR,RUS}+{NDE}","{EUR}+{NDE,RUS}",0.0,,,,,,-2.1730595448410384e-05,
0.88,PURE,False,accept,EUR,"{EUR,RUS}+{NDE}",{EUR}+{NDE}+{RUS},0.0,,,,,,-7.370876074341837e-05,
0.88,PURE,False,accept,EUR,"{EUR}+{NDE,RUS}","{EUR,NDE,RUS}",1.0,,,,,,2.3013541847749508e-05,NDE
0.88,PURE,False,accept,EUR,"{EUR}+{NDE,RUS}","{EUR,NDE}+{RUS}",0.0,,,,,,-2.72276669854854e-05,
0.88,PURE,False,accept,EUR,"{EUR}+{NDE,RUS}","{EUR,RUS}+{NDE}",1.0,,,,,,2.1730595448410384e-05,
0.88,PURE,False,accept,EUR,{EUR}+{NDE}+{RUS},"{EUR,NDE,RUS}",1.0,,,,,,7.499170714275749e-05,
0.88,PURE,False,accept,EUR,{EUR}+{NDE}+{RUS},"{EUR,NDE}+{RUS}",1.0,,,,,,2.4750498309522584e-05,NDE
0.88,PURE,False,accept,EUR,{EUR}+{NDE}+{RUS},"{EUR,RUS}+{NDE}",1.0,,,,,,7.370876074341837e-05,RUS
0.88,PURE,False,accept,NDE,"{EUR,NDE,RUS}","{EUR,NDE}+{RUS}",1.0,,,,,,0.00048542659413897127,
0.88,PURE,False,accept,NDE,"{EUR,NDE,RUS}","{EUR,RUS}+{NDE}",0.0,,,,,,-0.008206455454011774,
0.88,PURE,False,accept,NDE,"{EUR,NDE,RUS}","{EUR}+{NDE,RUS}",0.0,,,,,,-0.0017929641392839812,
0.88,PURE,False,accept,NDE,"{EUR,NDE,RUS}",{EUR}+{NDE}+{RUS},0.0,,,,,,-0.006577059537818286,
0.88,PURE,False,accept,NDE,"{EUR,NDE}+{RUS}","{EUR,NDE,RUS}",0.0,,,,,,-0.00048542659413897127,
0.88,PURE,False,accept,NDE,"{EUR,NDE}+{RUS}","{EUR,RUS}+{NDE}",0.0,,,,,,-0.008691882048150745,
0.88,PURE,False,accept,NDE,"{EUR,NDE}+{RUS}","{EUR}+{NDE,RUS}",0.0,,,,,,-0.0022783907334229525,
0.88,PURE,False,accept,NDE,"{EUR,NDE}+{RUS}",{EUR}+{NDE}+{RUS},0.0,,,,,,-0.007062486131957257,
0.88,PURE,False,accept,NDE,"{EUR,RUS}+{NDE}","{EUR,NDE,RUS}",1.0,,,,,,0.008206455454011774,
0.88,PURE,False,accept,NDE,"{EUR,RUS}+{NDE}","{EUR,NDE}+{RUS}",1.0,,,,,,0.008691882048150745,
0.88,PURE,False,accept,NDE,"{EUR,RUS}+{NDE}","{EUR}+{NDE,RUS}",1.0,,,,,,0.006413491314727793,
0.88,PURE,False,accept,NDE,"{EUR}+{NDE,RUS}","{EUR,NDE,RUS}",1.0,,,,,,0.0017929641392839812,EUR
0.88,PURE,False,accept,NDE,"{EUR}+{NDE,RUS}","{EUR,NDE}+{RUS}",1.0,,,,,,0.0022783907334229525,
0.88,PURE,False,accept,NDE,"{EUR}+{NDE,RUS}","{EUR,RUS}+{NDE}",0.0,,,,,,-0.006413491314727793,
0.88,PURE,False,accept,NDE,"{EUR}+{NDE,RUS}",{EUR}+{NDE}+{RUS},0.0,,,,,,-0.004784095398534305,
0.88,PURE,False,accept,NDE,{EUR}+{NDE}+{RUS},"{EUR,NDE,RUS}",1.0,,,,,,0.006577059537818286,
0.88,PURE,False,accept,NDE,{EUR}+{NDE}+{RUS},"{EUR,NDE}+{RUS}",1.0,,,,,,0.007062486131957257,
0.88,PURE,False,accept,NDE,{EUR}+{NDE}+{RUS},"{EUR}+{NDE,RUS}",1.0,,,,,,0.004784095398534305,
0.88,PURE,False,accept,RUS,"{EUR,NDE,RUS}","{EUR,NDE}+{RUS}",0.0,,,,,,-4.415890100495368e-05,
0.88,PURE,False,accept,RUS,"{EUR,NDE,RUS}","{EUR,RUS}+{NDE}",1.0,,,,,,0.0002601257415260072,
0.88,PURE,False,accept,RUS,"{EUR,NDE,RUS}","{EUR}+{NDE,RUS}",0.0,,,,,,-9.913757304569337e-05,
0.88,PURE,False,accept,RUS,"{EUR,NDE,RUS}",{EUR}+{NDE}+{RUS},1.0,,,,,,0.00016707530005177773,
0.88,PURE,False,accept,RUS,"{EUR,NDE}+{RUS}","{EUR,NDE,RUS}",1.0,,,,,,4.415890100495368e-05,
0.88,PURE,False,accept,RUS,"{EUR,NDE}+{RUS}","{EUR,RUS}+{NDE}",1.0,,,,,,0.0003042846425309609,
0.88,PURE,False,accept,RUS,"{EUR,NDE}+{RUS}","{EUR}+{NDE,RUS}",0.0,,,,,,-5.4978672040739696e-05,
0.88,PURE,False,accept,RUS,"{EUR,RUS}+{NDE}","{EUR,NDE,RUS}",0.0,,,,,,-0.0002601257415260072,
0.88,PURE,False,accept,RUS,"{EUR,RUS}+{NDE}","{EUR,NDE}+{RUS}",0.0,,,,,,-0.0003042846425309609,
0.88,PURE,False,accept,RUS,"{EUR,RUS}+{NDE}","{EUR}+{NDE,RUS}",0.0,,,,,,-0.0003592633145717006,
0.88,PURE,False,accept,RUS,"{EUR,RUS}+{NDE}",{EUR}+{NDE}+{RUS},0.0,,,,,,-9.305044147422947e-05,
0.88,PURE,False,accept,RUS,"{EUR}+{NDE,RUS}","{EUR,NDE,RUS}",1.0,,,,,,9.913757304569337e-05,"EUR,NDE"
0.88,PURE,False,accept,RUS,"{EUR}+{NDE,RUS}","{EUR,NDE}+{RUS}",1.0,,,,,,5.4978672040739696e-05,
0.88,PURE,False,accept,RUS,"{EUR}+{NDE,RUS}","{EUR,RUS}+{NDE}",1.0,,,,,,0.0003592633145717006,
0.88,PURE,False,accept,RUS,"{EUR}+{NDE,RUS}",{EUR}+{NDE}+{RUS},1.0,,,,,,0.0002662128730974711,
0.88,PURE,False,accept,RUS,{EUR}+{NDE}+{RUS},"{EUR,NDE,RUS}",0.0,,,,,,-0.00016707530005177773,
0.88,PURE,False,accept,RUS,{EUR}+{NDE}+{RUS},"{EUR,RUS}+{NDE}",1.0,,,,,,9.305044147422947e-05,EUR
0.88,PURE,False,accept,RUS,{EUR}+{NDE}+{RUS},"{EUR}+{NDE,RUS}",0.0,,,,,,-0.0002662128730974711,
0.9,PURE,False,propose,EUR,"{EUR,NDE,RUS}","{EUR,NDE,RUS}",1.0,True,1.0,1.0,False,,,
0.9,PURE,False,propose,EUR,"{EUR,NDE}+{RUS}","{EUR,NDE}+{RUS}",1.0,True,1.0,1.0,False,,,
0.9,PURE,False,propose,EUR,"{EUR,RUS}+{NDE}","{EUR,RUS}+{NDE}",1.0,True,1.0,1.0,False,,,
0.9,PURE,False,propose,EUR,"{EUR}+{NDE,RUS}","{EUR,NDE,RUS}",1.0,False,1.0,1.0,False,"NDE,RUS",,
0.9,PURE,False,propose,EUR,{EUR}+{NDE}+{RUS},"{EUR,RUS}+{NDE}",1.0,False,1.0,1.0,False,RUS,,
0.9,PURE,False,propose,NDE,"{EUR,NDE,RUS}","{EUR,NDE,RUS}",1.0,True,1.0,1.0,False,,,
0.9,PURE,False,propose,NDE,"{EUR,NDE}+{RUS}","{EUR,NDE}+{RUS}",1.0,True,1.0,1.0,False,,,
0.9,PURE,False,propose,NDE,"{EUR,RUS}+{NDE}","{EUR,RUS}+{NDE}",1.0,True,1.0,1.0,False,,,
0.9,PURE,False,propose,NDE,"{EUR}+{NDE,RUS}","{EUR,NDE,RUS}",1.0,False,1.0,1.0,False,"EUR,RUS",,
0.9,PURE,False,propose,NDE,{EUR}+{NDE}+{RUS},"{EUR,NDE}+{RUS}",1.0,False,1.0,1.0,False,EUR,,
0.9,PURE,False,propose,RUS,"{EUR,NDE,RUS}","{EUR,NDE,RUS}",1.0,True,1.0,1.0,False,,,
0.9,PURE,False,propose,RUS,"{EUR,NDE}+{RUS}","{EUR,NDE}+{RUS}",1.0,True,1.0,1.0,False,,,
0.9,PURE,False,propose,RUS,"{EUR,RUS}+{NDE}","{EUR,RUS}+{NDE}",1.0,True,1.0,1.0,False,,,
0.9,PURE,False,propose,RUS,"{EUR}+{NDE,RUS}",{EUR}+{NDE}+{RUS},1.0,False,1.0,1.0,True,,,
0.9,PURE,False,propose,RUS,{EUR}+{NDE}+{RUS},"{EUR,RUS}+{NDE}",1.0,False,1.0,1.0,False,EUR,,
0.9,PURE,False,accept,EUR,"{EUR,NDE,RUS}","{EUR,NDE}+{RUS}",0.0,,,,,,-5.024120883323491e-05,
0.9,PURE,False,accept,EUR,"{EUR,NDE,RUS}","{EUR,RUS}+{NDE}",0.0,,,,,,-1.2829463993391244e-06,
0.9,PURE,False,accept,EUR,"{EUR,NDE,RUS}","{EUR}+{NDE,RUS}",0.0,,,,,,-2.047469049548667e-05,
0.9,PURE,False,accept,EUR,"{EUR,NDE,RUS}",{EUR}+{NDE}+{RUS},0.0,,,,,,-6.542681715426824e-05,
0.9,PURE,False,accept,EUR,"{EUR,NDE}+{RUS}","{EUR,NDE,RUS}",1.0,,,,,,5.024120883323491e-05,
0.9,PURE,False,accept,EUR,"{EUR,NDE}+{RUS}","{EUR,RUS}+{NDE}",1.0,,,,,,4.895826243389578e-05,
0.9,PURE,False,accept,EUR,"{EUR,NDE}+{RUS}","{EUR}+{NDE,RUS}",1.0,,,,,,2.9766518337748238e-05,
0.9,PURE,False,accept,EUR,"{EUR,NDE}+{RUS}",{EUR}+{NDE}+{RUS},0.0,,,,,,-1.5185608321033328e-05,
0.9,PURE,False,accept,EUR,"{EUR,RUS}+{NDE}","{EUR,NDE,RUS}",1.0,,,,,,1.2829463993391244e-06,
0.9,PURE,False,accept,EUR,"{EUR,RUS}+{NDE}","{EUR,NDE}+{RUS}",0.0,,,,,,-4.895826243389578e-05,
0.9,PURE,False,accept,EUR,"{EUR,RUS}+{NDE}","{EUR}+{NDE,RUS}",0.0,,,,,,-1.9191744096147545e-05,
0.9,PURE,False,accept,EUR,"{EUR,RUS}+{NDE}",{EUR}+{NDE}+{RUS},0.0,,,,,,-6.414387075492911e-05,
0.9,PURE,False,accept,EUR,"{EUR}+{NDE,RUS}","{EUR,NDE,RUS}",1.0,,,,,,2.047469049548667e-05,NDE
0.9,PURE,False,accept,EUR,"{EUR}+{NDE,RUS}","{EUR,NDE}+{RUS}",0.0,,,,,,-2.9766518337748238e-05,
0.9,PURE,False,accept,EUR,"{EUR}+{NDE,RUS}","{EUR,RUS}+{NDE}",1.0,,,,,,1.9191744096147545e-05,
0.9,PURE,False,accept,EUR,{EUR}+{NDE}+{RUS},"{EUR,NDE,RUS}",1.0,,,,,,6.542681715426824e-05,
0.9,PURE,False,accept,EUR,{EUR}+{NDE}+{RUS},"{EUR,NDE}+{RUS}",1.0,,,,,,1.5185608321033328e-05,NDE
0.9,PURE,False,accept,EUR,{EUR}+{NDE}+{RUS},"{EUR,RUS}+{NDE}",1.0,,,,,,6.414387075492911e-05,RUS
0.9,PURE,False,accept,NDE,"{EUR,NDE,RUS}","{EUR,NDE}+{RUS}",1.0,,,,,,0.00048542659413897127,
0.9,PURE,False,accept,NDE,"{EUR,NDE,RUS}","{EUR,RUS}+{NDE}",0.0,,,,,,-0.008206455454011774,
0.9,PURE,False,accept,NDE,"{EUR,NDE,RUS}","{EUR}+{NDE,RUS}",0.0,,,,,,-0.0017961340742900234,
0.9,PURE,False,accept,NDE,"{EUR,NDE,RUS}",{EUR}+{NDE}+{RUS},0.0,,,,,,-0.006365743187842554,
0.9,PURE,False,accept,NDE,"{EUR,NDE}+{RUS}","{EUR,NDE,RUS}",0.0,,,,,,-0.00048542659413897127,
0.9,PURE,False,accept,NDE,"{EUR,NDE}+{RUS}","{EUR,RUS}+{NDE}",0.0,,,,,,-0.008691882048150745,
0.9,PURE,False,accept,NDE,"{EUR,NDE}+{RUS}","{EUR}+{NDE,RUS}",0.0,,,,,,-0.0022815606684289946,
0.9,PURE,False,accept,NDE,"{EUR,NDE}+{RUS}",{EUR}+{NDE}+{RUS},0.0,,,,,,-0.006851169781981525,
0.9,PURE,False,accept,NDE,"{EUR,RUS}+{NDE}","{EUR,NDE,RUS}",1.0,,,,,,0.008206455454011774,
0.9,PURE,False,accept,NDE,"{EUR,RUS}+{NDE}","{EUR,NDE}+{RUS}",1.0,,,,,,0.008691882048150745,
0.9,PURE,False,accept,NDE,"{EUR,RUS}+{NDE}","{EUR}+{NDE,RUS}",1.0,,,,,,0.006410321379721751,
0.9,PURE,False,accept,NDE,"{EUR}+{NDE,RUS}","{EUR,NDE,RUS}",1.0,,,,,,0.0017961340742900234,EUR
0.9,PURE,False,accept,NDE,"{EUR}+{NDE,RUS}","{EUR,NDE}+{RUS}",1.0,,,,,,0.0022815606684289946,
0.9,PURE,False,accept,NDE,"{EUR}+{NDE,RUS}","{EUR,RUS}+{NDE}",0.0,,,,,,-0.006410321379721751,
0.9,PURE,False,accept,NDE,"{EUR}+{NDE,RUS}",{EUR}+{NDE}+{RUS},0.0,,,,,,-0.004569609113552531,
0.9,PURE,False,accept,NDE,{EUR}+{NDE}+{RUS},"{EUR,NDE,RUS}",1.0,,,,,,0.006365743187842554,
0.9,PURE,False,accept,NDE,{EUR}+{NDE}+{RUS},"{EUR,NDE}+{RUS}",1.0,,,,,,0.006851169781981525,
0.9,PURE,False,accept,NDE,{EUR}+{NDE}+{RUS},"{EUR}+{NDE,RUS}",1.0,,,,,,0.004569609113552531,
0.9,PURE,False,accept,RUS,"{EUR,NDE,RUS}","{EUR,NDE}+{RUS}",0.0,,,,,,-4.415890100495368e-05,
0.9,PURE,False,accept,RUS,"{EUR,NDE,RUS}","{EUR,RUS}+{NDE}",1.0,,,,,,0.0002601257415260072,
0.9,PURE,False,accept,RUS,"{EUR,NDE,RUS}","{EUR}+{NDE,RUS}",0.0,,,,,,-7.375157172595515e-05,
0.9,PURE,False,accept,RUS,"{EUR,NDE,RUS}",{EUR}+{NDE}+{RUS},1.0,,,,,,0.00016567900460118246,
0.9,PURE,False,accept,RUS,"{EUR,NDE}+{RUS}","{EUR,NDE,RUS}",1.0,,,,,,4.415890100495368e-05,
0.9,PURE,False,accept,RUS,"{EUR,NDE}+{RUS}","{EUR,RUS}+{NDE}",1.0,,,,,,0.0003042846425309609,
0.9,PURE,False,accept,RUS,"{EUR,NDE}+{RUS}","{EUR}+{NDE,RUS}",0.0,,,,,,-2.959267072100147e-05,
0.9,PURE,False,accept,RUS,"{EUR,RUS}+{NDE}","{EUR,NDE,RUS}",0.0,,,,,,-0.0002601257415260072,
0.9,PURE,False,accept,RUS,"{EUR,RUS}+{NDE}","{EUR,NDE}+{RUS}",0.0,,,,,,-0.0003042846425309609,
0.9,PURE,False,accept,RUS,"{EUR,RUS}+{NDE}","{EUR}+{NDE,RUS}",0.0,,,,,,-0.00033387731325196235,
0.9,PURE,False,accept,RUS,"{EUR,RUS}+{NDE}",{EUR}+{NDE}+{RUS},0.0,,,,,,-9.444673692482475e-05,
0.9,PURE,False,accept,RUS,"{EUR}+{NDE,RUS}","{EUR,NDE,RUS}",1.0,,,,,,7.375157172595515e-05,"EUR,NDE"
0.9,PURE,False,accept,RUS,"{EUR}+{NDE,RUS}","{EUR,NDE}+{RUS}",1.0,,,,,,2.959267072100147e-05,
0.9,PURE,False,accept,RUS,"{EUR}+{NDE,RUS}","{EUR,RUS}+{NDE}",1.0,,,,,,0.00033387731325196235,
0.9,PURE,False,accept,RUS,"{EUR}+{NDE,RUS}",{EUR}+{NDE}+{RUS},1.0,,,,,,0.0002394305763271376,
0.9,PURE,False,accept,RUS,{EUR}+{NDE}+{RUS},"{EUR,NDE,RUS}",0.0,,,,,,-0.00016567900460118246,
0.9,PURE,False,accept,RUS,{EUR}+{NDE}+{RUS},"{EUR,RUS}+{NDE}",1.0,,,,,,9.444673692482475e-05,EUR
0.9,PURE,False,accept,RUS,{EUR}+{NDE}+{RUS},"{EUR}+{NDE,RUS}",0.0,,,,,,-0.0002394305763271376,
0.92,PURE,False,propose,EUR,"{EUR,NDE,RUS}","{EUR,NDE,RUS}",1.0,True,1.0,1.0,False,,,
0.92,PURE,False,propose,EUR,"{EUR,NDE}+{RUS}","{EUR,NDE}+{RUS}",1.0,True,1.0,1.0,False,,,
0.92,PURE,False,propose,EUR,"{EUR,RUS}+{NDE}","{EUR,RUS}+{NDE}",1.0,True,1.0,1.0,False,,,
0.92,PURE,False,propose,EUR,"{EUR}+{NDE,RUS}","{EUR,NDE,RUS}",1.0,False,1.0,1.0,False,"NDE,RUS",,
0.92,PURE,False,propose,EUR,{EUR}+{NDE}+{RUS},"{EUR,RUS}+{NDE}",1.0,False,1.0,1.0,False,RUS,,
0.92,PURE,False,propose,NDE,"{EUR,NDE,RUS}","{EUR,NDE,RUS}",1.0,True,1.0,1.0,False,,,
0.92,PURE,False,propose,NDE,"{EUR,NDE}+{RUS}","{EUR,NDE}+{RUS}",1.0,True,1.0,1.0,False,,,
0.92,PURE,False,propose,NDE,"{EUR,RUS}+{NDE}","{EUR,RUS}+{NDE}",1.0,True,1.0,1.0,False,,,
0.92,PURE,False,propose,NDE,"{EUR}+{NDE,RUS}","{EUR,NDE,RUS}",1.0,False,1.0,1.0,False,"EUR,RUS",,
0.92,PURE,False,propose,NDE,{EUR}+{NDE}+{RUS},"{EUR,NDE}+{RUS}",1.0,False,1.0,1.0,False,EUR,,
0.92,PURE,False,propose,RUS,"{EUR,NDE,RUS}","{EUR,NDE,RUS}",1.0,True,1.0,1.0,False,,,
0.92,PURE,False,propose,RUS,"{EUR,NDE}+{RUS}","{EUR,NDE}+{RUS}",1.0,True,1.0,1.0,False,,,
0.92,PURE,False,propose,RUS,"{EUR,RUS}+{NDE}","{EUR,RUS}+{NDE}",1.0,True,1.0,1.0,False,,,
0.92,PURE,False,propose,RUS,"{EUR}+{NDE,RUS}",{EUR}+{NDE}+{RUS},1.0,False,1.0,1.0,True,,,
0.92,PURE,False,propose,RUS,{EUR}+{NDE}+{RUS},"{EUR,RUS}+{NDE}",1.0,False,1.0,1.0,False,EUR,,
0.92,PURE,False,accept,EUR,"{EUR,NDE,RUS}","{EUR,NDE}+{RUS}",0.0,,,,,,-5.024120883323491e-05,
0.92,PURE,False,accept,EUR,"{EUR,NDE,RUS}","{EUR,RUS}+{NDE}",0.0,,,,,,-1.2829463993391244e-06,
0.92,PURE,False,accept,EUR,"{EUR,NDE,RUS}","{EUR}+{NDE,RUS}",0.0,,,,,,-1.7808307276823143e-05,
0.92,PURE,False,accept,EUR,"{EUR,NDE,RUS}",{EUR}+{NDE}+{RUS},0.0,,,,,,-5.586192716533489e-05,
0.92,PURE,False,accept,EUR,"{EUR,NDE}+{RUS}","{EUR,NDE,RUS}",1.0,,,,,,5.024120883323491e-05,
0.92,PURE,False,accept,EUR,"{EUR,NDE}+{RUS}","{EUR,RUS}+{NDE}",1.0,,,,,,4.895826243389578e-05,
0.92,PURE,False,accept,EUR,"{EUR,NDE}+{RUS}","{EUR}+{NDE,RUS}",1.0,,,,,,3.2432901556411764e-05,
0.92,PURE,False,accept,EUR,"{EUR,NDE}+{RUS}",{EUR}+{NDE}+{RUS},0.0,,,,,,-5.620718332099983e-06,
0.92,PURE,False,accept,EUR,"{EUR,RUS}+{NDE}","{EUR,NDE,RUS}",1.0,,,,,,1.2829463993391244e-06,
0.92,PURE,False,accept,EUR,"{EUR,RUS}+{NDE}","{EUR,NDE}+{RUS}",0.0,,,,,,-4.895826243389578e-05,
0.92,PURE,False,accept,EUR,"{EUR,RUS}+{NDE}","{EUR}+{NDE,RUS}",0.0,,,,,,-1.652536087748402e-05,
0.92,PURE,False,accept,EUR,"{EUR,RUS}+{NDE}",{EUR}+{NDE}+{RUS},0.0,,,,,,-5.4578980765995766e-05,
0.92,PURE,False,accept,EUR,"{EUR}+{NDE,RUS}","{EUR,NDE,RUS}",1.0,,,,,,1.7808307276823143e-05,NDE
0.92,PURE,False,accept,EUR,"{EUR}+{NDE,RUS}","{EUR,NDE}+{RUS}",0.0,,,,,,-3.2432901556411764e-05,
0.92,PURE,False,accept,EUR,"{EUR}+{NDE,RUS}","{EUR,RUS}+{NDE}",1.0,,,,,,1.652536087748402e-05,
0.92,PURE,False,accept,EUR,{EUR}+{NDE}+{RUS},"{EUR,NDE,RUS}",1.0,,,,,,5.586192716533489e-05,
0.92,PURE,False,accept,EUR,{EUR}+{NDE}+{RUS},"{EUR,NDE}+{RUS}",1.0,,,,,,5.620718332099983e-06,NDE
0.92,PURE,False,accept,EUR,{EUR}+{NDE}+{RUS},"{EUR,RUS}+{NDE}",1.0,,,,,,5.4578980765995766e-05,RUS
0.92,PURE,False,accept,NDE,"{EUR,NDE,RUS}","{EUR,NDE}+{RUS}",1.0,,,,,,0.00048542659413897127,
0.92,PURE,False,accept,NDE,"{EUR,NDE,RUS}","{EUR,RUS}+{NDE}",0.0,,,,,,-0.008206455454011774,
0.92,PURE,False,accept,NDE,"{EUR,NDE,RUS}","{EUR}+{NDE,RUS}",0.0,,,,,,-0.0017964864579624873,
0.92,PURE,False,accept,NDE,"{EUR,NDE,RUS}",{EUR}+{NDE}+{RUS},0.0,,,,,,-0.006154426837866822,
0.92,PURE,False,accept,NDE,"{EUR,NDE}+{RUS}","{EUR,NDE,RUS}",0.0,,,,,,-0.00048542659413897127,
0.92,PURE,False,accept,NDE,"{EUR,NDE}+{RUS}","{EUR,RUS}+{NDE}",0.0,,,,,,-0.008691882048150745,
0.92,PURE,False,accept,NDE,"{EUR,NDE}+{RUS}","{EUR}+{NDE,RUS}",0.0,,,,,,-0.0022819130521014586,
0.92,PURE,False,accept,NDE,"{EUR,NDE}+{RUS}",{EUR}+{NDE}+{RUS},0.0,,,,,,-0.006639853432005793,
0.92,PURE,False,accept,NDE,"{EUR,RUS}+{NDE}","{EUR,NDE,RUS}",1.0,,,,,,0.008206455454011774,
0.92,PURE,False,accept,NDE,"{EUR,RUS}+{NDE}","{EUR,NDE}+{RUS}",1.0,,,,,,0.008691882048150745,
0.92,PURE,False,accept,NDE,"{EUR,RUS}+{NDE}","{EUR}+{NDE,RUS}",1.0,,,,,,0.006409968996049287,
0.92,PURE,False,accept,NDE,"{EUR}+{NDE,RUS}","{EUR,NDE,RUS}",1.0,,,,,,0.0017964864579624873,EUR
0.92,PURE,False,accept,NDE,"{EUR}+{NDE,RUS}","{EUR,NDE}+{RUS}",1.0,,,,,,0.0022819130521014586,
0.92,PURE,False,accept,NDE,"{EUR}+{NDE,RUS}","{EUR,RUS}+{NDE}",0.0,,,,,,-0.006409968996049287,
0.92,PURE,False,accept,NDE,"{EUR}+{NDE,RUS}",{EUR}+{NDE}+{RUS},0.0,,,,,,-0.004357940379904335,
0.92,PURE,False,accept,NDE,{EUR}+{NDE}+{RUS},"{EUR,NDE,RUS}",1.0,,,,,,0.006154426837866822,
0.92,PURE,False,accept,NDE,{EUR}+{NDE}+{RUS},"{EUR,NDE}+{RUS}",1.0,,,,,,0.006639853432005793,
0.92,PURE,False,accept,NDE,{EUR}+{NDE}+{RUS},"{EUR}+{NDE,RUS}",1.0,,,,,,0.004357940379904335,
0.92,PURE,False,accept,RUS,"{EUR,NDE,RUS}","{EUR,NDE}+{RUS}",0.0,,,,,,-4.415890100495368e-05,
0.92,PURE,False,accept,RUS,"{EUR,NDE,RUS}","{EUR,RUS}+{NDE}",1.0,,,,,,0.0002601257415260072,
0.92,PURE,False,accept,RUS,"{EUR,NDE,RUS}","{EUR}+{NDE,RUS}",0.0,,,,,,-4.838418767882935e-05,
0.92,PURE,False,accept,RUS,"{EUR,NDE,RUS}",{EUR}+{NDE}+{RUS},1.0,,,,,,0.00016428270915080923,
0.92,PURE,False,accept,RUS,"{EUR,NDE}+{RUS}","{EUR,NDE,RUS}",1.0,,,,,,4.415890100495368e-05,
0.92,PURE,False,accept,RUS,"{EUR,NDE}+{RUS}","{EUR,RUS}+{NDE}",1.0,,,,,,0.0003042846425309609,
0.92,PURE,False,accept,RUS,"{EUR,NDE}+{RUS}","{EUR}+{NDE,RUS}",0.0,,,,,,-4.225286673875672e-06,
0.92,PURE,False,accept,RUS,"{EUR,RUS}+{NDE}","{EUR,NDE,RUS}",0.0,,,,,,-0.0002601257415260072,
0.92,PURE,False,accept,RUS,"{EUR,RUS}+{NDE}","{EUR,NDE}+{RUS}",0.0,,,,,,-0.0003042846425309609,
0.92,PURE,False,accept,RUS,"{EUR,RUS}+{NDE}","{EUR}+{NDE,RUS}",0.0,,,,,,-0.00030850992920483655,
0.92,PURE,False,accept,RUS,"{EUR,RUS}+{NDE}",{EUR}+{NDE}+{RUS},0.0,,,,,,-9.584303237519798e-05,
0.92,PURE,False,accept,RUS,"{EUR}+{NDE,RUS}","{EUR,NDE,RUS}",1.0,,,,,,4.838418767882935e-05,"EUR,NDE"
0.92,PURE,False,accept,RUS,"{EUR}+{NDE,RUS}","{EUR,NDE}+{RUS}",1.0,,,,,,4.225286673875672e-06,
0.92,PURE,False,accept,RUS,"{EUR}+{NDE,RUS}","{EUR,RUS}+{NDE}",1.0,,,,,,0.00030850992920483655,
0.92,PURE,False,accept,RUS,"{EUR}+{NDE,RUS}",{EUR}+{NDE}+{RUS},1.0,,,,,,0.00021266689682963857,
0.92,PURE,False,accept,RUS,{EUR}+{NDE}+{RUS},"{EUR,NDE,RUS}",0.0,,,,,,-0.00016428270915080923,
0.92,PURE,False,accept,RUS,{EUR}+{NDE}+{RUS},"{EUR,RUS}+{NDE}",1.0,,,,,,9.584303237519798e-05,EUR
0.92,PURE,False,accept,RUS,{EUR}+{NDE}+{RUS},"{EUR}+{NDE,RUS}",0.0,,,,,,-0.00021266689682963857,
0.94,PURE,False,propose,EUR,"{EUR,NDE,RUS}","{EUR}+{NDE,RUS}",1.0,False,1.0,1.0,True,,,
0.94,PURE,False,propose,EUR,"{EUR,NDE}+{RUS}",{EUR}+{NDE}+{RUS},1.0,False,1.0,1.0,True,,,
0.94,PURE,False,propose,EUR,"{EUR,RUS}+{NDE}","{EUR,RUS}+{NDE}",1.0,True,1.0,1.0,False,,,
0.94,PURE,False,propose,EUR,"{EUR}+{NDE,RUS}","{EUR}+{NDE,RUS}",1.0,True,1.0,1.0,False,,,
0.94,PURE,False,propose,EUR,{EUR}+{NDE}+{RUS},"{EUR,RUS}+{NDE}",1.0,False,1.0,1.0,False,RUS,,
0.94,PURE,False,propose,NDE,"{EUR,NDE,RUS}","{EUR,NDE,RUS}",1.0,True,1.0,1.0,False,,,
0.94,PURE,False,propose,NDE,"{EUR,NDE}+{RUS}","{EUR,NDE}+{RUS}",1.0,True,1.0,1.0,False,,,
0.94,PURE,False,propose,NDE,"{EUR,RUS}+{NDE}","{EUR,RUS}+{NDE}",1.0,True,1.0,1.0,False,,,
0.94,PURE,False,propose,NDE,"{EUR}+{NDE,RUS}","{EUR}+{NDE,RUS}",1.0,True,1.0,1.0,False,,,
0.94,PURE,False,propose,NDE,{EUR}+{NDE}+{RUS},"{EUR,RUS}+{NDE}",1.0,False,1.0,1.0,False,"EUR,RUS",,
0.94,PURE,False,propose,RUS,"{EUR,NDE,RUS}","{EUR,NDE}+{RUS}",1.0,False,1.0,1.0,True,,,
0.94,PURE,False,propose,RUS,"{EUR,NDE}+{RUS}","{EUR,NDE}+{RUS}",1.0,True,1.0,1.0,False,,,
0.94,PURE,False,propose,RUS,"{EUR,RUS}+{NDE}","{EUR,RUS}+{NDE}",1.0,True,1.0,1.0,False,,,
0.94,PURE,False,propose,RUS,"{EUR}+{NDE,RUS}",{EUR}+{NDE}+{RUS},1.0,False,1.0,1.0,True,,,
0.94,PURE,False,propose,RUS,{EUR}+{NDE}+{RUS},"{EUR,RUS}+{NDE}",1.0,False,1.0,1.0,False,EUR,,
0.94,PURE,False,accept,EUR,"{EUR,NDE,RUS}","{EUR,NDE}+{RUS}",0.0,,,,,,-6.039351256426073e-06,
0.94,PURE,False,accept,EUR,"{EUR,NDE,RUS}","{EUR,RUS}+{NDE}",1.0,,,,,,2.6733766904207812e-05,
0.94,PURE,False,accept,EUR,"{EUR,NDE,RUS}","{EUR}+{NDE,RUS}",1.0,,,,,,6.744487088816697e-07,
0.94,PURE,False,accept,EUR,"{EUR,NDE,RUS}",{EUR}+{NDE}+{RUS},0.0,,,,,,-2.9400683105862413e-06,
0.94,PURE,False,accept,EUR,"{EUR,NDE}+{RUS}","{EUR,NDE,RUS}",1.0,,,,,,6.039351256426073e-06,
0.94,PURE,False,accept,EUR,"{EUR,NDE}+{RUS}","{EUR,RUS}+{NDE}",1.0,,,,,,3.2773118160633885e-05,
0.94,PURE,False,accept,EUR,"{EUR,NDE}+{RUS}","{EUR}+{NDE,RUS}",1.0,,,,,,6.713799965307743e-06,
0.94,PURE,False,accept,EUR,"{EUR,NDE}+{RUS}",{EUR}+{NDE}+{RUS},1.0,,,,,,3.099282945839832e-06,
0.94,PURE,False,accept,EUR,"{EUR,RUS}+{NDE}","{EUR,NDE,RUS}",0.0,,,,,,-2.6733766904207812e-05,
0.94,PURE,False,accept,EUR,"{EUR,RUS}+{NDE}","{EUR,NDE}+{RUS}",0.0,,,,,,-3.2773118160633885e-05,
0.94,PURE,False,accept,EUR,"{EUR,RUS}+{NDE}","{EUR}+{NDE,RUS}",0.0,,,,,,-2.6059318195326142e-05,
0.94,PURE,False,accept,EUR,"{EUR,RUS}+{NDE}",{EUR}+{NDE}+{RUS},0.0,,,,,,-2.9673835214794053e-05,
0.94,PURE,False,accept,EUR,"{EUR}+{NDE,RUS}","{EUR,NDE,RUS}",0.0,,,,,,-6.744487088816697e-07,
0.94,PURE,False,accept,EUR,"{EUR}+{NDE,RUS}","{EUR,NDE}+{RUS}",0.0,,,,,,-6.713799965307743e-06,
0.94,PURE,False,accept,EUR,"{EUR}+{NDE,RUS}","{EUR,RUS}+{NDE}",1.0,,,,,,2.6059318195326142e-05,
0.94,PURE,False,accept,EUR,{EUR}+{NDE}+{RUS},"{EUR,NDE,RUS}",1.0,,,,,,2.9400683105862413e-06,
0.94,PURE,False,accept,EUR,{EUR}+{NDE}+{RUS},"{EUR,NDE}+{RUS}",0.0,,,,,,-3.099282945839832e-06,
0.94,PURE,False,accept,EUR,{EUR}+{NDE}+{RUS},"{EUR,RUS}+{NDE}",1.0,,,,,,2.9673835214794053e-05,"NDE,RUS"
0.94,PURE,False,accept,NDE,"{EUR,NDE,RUS}","{EUR,NDE}+{RUS}",0.0,,,,,,-0.0006764534935363997,
0.94,PURE,False,accept,NDE,"{EUR,NDE,RUS}","{EUR,RUS}+{NDE}",0.0,,,,,,-0.0016871981758939114,
0.94,PURE,False,accept,NDE,"{EUR,NDE,RUS}","{EUR}+{NDE,RUS}",0.0,,,,,,-0.0005719149214229446,
0.94,PURE,False,accept,NDE,"{EUR,NDE,RUS}",{EUR}+{NDE}+{RUS},0.0,,,,,,-0.002147309584859869,
0.94,PURE,False,accept,NDE,"{EUR,NDE}+{RUS}","{EUR,NDE,RUS}",1.0,,,,,,0.0006764534935363997,
0.94,PURE,False,accept,NDE,"{EUR,NDE}+{RUS}","{EUR,RUS}+{NDE}",0.0,,,,,,-0.0010107446823575117,
0.94,PURE,False,accept,NDE,"{EUR,NDE}+{RUS}","{EUR}+{NDE,RUS}",1.0,,,,,,0.00010453857211345507,
0.94,PURE,False,accept,NDE,"{EUR,NDE}+{RUS}",{EUR}+{NDE}+{RUS},0.0,,,,,,-0.0014708560913234692,
0.94,PURE,False,accept,NDE,"{EUR,RUS}+{NDE}","{EUR,NDE,RUS}",1.0,,,,,,0.0016871981758939114,
0.94,PURE,False,accept,NDE,"{EUR,RUS}+{NDE}","{EUR,NDE}+{RUS}",1.0,,,,,,0.0010107446823575117,
0.94,PURE,False,accept,NDE,"{EUR,RUS}+{NDE}","{EUR}+{NDE,RUS}",1.0,,,,,,0.0011152832544709668,
0.94,PURE,False,accept,NDE,"{EUR}+{NDE,RUS}","{EUR,NDE,RUS}",1.0,,,,,,0.0005719149214229446,
0.94,PURE,False,accept,NDE,"{EUR}+{NDE,RUS}","{EUR,NDE}+{RUS}",0.0,,,,,,-0.00010453857211345507,
0.94,PURE,False,accept,NDE,"{EUR}+{NDE,RUS}","{EUR,RUS}+{NDE}",0.0,,,,,,-0.0011152832544709668,
0.94,PURE,False,accept,NDE,"{EUR}+{NDE,RUS}",{EUR}+{NDE}+{RUS},0.0,,,,,,-0.0015753946634369242,
0.94,PURE,False,accept,NDE,{EUR}+{NDE}+{RUS},"{EUR,NDE,RUS}",1.0,,,,,,0.002147309584859869,
0.94,PURE,False,accept,NDE,{EUR}+{NDE}+{RUS},"{EUR,NDE}+{RUS}",1.0,,,,,,0.0014708560913234692,
0.94,PURE,False,accept,NDE,{EUR}+{NDE}+{RUS},"{EUR}+{NDE,RUS}",1.0,,,,,,0.0015753946634369242,
0.94,PURE,False,accept,RUS,"{EUR,NDE,RUS}","{EUR,NDE}+{RUS}",1.0,,,,,,0.0001056155614855836,
0.94,PURE,False,accept,RUS,"{EUR,NDE,RUS}","{EUR,RUS}+{NDE}",1.0,,,,,,0.0001561104130614055,
0.94,PURE,False,accept,RUS,"{EUR,NDE,RUS}","{EUR}+{NDE,RUS}",0.0,,,,,,-8.569773263089608e-05,
0.94,PURE,False,accept,RUS,"{EUR,NDE,RUS}",{EUR}+{NDE}+{RUS},1.0,,,,,,0.0001542136065622035,
0.94,PURE,False,accept,RUS,"{EUR,NDE}+{RUS}","{EUR,NDE,RUS}",0.0,,,,,,-0.0001056155614855836,
0.94,PURE,False,accept,RUS,"{EUR,NDE}+{RUS}","{EUR,RUS}+{NDE}",1.0,,,,,,5.04948515758219e-05,
0.94,PURE,False,accept,RUS,"{EUR,NDE}+{RUS}","{EUR}+{NDE,RUS}",0.0,,,,,,-0.00019131329411647968,
0.94,PURE,False,accept,RUS,"{EUR,RUS}+{NDE}","{EUR,NDE,RUS}",0.0,,,,,,-0.0001561104130614055,
0.94,PURE,False,accept,RUS,"{EUR,RUS}+{NDE}","{EUR,NDE}+{RUS}",0.0,,,,,,-5.04948515758219e-05,
0.94,PURE,False,accept,RUS,"{EUR,RUS}+{NDE}","{EUR}+{NDE,RUS}",0.0,,,,,,-0.00024180814569230158,
0.94,PURE,False,accept,RUS,"{EUR,RUS}+{NDE}",{EUR}+{NDE}+{RUS},0.0,,,,,,-1.8968064992019862e-06,
0.94,PURE,False,accept,RUS,"{EUR}+{NDE,RUS}","{EUR,NDE,RUS}",1.0,,,,,,8.569773263089608e-05,
0.94,PURE,False,accept,RUS,"{EUR}+{NDE,RUS}","{EUR,NDE}+{RUS}",1.0,,,,,,0.00019131329411647968,
0.94,PURE,False,accept,RUS,"{EUR}+{NDE,RUS}","{EUR,RUS}+{NDE}",1.0,,,,,,0.00024180814569230158,
0.94,PURE,False,accept,RUS,"{EUR}+{NDE,RUS}",{EUR}+{NDE}+{RUS},1.0,,,,,,0.0002399113391930996,
0.94,PURE,False,accept,RUS,{EUR}+{NDE}+{RUS},"{EUR,NDE,RUS}",0.0,,,,,,-0.0001542136065622035,
0.94,PURE,False,accept,RUS,{EUR}+{NDE}+{RUS},"{EUR,RUS}+{NDE}",1.0,,,,,,1.8968064992019862e-06,"EUR,NDE"
0.94,PURE,False,accept,RUS,{EUR}+{NDE}+{RUS},"{EUR}+{NDE,RUS}",0.0,,,,,,-0.0002399113391930996,
0.95,PURE,False,propose,EUR,"{EUR,NDE,RUS}","{EUR}+{NDE,RUS}",1.0,False,1.0,1.0,True,,,
0.95,PURE,False,propose,EUR,"{EUR,NDE}+{RUS}",{EUR}+{NDE}+{RUS},1.0,False,1.0,1.0,True,,,
0.95,PURE,False,propose,EUR,"{EUR,RUS}+{NDE}","{EUR,RUS}+{NDE}",1.0,True,1.0,1.0,False,,,
0.95,PURE,False,propose,EUR,"{EUR}+{NDE,RUS}","{EUR}+{NDE,RUS}",1.0,True,1.0,1.0,False,,,
0.95,PURE,False,propose,EUR,{EUR}+{NDE}+{RUS},"{EUR,RUS}+{NDE}",1.0,False,1.0,1.0,False,RUS,,
0.95,PURE,False,propose,NDE,"{EUR,NDE,RUS}","{EUR,NDE,RUS}",1.0,True,1.0,1.0,False,,,
0.95,PURE,False,propose,NDE,"{EUR,NDE}+{RUS}","{EUR,NDE}+{RUS}",1.0,True,1.0,1.0,False,,,
0.95,PURE,False,propose,NDE,"{EUR,RUS}+{NDE}","{EUR,RUS}+{NDE}",1.0,True,1.0,1.0,False,,,
0.95,PURE,False,propose,NDE,"{EUR}+{NDE,RUS}","{EUR}+{NDE,RUS}",1.0,True,1.0,1.0,False,,,
0.95,PURE,False,propose,NDE,{EUR}+{NDE}+{RUS},"{EUR,RUS}+{NDE}",1.0,False,1.0,1.0,False,"EUR,RUS",,
0.95,PURE,False,propose,RUS,"{EUR,NDE,RUS}","{EUR,NDE}+{RUS}",1.0,False,1.0,1.0,True,,,
0.95,PURE,False,propose,RUS,"{EUR,NDE}+{RUS}","{EUR,NDE}+{RUS}",1.0,True,1.0,1.0,False,,,
0.95,PURE,False,propose,RUS,"{EUR,RUS}+{NDE}","{EUR,RUS}+{NDE}",1.0,True,1.0,1.0,False,,,
0.95,PURE,False,propose,RUS,"{EUR}+{NDE,RUS}",{EUR}+{NDE}+{RUS},1.0,False,1.0,1.0,True,,,
0.95,PURE,False,propose,RUS,{EUR}+{NDE}+{RUS},"{EUR,RUS}+{NDE}",1.0,False,1.0,1.0,False,EUR,,
0.95,PURE,False,accept,EUR,"{EUR,NDE,RUS}","{EUR,NDE}+{RUS}",0.0,,,,,,-4.784885865749544e-06,
0.95,PURE,False,accept,EUR,"{EUR,NDE,RUS}","{EUR,RUS}+{NDE}",1.0,,,,,,2.324741011294762e-05,
0.95,PURE,False,accept,EUR,"{EUR,NDE,RUS}","{EUR}+{NDE,RUS}",1.0,,,,,,9.116716803703184e-07,
0.95,PURE,False,accept,EUR,"{EUR,NDE,RUS}",{EUR}+{NDE}+{RUS},0.0,,,,,,-1.4807858992327283e-06,
0.95,PURE,False,accept,EUR,"{EUR,NDE}+{RUS}","{EUR,NDE,RUS}",1.0,,,,,,4.784885865749544e-06,
0.95,PURE,False,accept,EUR,"{EUR,NDE}+{RUS}","{EUR,RUS}+{NDE}",1.0,,,,,,2.8032295978697164e-05,
0.95,PURE,False,accept,EUR,"{EUR,NDE}+{RUS}","{EUR}+{NDE,RUS}",1.0,,,,,,5.6965575461198625e-06,
0.95,PURE,False,accept,EUR,"{EUR,NDE}+{RUS}",{EUR}+{NDE}+{RUS},1.0,,,,,,3.304099966516816e-06,
0.95,PURE,False,accept,EUR,"{EUR,RUS}+{NDE}","{EUR,NDE,RUS}",0.0,,,,,,-2.324741011294762e-05,
0.95,PURE,False,accept,EUR,"{EUR,RUS}+{NDE}","{EUR,NDE}+{RUS}",0.0,,,,,,-2.8032295978697164e-05,
0.95,PURE,False,accept,EUR,"{EUR,RUS}+{NDE}","{EUR}+{NDE,RUS}",0.0,,,,,,-2.23357384325773e-05,
0.95,PURE,False,accept,EUR,"{EUR,RUS}+{NDE}",{EUR}+{NDE}+{RUS},0.0,,,,,,-2.4728196012180348e-05,
0.95,PURE,False,accept,EUR,"{EUR}+{NDE,RUS}","{EUR,NDE,RUS}",0.0,,,,,,-9.116716803703184e-07,
0.95,PURE,False,accept,EUR,"{EUR}+{NDE,RUS}","{EUR,NDE}+{RUS}",0.0,,,,,,-5.6965575461198625e-06,
0.95,PURE,False,accept,EUR,"{EUR}+{NDE,RUS}","{EUR,RUS}+{NDE}",1.0,,,,,,2.23357384325773e-05,
0.95,PURE,False,accept,EUR,{EUR}+{NDE}+{RUS},"{EUR,NDE,RUS}",1.0,,,,,,1.4807858992327283e-06,
0.95,PURE,False,accept,EUR,{EUR}+{NDE}+{RUS},"{EUR,NDE}+{RUS}",0.0,,,,,,-3.304099966516816e-06,
0.95,PURE,False,accept,EUR,{EUR}+{NDE}+{RUS},"{EUR,RUS}+{NDE}",1.0,,,,,,2.4728196012180348e-05,"NDE,RUS"
0.95,PURE,False,accept,NDE,"{EUR,NDE,RUS}","{EUR,NDE}+{RUS}",0.0,,,,,,-0.0005790806655951997,
0.95,PURE,False,accept,NDE,"{EUR,NDE,RUS}","{EUR,RUS}+{NDE}",0.0,,,,,,-0.001433196521769986,
0.95,PURE,False,accept,NDE,"{EUR,NDE,RUS}","{EUR}+{NDE,RUS}",0.0,,,,,,-0.0004903812710743694,
0.95,PURE,False,accept,NDE,"{EUR,NDE,RUS}",{EUR}+{NDE}+{RUS},0.0,,,,,,-0.001816622695908876,
0.95,PURE,False,accept,NDE,"{EUR,NDE}+{RUS}","{EUR,NDE,RUS}",1.0,,,,,,0.0005790806655951997,
0.95,PURE,False,accept,NDE,"{EUR,NDE}+{RUS}","{EUR,RUS}+{NDE}",0.0,,,,,,-0.0008541158561747864,
0.95,PURE,False,accept,NDE,"{EUR,NDE}+{RUS}","{EUR}+{NDE,RUS}",1.0,,,,,,8.869939452083031e-05,
0.95,PURE,False,accept,NDE,"{EUR,NDE}+{RUS}",{EUR}+{NDE}+{RUS},0.0,,,,,,-0.0012375420303136764,
0.95,PURE,False,accept,NDE,"{EUR,RUS}+{NDE}","{EUR,NDE,RUS}",1.0,,,,,,0.001433196521769986,
0.95,PURE,False,accept,NDE,"{EUR,RUS}+{NDE}","{EUR,NDE}+{RUS}",1.0,,,,,,0.0008541158561747864,
0.95,PURE,False,accept,NDE,"{EUR,RUS}+{NDE}","{EUR}+{NDE,RUS}",1.0,,,,,,0.0009428152506956167,
0.95,PURE,False,accept,NDE,"{EUR}+{NDE,RUS}","{EUR,NDE,RUS}",1.0,,,,,,0.0004903812710743694,
0.95,PURE,False,accept,NDE,"{EUR}+{NDE,RUS}","{EUR,NDE}+{RUS}",0.0,,,,,,-8.869939452083031e-05,
0.95,PURE,False,accept,NDE,"{EUR}+{NDE,RUS}","{EUR,RUS}+{NDE}",0.0,,,,,,-0.0009428152506956167,
0.95,PURE,False,accept,NDE,"{EUR}+{NDE,RUS}",{EUR}+{NDE}+{RUS},0.0,,,,,,-0.0013262414248345067,
0.95,PURE,False,accept,NDE,{EUR}+{NDE}+{RUS},"{EUR,NDE,RUS}",1.0,,,,,,0.001816622695908876,
0.95,PURE,False,accept,NDE,{EUR}+{NDE}+{RUS},"{EUR,NDE}+{RUS}",1.0,,,,,,0.0012375420303136764,
0.95,PURE,False,accept,NDE,{EUR}+{NDE}+{RUS},"{EUR}+{NDE,RUS}",1.0,,,,,,0.0013262414248345067,
0.95,PURE,False,accept,RUS,"{EUR,NDE,RUS}","{EUR,NDE}+{RUS}",1.0,,,,,,9.112204785188815e-05,
0.95,PURE,False,accept,RUS,"{EUR,NDE,RUS}","{EUR,RUS}+{NDE}",1.0,,,,,,0.0001339805340867528,
0.95,PURE,False,accept,RUS,"{EUR,NDE,RUS}","{EUR}+{NDE,RUS}",0.0,,,,,,-7.120438351959635e-05,
0.95,PURE,False,accept,RUS,"{EUR,NDE,RUS}",{EUR}+{NDE}+{RUS},1.0,,,,,,0.00013239986200397347,
0.95,PURE,False,accept,RUS,"{EUR,NDE}+{RUS}","{EUR,NDE,RUS}",0.0,,,,,,-9.112204785188815e-05,
0.95,PURE,False,accept,RUS,"{EUR,NDE}+{RUS}","{EUR,RUS}+{NDE}",1.0,,,,,,4.285848623486466e-05,
0.95,PURE,False,accept,RUS,"{EUR,NDE}+{RUS}","{EUR}+{NDE,RUS}",0.0,,,,,,-0.0001623264313714845,
0.95,PURE,False,accept,RUS,"{EUR,RUS}+{NDE}","{EUR,NDE,RUS}",0.0,,,,,,-0.0001339805340867528,
0.95,PURE,False,accept,RUS,"{EUR,RUS}+{NDE}","{EUR,NDE}+{RUS}",0.0,,,,,,-4.285848623486466e-05,
0.95,PURE,False,accept,RUS,"{EUR,RUS}+{NDE}","{EUR}+{NDE,RUS}",0.0,,,,,,-0.00020518491760634916,
0.95,PURE,False,accept,RUS,"{EUR,RUS}+{NDE}",{EUR}+{NDE}+{RUS},0.0,,,,,,-1.5806720827793441e-06,
0.95,PURE,False,accept,RUS,"{EUR}+{NDE,RUS}","{EUR,NDE,RUS}",1.0,,,,,,7.120438351959635e-05,
0.95,PURE,False,accept,RUS,"{EUR}+{NDE,RUS}","{EUR,NDE}+{RUS}",1.0,,,,,,0.0001623264313714845,
0.95,PURE,False,accept,RUS,"{EUR}+{NDE,RUS}","{EUR,RUS}+{NDE}",1.0,,,,,,0.00020518491760634916,
0.95,PURE,False,accept,RUS,"{EUR}+{NDE,RUS}",{EUR}+{NDE}+{RUS},1.0,,,,,,0.00020360424552356982,
0.95,PURE,False,accept,RUS,{EUR}+{NDE}+{RUS},"{EUR,NDE,RUS}",0.0,,,,,,-0.00013239986200397347,
0.95,PURE,False,accept,RUS,{EUR}+{NDE}+{RUS},"{EUR,RUS}+{NDE}",1.0,,,,,,1.5806720827793441e-06,"EUR,NDE"
0.95,PURE,False,accept,RUS,{EUR}+{NDE}+{RUS},"{EUR}+{NDE,RUS}",0.0,,,,,,-0.00020360424552356982,
0.96,PURE,False,propose,EUR,"{EUR,NDE,RUS}","{EUR}+{NDE,RUS}",1.0,False,1.0,1.0,True,,,
0.96,PURE,False,propose,EUR,"{EUR,NDE}+{RUS}",{EUR}+{NDE}+{RUS},1.0,False,1.0,1.0,True,,,
0.96,PURE,False,propose,EUR,"{EUR,RUS}+{NDE}","{EUR,RUS}+{NDE}",1.0,True,1.0,1.0,False,,,
0.96,PURE,False,propose,EUR,"{EUR}+{NDE,RUS}","{EUR}+{NDE,RUS}",1.0,True,1.0,1.0,False,,,
0.96,PURE,False,propose,EUR,{EUR}+{NDE}+{RUS},"{EUR,RUS}+{NDE}",1.0,False,1.0,1.0,False,RUS,,
0.96,PURE,False,propose,NDE,"{EUR,NDE,RUS}","{EUR,NDE,RUS}",1.0,True,1.0,1.0,False,,,
0.96,PURE,False,propose,NDE,"{EUR,NDE}+{RUS}","{EUR,NDE}+{RUS}",1.0,True,1.0,1.0,False,,,
0.96,PURE,False,propose,NDE,"{EUR,RUS}+{NDE}","{EUR,RUS}+{NDE}",1.0,True,1.0,1.0,False,,,
0.96,PURE,False,propose,NDE,"{EUR}+{NDE,RUS}","{EUR}+{NDE,RUS}",1.0,True,1.0,1.0,False,,,
0.96,PURE,False,propose,NDE,{EUR}+{NDE}+{RUS},"{EUR,RUS}+{NDE}",1.0,False,1.0,1.0,False,"EUR,RUS",,
0.96,PURE,False,propose,RUS,"{EUR,NDE,RUS}","{EUR,NDE}+{RUS}",1.0,False,1.0,1.0,True,,,
0.96,PURE,False,propose,RUS,"{EUR,NDE}+{RUS}","{EUR,NDE}+{RUS}",1.0,True,1.0,1.0,False,,,
0.96,PURE,False,propose,RUS,"{EUR,RUS}+{NDE}","{EUR,RUS}+{NDE}",1.0,True,1.0,1.0,False,,,
0.96,PURE,False,propose,RUS,"{EUR}+{NDE,RUS}",{EUR}+{NDE}+{RUS},1.0,False,1.0,1.0,True,,,
0.96,PURE,False,propose,RUS,{EUR}+{NDE}+{RUS},"{EUR,RUS}+{NDE}",1.0,False,1.0,1.0,False,EUR,,
0.96,PURE,False,accept,EUR,"{EUR,NDE,RUS}","{EUR,NDE}+{RUS}",0.0,,,,,,-3.614139066687727e-06,
0.96,PURE,False,accept,EUR,"{EUR,NDE,RUS}","{EUR,RUS}+{NDE}",1.0,,,,,,1.9410162812594223e-05,
0.96,PURE,False,accept,EUR,"{EUR,NDE,RUS}","{EUR}+{NDE,RUS}",1.0,,,,,,1.0275004154181033e-06,
0.96,PURE,False,accept,EUR,"{EUR,NDE,RUS}",{EUR}+{NDE}+{RUS},0.0,,,,,,-3.7239399741650914e-07,
0.96,PURE,False,accept,EUR,"{EUR,NDE}+{RUS}","{EUR,NDE,RUS}",1.0,,,,,,3.614139066687727e-06,
0.96,PURE,False,accept,EUR,"{EUR,NDE}+{RUS}","{EUR,RUS}+{NDE}",1.0,,,,,,2.302430187928195e-05,
0.96,PURE,False,accept,EUR,"{EUR,NDE}+{RUS}","{EUR}+{NDE,RUS}",1.0,,,,,,4.6416394821058304e-06,
0.96,PURE,False,accept,EUR,"{EUR,NDE}+{RUS}",{EUR}+{NDE}+{RUS},1.0,,,,,,3.241745069271218e-06,
0.96,PURE,False,accept,EUR,"{EUR,RUS}+{NDE}","{EUR,NDE,RUS}",0.0,,,,,,-1.9410162812594223e-05,
0.96,PURE,False,accept,EUR,"{EUR,RUS}+{NDE}","{EUR,NDE}+{RUS}",0.0,,,,,,-2.302430187928195e-05,
0.96,PURE,False,accept,EUR,"{EUR,RUS}+{NDE}","{EUR}+{NDE,RUS}",0.0,,,,,,-1.838266239717612e-05,
0.96,PURE,False,accept,EUR,"{EUR,RUS}+{NDE}",{EUR}+{NDE}+{RUS},0.0,,,,,,-1.9782556810010732e-05,
0.96,PURE,False,accept,EUR,"{EUR}+{NDE,RUS}","{EUR,NDE,RUS}",0.0,,,,,,-1.0275004154181033e-06,
0.96,PURE,False,accept,EUR,"{EUR}+{NDE,RUS}","{EUR,NDE}+{RUS}",0.0,,,,,,-4.6416394821058304e-06,
0.96,PURE,False,accept,EUR,"{EUR}+{NDE,RUS}","{EUR,RUS}+{NDE}",1.0,,,,,,1.838266239717612e-05,
0.96,PURE,False,accept,EUR,{EUR}+{NDE}+{RUS},"{EUR,NDE,RUS}",1.0,,,,,,3.7239399741650914e-07,
0.96,PURE,False,accept,EUR,{EUR}+{NDE}+{RUS},"{EUR,NDE}+{RUS}",0.0,,,,,,-3.241745069271218e-06,
0.96,PURE,False,accept,EUR,{EUR}+{NDE}+{RUS},"{EUR,RUS}+{NDE}",1.0,,,,,,1.9782556810010732e-05,"NDE,RUS"
0.96,PURE,False,accept,NDE,"{EUR,NDE,RUS}","{EUR,NDE}+{RUS}",0.0,,,,,,-0.0004759728259102758,
0.96,PURE,False,accept,NDE,"{EUR,NDE,RUS}","{EUR,RUS}+{NDE}",0.0,,,,,,-0.0011690788852085632,
0.96,PURE,False,accept,NDE,"{EUR,NDE,RUS}","{EUR}+{NDE,RUS}",0.0,,,,,,-0.00040369924519012557,
0.96,PURE,False,accept,NDE,"{EUR,NDE,RUS}",{EUR}+{NDE}+{RUS},0.0,,,,,,-0.001475819824516833,
0.96,PURE,False,accept,NDE,"{EUR,NDE}+{RUS}","{EUR,NDE,RUS}",1.0,,,,,,0.0004759728259102758,
0.96,PURE,False,accept,NDE,"{EUR,NDE}+{RUS}","{EUR,RUS}+{NDE}",0.0,,,,,,-0.0006931060592982874,
0.96,PURE,False,accept,NDE,"{EUR,NDE}+{RUS}","{EUR}+{NDE,RUS}",1.0,,,,,,7.227358072015022e-05,
0.96,PURE,False,accept,NDE,"{EUR,NDE}+{RUS}",{EUR}+{NDE}+{RUS},0.0,,,,,,-0.0009998469986065572,
0.96,PURE,False,accept,NDE,"{EUR,RUS}+{NDE}","{EUR,NDE,RUS}",1.0,,,,,,0.0011690788852085632,
0.96,PURE,False,accept,NDE,"{EUR,RUS}+{NDE}","{EUR,NDE}+{RUS}",1.0,,,,,,0.0006931060592982874,
0.96,PURE,False,accept,NDE,"{EUR,RUS}+{NDE}","{EUR}+{NDE,RUS}",1.0,,,,,,0.0007653796400184376,
0.96,PURE,False,accept,NDE,"{EUR}+{NDE,RUS}","{EUR,NDE,RUS}",1.0,,,,,,0.00040369924519012557,
0.96,PURE,False,accept,NDE,"{EUR}+{NDE,RUS}","{EUR,NDE}+{RUS}",0.0,,,,,,-7.227358072015022e-05,
0.96,PURE,False,accept,NDE,"{EUR}+{NDE,RUS}","{EUR,RUS}+{NDE}",0.0,,,,,,-0.0007653796400184376,
0.96,PURE,False,accept,NDE,"{EUR}+{NDE,RUS}",{EUR}+{NDE}+{RUS},0.0,,,,,,-0.0010721205793267075,
0.96,PURE,False,accept,NDE,{EUR}+{NDE}+{RUS},"{EUR,NDE,RUS}",1.0,,,,,,0.001475819824516833,
0.96,PURE,False,accept,NDE,{EUR}+{NDE}+{RUS},"{EUR,NDE}+{RUS}",1.0,,,,,,0.0009998469986065572,
0.96,PURE,False,accept,NDE,{EUR}+{NDE}+{RUS},"{EUR}+{NDE,RUS}",1.0,,,,,,0.0010721205793267075,
0.96,PURE,False,accept,RUS,"{EUR,NDE,RUS}","{EUR,NDE}+{RUS}",1.0,,,,,,7.548942072110876e-05,
0.96,PURE,False,accept,RUS,"{EUR,NDE,RUS}","{EUR,RUS}+{NDE}",1.0,,,,,,0.00011042285892792769,
0.96,PURE,False,accept,RUS,"{EUR,NDE,RUS}","{EUR}+{NDE,RUS}",0.0,,,,,,-5.677656039626555e-05,
0.96,PURE,False,accept,RUS,"{EUR,NDE,RUS}",{EUR}+{NDE}+{RUS},1.0,,,,,,0.00010915832126179303,
0.96,PURE,False,accept,RUS,"{EUR,NDE}+{RUS}","{EUR,NDE,RUS}",0.0,,,,,,-7.548942072110876e-05,
0.96,PURE,False,accept,RUS,"{EUR,NDE}+{RUS}","{EUR,RUS}+{NDE}",1.0,,,,,,3.4933438206818934e-05,
0.96,PURE,False,accept,RUS,"{EUR,NDE}+{RUS}","{EUR}+{NDE,RUS}",0.0,,,,,,-0.0001322659811173743,
0.96,PURE,False,accept,RUS,"{EUR,RUS}+{NDE}","{EUR,NDE,RUS}",0.0,,,,,,-0.00011042285892792769,
0.96,PURE,False,accept,RUS,"{EUR,RUS}+{NDE}","{EUR,NDE}+{RUS}",0.0,,,,,,-3.4933438206818934e-05,
0.96,PURE,False,accept,RUS,"{EUR,RUS}+{NDE}","{EUR}+{NDE,RUS}",0.0,,,,,,-0.00016719941932419324,
0.96,PURE,False,accept,RUS,"{EUR,RUS}+{NDE}",{EUR}+{NDE}+{RUS},0.0,,,,,,-1.2645376661346575e-06,
0.96,PURE,False,accept,RUS,"{EUR}+{NDE,RUS}","{EUR,NDE,RUS}",1.0,,,,,,5.677656039626555e-05,
0.96,PURE,False,accept,RUS,"{EUR}+{NDE,RUS}","{EUR,NDE}+{RUS}",1.0,,,,,,0.0001322659811173743,
0.96,PURE,False,accept,RUS,"{EUR}+{NDE,RUS}","{EUR,RUS}+{NDE}",1.0,,,,,,0.00016719941932419324,
0.96,PURE,False,accept,RUS,"{EUR}+{NDE,RUS}",{EUR}+{NDE}+{RUS},1.0,,,,,,0.00016593488165805859,
0.96,PURE,False,accept,RUS,{EUR}+{NDE}+{RUS},"{EUR,NDE,RUS}",0.0,,,,,,-0.00010915832126179303,
0.96,PURE,False,accept,RUS,{EUR}+{NDE}+{RUS},"{EUR,RUS}+{NDE}",1.0,,,,,,1.2645376661346575e-06,"EUR,NDE"
0.96,PURE,False,accept,RUS,{EUR}+{NDE}+{RUS},"{EUR}+{NDE,RUS}",0.0,,,,,,-0.00016593488165805859,
0.97,PURE,False,propose,EUR,"{EUR,NDE,RUS}","{EUR}+{NDE,RUS}",1.0,False,1.0,1.0,True,,,
0.97,PURE,False,propose,EUR,"{EUR,NDE}+{RUS}",{EUR}+{NDE}+{RUS},1.0,False,1.0,1.0,True,,,
0.97,PURE,False,propose,EUR,"{EUR,RUS}+{NDE}","{EUR,RUS}+{NDE}",1.0,True,1.0,1.0,False,,,
0.97,PURE,False,propose,EUR,"{EUR}+{NDE,RUS}","{EUR}+{NDE,RUS}",1.0,True,1.0,1.0,False,,,
0.97,PURE,False,propose,EUR,{EUR}+{NDE}+{RUS},"{EUR,RUS}+{NDE}",1.0,False,1.0,1.0,False,RUS,,
0.97,PURE,False,propose,NDE,"{EUR,NDE,RUS}","{EUR,NDE,RUS}",1.0,True,1.0,1.0,False,,,
0.97,PURE,False,propose,NDE,"{EUR,NDE}+{RUS}","{EUR,NDE}+{RUS}",1.0,True,1.0,1.0,False,,,
0.97,PURE,False,propose,NDE,"{EUR,RUS}+{NDE}","{EUR,RUS}+{NDE}",1.0,True,1.0,1.0,False,,,
0.97,PURE,False,propose,NDE,"{EUR}+{NDE,RUS}","{EUR}+{NDE,RUS}",1.0,True,1.0,1.0,False,,,
0.97,PURE,False,propose,NDE,{EUR}+{NDE}+{RUS},"{EUR,RUS}+{NDE}",1.0,False,1.0,1.0,False,"EUR,RUS",,
0.97,PURE,False,propose,RUS,"{EUR,NDE,RUS}","{EUR,NDE}+{RUS}",1.0,False,1.0,1.0,True,,,
0.97,PURE,False,propose,RUS,"{EUR,NDE}+{RUS}","{EUR,NDE}+{RUS}",1.0,True,1.0,1.0,False,,,
0.97,PURE,False,propose,RUS,"{EUR,RUS}+{NDE}","{EUR,RUS}+{NDE}",1.0,True,1.0,1.0,False,,,
0.97,PURE,False,propose,RUS,"{EUR}+{NDE,RUS}",{EUR}+{NDE}+{RUS},1.0,False,1.0,1.0,True,,,
0.97,PURE,False,propose,RUS,{EUR}+{NDE}+{RUS},"{EUR,RUS}+{NDE}",1.0,False,1.0,1.0,False,EUR,,
0.97,PURE,False,accept,EUR,"{EUR,NDE,RUS}","{EUR,NDE}+{RUS}",0.0,,,,,,-2.537946863334639e-06,
0.97,PURE,False,accept,EUR,"{EUR,NDE,RUS}","{EUR,RUS}+{NDE}",1.0,,,,,,1.5196066059708357e-05,
0.97,PURE,False,accept,EUR,"{EUR,NDE,RUS}","{EUR}+{NDE,RUS}",1.0,,,,,,1.0089663260437476e-06,
0.97,PURE,False,accept,EUR,"{EUR,NDE,RUS}",{EUR}+{NDE}+{RUS},1.0,,,,,,3.5914845231133086e-07,
0.97,PURE,False,accept,EUR,"{EUR,NDE}+{RUS}","{EUR,NDE,RUS}",1.0,,,,,,2.537946863334639e-06,
0.97,PURE,False,accept,EUR,"{EUR,NDE}+{RUS}","{EUR,RUS}+{NDE}",1.0,,,,,,1.7734012923042997e-05,
0.97,PURE,False,accept,EUR,"{EUR,NDE}+{RUS}","{EUR}+{NDE,RUS}",1.0,,,,,,3.5469131893783867e-06,
0.97,PURE,False,accept,EUR,"{EUR,NDE}+{RUS}",{EUR}+{NDE}+{RUS},1.0,,,,,,2.89709531564597e-06,
0.97,PURE,False,accept,EUR,"{EUR,RUS}+{NDE}","{EUR,NDE,RUS}",0.0,,,,,,-1.5196066059708357e-05,
0.97,PURE,False,accept,EUR,"{EUR,RUS}+{NDE}","{EUR,NDE}+{RUS}",0.0,,,,,,-1.7734012923042997e-05,
0.97,PURE,False,accept,EUR,"{EUR,RUS}+{NDE}","{EUR}+{NDE,RUS}",0.0,,,,,,-1.418709973366461e-05,
0.97,PURE,False,accept,EUR,"{EUR,RUS}+{NDE}",{EUR}+{NDE}+{RUS},0.0,,,,,,-1.4836917607397027e-05,
0.97,PURE,False,accept,EUR,"{EUR}+{NDE,RUS}","{EUR,NDE,RUS}",0.0,,,,,,-1.0089663260437476e-06,
0.97,PURE,False,accept,EUR,"{EUR}+{NDE,RUS}","{EUR,NDE}+{RUS}",0.0,,,,,,-3.5469131893783867e-06,
0.97,PURE,False,accept,EUR,"{EUR}+{NDE,RUS}","{EUR,RUS}+{NDE}",1.0,,,,,,1.418709973366461e-05,
0.97,PURE,False,accept,EUR,{EUR}+{NDE}+{RUS},"{EUR,NDE,RUS}",0.0,,,,,,-3.5914845231133086e-07,
0.97,PURE,False,accept,EUR,{EUR}+{NDE}+{RUS},"{EUR,NDE}+{RUS}",0.0,,,,,,-2.89709531564597e-06,
0.97,PURE,False,accept,EUR,{EUR}+{NDE}+{RUS},"{EUR,RUS}+{NDE}",1.0,,,,,,1.4836917607397027e-05,"NDE,RUS"
0.97,PURE,False,accept,NDE,"{EUR,NDE,RUS}","{EUR,NDE}+{RUS}",0.0,,,,,,-0.0003668374482295178,
0.97,PURE,False,accept,NDE,"{EUR,NDE,RUS}","{EUR,RUS}+{NDE}",0.0,,,,,,-0.0008943047604788035,
0.97,PURE,False,accept,NDE,"{EUR,NDE,RUS}","{EUR}+{NDE,RUS}",0.0,,,,,,-0.00031160952333664227,
0.97,PURE,False,accept,NDE,"{EUR,NDE,RUS}",{EUR}+{NDE}+{RUS},0.0,,,,,,-0.0011243604649600059,
0.97,PURE,False,accept,NDE,"{EUR,NDE}+{RUS}","{EUR,NDE,RUS}",1.0,,,,,,0.0003668374482295178,
0.97,PURE,False,accept,NDE,"{EUR,NDE}+{RUS}","{EUR,RUS}+{NDE}",0.0,,,,,,-0.0005274673122492857,
0.97,PURE,False,accept,NDE,"{EUR,NDE}+{RUS}","{EUR}+{NDE,RUS}",1.0,,,,,,5.5227924892875535e-05,
0.97,PURE,False,accept,NDE,"{EUR,NDE}+{RUS}",{EUR}+{NDE}+{RUS},0.0,,,,,,-0.000757523016730488,
0.97,PURE,False,accept,NDE,"{EUR,RUS}+{NDE}","{EUR,NDE,RUS}",1.0,,,,,,0.0008943047604788035,
0.97,PURE,False,accept,NDE,"{EUR,RUS}+{NDE}","{EUR,NDE}+{RUS}",1.0,,,,,,0.0005274673122492857,
0.97,PURE,False,accept,NDE,"{EUR,RUS}+{NDE}","{EUR}+{NDE,RUS}",1.0,,,,,,0.0005826952371421612,
0.97,PURE,False,accept,NDE,"{EUR}+{NDE,RUS}","{EUR,NDE,RUS}",1.0,,,,,,0.00031160952333664227,
0.97,PURE,False,accept,NDE,"{EUR}+{NDE,RUS}","{EUR,NDE}+{RUS}",0.0,,,,,,-5.5227924892875535e-05,
0.97,PURE,False,accept,NDE,"{EUR}+{NDE,RUS}","{EUR,RUS}+{NDE}",0.0,,,,,,-0.0005826952371421612,
0.97,PURE,False,accept,NDE,"{EUR}+{NDE,RUS}",{EUR}+{NDE}+{RUS},0.0,,,,,,-0.0008127509416233636,
0.97,PURE,False,accept,NDE,{EUR}+{NDE}+{RUS},"{EUR,NDE,RUS}",1.0,,,,,,0.0011243604649600059,
0.97,PURE,False,accept,NDE,{EUR}+{NDE}+{RUS},"{EUR,NDE}+{RUS}",1.0,,,,,,0.000757523016730488,
0.97,PURE,False,accept,NDE,{EUR}+{NDE}+{RUS},"{EUR}+{NDE,RUS}",1.0,,,,,,0.0008127509416233636,
0.97,PURE,False,accept,RUS,"{EUR,NDE,RUS}","{EUR,NDE}+{RUS}",1.0,,,,,,5.8643868341423655e-05,
0.97,PURE,False,accept,RUS,"{EUR,NDE,RUS}","{EUR,RUS}+{NDE}",1.0,,,,,,8.534723530373434e-05,
0.97,PURE,False,accept,RUS,"{EUR,NDE,RUS}","{EUR}+{NDE,RUS}",0.0,,,,,,-4.242730590875432e-05,
0.97,PURE,False,accept,RUS,"{EUR,NDE,RUS}",{EUR}+{NDE}+{RUS},1.0,,,,,,8.439883205402232e-05,
0.97,PURE,False,accept,RUS,"{EUR,NDE}+{RUS}","{EUR,NDE,RUS}",0.0,,,,,,-5.8643868341423655e-05,
0.97,PURE,False,accept,RUS,"{EUR,NDE}+{RUS}","{EUR,RUS}+{NDE}",1.0,,,,,,2.6703366962310682e-05,
0.97,PURE,False,accept,RUS,"{EUR,NDE}+{RUS}","{EUR}+{NDE,RUS}",0.0,,,,,,-0.00010107117425017798,
0.97,PURE,False,accept,RUS,"{EUR,RUS}+{NDE}","{EUR,NDE,RUS}",0.0,,,,,,-8.534723530373434e-05,
0.97,PURE,False,accept,RUS,"{EUR,RUS}+{NDE}","{EUR,NDE}+{RUS}",0.0,,,,,,-2.6703366962310682e-05,
0.97,PURE,False,accept,RUS,"{EUR,RUS}+{NDE}","{EUR}+{NDE,RUS}",0.0,,,,,,-0.00012777454121248866,
0.97,PURE,False,accept,RUS,"{EUR,RUS}+{NDE}",{EUR}+{NDE}+{RUS},0.0,,,,,,-9.484032497120154e-07,
0.97,PURE,False,accept,RUS,"{EUR}+{NDE,RUS}","{EUR,NDE,RUS}",1.0,,,,,,4.242730590875432e-05,
0.97,PURE,False,accept,RUS,"{EUR}+{NDE,RUS}","{EUR,NDE}+{RUS}",1.0,,,,,,0.00010107117425017798,
0.97,PURE,False,accept,RUS,"{EUR}+{NDE,RUS}","{EUR,RUS}+{NDE}",1.0,,,,,,0.00012777454121248866,
0.97,PURE,False,accept,RUS,"{EUR}+{NDE,RUS}",{EUR}+{NDE}+{RUS},1.0,,,,,,0.00012682613796277664,
0.97,PURE,False,accept,RUS,{EUR}+{NDE}+{RUS},"{EUR,NDE,RUS}",0.0,,,,,,-8.439883205402232e-05,
0.97,PURE,False,accept,RUS,{EUR}+{NDE}+{RUS},"{EUR,RUS}+{NDE}",1.0,,,,,,9.484032497120154e-07,"EUR,NDE"
0.97,PURE,False,accept,RUS,{EUR}+{NDE}+{RUS},"{EUR}+{NDE,RUS}",0.0,,,,,,-0.00012682613796277664,
0.98,PURE,False,propose,EUR,"{EUR,NDE,RUS}","{EUR}+{NDE,RUS}",1.0,False,1.0,1.0,True,,,
0.98,PURE,False,propose,EUR,"{EUR,NDE}+{RUS}",{EUR}+{NDE}+{RUS},1.0,False,1.0,1.0,True,,,
0.98,PURE,False,propose,EUR,"{EUR,RUS}+{NDE}","{EUR,RUS}+{NDE}",1.0,True,1.0,1.0,False,,,
0.98,PURE,False,propose,EUR,"{EUR}+{NDE,RUS}","{EUR}+{NDE,RUS}",1.0,True,1.0,1.0,False,,,
0.98,PURE,False,propose,EUR,{EUR}+{NDE}+{RUS},"{EUR,RUS}+{NDE}",1.0,False,1.0,1.0,False,RUS,,
0.98,PURE,False,propose,NDE,"{EUR,NDE,RUS}","{EUR,NDE,RUS}",1.0,True,1.0,1.0,False,,,
0.98,PURE,False,propose,NDE,"{EUR,NDE}+{RUS}","{EUR,NDE}+{RUS}",1.0,True,1.0,1.0,False,,,
0.98,PURE,False,propose,NDE,"{EUR,RUS}+{NDE}","{EUR,RUS}+{NDE}",1.0,True,1.0,1.0,False,,,
0.98,PURE,False,propose,NDE,"{EUR}+{NDE,RUS}","{EUR}+{NDE,RUS}",1.0,True,1.0,1.0,False,,,
0.98,PURE,False,propose,NDE,{EUR}+{NDE}+{RUS},"{EUR,RUS}+{NDE}",1.0,False,1.0,1.0,False,"EUR,RUS",,
0.98,PURE,False,propose,RUS,"{EUR,NDE,RUS}","{EUR,NDE}+{RUS}",1.0,False,1.0,1.0,True,,,
0.98,PURE,False,propose,RUS,"{EUR,NDE}+{RUS}","{EUR,NDE}+{RUS}",1.0,True,1.0,1.0,False,,,
0.98,PURE,False,propose,RUS,"{EUR,RUS}+{NDE}","{EUR,RUS}+{NDE}",1.0,True,1.0,1.0,False,,,
0.98,PURE,False,propose,RUS,"{EUR}+{NDE,RUS}",{EUR}+{NDE}+{RUS},1.0,False,1.0,1.0,True,,,
0.98,PURE,False,propose,RUS,{EUR}+{NDE}+{RUS},"{EUR,RUS}+{NDE}",1.0,False,1.0,1.0,False,EUR,,
0.98,PURE,False,accept,EUR,"{EUR,NDE,RUS}","{EUR,NDE}+{RUS}",0.0,,,,,,-1.5681018585844697e-06,
0.98,PURE,False,accept,EUR,"{EUR,NDE,RUS}","{EUR,RUS}+{NDE}",1.0,,,,,,1.0577041009707244e-05,
0.98,PURE,False,accept,EUR,"{EUR,NDE,RUS}","{EUR}+{NDE,RUS}",1.0,,,,,,8.419801802439508e-07,
0.98,PURE,False,accept,EUR,"{EUR,NDE,RUS}",{EUR}+{NDE}+{RUS},1.0,,,,,,6.857626049239229e-07,
0.98,PURE,False,accept,EUR,"{EUR,NDE}+{RUS}","{EUR,NDE,RUS}",1.0,,,,,,1.5681018585844697e-06,
0.98,PURE,False,accept,EUR,"{EUR,NDE}+{RUS}","{EUR,RUS}+{NDE}",1.0,,,,,,1.2145142868291714e-05,
0.98,PURE,False,accept,EUR,"{EUR,NDE}+{RUS}","{EUR}+{NDE,RUS}",1.0,,,,,,2.4100820388284205e-06,
0.98,PURE,False,accept,EUR,"{EUR,NDE}+{RUS}",{EUR}+{NDE}+{RUS},1.0,,,,,,2.2538644635083926e-06,
0.98,PURE,False,accept,EUR,"{EUR,RUS}+{NDE}","{EUR,NDE,RUS}",0.0,,,,,,-1.0577041009707244e-05,
0.98,PURE,False,accept,EUR,"{EUR,RUS}+{NDE}","{EUR,NDE}+{RUS}",0.0,,,,,,-1.2145142868291714e-05,
0.98,PURE,False,accept,EUR,"{EUR,RUS}+{NDE}","{EUR}+{NDE,RUS}",0.0,,,,,,-9.735060829463293e-06,
0.98,PURE,False,accept,EUR,"{EUR,RUS}+{NDE}",{EUR}+{NDE}+{RUS},0.0,,,,,,-9.891278404783321e-06,
0.98,PURE,False,accept,EUR,"{EUR}+{NDE,RUS}","{EUR,NDE,RUS}",0.0,,,,,,-8.419801802439508e-07,
0.98,PURE,False,accept,EUR,"{EUR}+{NDE,RUS}","{EUR,NDE}+{RUS}",0.0,,,,,,-2.4100820388284205e-06,
0.98,PURE,False,accept,EUR,"{EUR}+{NDE,RUS}","{EUR,RUS}+{NDE}",1.0,,,,,,9.735060829463293e-06,
0.98,PURE,False,accept,EUR,{EUR}+{NDE}+{RUS},"{EUR,NDE,RUS}",0.0,,,,,,-6.857626049239229e-07,
0.98,PURE,False,accept,EUR,{EUR}+{NDE}+{RUS},"{EUR,NDE}+{RUS}",0.0,,,,,,-2.2538644635083926e-06,
0.98,PURE,False,accept,EUR,{EUR}+{NDE}+{RUS},"{EUR,RUS}+{NDE}",1.0,,,,,,9.891278404783321e-06,"NDE,RUS"
0.98,PURE,False,accept,NDE,"{EUR,NDE,RUS}","{EUR,NDE}+{RUS}",0.0,,,,,,-0.0002513601520810482,
0.98,PURE,False,accept,NDE,"{EUR,NDE,RUS}","{EUR,RUS}+{NDE}",0.0,,,,,,-0.0006082927123003401,
0.98,PURE,False,accept,NDE,"{EUR,NDE,RUS}","{EUR}+{NDE,RUS}",0.0,,,,,,-0.00021383348516934575,
0.98,PURE,False,accept,NDE,"{EUR,NDE,RUS}",{EUR}+{NDE}+{RUS},0.0,,,,,,-0.000761663181954475,
0.98,PURE,False,accept,NDE,"{EUR,NDE}+{RUS}","{EUR,NDE,RUS}",1.0,,,,,,0.0002513601520810482,
0.98,PURE,False,accept,NDE,"{EUR,NDE}+{RUS}","{EUR,RUS}+{NDE}",0.0,,,,,,-0.00035693256021929187,
0.98,PURE,False,accept,NDE,"{EUR,NDE}+{RUS}","{EUR}+{NDE,RUS}",1.0,,,,,,3.752666691170248e-05,
0.98,PURE,False,accept,NDE,"{EUR,NDE}+{RUS}",{EUR}+{NDE}+{RUS},0.0,,,,,,-0.0005103030298734268,
0.98,PURE,False,accept,NDE,"{EUR,RUS}+{NDE}","{EUR,NDE,RUS}",1.0,,,,,,0.0006082927123003401,
0.98,PURE,False,accept,NDE,"{EUR,RUS}+{NDE}","{EUR,NDE}+{RUS}",1.0,,,,,,0.00035693256021929187,
0.98,PURE,False,accept,NDE,"{EUR,RUS}+{NDE}","{EUR}+{NDE,RUS}",1.0,,,,,,0.00039445922713099435,
0.98,PURE,False,accept,NDE,"{EUR}+{NDE,RUS}","{EUR,NDE,RUS}",1.0,,,,,,0.00021383348516934575,
0.98,PURE,False,accept,NDE,"{EUR}+{NDE,RUS}","{EUR,NDE}+{RUS}",0.0,,,,,,-3.752666691170248e-05,
0.98,PURE,False,accept,NDE,"{EUR}+{NDE,RUS}","{EUR,RUS}+{NDE}",0.0,,,,,,-0.00039445922713099435,
0.98,PURE,False,accept,NDE,"{EUR}+{NDE,RUS}",{EUR}+{NDE}+{RUS},0.0,,,,,,-0.0005478296967851293,
0.98,PURE,False,accept,NDE,{EUR}+{NDE}+{RUS},"{EUR,NDE,RUS}",1.0,,,,,,0.000761663181954475,
0.98,PURE,False,accept,NDE,{EUR}+{NDE}+{RUS},"{EUR,NDE}+{RUS}",1.0,,,,,,0.0005103030298734268,
0.98,PURE,False,accept,NDE,{EUR}+{NDE}+{RUS},"{EUR}+{NDE,RUS}",1.0,,,,,,0.0005478296967851293,
0.98,PURE,False,accept,RUS,"{EUR,NDE,RUS}","{EUR,NDE}+{RUS}",1.0,,,,,,4.050571275615589e-05,
0.98,PURE,False,accept,RUS,"{EUR,NDE,RUS}","{EUR,RUS}+{NDE}",1.0,,,,,,5.865638776403337e-05,
0.98,PURE,False,accept,RUS,"{EUR,NDE,RUS}","{EUR}+{NDE,RUS}",0.0,,,,,,-2.8170854362574715e-05,
0.98,PURE,False,accept,RUS,"{EUR,NDE,RUS}",{EUR}+{NDE}+{RUS},1.0,,,,,,5.802411893096604e-05,
0.98,PURE,False,accept,RUS,"{EUR,NDE}+{RUS}","{EUR,NDE,RUS}",0.0,,,,,,-4.050571275615589e-05,
0.98,PURE,False,accept,RUS,"{EUR,NDE}+{RUS}","{EUR,RUS}+{NDE}",1.0,,,,,,1.815067500787748e-05,
0.98,PURE,False,accept,RUS,"{EUR,NDE}+{RUS}","{EUR}+{NDE,RUS}",0.0,,,,,,-6.86765671187306e-05,
0.98,PURE,False,accept,RUS,"{EUR,RUS}+{NDE}","{EUR,NDE,RUS}",0.0,,,,,,-5.865638776403337e-05,
0.98,PURE,False,accept,RUS,"{EUR,RUS}+{NDE}","{EUR,NDE}+{RUS}",0.0,,,,,,-1.815067500787748e-05,
0.98,PURE,False,accept,RUS,"{EUR,RUS}+{NDE}","{EUR}+{NDE,RUS}",0.0,,,,,,-8.682724212660808e-05,
0.98,PURE,False,accept,RUS,"{EUR,RUS}+{NDE}",{EUR}+{NDE}+{RUS},0.0,,,,,,-6.322688330673287e-07,
0.98,PURE,False,accept,RUS,"{EUR}+{NDE,RUS}","{EUR,NDE,RUS}",1.0,,,,,,2.8170854362574715e-05,
0.98,PURE,False,accept,RUS,"{EUR}+{NDE,RUS}","{EUR,NDE}+{RUS}",1.0,,,,,,6.86765671187306e-05,
0.98,PURE,False,accept,RUS,"{EUR}+{NDE,RUS}","{EUR,RUS}+{NDE}",1.0,,,,,,8.682724212660808e-05,
0.98,PURE,False,accept,RUS,"{EUR}+{NDE,RUS}",{EUR}+{NDE}+{RUS},1.0,,,,,,8.619497329354076e-05,
0.98,PURE,False,accept,RUS,{EUR}+{NDE}+{RUS},"{EUR,NDE,RUS}",0.0,,,,,,-5.802411893096604e-05,
0.98,PURE,False,accept,RUS,{EUR}+{NDE}+{RUS},"{EUR,RUS}+{NDE}",1.0,,,,,,6.322688330673287e-07,"EUR,NDE"
0.98,PURE,False,accept,RUS,{EUR}+{NDE}+{RUS},"{EUR}+{NDE,RUS}",0.0,,,,,,-8.619497329354076e-05,
0.99,PURE,False,propose,EUR,"{EUR,NDE,RUS}","{EUR}+{NDE,RUS}",1.0,False,1.0,1.0,True,,,
0.99,PURE,False,propose,EUR,"{EUR,NDE}+{RUS}",{EUR}+{NDE}+{RUS},1.0,False,1.0,1.0,True,,,
0.99,PURE,False,propose,EUR,"{EUR,RUS}+{NDE}","{EUR,RUS}+{NDE}",1.0,True,1.0,1.0,False,,,
0.99,PURE,False,propose,EUR,"{EUR}+{NDE,RUS}","{EUR}+{NDE,RUS}",1.0,True,1.0,1.0,False,,,
0.99,PURE,False,propose,EUR,{EUR}+{NDE}+{RUS},"{EUR,RUS}+{NDE}",1.0,False,1.0,1.0,False,RUS,,
0.99,PURE,False,propose,NDE,"{EUR,NDE,RUS}","{EUR,NDE,RUS}",1.0,True,1.0,1.0,False,,,
0.99,PURE,False,propose,NDE,"{EUR,NDE}+{RUS}","{EUR,NDE}+{RUS}",1.0,True,1.0,1.0,False,,,
0.99,PURE,False,propose,NDE,"{EUR,RUS}+{NDE}","{EUR,RUS}+{NDE}",1.0,True,1.0,1.0,False,,,
0.99,PURE,False,propose,NDE,"{EUR}+{NDE,RUS}","{EUR}+{NDE,RUS}",1.0,True,1.0,1.0,False,,,
0.99,PURE,False,propose,NDE,{EUR}+{NDE}+{RUS},"{EUR,RUS}+{NDE}",1.0,False,1.0,1.0,False,"EUR,RUS",,
0.99,PURE,False,propose,RUS,"{EUR,NDE,RUS}","{EUR,NDE}+{RUS}",1.0,False,1.0,1.0,True,,,
0.99,PURE,False,propose,RUS,"{EUR,NDE}+{RUS}","{EUR,NDE}+{RUS}",1.0,True,1.0,1.0,False,,,
0.99,PURE,False,propose,RUS,"{EUR,RUS}+{NDE}","{EUR,RUS}+{NDE}",1.0,True,1.0,1.0,False,,,
0.99,PURE,False,propose,RUS,"{EUR}+{NDE,RUS}",{EUR}+{NDE}+{RUS},1.0,False,1.0,1.0,True,,,
0.99,PURE,False,propose,RUS,{EUR}+{NDE}+{RUS},"{EUR,RUS}+{NDE}",1.0,False,1.0,1.0,False,EUR,,
0.99,PURE,False,accept,EUR,"{EUR,NDE,RUS}","{EUR,NDE}+{RUS}",0.0,,,,,,-7.174501579498838e-07,
0.99,PURE,False,accept,EUR,"{EUR,NDE,RUS}","{EUR,RUS}+{NDE}",1.0,,,,,,5.52267796294359e-06,
0.99,PURE,False,accept,EUR,"{EUR,NDE,RUS}","{EUR}+{NDE,RUS}",1.0,,,,,,5.112191163725299e-07,
0.99,PURE,False,accept,EUR,"{EUR,NDE,RUS}",{EUR}+{NDE}+{RUS},1.0,,,,,,5.770387603298843e-07,
0.99,PURE,False,accept,EUR,"{EUR,NDE}+{RUS}","{EUR,NDE,RUS}",1.0,,,,,,7.174501579498838e-07,
0.99,PURE,False,accept,EUR,"{EUR,NDE}+{RUS}","{EUR,RUS}+{NDE}",1.0,,,,,,6.240128120893473e-06,
0.99,PURE,False,accept,EUR,"{EUR,NDE}+{RUS}","{EUR}+{NDE,RUS}",1.0,,,,,,1.2286692743224137e-06,
0.99,PURE,False,accept,EUR,"{EUR,NDE}+{RUS}",{EUR}+{NDE}+{RUS},1.0,,,,,,1.294488918279768e-06,
0.99,PURE,False,accept,EUR,"{EUR,RUS}+{NDE}","{EUR,NDE,RUS}",0.0,,,,,,-5.52267796294359e-06,
0.99,PURE,False,accept,EUR,"{EUR,RUS}+{NDE}","{EUR,NDE}+{RUS}",0.0,,,,,,-6.240128120893473e-06,
0.99,PURE,False,accept,EUR,"{EUR,RUS}+{NDE}","{EUR}+{NDE,RUS}",0.0,,,,,,-5.01145884657106e-06,
0.99,PURE,False,accept,EUR,"{EUR,RUS}+{NDE}",{EUR}+{NDE}+{RUS},0.0,,,,,,-4.945639202613705e-06,
0.99,PURE,False,accept,EUR,"{EUR}+{NDE,RUS}","{EUR,NDE,RUS}",0.0,,,,,,-5.112191163725299e-07,
0.99,PURE,False,accept,EUR,"{EUR}+{NDE,RUS}","{EUR,NDE}+{RUS}",0.0,,,,,,-1.2286692743224137e-06,
0.99,PURE,False,accept,EUR,"{EUR}+{NDE,RUS}","{EUR,RUS}+{NDE}",1.0,,,,,,5.01145884657106e-06,
0.99,PURE,False,accept,EUR,{EUR}+{NDE}+{RUS},"{EUR,NDE,RUS}",0.0,,,,,,-5.770387603298843e-07,
0.99,PURE,False,accept,EUR,{EUR}+{NDE}+{RUS},"{EUR,NDE}+{RUS}",0.0,,,,,,-1.294488918279768e-06,
0.99,PURE,False,accept,EUR,{EUR}+{NDE}+{RUS},"{EUR,RUS}+{NDE}",1.0,,,,,,4.945639202613705e-06,"NDE,RUS"
0.99,PURE,False,accept,NDE,"{EUR,NDE,RUS}","{EUR,NDE}+{RUS}",0.0,,,,,,-0.0001292025766517213,
0.99,PURE,False,accept,NDE,"{EUR,NDE,RUS}","{EUR,RUS}+{NDE}",0.0,,,,,,-0.0003104163795590864,
0.99,PURE,False,accept,NDE,"{EUR,NDE,RUS}","{EUR}+{NDE,RUS}",0.0,,,,,,-0.00011007133469576047,
0.99,PURE,False,accept,NDE,"{EUR,NDE,RUS}",{EUR}+{NDE}+{RUS},0.0,,,,,,-0.00038710161438615387,
0.99,PURE,False,accept,NDE,"{EUR,NDE}+{RUS}","{EUR,NDE,RUS}",1.0,,,,,,0.0001292025766517213,
0.99,PURE,False,accept,NDE,"{EUR,NDE}+{RUS}","{EUR,RUS}+{NDE}",0.0,,,,,,-0.0001812138029073651,
0.99,PURE,False,accept,NDE,"{EUR,NDE}+{RUS}","{EUR}+{NDE,RUS}",1.0,,,,,,1.913124195596083e-05,
0.99,PURE,False,accept,NDE,"{EUR,NDE}+{RUS}",{EUR}+{NDE}+{RUS},0.0,,,,,,-0.00025789903773443257,
0.99,PURE,False,accept,NDE,"{EUR,RUS}+{NDE}","{EUR,NDE,RUS}",1.0,,,,,,0.0003104163795590864,
0.99,PURE,False,accept,NDE,"{EUR,RUS}+{NDE}","{EUR,NDE}+{RUS}",1.0,,,,,,0.0001812138029073651,
0.99,PURE,False,accept,NDE,"{EUR,RUS}+{NDE}","{EUR}+{NDE,RUS}",1.0,,,,,,0.00020034504486332594,
0.99,PURE,False,accept,NDE,"{EUR}+{NDE,RUS}","{EUR,NDE,RUS}",1.0,,,,,,0.00011007133469576047,
0.99,PURE,False,accept,NDE,"{EUR}+{NDE,RUS}","{EUR,NDE}+{RUS}",0.0,,,,,,-1.913124195596083e-05,
0.99,PURE,False,accept,NDE,"{EUR}+{NDE,RUS}","{EUR,RUS}+{NDE}",0.0,,,,,,-0.00020034504486332594,
0.99,PURE,False,accept,NDE,"{EUR}+{NDE,RUS}",{EUR}+{NDE}+{RUS},0.0,,,,,,-0.0002770302796903934,
0.99,PURE,False,accept,NDE,{EUR}+{NDE}+{RUS},"{EUR,NDE,RUS}",1.0,,,,,,0.00038710161438615387,
0.99,PURE,False,accept,NDE,{EUR}+{NDE}+{RUS},"{EUR,NDE}+{RUS}",1.0,,,,,,0.00025789903773443257,
0.99,PURE,False,accept,NDE,{EUR}+{NDE}+{RUS},"{EUR}+{NDE,RUS}",1.0,,,,,,0.0002770302796903934,
0.99,PURE,False,accept,RUS,"{EUR,NDE,RUS}","{EUR,NDE}+{RUS}",1.0,,,,,,2.0988829905865813e-05,
0.99,PURE,False,accept,RUS,"{EUR,NDE,RUS}","{EUR,RUS}+{NDE}",1.0,,,,,,3.024521456107543e-05,
0.99,PURE,False,accept,RUS,"{EUR,NDE,RUS}","{EUR}+{NDE,RUS}",0.0,,,,,,-1.402275333117764e-05,
0.99,PURE,False,accept,RUS,"{EUR,NDE,RUS}",{EUR}+{NDE}+{RUS},1.0,,,,,,2.9929080144430742e-05,
0.99,PURE,False,accept,RUS,"{EUR,NDE}+{RUS}","{EUR,NDE,RUS}",0.0,,,,,,-2.0988829905865813e-05,
0.99,PURE,False,accept,RUS,"{EUR,NDE}+{RUS}","{EUR,RUS}+{NDE}",1.0,,,,,,9.256384655209615e-06,
0.99,PURE,False,accept,RUS,"{EUR,NDE}+{RUS}","{EUR}+{NDE,RUS}",0.0,,,,,,-3.501158323704345e-05,
0.99,PURE,False,accept,RUS,"{EUR,RUS}+{NDE}","{EUR,NDE,RUS}",0.0,,,,,,-3.024521456107543e-05,
0.99,PURE,False,accept,RUS,"{EUR,RUS}+{NDE}","{EUR,NDE}+{RUS}",0.0,,,,,,-9.256384655209615e-06,
0.99,PURE,False,accept,RUS,"{EUR,RUS}+{NDE}","{EUR}+{NDE,RUS}",0.0,,,,,,-4.426796789225307e-05,
0.99,PURE,False,accept,RUS,"{EUR,RUS}+{NDE}",{EUR}+{NDE}+{RUS},0.0,,,,,,-3.1613441664468667e-07,
0.99,PURE,False,accept,RUS,"{EUR}+{NDE,RUS}","{EUR,NDE,RUS}",1.0,,,,,,1.402275333117764e-05,
0.99,PURE,False,accept,RUS,"{EUR}+{NDE,RUS}","{EUR,NDE}+{RUS}",1.0,,,,,,3.501158323704345e-05,
0.99,PURE,False,accept,RUS,"{EUR}+{NDE,RUS}","{EUR,RUS}+{NDE}",1.0,,,,,,4.426796789225307e-05,
0.99,PURE,False,accept,RUS,"{EUR}+{NDE,RUS}",{EUR}+{NDE}+{RUS},1.0,,,,,,4.395183347560838e-05,
0.99,PURE,False,accept,RUS,{EUR}+{NDE}+{RUS},"{EUR,NDE,RUS}",0.0,,,,,,-2.9929080144430742e-05,
0.99,PURE,False,accept,RUS,{EUR}+{NDE}+{RUS},"{EUR,RUS}+{NDE}",1.0,,,,,,3.1613441664468667e-07,"EUR,NDE"
0.99,PURE,False,accept,RUS,{EUR}+{NDE}+{RUS},"{EUR}+{NDE,RUS}",0.0,,,,,,-4.395183347560838e-05,
0.995,PURE,False,propose,EUR,"{EUR,NDE,RUS}","{EUR}+{NDE,RUS}",1.0,False,1.0,1.0,True,,,
0.995,PURE,False,propose,EUR,"{EUR,NDE}+{RUS}",{EUR}+{NDE}+{RUS},1.0,False,1.0,1.0,True,,,
0.995,PURE,False,propose,EUR,"{EUR,RUS}+{NDE}","{EUR,RUS}+{NDE}",1.0,True,1.0,1.0,False,,,
0.995,PURE,False,propose,EUR,"{EUR}+{NDE,RUS}","{EUR}+{NDE,RUS}",1.0,True,1.0,1.0,False,,,
0.995,PURE,False,propose,EUR,{EUR}+{NDE}+{RUS},"{EUR,RUS}+{NDE}",1.0,False,1.0,1.0,False,RUS,,
0.995,PURE,False,propose,NDE,"{EUR,NDE,RUS}","{EUR,NDE,RUS}",1.0,True,1.0,1.0,False,,,
0.995,PURE,False,propose,NDE,"{EUR,NDE}+{RUS}","{EUR,NDE}+{RUS}",1.0,True,1.0,1.0,False,,,
0.995,PURE,False,propose,NDE,"{EUR,RUS}+{NDE}","{EUR,RUS}+{NDE}",1.0,True,1.0,1.0,False,,,
0.995,PURE,False,propose,NDE,"{EUR}+{NDE,RUS}","{EUR}+{NDE,RUS}",1.0,True,1.0,1.0,False,,,
0.995,PURE,False,propose,NDE,{EUR}+{NDE}+{RUS},"{EUR,RUS}+{NDE}",1.0,False,1.0,1.0,False,"EUR,RUS",,
0.995,PURE,False,propose,RUS,"{EUR,NDE,RUS}","{EUR,NDE}+{RUS}",1.0,False,1.0,1.0,True,,,
0.995,PURE,False,propose,RUS,"{EUR,NDE}+{RUS}","{EUR,NDE}+{RUS}",1.0,True,1.0,1.0,False,,,
0.995,PURE,False,propose,RUS,"{EUR,RUS}+{NDE}","{EUR,RUS}+{NDE}",1.0,True,1.0,1.0,False,,,
0.995,PURE,False,propose,RUS,"{EUR}+{NDE,RUS}",{EUR}+{NDE}+{RUS},1.0,False,1.0,1.0,True,,,
0.995,PURE,False,propose,RUS,{EUR}+{NDE}+{RUS},"{EUR,RUS}+{NDE}",1.0,False,1.0,1.0,False,EUR,,
0.995,PURE,False,accept,EUR,"{EUR,NDE,RUS}","{EUR,NDE}+{RUS}",0.0,,,,,,-3.411507387696133e-07,
0.995,PURE,False,accept,EUR,"{EUR,NDE,RUS}","{EUR,RUS}+{NDE}",1.0,,,,,,2.822046726524974e-06,
0.995,PURE,False,accept,EUR,"{EUR,NDE,RUS}","{EUR}+{NDE,RUS}",1.0,,,,,,2.792664197670547e-07,
0.995,PURE,False,accept,EUR,"{EUR,NDE,RUS}",{EUR}+{NDE}+{RUS},1.0,,,,,,3.4922712544016576e-07,
0.995,PURE,False,accept,EUR,"{EUR,NDE}+{RUS}","{EUR,NDE,RUS}",1.0,,,,,,3.411507387696133e-07,
0.995,PURE,False,accept,EUR,"{EUR,NDE}+{RUS}","{EUR,RUS}+{NDE}",1.0,,,,,,3.163197465294587e-06,
0.995,PURE,False,accept,EUR,"{EUR,NDE}+{RUS}","{EUR}+{NDE,RUS}",1.0,,,,,,6.20417158536668e-07,
0.995,PURE,False,accept,EUR,"{EUR,NDE}+{RUS}",{EUR}+{NDE}+{RUS},1.0,,,,,,6.903778642097791e-07,
0.995,PURE,False,accept,EUR,"{EUR,RUS}+{NDE}","{EUR,NDE,RUS}",0.0,,,,,,-2.822046726524974e-06,
0.995,PURE,False,accept,EUR,"{EUR,RUS}+{NDE}","{EUR,NDE}+{RUS}",0.0,,,,,,-3.163197465294587e-06,
0.995,PURE,False,accept,EUR,"{EUR,RUS}+{NDE}","{EUR}+{NDE,RUS}",0.0,,,,,,-2.542780306757919e-06,
0.995,PURE,False,accept,EUR,"{EUR,RUS}+{NDE}",{EUR}+{NDE}+{RUS},0.0,,,,,,-2.472819601084808e-06,
0.995,PURE,False,accept,EUR,"{EUR}+{NDE,RUS}","{EUR,NDE,RUS}",0.0,,,,,,-2.792664197670547e-07,
0.995,PURE,False,accept,EUR,"{EUR}+{NDE,RUS}","{EUR,NDE}+{RUS}",0.0,,,,,,-6.20417158536668e-07,
0.995,PURE,False,accept,EUR,"{EUR}+{NDE,RUS}","{EUR,RUS}+{NDE}",1.0,,,,,,2.542780306757919e-06,
0.995,PURE,False,accept,EUR,{EUR}+{NDE}+{RUS},"{EUR,NDE,RUS}",0.0,,,,,,-3.4922712544016576e-07,
0.995,PURE,False,accept,EUR,{EUR}+{NDE}+{RUS},"{EUR,NDE}+{RUS}",0.0,,,,,,-6.903778642097791e-07,
0.995,PURE,False,accept,EUR,{EUR}+{NDE}+{RUS},"{EUR,RUS}+{NDE}",1.0,,,,,,2.472819601084808e-06,"NDE,RUS"
0.995,PURE,False,accept,NDE,"{EUR,NDE,RUS}","{EUR,NDE}+{RUS}",0.0,,,,,,-6.550580921782512e-05,
0.995,PURE,False,accept,NDE,"{EUR,NDE,RUS}","{EUR,RUS}+{NDE}",0.0,,,,,,-0.00015681999376937483,
0.995,PURE,False,accept,NDE,"{EUR,NDE,RUS}","{EUR}+{NDE,RUS}",0.0,,,,,,-5.584547912462767e-05,
0.995,PURE,False,accept,NDE,"{EUR,NDE,RUS}",{EUR}+{NDE}+{RUS},0.0,,,,,,-0.00019516261118468492,
0.995,PURE,False,accept,NDE,"{EUR,NDE}+{RUS}","{EUR,NDE,RUS}",1.0,,,,,,6.550580921782512e-05,
0.995,PURE,False,accept,NDE,"{EUR,NDE}+{RUS}","{EUR,RUS}+{NDE}",0.0,,,,,,-9.131418455154972e-05,
0.995,PURE,False,accept,NDE,"{EUR,NDE}+{RUS}","{EUR}+{NDE,RUS}",1.0,,,,,,9.660330093197445e-06,
0.995,PURE,False,accept,NDE,"{EUR,NDE}+{RUS}",{EUR}+{NDE}+{RUS},0.0,,,,,,-0.0001296568019668598,
0.995,PURE,False,accept,NDE,"{EUR,RUS}+{NDE}","{EUR,NDE,RUS}",1.0,,,,,,0.00015681999376937483,
0.995,PURE,False,accept,NDE,"{EUR,RUS}+{NDE}","{EUR,NDE}+{RUS}",1.0,,,,,,9.131418455154972e-05,
0.995,PURE,False,accept,NDE,"{EUR,RUS}+{NDE}","{EUR}+{NDE,RUS}",1.0,,,,,,0.00010097451464474716,
0.995,PURE,False,accept,NDE,"{EUR}+{NDE,RUS}","{EUR,NDE,RUS}",1.0,,,,,,5.584547912462767e-05,
0.995,PURE,False,accept,NDE,"{EUR}+{NDE,RUS}","{EUR,NDE}+{RUS}",0.0,,,,,,-9.660330093197445e-06,
0.995,PURE,False,accept,NDE,"{EUR}+{NDE,RUS}","{EUR,RUS}+{NDE}",0.0,,,,,,-0.00010097451464474716,
0.995,PURE,False,accept,NDE,"{EUR}+{NDE,RUS}",{EUR}+{NDE}+{RUS},0.0,,,,,,-0.00013931713206005725,
0.995,PURE,False,accept,NDE,{EUR}+{NDE}+{RUS},"{EUR,NDE,RUS}",1.0,,,,,,0.00019516261118468492,
0.995,PURE,False,accept,NDE,{EUR}+{NDE}+{RUS},"{EUR,NDE}+{RUS}",1.0,,,,,,0.0001296568019668598,
0.995,PURE,False,accept,NDE,{EUR}+{NDE}+{RUS},"{EUR}+{NDE,RUS}",1.0,,,,,,0.00013931713206005725,
0.995,PURE,False,accept,RUS,"{EUR,NDE,RUS}","{EUR,NDE}+{RUS}",1.0,,,,,,1.0684531098092975e-05,
0.995,PURE,False,accept,RUS,"{EUR,NDE,RUS}","{EUR,RUS}+{NDE}",1.0,,,,,,1.535932962304365e-05,
0.995,PURE,False,accept,RUS,"{EUR,NDE,RUS}","{EUR}+{NDE,RUS}",0.0,,,,,,-6.994585189934455e-06,
0.995,PURE,False,accept,RUS,"{EUR,NDE,RUS}",{EUR}+{NDE}+{RUS},1.0,,,,,,1.5201262414832328e-05,
0.995,PURE,False,accept,RUS,"{EUR,NDE}+{RUS}","{EUR,NDE,RUS}",0.0,,,,,,-1.0684531098092975e-05,
0.995,PURE,False,accept,RUS,"{EUR,NDE}+{RUS}","{EUR,RUS}+{NDE}",1.0,,,,,,4.674798524950674e-06,
0.995,PURE,False,accept,RUS,"{EUR,NDE}+{RUS}","{EUR}+{NDE,RUS}",0.0,,,,,,-1.767911628802743e-05,
0.995,PURE,False,accept,RUS,"{EUR,RUS}+{NDE}","{EUR,NDE,RUS}",0.0,,,,,,-1.535932962304365e-05,
0.995,PURE,False,accept,RUS,"{EUR,RUS}+{NDE}","{EUR,NDE}+{RUS}",0.0,,,,,,-4.674798524950674e-06,
0.995,PURE,False,accept,RUS,"{EUR,RUS}+{NDE}","{EUR}+{NDE,RUS}",0.0,,,,,,-2.2353914812978104e-05,
0.995,PURE,False,accept,RUS,"{EUR,RUS}+{NDE}",{EUR}+{NDE}+{RUS},0.0,,,,,,-1.5806720821132103e-07,
0.995,PURE,False,accept,RUS,"{EUR}+{NDE,RUS}","{EUR,NDE,RUS}",1.0,,,,,,6.994585189934455e-06,
0.995,PURE,False,accept,RUS,"{EUR}+{NDE,RUS}","{EUR,NDE}+{RUS}",1.0,,,,,,1.767911628802743e-05,
0.995,PURE,False,accept,RUS,"{EUR}+{NDE,RUS}","{EUR,RUS}+{NDE}",1.0,,,,,,2.2353914812978104e-05,
0.995,PURE,False,accept,RUS,"{EUR}+{NDE,RUS}",{EUR}+{NDE}+{RUS},1.0,,,,,,2.2195847604766783e-05,
0.995,PURE,False,accept,RUS,{EUR}+{NDE}+{RUS},"{EUR,NDE,RUS}",0.0,,,,,,-1.5201262414832328e-05,
0.995,PURE,False,accept,RUS,{EUR}+{NDE}+{RUS},"{EUR,RUS}+{NDE}",1.0,,,,,,1.5806720821132103e-07,"EUR,NDE"
0.995,PURE,False,accept,RUS,{EUR}+{NDE}+{RUS},"{EUR}+{NDE,RUS}",0.0,,,,,,-2.2195847604766783e-05,
0.997,PURE,False,propose,EUR,"{EUR,NDE,RUS}","{EUR}+{NDE,RUS}",1.0,False,1.0,1.0,True,,,
0.997,PURE,False,propose,EUR,"{EUR,NDE}+{RUS}",{EUR}+{NDE}+{RUS},1.0,False,1.0,1.0,True,,,
0.997,PURE,False,propose,EUR,"{EUR,RUS}+{NDE}","{EUR,RUS}+{NDE}",1.0,True,1.0,1.0,False,,,
0.997,PURE,False,propose,EUR,"{EUR}+{NDE,RUS}","{EUR}+{NDE,RUS}",1.0,True,1.0,1.0,False,,,
0.997,PURE,False,propose,EUR,{EUR}+{NDE}+{RUS},"{EUR,RUS}+{NDE}",1.0,False,1.0,1.0,False,RUS,,
0.997,PURE,False,propose,NDE,"{EUR,NDE,RUS}","{EUR,NDE,RUS}",1.0,True,1.0,1.0,False,,,
0.997,PURE,False,propose,NDE,"{EUR,NDE}+{RUS}","{EUR,NDE}+{RUS}",1.0,True,1.0,1.0,False,,,
0.997,PURE,False,propose,NDE,"{EUR,RUS}+{NDE}","{EUR,RUS}+{NDE}",1.0,True,1.0,1.0,False,,,
0.997,PURE,False,propose,NDE,"{EUR}+{NDE,RUS}","{EUR}+{NDE,RUS}",1.0,True,1.0,1.0,False,,,
0.997,PURE,False,propose,NDE,{EUR}+{NDE}+{RUS},"{EUR,RUS}+{NDE}",1.0,False,1.0,1.0,False,"EUR,RUS",,
0.997,PURE,False,propose,RUS,"{EUR,NDE,RUS}","{EUR,NDE}+{RUS}",1.0,False,1.0,1.0,True,,,
0.997,PURE,False,propose,RUS,"{EUR,NDE}+{RUS}","{EUR,NDE}+{RUS}",1.0,True,1.0,1.0,False,,,
0.997,PURE,False,propose,RUS,"{EUR,RUS}+{NDE}","{EUR,RUS}+{NDE}",1.0,True,1.0,1.0,False,,,
0.997,PURE,False,propose,RUS,"{EUR}+{NDE,RUS}",{EUR}+{NDE}+{RUS},1.0,False,1.0,1.0,True,,,
0.997,PURE,False,propose,RUS,{EUR}+{NDE}+{RUS},"{EUR,RUS}+{NDE}",1.0,False,1.0,1.0,False,EUR,,
0.997,PURE,False,accept,EUR,"{EUR,NDE,RUS}","{EUR,NDE}+{RUS}",0.0,,,,,,-2.0036518888488786e-07,
0.997,PURE,False,accept,EUR,"{EUR,NDE,RUS}","{EUR,RUS}+{NDE}",1.0,,,,,,1.7080493712740008e-06,
0.997,PURE,False,accept,EUR,"{EUR,NDE,RUS}","{EUR}+{NDE,RUS}",1.0,,,,,,1.7336522661892673e-07,
0.997,PURE,False,accept,EUR,"{EUR,NDE,RUS}",{EUR}+{NDE}+{RUS},1.0,,,,,,2.2435761071193383e-07,
0.997,PURE,False,accept,EUR,"{EUR,NDE}+{RUS}","{EUR,NDE,RUS}",1.0,,,,,,2.0036518888488786e-07,
0.997,PURE,False,accept,EUR,"{EUR,NDE}+{RUS}","{EUR,RUS}+{NDE}",1.0,,,,,,1.9084145601588887e-06,
0.997,PURE,False,accept,EUR,"{EUR,NDE}+{RUS}","{EUR}+{NDE,RUS}",1.0,,,,,,3.737304155038146e-07,
0.997,PURE,False,accept,EUR,"{EUR,NDE}+{RUS}",{EUR}+{NDE}+{RUS},1.0,,,,,,4.247227995968217e-07,
0.997,PURE,False,accept,EUR,"{EUR,RUS}+{NDE}","{EUR,NDE,RUS}",0.0,,,,,,-1.7080493712740008e-06,
0.997,PURE,False,accept,EUR,"{EUR,RUS}+{NDE}","{EUR,NDE}+{RUS}",0.0,,,,,,-1.9084145601588887e-06,
0.997,PURE,False,accept,EUR,"{EUR,RUS}+{NDE}","{EUR}+{NDE,RUS}",0.0,,,,,,-1.534684144655074e-06,
0.997,PURE,False,accept,EUR,"{EUR,RUS}+{NDE}",{EUR}+{NDE}+{RUS},0.0,,,,,,-1.483691760562067e-06,
0.997,PURE,False,accept,EUR,"{EUR}+{NDE,RUS}","{EUR,NDE,RUS}",0.0,,,,,,-1.7336522661892673e-07,
0.997,PURE,False,accept,EUR,"{EUR}+{NDE,RUS}","{EUR,NDE}+{RUS}",0.0,,,,,,-3.737304155038146e-07,
0.997,PURE,False,accept,EUR,"{EUR}+{NDE,RUS}","{EUR,RUS}+{NDE}",1.0,,,,,,1.534684144655074e-06,
0.997,PURE,False,accept,EUR,{EUR}+{NDE}+{RUS},"{EUR,NDE,RUS}",0.0,,,,,,-2.2435761071193383e-07,
0.997,PURE,False,accept,EUR,{EUR}+{NDE}+{RUS},"{EUR,NDE}+{RUS}",0.0,,,,,,-4.247227995968217e-07,
0.997,PURE,False,accept,EUR,{EUR}+{NDE}+{RUS},"{EUR,RUS}+{NDE}",1.0,,,,,,1.483691760562067e-06,"NDE,RUS"
0.997,PURE,False,accept,NDE,"{EUR,NDE,RUS}","{EUR,NDE}+{RUS}",0.0,,,,,,-3.9523335164659557e-05,
0.997,PURE,False,accept,NDE,"{EUR,NDE,RUS}","{EUR,RUS}+{NDE}",0.0,,,,,,-9.448395613631533e-05,
0.997,PURE,False,accept,NDE,"{EUR,NDE,RUS}","{EUR}+{NDE,RUS}",0.0,,,,,,-3.3704090594000036e-05,
0.997,PURE,False,accept,NDE,"{EUR,NDE,RUS}",{EUR}+{NDE}+{RUS},0.0,,,,,,-0.0001174895265840803,
0.997,PURE,False,accept,NDE,"{EUR,NDE}+{RUS}","{EUR,NDE,RUS}",1.0,,,,,,3.9523335164659557e-05,
0.997,PURE,False,accept,NDE,"{EUR,NDE}+{RUS}","{EUR,RUS}+{NDE}",0.0,,,,,,-5.496062097165577e-05,
0.997,PURE,False,accept,NDE,"{EUR,NDE}+{RUS}","{EUR}+{NDE,RUS}",1.0,,,,,,5.819244570659521e-06,
0.997,PURE,False,accept,NDE,"{EUR,NDE}+{RUS}",{EUR}+{NDE}+{RUS},0.0,,,,,,-7.796619141942074e-05,
0.997,PURE,False,accept,NDE,"{EUR,RUS}+{NDE}","{EUR,NDE,RUS}",1.0,,,,,,9.448395613631533e-05,
0.997,PURE,False,accept,NDE,"{EUR,RUS}+{NDE}","{EUR,NDE}+{RUS}",1.0,,,,,,5.496062097165577e-05,
0.997,PURE,False,accept,NDE,"{EUR,RUS}+{NDE}","{EUR}+{NDE,RUS}",1.0,,,,,,6.077986554231529e-05,
0.997,PURE,False,accept,NDE,"{EUR}+{NDE,RUS}","{EUR,NDE,RUS}",1.0,,,,,,3.3704090594000036e-05,
0.997,PURE,False,accept,NDE,"{EUR}+{NDE,RUS}","{EUR,NDE}+{RUS}",0.0,,,,,,-5.819244570659521e-06,
0.997,PURE,False,accept,NDE,"{EUR}+{NDE,RUS}","{EUR,RUS}+{NDE}",0.0,,,,,,-6.077986554231529e-05,
0.997,PURE,False,accept,NDE,"{EUR}+{NDE,RUS}",{EUR}+{NDE}+{RUS},0.0,,,,,,-8.378543599008026e-05,
0.997,PURE,False,accept,NDE,{EUR}+{NDE}+{RUS},"{EUR,NDE,RUS}",1.0,,,,,,0.0001174895265840803,
0.997,PURE,False,accept,NDE,{EUR}+{NDE}+{RUS},"{EUR,NDE}+{RUS}",1.0,,,,,,7.796619141942074e-05,
0.997,PURE,False,accept,NDE,{EUR}+{NDE}+{RUS},"{EUR}+{NDE,RUS}",1.0,,,,,,8.378543599008026e-05,
0.997,PURE,False,accept,RUS,"{EUR,NDE,RUS}","{EUR,NDE}+{RUS}",1.0,,,,,,6.4570560871501925e-06,
0.997,PURE,False,accept,RUS,"{EUR,NDE,RUS}","{EUR,RUS}+{NDE}",1.0,,,,,,9.273276352361748e-06,
0.997,PURE,False,accept,RUS,"{EUR,NDE,RUS}","{EUR}+{NDE,RUS}",0.0,,,,,,-4.192590503881988e-06,
0.997,PURE,False,accept,RUS,"{EUR,NDE,RUS}",{EUR}+{NDE}+{RUS},1.0,,,,,,9.178436027434955e-06,
0.997,PURE,False,accept,RUS,"{EUR,NDE}+{RUS}","{EUR,NDE,RUS}",0.0,,,,,,-6.4570560871501925e-06,
0.997,PURE,False,accept,RUS,"{EUR,NDE}+{RUS}","{EUR,RUS}+{NDE}",1.0,,,,,,2.8162202652115553e-06,
0.997,PURE,False,accept,RUS,"{EUR,NDE}+{RUS}","{EUR}+{NDE,RUS}",0.0,,,,,,-1.064964659103218e-05,
0.997,PURE,False,accept,RUS,"{EUR,RUS}+{NDE}","{EUR,NDE,RUS}",0.0,,,,,,-9.273276352361748e-06,
0.997,PURE,False,accept,RUS,"{EUR,RUS}+{NDE}","{EUR,NDE}+{RUS}",0.0,,,,,,-2.8162202652115553e-06,
0.997,PURE,False,accept,RUS,"{EUR,RUS}+{NDE}","{EUR}+{NDE,RUS}",0.0,,,,,,-1.3465866856243736e-05,
0.997,PURE,False,accept,RUS,"{EUR,RUS}+{NDE}",{EUR}+{NDE}+{RUS},0.0,,,,,,-9.484032492679262e-08,
0.997,PURE,False,accept,RUS,"{EUR}+{NDE,RUS}","{EUR,NDE,RUS}",1.0,,,,,,4.192590503881988e-06,
0.997,PURE,False,accept,RUS,"{EUR}+{NDE,RUS}","{EUR,NDE}+{RUS}",1.0,,,,,,1.064964659103218e-05,
0.997,PURE,False,accept,RUS,"{EUR}+{NDE,RUS}","{EUR,RUS}+{NDE}",1.0,,,,,,1.3465866856243736e-05,
0.997,PURE,False,accept,RUS,"{EUR}+{NDE,RUS}",{EUR}+{NDE}+{RUS},1.0,,,,,,1.3371026531316943e-05,
0.997,PURE,False,accept,RUS,{EUR}+{NDE}+{RUS},"{EUR,NDE,RUS}",0.0,,,,,,-9.178436027434955e-06,
0.997,PURE,False,accept,RUS,{EUR}+{NDE}+{RUS},"{EUR,RUS}+{NDE}",1.0,,,,,,9.484032492679262e-08,"EUR,NDE"
0.997,PURE,False,accept,RUS,{EUR}+{NDE}+{RUS},"{EUR}+{NDE,RUS}",0.0,,,,,,-1.3371026531316943e-05,
0.999,PURE,False,propose,EUR,"{EUR,NDE,RUS}","{EUR}+{NDE,RUS}",1.0,False,1.0,1.0,True,,,
0.999,PURE,False,propose,EUR,"{EUR,NDE}+{RUS}",{EUR}+{NDE}+{RUS},1.0,False,1.0,1.0,True,,,
0.999,PURE,False,propose,EUR,"{EUR,RUS}+{NDE}","{EUR,RUS}+{NDE}",1.0,True,1.0,1.0,False,,,
0.999,PURE,False,propose,EUR,"{EUR}+{NDE,RUS}","{EUR}+{NDE,RUS}",1.0,True,1.0,1.0,False,,,
0.999,PURE,False,propose,EUR,{EUR}+{NDE}+{RUS},"{EUR,RUS}+{NDE}",1.0,False,1.0,1.0,False,RUS,,
0.999,PURE,False,propose,NDE,"{EUR,NDE,RUS}","{EUR,NDE,RUS}",1.0,True,1.0,1.0,False,,,
0.999,PURE,False,propose,NDE,"{EUR,NDE}+{RUS}","{EUR,NDE}+{RUS}",1.0,True,1.0,1.0,False,,,
0.999,PURE,False,propose,NDE,"{EUR,RUS}+{NDE}","{EUR,RUS}+{NDE}",1.0,True,1.0,1.0,False,,,
0.999,PURE,False,propose,NDE,"{EUR}+{NDE,RUS}","{EUR}+{NDE,RUS}",1.0,True,1.0,1.0,False,,,
0.999,PURE,False,propose,NDE,{EUR}+{NDE}+{RUS},"{EUR,RUS}+{NDE}",1.0,False,1.0,1.0,False,"EUR,RUS",,
0.999,PURE,False,propose,RUS,"{EUR,NDE,RUS}","{EUR,NDE}+{RUS}",1.0,False,1.0,1.0,True,,,
0.999,PURE,False,propose,RUS,"{EUR,NDE}+{RUS}","{EUR,NDE}+{RUS}",1.0,True,1.0,1.0,False,,,
0.999,PURE,False,propose,RUS,"{EUR,RUS}+{NDE}","{EUR,RUS}+{NDE}",1.0,True,1.0,1.0,False,,,
0.999,PURE,False,propose,RUS,"{EUR}+{NDE,RUS}",{EUR}+{NDE}+{RUS},1.0,False,1.0,1.0,True,,,
0.999,PURE,False,propose,RUS,{EUR}+{NDE}+{RUS},"{EUR,RUS}+{NDE}",1.0,False,1.0,1.0,False,EUR,,
0.999,PURE,False,accept,EUR,"{EUR,NDE,RUS}","{EUR,NDE}+{RUS}",0.0,,,,,,-6.532577589979383e-08,
0.999,PURE,False,accept,EUR,"{EUR,NDE,RUS}","{EUR,RUS}+{NDE}",1.0,,,,,,5.743390381063307e-07,
0.999,PURE,False,accept,EUR,"{EUR,NDE,RUS}","{EUR}+{NDE,RUS}",1.0,,,,,,5.974834182964628e-08,
0.999,PURE,False,accept,EUR,"{EUR,NDE,RUS}",{EUR}+{NDE}+{RUS},1.0,,,,,,7.977511806700477e-08,
0.999,PURE,False,accept,EUR,"{EUR,NDE}+{RUS}","{EUR,NDE,RUS}",1.0,,,,,,6.532577589979383e-08,
0.999,PURE,False,accept,EUR,"{EUR,NDE}+{RUS}","{EUR,RUS}+{NDE}",1.0,,,,,,6.396648140061245e-07,
0.999,PURE,False,accept,EUR,"{EUR,NDE}+{RUS}","{EUR}+{NDE,RUS}",1.0,,,,,,1.250741177294401e-07,
0.999,PURE,False,accept,EUR,"{EUR,NDE}+{RUS}",{EUR}+{NDE}+{RUS},1.0,,,,,,1.451008939667986e-07,
0.999,PURE,False,accept,EUR,"{EUR,RUS}+{NDE}","{EUR,NDE,RUS}",0.0,,,,,,-5.743390381063307e-07,
0.999,PURE,False,accept,EUR,"{EUR,RUS}+{NDE}","{EUR,NDE}+{RUS}",0.0,,,,,,-6.396648140061245e-07,
0.999,PURE,False,accept,EUR,"{EUR,RUS}+{NDE}","{EUR}+{NDE,RUS}",0.0,,,,,,-5.145906962766844e-07,
0.999,PURE,False,accept,EUR,"{EUR,RUS}+{NDE}",{EUR}+{NDE}+{RUS},0.0,,,,,,-4.945639200393259e-07,
0.999,PURE,False,accept,EUR,"{EUR}+{NDE,RUS}","{EUR,NDE,RUS}",0.0,,,,,,-5.974834182964628e-08,
0.999,PURE,False,accept,EUR,"{EUR}+{NDE,RUS}","{EUR,NDE}+{RUS}",0.0,,,,,,-1.250741177294401e-07,
0.999,PURE,False,accept,EUR,"{EUR}+{NDE,RUS}","{EUR,RUS}+{NDE}",1.0,,,,,,5.145906962766844e-07,
0.999,PURE,False,accept,EUR,{EUR}+{NDE}+{RUS},"{EUR,NDE,RUS}",0.0,,,,,,-7.977511806700477e-08,
0.999,PURE,False,accept,EUR,{EUR}+{NDE}+{RUS},"{EUR,NDE}+{RUS}",0.0,,,,,,-1.451008939667986e-07,
0.999,PURE,False,accept,EUR,{EUR}+{NDE}+{RUS},"{EUR,RUS}+{NDE}",1.0,,,,,,4.945639200393259e-07,"NDE,RUS"
0.999,PURE,False,accept,NDE,"{EUR,NDE,RUS}","{EUR,NDE}+{RUS}",0.0,,,,,,-1.3248264099985363e-05,
0.999,PURE,False,accept,NDE,"{EUR,NDE,RUS}","{EUR,RUS}+{NDE}",0.0,,,,,,-3.162629921504845e-05,
0.999,PURE,False,accept,NDE,"{EUR,NDE,RUS}","{EUR}+{NDE,RUS}",0.0,,,,,,-1.130077240318883e-05,
0.999,PURE,False,accept,NDE,"{EUR,NDE,RUS}",{EUR}+{NDE}+{RUS},0.0,,,,,,-3.929482269882101e-05,
0.999,PURE,False,accept,NDE,"{EUR,NDE}+{RUS}","{EUR,NDE,RUS}",1.0,,,,,,1.3248264099985363e-05,
0.999,PURE,False,accept,NDE,"{EUR,NDE}+{RUS}","{EUR,RUS}+{NDE}",0.0,,,,,,-1.8378035115063085e-05,
0.999,PURE,False,accept,NDE,"{EUR,NDE}+{RUS}","{EUR}+{NDE,RUS}",1.0,,,,,,1.9474916967965328e-06,
0.999,PURE,False,accept,NDE,"{EUR,NDE}+{RUS}",{EUR}+{NDE}+{RUS},0.0,,,,,,-2.6046558598835645e-05,
0.999,PURE,False,accept,NDE,"{EUR,RUS}+{NDE}","{EUR,NDE,RUS}",1.0,,,,,,3.162629921504845e-05,
0.999,PURE,False,accept,NDE,"{EUR,RUS}+{NDE}","{EUR,NDE}+{RUS}",1.0,,,,,,1.8378035115063085e-05,
0.999,PURE,False,accept,NDE,"{EUR,RUS}+{NDE}","{EUR}+{NDE,RUS}",1.0,,,,,,2.0325526811859618e-05,
0.999,PURE,False,accept,NDE,"{EUR}+{NDE,RUS}","{EUR,NDE,RUS}",1.0,,,,,,1.130077240318883e-05,
0.999,PURE,False,accept,NDE,"{EUR}+{NDE,RUS}","{EUR,NDE}+{RUS}",0.0,,,,,,-1.9474916967965328e-06,
0.999,PURE,False,accept,NDE,"{EUR}+{NDE,RUS}","{EUR,RUS}+{NDE}",0.0,,,,,,-2.0325526811859618e-05,
0.999,PURE,False,accept,NDE,"{EUR}+{NDE,RUS}",{EUR}+{NDE}+{RUS},0.0,,,,,,-2.7994050295632178e-05,
0.999,PURE,False,accept,NDE,{EUR}+{NDE}+{RUS},"{EUR,NDE,RUS}",1.0,,,,,,3.929482269882101e-05,
0.999,PURE,False,accept,NDE,{EUR}+{NDE}+{RUS},"{EUR,NDE}+{RUS}",1.0,,,,,,2.6046558598835645e-05,
0.999,PURE,False,accept,NDE,{EUR}+{NDE}+{RUS},"{EUR}+{NDE,RUS}",1.0,,,,,,2.7994050295632178e-05,
0.999,PURE,False,accept,RUS,"{EUR,NDE,RUS}","{EUR,NDE}+{RUS}",1.0,,,,,,2.167935483576855e-06,
0.999,PURE,False,accept,RUS,"{EUR,NDE,RUS}","{EUR,RUS}+{NDE}",1.0,,,,,,3.110486137991586e-06,
0.999,PURE,False,accept,RUS,"{EUR,NDE,RUS}","{EUR}+{NDE,RUS}",0.0,,,,,,-1.3961178999544188e-06,
0.999,PURE,False,accept,RUS,"{EUR,NDE,RUS}",{EUR}+{NDE}+{RUS},1.0,,,,,,3.078872696349322e-06,
0.999,PURE,False,accept,RUS,"{EUR,NDE}+{RUS}","{EUR,NDE,RUS}",0.0,,,,,,-2.167935483576855e-06,
0.999,PURE,False,accept,RUS,"{EUR,NDE}+{RUS}","{EUR,RUS}+{NDE}",1.0,,,,,,9.425506544147311e-07,
0.999,PURE,False,accept,RUS,"{EUR,NDE}+{RUS}","{EUR}+{NDE,RUS}",0.0,,,,,,-3.5640533835312738e-06,
0.999,PURE,False,accept,RUS,"{EUR,RUS}+{NDE}","{EUR,NDE,RUS}",0.0,,,,,,-3.110486137991586e-06,
0.999,PURE,False,accept,RUS,"{EUR,RUS}+{NDE}","{EUR,NDE}+{RUS}",0.0,,,,,,-9.425506544147311e-07,
0.999,PURE,False,accept,RUS,"{EUR,RUS}+{NDE}","{EUR}+{NDE,RUS}",0.0,,,,,,-4.506604037946005e-06,
0.999,PURE,False,accept,RUS,"{EUR,RUS}+{NDE}",{EUR}+{NDE}+{RUS},0.0,,,,,,-3.1613441642264206e-08,
0.999,PURE,False,accept,RUS,"{EUR}+{NDE,RUS}","{EUR,NDE,RUS}",1.0,,,,,,1.3961178999544188e-06,
0.999,PURE,False,accept,RUS,"{EUR}+{NDE,RUS}","{EUR,NDE}+{RUS}",1.0,,,,,,3.5640533835312738e-06,
0.999,PURE,False,accept,RUS,"{EUR}+{NDE,RUS}","{EUR,RUS}+{NDE}",1.0,,,,,,4.506604037946005e-06,
0.999,PURE,False,accept,RUS,"{EUR}+{NDE,RUS}",{EUR}+{NDE}+{RUS},1.0,,,,,,4.474990596303741e-06,
0.999,PURE,False,accept,RUS,{EUR}+{NDE}+{RUS},"{EUR,NDE,RUS}",0.0,,,,,,-3.078872696349322e-06,
0.999,PURE,False,accept,RUS,{EUR}+{NDE}+{RUS},"{EUR,RUS}+{NDE}",1.0,,,,,,3.1613441642264206e-08,"EUR,NDE"
0.999,PURE,False,accept,RUS,{EUR}+{NDE}+{RUS},"{EUR}+{NDE,RUS}",0.0,,,,,,-4.474990596303741e-06,
