delta,status,nonunique,kind,player,state,target,prob,stay,accept_prob,effective,free_exit,voters,gain,proposed_by
0.5,PURE,False,propose,EUR,"{EUR,NDE,USA}","{EUR}+{NDE,USA}",1.0,False,1.0,1.0,True,,,
0.5,PURE,False,propose,EUR,"{EUR,NDE}+{USA}","{EUR,NDE}+{USA}",1.0,True,1.0,1.0,False,,,
0.5,PURE,False,propose,EUR,"{EUR,USA}+{NDE}","{EUR,USA}+{NDE}",1.0,True,1.0,1.0,False,,,
0.5,PURE,False,propose,EUR,"{EUR}+{NDE,USA}","{EUR}+{NDE,USA}",1.0,True,1.0,1.0,False,,,
0.5,PURE,False,propose,EUR,{EUR}+{NDE}+{USA},"{EUR,USA}+{NDE}",1.0,False,1.0,1.0,False,USA,,
0.5,PURE,False,propose,NDE,"{EUR,NDE,USA}","{EUR,NDE,USA}",1.0,True,1.0,1.0,False,,,
0.5,PURE,False,propose,NDE,"{EUR,NDE}+{USA}","{EUR,NDE}+{USA}",1.0,True,1.0,1.0,False,,,
0.5,PURE,False,propose,NDE,"{EUR,USA}+{NDE}","{EUR,USA}+{NDE}",1.0,True,1.0,1.0,False,,,
0.5,PURE,False,propose,NDE,"{EUR}+{NDE,USA}","{EUR}+{NDE,USA}",1.0,True,1.0,1.0,False,,,
0.5,PURE,False,propose,NDE,{EUR}+{NDE}+{USA},"{EUR}+{NDE,USA}",1.0,False,1.0,1.0,False,USA,,
0.5,PURE,False,propose,USA,"{EUR,NDE,USA}","{EUR,NDE}+{USA}",1.0,False,1.0,1.0,True,,,
0.5,PURE,False,propose,USA,"{EUR,NDE}+{USA}","{EUR,NDE}+{USA}",1.0,True,1.0,1.0,False,,,
0.5,PURE,False,propose,USA,"{EUR,USA}+{NDE}","{EUR,USA}+{NDE}",1.0,True,1.0,1.0,False,,,
0.5,PURE,False,propose,USA,"{EUR}+{NDE,USA}","{EUR}+{NDE,USA}",1.0,True,1.0,1.0,False,,,
0.5,PURE,False,propose,USA,{EUR}+{NDE}+{USA},"{EUR,NDE}+{USA}",1.0,False,1.0,1.0,False,"EUR,NDE",,
0.5,PURE,False,accept,EUR,"{EUR,NDE,USA}","{EUR,NDE}+{USA}",0.0,,,,,,-4.8581031800054575e-05,
0.5,PURE,False,accept,EUR,"{EUR,NDE,USA}","{EUR,USA}+{NDE}",1.0,,,,,,0.00010352196292906513,
0.5,PURE,False,accept,EUR,"{EUR,NDE,USA}","{EUR}+{NDE,USA}",1.0,,,,,,1.7398162793114125e-05,
0.5,PURE,False,accept,EUR,"{EUR,NDE,USA}",{EUR}+{NDE}+{USA},0.0,,,,,,-0.0002350368291526017,
0.5,PURE,False,accept,EUR,"{EUR,NDE}+{USA}","{EUR,NDE,USA}",1.0,,,,,,4.8581031800054575e-05,
0.5,PURE,False,accept,EUR,"{EUR,NDE}+{USA}","{EUR,USA}+{NDE}",1.0,,,,,,0.0001521029947291197,
0.5,PURE,False,accept,EUR,"{EUR,NDE}+{USA}","{EUR}+{NDE,USA}",1.0,,,,,,6.59791945931687e-05,
0.5,PURE,False,accept,EUR,"{EUR,NDE}+{USA}",{EUR}+{NDE}+{USA},0.0,,,,,,-0.00018645579735254714,
0.5,PURE,False,accept,EUR,"{EUR,USA}+{NDE}","{EUR,NDE,USA}",0.0,,,,,,-0.00010352196292906513,
0.5,PURE,False,accept,EUR,"{EUR,USA}+{NDE}","{EUR,NDE}+{USA}",0.0,,,,,,-0.0001521029947291197,
0.5,PURE,False,accept,EUR,"{EUR,USA}+{NDE}","{EUR}+{NDE,USA}",0.0,,,,,,-8.6123800135951e-05,
0.5,PURE,False,accept,EUR,"{EUR,USA}+{NDE}",{EUR}+{NDE}+{USA},0.0,,,,,,-0.00033855879208166684,
0.5,PURE,False,accept,EUR,"{EUR}+{NDE,USA}","{EUR,NDE,USA}",0.0,,,,,,-1.7398162793114125e-05,
0.5,PURE,False,accept,EUR,"{EUR}+{NDE,USA}","{EUR,NDE}+{USA}",0.0,,,,,,-6.59791945931687e-05,
0.5,PURE,False,accept,EUR,"{EUR}+{NDE,USA}","{EUR,USA}+{NDE}",1.0,,,,,,8.6123800135951e-05,
0.5,PURE,False,accept,EUR,{EUR}+{NDE}+{USA},"{EUR,NDE,USA}",1.0,,,,,,0.0002350368291526017,
0.5,PURE,False,accept,EUR,{EUR}+{NDE}+{USA},"{EUR,NDE}+{USA}",1.0,,,,,,0.00018645579735254714,USA
0.5,PURE,False,accept,EUR,{EUR}+{NDE}+{USA},"{EUR,USA}+{NDE}",1.0,,,,,,0.00033855879208166684,
0.5,PURE,False,accept,NDE,"{EUR,NDE,USA}","{EUR,NDE}+{USA}",1.0,,,,,,0.00027279691425974306,
0.5,PURE,False,accept,NDE,"{EUR,NDE,USA}","{EUR,USA}+{NDE}",0.0,,,,,,-0.005017741928778463,
0.5,PURE,False,accept,NDE,"{EUR,NDE,USA}","{EUR}+{NDE,USA}",1.0,,,,,,0.0007707438430699654,
0.5,PURE,False,accept,NDE,"{EUR,NDE,USA}",{EUR}+{NDE}+{USA},0.0,,,,,,-0.008706171170228316,
0.5,PURE,False,accept,NDE,"{EUR,NDE}+{USA}","{EUR,NDE,USA}",0.0,,,,,,-0.00027279691425974306,
0.5,PURE,False,accept,NDE,"{EUR,NDE}+{USA}","{EUR,USA}+{NDE}",0.0,,,,,,-0.005290538843038206,
0.5,PURE,False,accept,NDE,"{EUR,NDE}+{USA}","{EUR}+{NDE,USA}",1.0,,,,,,0.0004979469288102223,
0.5,PURE,False,accept,NDE,"{EUR,NDE}+{USA}",{EUR}+{NDE}+{USA},0.0,,,,,,-0.00897896808448806,
0.5,PURE,False,accept,NDE,"{EUR,USA}+{NDE}","{EUR,NDE,USA}",1.0,,,,,,0.005017741928778463,
0.5,PURE,False,accept,NDE,"{EUR,USA}+{NDE}","{EUR,NDE}+{USA}",1.0,,,,,,0.005290538843038206,
0.5,PURE,False,accept,NDE,"{EUR,USA}+{NDE}","{EUR}+{NDE,USA}",1.0,,,,,,0.005788485771848428,
0.5,PURE,False,accept,NDE,"{EUR}+{NDE,USA}","{EUR,NDE,USA}",0.0,,,,,,-0.0007707438430699654,
0.5,PURE,False,accept,NDE,"{EUR}+{NDE,USA}","{EUR,NDE}+{USA}",0.0,,,,,,-0.0004979469288102223,
0.5,PURE,False,accept,NDE,"{EUR}+{NDE,USA}","{EUR,USA}+{NDE}",0.0,,,,,,-0.005788485771848428,
0.5,PURE,False,accept,NDE,"{EUR}+{NDE,USA}",{EUR}+{NDE}+{USA},0.0,,,,,,-0.009476915013298282,
0.5,PURE,False,accept,NDE,{EUR}+{NDE}+{USA},"{EUR,NDE,USA}",1.0,,,,,,0.008706171170228316,
0.5,PURE,False,accept,NDE,{EUR}+{NDE}+{USA},"{EUR,NDE}+{USA}",1.0,,,,,,0.00897896808448806,USA
0.5,PURE,False,accept,NDE,{EUR}+{NDE}+{USA},"{EUR}+{NDE,USA}",1.0,,,,,,0.009476915013298282,
0.5,PURE,False,accept,USA,"{EUR,NDE,USA}","{EUR,NDE}+{USA}",1.0,,,,,,6.0777018429547525e-05,
0.5,PURE,False,accept,USA,"{EUR,NDE,USA}","{EUR,USA}+{NDE}",0.0,,,,,,-9.677450912137786e-05,
0.5,PURE,False,accept,USA,"{EUR,NDE,USA}","{EUR}+{NDE,USA}",0.0,,,,,,-0.00025288467899953204,
0.5,PURE,False,accept,USA,"{EUR,NDE,USA}",{EUR}+{NDE}+{USA},0.0,,,,,,-0.0005091887471322387,
0.5,PURE,False,accept,USA,"{EUR,NDE}+{USA}","{EUR,NDE,USA}",0.0,,,,,,-6.0777018429547525e-05,
0.5,PURE,False,accept,USA,"{EUR,NDE}+{USA}","{EUR,USA}+{NDE}",0.0,,,,,,-0.00015755152755092539,
0.5,PURE,False,accept,USA,"{EUR,NDE}+{USA}","{EUR}+{NDE,USA}",0.0,,,,,,-0.00031366169742907957,
0.5,PURE,False,accept,USA,"{EUR,USA}+{NDE}","{EUR,NDE,USA}",1.0,,,,,,9.677450912137786e-05,
0.5,PURE,False,accept,USA,"{EUR,USA}+{NDE}","{EUR,NDE}+{USA}",1.0,,,,,,0.00015755152755092539,
0.5,PURE,False,accept,USA,"{EUR,USA}+{NDE}","{EUR}+{NDE,USA}",0.0,,,,,,-0.00015611016987815418,
0.5,PURE,False,accept,USA,"{EUR,USA}+{NDE}",{EUR}+{NDE}+{USA},0.0,,,,,,-0.00041241423801086086,
0.5,PURE,False,accept,USA,"{EUR}+{NDE,USA}","{EUR,NDE,USA}",1.0,,,,,,0.00025288467899953204,
0.5,PURE,False,accept,USA,"{EUR}+{NDE,USA}","{EUR,NDE}+{USA}",1.0,,,,,,0.00031366169742907957,
0.5,PURE,False,accept,USA,"{EUR}+{NDE,USA}","{EUR,USA}+{NDE}",1.0,,,,,,0.00015611016987815418,
0.5,PURE,False,accept,USA,"{EUR}+{NDE,USA}",{EUR}+{NDE}+{USA},0.0,,,,,,-0.0002563040681327067,
0.5,PURE,False,accept,USA,{EUR}+{NDE}+{USA},"{EUR,NDE,USA}",1.0,,,,,,0.0005091887471322387,
0.5,PURE,False,accept,USA,{EUR}+{NDE}+{USA},"{EUR,USA}+{NDE}",1.0,,,,,,0.00041241423801086086,EUR
0.5,PURE,False,accept,USA,{EUR}+{NDE}+{USA},"{EUR}+{NDE,USA}",1.0,,,,,,0.0002563040681327067,NDE
0.7,PURE,False,propose,EUR,"{EUR,NDE,USA}","{EUR}+{NDE,USA}",1.0,False,1.0,1.0,True,,,
0.7,PURE,False,propose,EUR,"{EUR,NDE}+{USA}","{EUR,NDE}+{USA}",1.0,True,1.0,1.0,False,,,
0.7,PURE,False,propose,EUR,"{EUR,USA}+{NDE}","{EUR,USA}+{NDE}",1.0,True,1.0,1.0,False,,,
0.7,PURE,False,propose,EUR,"{EUR}+{NDE,USA}","{EUR}+{NDE,USA}",1.0,True,1.0,1.0,False,,,
0.7,PURE,False,propose,EUR,{EUR}+{NDE}+{USA},"{EUR,USA}+{NDE}",1.0,False,1.0,1.0,False,USA,,
0.7,PURE,False,propose,NDE,"{EUR,NDE,USA}","{EUR,NDE,USA}",1.0,True,1.0,1.0,False,,,
0.7,PURE,False,propose,NDE,"{EUR,NDE}+{USA}","{EUR,NDE}+{USA}",1.0,True,1.0,1.0,False,,,
0.7,PURE,False,propose,NDE,"{EUR,USA}+{NDE}","{EUR,USA}+{NDE}",1.0,True,1.0,1.0,False,,,
0.7,PURE,False,propose,NDE,"{EUR}+{NDE,USA}","{EUR}+{NDE,USA}",1.0,True,1.0,1.0,False,,,
0.7,PURE,False,propose,NDE,{EUR}+{NDE}+{USA},"{EUR}+{NDE,USA}",1.0,False,1.0,1.0,False,USA,,
0.7,PURE,False,propose,USA,"{EUR,NDE,USA}","{EUR,NDE}+{USA}",1.0,False,1.0,1.0,True,,,
0.7,PURE,False,propose,USA,"{EUR,NDE}+{USA}","{EUR,NDE}+{USA}",1.0,True,1.0,1.0,False,,,
0.7,PURE,False,propose,USA,"{EUR,USA}+{NDE}","{EUR,USA}+{NDE}",1.0,True,1.0,1.0,False,,,
0.7,PURE,False,propose,USA,"{EUR}+{NDE,USA}","{EUR}+{NDE,USA}",1.0,True,1.0,1.0,False,,,
0.7,PURE,False,propose,USA,{EUR}+{NDE}+{USA},"{EUR,NDE}+{USA}",1.0,False,1.0,1.0,False,"EUR,NDE",,
0.7,PURE,False,accept,EUR,"{EUR,NDE,USA}","{EUR,NDE}+{USA}",0.0,,,,,,-4.315792414688602e-05,
0.7,PURE,False,accept,EUR,"{EUR,NDE,USA}","{EUR,USA}+{NDE}",1.0,,,,,,0.00010894507058223368,
0.7,PURE,False,accept,EUR,"{EUR,NDE,USA}","{EUR}+{NDE,USA}",1.0,,,,,,2.2821270446282682e-05,
0.7,PURE,False,accept,EUR,"{EUR,NDE,USA}",{EUR}+{NDE}+{USA},0.0,,,,,,-0.00012595377731550172,
0.7,PURE,False,accept,EUR,"{EUR,NDE}+{USA}","{EUR,NDE,USA}",1.0,,,,,,4.315792414688602e-05,
0.7,PURE,False,accept,EUR,"{EUR,NDE}+{USA}","{EUR,USA}+{NDE}",1.0,,,,,,0.0001521029947291197,
0.7,PURE,False,accept,EUR,"{EUR,NDE}+{USA}","{EUR}+{NDE,USA}",1.0,,,,,,6.59791945931687e-05,
0.7,PURE,False,accept,EUR,"{EUR,NDE}+{USA}",{EUR}+{NDE}+{USA},0.0,,,,,,-8.279585316861571e-05,
0.7,PURE,False,accept,EUR,"{EUR,USA}+{NDE}","{EUR,NDE,USA}",0.0,,,,,,-0.00010894507058223368,
0.7,PURE,False,accept,EUR,"{EUR,USA}+{NDE}","{EUR,NDE}+{USA}",0.0,,,,,,-0.0001521029947291197,
0.7,PURE,False,accept,EUR,"{EUR,USA}+{NDE}","{EUR}+{NDE,USA}",0.0,,,,,,-8.6123800135951e-05,
0.7,PURE,False,accept,EUR,"{EUR,USA}+{NDE}",{EUR}+{NDE}+{USA},0.0,,,,,,-0.0002348988478977354,
0.7,PURE,False,accept,EUR,"{EUR}+{NDE,USA}","{EUR,NDE,USA}",0.0,,,,,,-2.2821270446282682e-05,
0.7,PURE,False,accept,EUR,"{EUR}+{NDE,USA}","{EUR,NDE}+{USA}",0.0,,,,,,-6.59791945931687e-05,
0.7,PURE,False,accept,EUR,"{EUR}+{NDE,USA}","{EUR,USA}+{NDE}",1.0,,,,,,8.6123800135951e-05,
0.7,PURE,False,accept,EUR,{EUR}+{NDE}+{USA},"{EUR,NDE,USA}",1.0,,,,,,0.00012595377731550172,
0.7,PURE,False,accept,EUR,{EUR}+{NDE}+{USA},"{EUR,NDE}+{USA}",1.0,,,,,,8.279585316861571e-05,USA
0.7,PURE,False,accept,EUR,{EUR}+{NDE}+{USA},"{EUR,USA}+{NDE}",1.0,,,,,,0.0002348988478977354,
0.7,PURE,False,accept,NDE,"{EUR,NDE,USA}","{EUR,NDE}+{USA}",1.0,,,,,,9.131156515707062e-05,
0.7,PURE,False,accept,NDE,"{EUR,NDE,USA}","{EUR,USA}+{NDE}",0.0,,,,,,-0.0051992272778811355,
0.7,PURE,False,accept,NDE,"{EUR,NDE,USA}","{EUR}+{NDE,USA}",1.0,,,,,,0.0005892584939672929,
0.7,PURE,False,accept,NDE,"{EUR,NDE,USA}",{EUR}+{NDE}+{USA},0.0,,,,,,-0.005935081540766163,
0.7,PURE,False,accept,NDE,"{EUR,NDE}+{USA}","{EUR,NDE,USA}",0.0,,,,,,-9.131156515707062e-05,
0.7,PURE,False,accept,NDE,"{EUR,NDE}+{USA}","{EUR,USA}+{NDE}",0.0,,,,,,-0.005290538843038206,
0.7,PURE,False,accept,NDE,"{EUR,NDE}+{USA}","{EUR}+{NDE,USA}",1.0,,,,,,0.0004979469288102223,
0.7,PURE,False,accept,NDE,"{EUR,NDE}+{USA}",{EUR}+{NDE}+{USA},0.0,,,,,,-0.006026393105923233,
0.7,PURE,False,accept,NDE,"{EUR,USA}+{NDE}","{EUR,NDE,USA}",1.0,,,,,,0.0051992272778811355,
0.7,PURE,False,accept,NDE,"{EUR,USA}+{NDE}","{EUR,NDE}+{USA}",1.0,,,,,,0.005290538843038206,
0.7,PURE,False,accept,NDE,"{EUR,USA}+{NDE}","{EUR}+{NDE,USA}",1.0,,,,,,0.005788485771848428,
0.7,PURE,False,accept,NDE,"{EUR}+{NDE,USA}","{EUR,NDE,USA}",0.0,,,,,,-0.0005892584939672929,
0.7,PURE,False,accept,NDE,"{EUR}+{NDE,USA}","{EUR,NDE}+{USA}",0.0,,,,,,-0.0004979469288102223,
0.7,PURE,False,accept,NDE,"{EUR}+{NDE,USA}","{EUR,USA}+{NDE}",0.0,,,,,,-0.005788485771848428,
0.7,PURE,False,accept,NDE,"{EUR}+{NDE,USA}",{EUR}+{NDE}+{USA},0.0,,,,,,-0.006524340034733456,
0.7,PURE,False,accept,NDE,{EUR}+{NDE}+{USA},"{EUR,NDE,USA}",1.0,,,,,,0.005935081540766163,
0.7,PURE,False,accept,NDE,{EUR}+{NDE}+{USA},"{EUR,NDE}+{USA}",1.0,,,,,,0.006026393105923233,USA
0.7,PURE,False,accept,NDE,{EUR}+{NDE}+{USA},"{EUR}+{NDE,USA}",1.0,,,,,,0.006524340034733456,
0.7,PURE,False,accept,USA,"{EUR,NDE,USA}","{EUR,NDE}+{USA}",1.0,,,,,,9.418704635466568e-05,
0.7,PURE,False,accept,USA,"{EUR,NDE,USA}","{EUR,USA}+{NDE}",0.0,,,,,,-6.33644811962597e-05,
0.7,PURE,False,accept,USA,"{EUR,NDE,USA}","{EUR}+{NDE,USA}",0.0,,,,,,-0.00021947465107441388,
0.7,PURE,False,accept,USA,"{EUR,NDE,USA}",{EUR}+{NDE}+{USA},0.0,,,,,,-0.0003106208429795032,
0.7,PURE,False,accept,USA,"{EUR,NDE}+{USA}","{EUR,NDE,USA}",0.0,,,,,,-9.418704635466568e-05,
0.7,PURE,False,accept,USA,"{EUR,NDE}+{USA}","{EUR,USA}+{NDE}",0.0,,,,,,-0.00015755152755092539,
0.7,PURE,False,accept,USA,"{EUR,NDE}+{USA}","{EUR}+{NDE,USA}",0.0,,,,,,-0.00031366169742907957,
0.7,PURE,False,accept,USA,"{EUR,USA}+{NDE}","{EUR,NDE,USA}",1.0,,,,,,6.33644811962597e-05,
0.7,PURE,False,accept,USA,"{EUR,USA}+{NDE}","{EUR,NDE}+{USA}",1.0,,,,,,0.00015755152755092539,
0.7,PURE,False,accept,USA,"{EUR,USA}+{NDE}","{EUR}+{NDE,USA}",0.0,,,,,,-0.00015611016987815418,
0.7,PURE,False,accept,USA,"{EUR,USA}+{NDE}",{EUR}+{NDE}+{USA},0.0,,,,,,-0.0002472563617832435,
0.7,PURE,False,accept,USA,"{EUR}+{NDE,USA}","{EUR,NDE,USA}",1.0,,,,,,0.00021947465107441388,
0.7,PURE,False,accept,USA,"{EUR}+{NDE,USA}","{EUR,NDE}+{USA}",1.0,,,,,,0.00031366169742907957,
0.7,PURE,False,accept,USA,"{EUR}+{NDE,USA}","{EUR,USA}+{NDE}",1.0,,,,,,0.00015611016987815418,
0.7,PURE,False,accept,USA,"{EUR}+{NDE,USA}",{EUR}+{NDE}+{USA},0.0,,,,,,-9.114619190508932e-05,
0.7,PURE,False,accept,USA,{EUR}+{NDE}+{USA},"{EUR,NDE,USA}",1.0,,,,,,0.0003106208429795032,
0.7,PURE,False,accept,USA,{EUR}+{NDE}+{USA},"{EUR,USA}+{NDE}",1.0,,,,,,0.0002472563617832435,EUR
0.7,PURE,False,accept,USA,{EUR}+{NDE}+{USA},"{EUR}+{NDE,USA}",1.0,,,,,,9.114619190508932e-05,NDE
0.8,PURE,False,propose,EUR,"{EUR,NDE,USA}","{EUR}+{NDE,USA}",1.0,False,1.0,1.0,True,,,
0.8,PURE,False,propose,EUR,"{EUR,NDE}+{USA}","{EUR,NDE}+{USA}",1.0,True,1.0,1.0,False,,,
0.8,PURE,False,propose,EUR,"{EUR,USA}+{NDE}","{EUR,USA}+{NDE}",1.0,True,1.0,1.0,False,,,
0.8,PURE,False,propose,EUR,"{EUR}+{NDE,USA}","{EUR}+{NDE,USA}",1.0,True,1.0,1.0,False,,,
0.8,PURE,False,propose,EUR,{EUR}+{NDE}+{USA},"{EUR,USA}+{NDE}",1.0,False,1.0,1.0,False,USA,,
0.8,PURE,False,propose,NDE,"{EUR,NDE,USA}","{EUR,NDE,USA}",1.0,True,1.0,1.0,False,,,
0.8,PURE,False,propose,NDE,"{EUR,NDE}+{USA}","{EUR,NDE}+{USA}",1.0,True,1.0,1.0,False,,,
0.8,PURE,False,propose,NDE,"{EUR,USA}+{NDE}","{EUR,USA}+{NDE}",1.0,True,1.0,1.0,False,,,
0.8,PURE,False,propose,NDE,"{EUR}+{NDE,USA}","{EUR}+{NDE,USA}",1.0,True,1.0,1.0,False,,,
0.8,PURE,False,propose,NDE,{EUR}+{NDE}+{USA},"{EUR}+{NDE,USA}",1.0,False,1.0,1.0,False,USA,,
0.8,PURE,False,propose,USA,"{EUR,NDE,USA}","{EUR,NDE}+{USA}",1.0,False,1.0,1.0,True,,,
0.8,PURE,False,propose,USA,"{EUR,NDE}+{USA}","{EUR,NDE}+{USA}",1.0,True,1.0,1.0,False,,,
0.8,PURE,False,propose,USA,"{EUR,USA}+{NDE}","{EUR,USA}+{NDE}",1.0,True,1.0,1.0,False,,,
0.8,PURE,False,propose,USA,"{EUR}+{NDE,USA}","{EUR}+{NDE,USA}",1.0,True,1.0,1.0,False,,,
0.8,PURE,False,propose,USA,{EUR}+{NDE}+{USA},"{EUR,NDE}+{USA}",1.0,False,1.0,1.0,False,"EUR,NDE",,
0.8,PURE,False,accept,EUR,"{EUR,NDE,USA}","{EUR,NDE}+{USA}",0.0,,,,,,-4.007661297977805e-05,
0.8,PURE,False,accept,EUR,"{EUR,NDE,USA}","{EUR,USA}+{NDE}",1.0,,,,,,0.00011202638174934165,
0.8,PURE,False,accept,EUR,"{EUR,NDE,USA}","{EUR}+{NDE,USA}",1.0,,,,,,2.590258161339065e-05,
0.8,PURE,False,accept,EUR,"{EUR,NDE,USA}",{EUR}+{NDE}+{USA},0.0,,,,,,-7.104249405642804e-05,
0.8,PURE,False,accept,EUR,"{EUR,NDE}+{USA}","{EUR,NDE,USA}",1.0,,,,,,4.007661297977805e-05,
0.8,PURE,False,accept,EUR,"{EUR,NDE}+{USA}","{EUR,USA}+{NDE}",1.0,,,,,,0.0001521029947291197,
0.8,PURE,False,accept,EUR,"{EUR,NDE}+{USA}","{EUR}+{NDE,USA}",1.0,,,,,,6.59791945931687e-05,
0.8,PURE,False,accept,EUR,"{EUR,NDE}+{USA}",{EUR}+{NDE}+{USA},0.0,,,,,,-3.096588107664999e-05,
0.8,PURE,False,accept,EUR,"{EUR,USA}+{NDE}","{EUR,NDE,USA}",0.0,,,,,,-0.00011202638174934165,
0.8,PURE,False,accept,EUR,"{EUR,USA}+{NDE}","{EUR,NDE}+{USA}",0.0,,,,,,-0.0001521029947291197,
0.8,PURE,False,accept,EUR,"{EUR,USA}+{NDE}","{EUR}+{NDE,USA}",0.0,,,,,,-8.6123800135951e-05,
0.8,PURE,False,accept,EUR,"{EUR,USA}+{NDE}",{EUR}+{NDE}+{USA},0.0,,,,,,-0.0001830688758057697,
0.8,PURE,False,accept,EUR,"{EUR}+{NDE,USA}","{EUR,NDE,USA}",0.0,,,,,,-2.590258161339065e-05,
0.8,PURE,False,accept,EUR,"{EUR}+{NDE,USA}","{EUR,NDE}+{USA}",0.0,,,,,,-6.59791945931687e-05,
0.8,PURE,False,accept,EUR,"{EUR}+{NDE,USA}","{EUR,USA}+{NDE}",1.0,,,,,,8.6123800135951e-05,
0.8,PURE,False,accept,EUR,{EUR}+{NDE}+{USA},"{EUR,NDE,USA}",1.0,,,,,,7.104249405642804e-05,
0.8,PURE,False,accept,EUR,{EUR}+{NDE}+{USA},"{EUR,NDE}+{USA}",1.0,,,,,,3.096588107664999e-05,USA
0.8,PURE,False,accept,EUR,{EUR}+{NDE}+{USA},"{EUR,USA}+{NDE}",1.0,,,,,,0.0001830688758057697,
0.8,PURE,False,accept,NDE,"{EUR,NDE,USA}","{EUR,NDE}+{USA}",0.0,,,,,,-1.1805110467832947e-05,
0.8,PURE,False,accept,NDE,"{EUR,NDE,USA}","{EUR,USA}+{NDE}",0.0,,,,,,-0.005302343953506039,
0.8,PURE,False,accept,NDE,"{EUR,NDE,USA}","{EUR}+{NDE,USA}",1.0,,,,,,0.00048614181834238934,
0.8,PURE,False,accept,NDE,"{EUR,NDE,USA}",{EUR}+{NDE}+{USA},0.0,,,,,,-0.004561910727108653,
0.8,PURE,False,accept,NDE,"{EUR,NDE}+{USA}","{EUR,NDE,USA}",1.0,,,,,,1.1805110467832947e-05,
0.8,PURE,False,accept,NDE,"{EUR,NDE}+{USA}","{EUR,USA}+{NDE}",0.0,,,,,,-0.005290538843038206,
0.8,PURE,False,accept,NDE,"{EUR,NDE}+{USA}","{EUR}+{NDE,USA}",1.0,,,,,,0.0004979469288102223,
0.8,PURE,False,accept,NDE,"{EUR,NDE}+{USA}",{EUR}+{NDE}+{USA},0.0,,,,,,-0.0045501056166408205,
0.8,PURE,False,accept,NDE,"{EUR,USA}+{NDE}","{EUR,NDE,USA}",1.0,,,,,,0.005302343953506039,
0.8,PURE,False,accept,NDE,"{EUR,USA}+{NDE}","{EUR,NDE}+{USA}",1.0,,,,,,0.005290538843038206,
0.8,PURE,False,accept,NDE,"{EUR,USA}+{NDE}","{EUR}+{NDE,USA}",1.0,,,,,,0.005788485771848428,
0.8,PURE,False,accept,NDE,"{EUR}+{NDE,USA}","{EUR,NDE,USA}",0.0,,,,,,-0.00048614181834238934,
0.8,PURE,False,accept,NDE,"{EUR}+{NDE,USA}","{EUR,NDE}+{USA}",0.0,,,,,,-0.0004979469288102223,
0.8,PURE,False,accept,NDE,"{EUR}+{NDE,USA}","{EUR,USA}+{NDE}",0.0,,,,,,-0.005788485771848428,
0.8,PURE,False,accept,NDE,"{EUR}+{NDE,USA}",{EUR}+{NDE}+{USA},0.0,,,,,,-0.005048052545451043,
0.8,PURE,False,accept,NDE,{EUR}+{NDE}+{USA},"{EUR,NDE,USA}",1.0,,,,,,0.004561910727108653,
0.8,PURE,False,accept,NDE,{EUR}+{NDE}+{USA},"{EUR,NDE}+{USA}",1.0,,,,,,0.0045501056166408205,USA
0.8,PURE,False,accept,NDE,{EUR}+{NDE}+{USA},"{EUR}+{NDE,USA}",1.0,,,,,,0.005048052545451043,
0.8,PURE,False,accept,USA,"{EUR,NDE,USA}","{EUR,NDE}+{USA}",1.0,,,,,,0.00011317001676669491,
0.8,PURE,False,accept,USA,"{EUR,NDE,USA}","{EUR,USA}+{NDE}",0.0,,,,,,-4.438151078423047e-05,
0.8,PURE,False,accept,USA,"{EUR,NDE,USA}","{EUR}+{NDE,USA}",0.0,,,,,,-0.00020049168066238465,
0.8,PURE,False,accept,USA,"{EUR,NDE,USA}",{EUR}+{NDE}+{USA},0.0,,,,,,-0.0002090589344541094,
0.8,PURE,False,accept,USA,"{EUR,NDE}+{USA}","{EUR,NDE,USA}",0.0,,,,,,-0.00011317001676669491,
0.8,PURE,False,accept,USA,"{EUR,NDE}+{USA}","{EUR,USA}+{NDE}",0.0,,,,,,-0.00015755152755092539,
0.8,PURE,False,accept,USA,"{EUR,NDE}+{USA}","{EUR}+{NDE,USA}",0.0,,,,,,-0.00031366169742907957,
0.8,PURE,False,accept,USA,"{EUR,USA}+{NDE}","{EUR,NDE,USA}",1.0,,,,,,4.438151078423047e-05,
0.8,PURE,False,accept,USA,"{EUR,USA}+{NDE}","{EUR,NDE}+{USA}",1.0,,,,,,0.00015755152755092539,
0.8,PURE,False,accept,USA,"{EUR,USA}+{NDE}","{EUR}+{NDE,USA}",0.0,,,,,,-0.00015611016987815418,
0.8,PURE,False,accept,USA,"{EUR,USA}+{NDE}",{EUR}+{NDE}+{USA},0.0,,,,,,-0.00016467742366987892,
0.8,PURE,False,accept,USA,"{EUR}+{NDE,USA}","{EUR,NDE,USA}",1.0,,,,,,0.00020049168066238465,
0.8,PURE,False,accept,USA,"{EUR}+{NDE,USA}","{EUR,NDE}+{USA}",1.0,,,,,,0.00031366169742907957,
0.8,PURE,False,accept,USA,"{EUR}+{NDE,USA}","{EUR,USA}+{NDE}",1.0,,,,,,0.00015611016987815418,
0.8,PURE,False,accept,USA,"{EUR}+{NDE,USA}",{EUR}+{NDE}+{USA},0.0,,,,,,-8.567253791724738e-06,
0.8,PURE,False,accept,USA,{EUR}+{NDE}+{USA},"{EUR,NDE,USA}",1.0,,,,,,0.0002090589344541094,
0.8,PURE,False,accept,USA,{EUR}+{NDE}+{USA},"{EUR,USA}+{NDE}",1.0,,,,,,0.00016467742366987892,EUR
0.8,PURE,False,accept,USA,{EUR}+{NDE}+{USA},"{EUR}+{NDE,USA}",1.0,,,,,,8.567253791724738e-06,NDE
0.82,MIXED_NONUNIQUE,True,propose,EUR,"{EUR,NDE,USA}","{EUR,NDE,USA}",0.29852282039990885,True,1.0,0.29852282039990885,False,,,
0.82,MIXED_NONUNIQUE,True,propose,EUR,"{EUR,NDE,USA}","{EUR}+{NDE,USA}",0.7014771796000911,False,1.0,0.7014771796000911,True,,,
0.82,MIXED_NONUNIQUE,True,propose,EUR,"{EUR,NDE}+{USA}","{EUR,NDE}+{USA}",1.0,True,1.0,1.0,False,,,
0.82,MIXED_NONUNIQUE,True,propose,EUR,"{EUR,USA}+{NDE}","{EUR,USA}+{NDE}",1.0,True,1.0,1.0,False,,,
0.82,MIXED_NONUNIQUE,True,propose,EUR,"{EUR}+{NDE,USA}","{EUR,NDE,USA}",0.3633942525959153,False,1.0,0.3633942525959153,False,"NDE,USA",,
0.82,MIXED_NONUNIQUE,True,propose,EUR,"{EUR}+{NDE,USA}","{EUR}+{NDE,USA}",0.6366057474040847,True,1.0,0.6366057474040847,False,,,
0.82,MIXED_NONUNIQUE,True,propose,EUR,{EUR}+{NDE}+{USA},"{EUR,USA}+{NDE}",1.0,False,1.0,1.0,False,USA,,
0.82,MIXED_NONUNIQUE,True,propose,NDE,"{EUR,NDE,USA}","{EUR,NDE,USA}",1.0,True,1.0,1.0,False,,,
0.82,MIXED_NONUNIQUE,True,propose,NDE,"{EUR,NDE}+{USA}","{EUR,NDE}+{USA}",1.0,True,1.0,1.0,False,,,
0.82,MIXED_NONUNIQUE,True,propose,NDE,"{EUR,USA}+{NDE}","{EUR,USA}+{NDE}",1.0,True,1.0,1.0,False,,,
0.82,MIXED_NONUNIQUE,True,propose,NDE,"{EUR}+{NDE,USA}","{EUR,NDE,USA}",1.0,False,0.01135066816358306,0.01135066816358306,False,"EUR,USA",,
0.82,MIXED_NONUNIQUE,True,propose,NDE,{EUR}+{NDE}+{USA},"{EUR,NDE}+{USA}",1.0,False,1.0,1.0,False,EUR,,
0.82,MIXED_NONUNIQUE,True,propose,USA,"{EUR,NDE,USA}","{EUR,NDE}+{USA}",1.0,False,1.0,1.0,True,,,
0.82,MIXED_NONUNIQUE,True,propose,USA,"{EUR,NDE}+{USA}","{EUR,NDE}+{USA}",1.0,True,1.0,1.0,False,,,
0.82,MIXED_NONUNIQUE,True,propose,USA,"{EUR,USA}+{NDE}","{EUR,USA}+{NDE}",1.0,True,1.0,1.0,False,,,
0.82,MIXED_NONUNIQUE,True,propose,USA,"{EUR}+{NDE,USA}","{EUR,NDE,USA}",0.5482903346002753,False,0.01135066816358306,0.006223461645347648,False,"EUR,NDE",,
0.82,MIXED_NONUNIQUE,True,propose,USA,"{EUR}+{NDE,USA}",{EUR}+{NDE}+{USA},0.4517096653997247,False,1.0,0.4517096653997247,True,,,
0.82,MIXED_NONUNIQUE,True,propose,USA,{EUR}+{NDE}+{USA},"{EUR,NDE}+{USA}",1.0,False,1.0,1.0,False,"EUR,NDE",,
0.82,MIXED_NONUNIQUE,True,accept,EUR,"{EUR,NDE,USA}","{EUR,NDE}+{USA}",0.0,,,,,,-2.341667175986828e-05,
0.82,MIXED_NONUNIQUE,True,accept,EUR,"{EUR,NDE,USA}","{EUR,USA}+{NDE}",1.0,,,,,,0.00012868632296925142,
0.82,MIXED_NONUNIQUE,True,accept,EUR,"{EUR,NDE,USA}","{EUR}+{NDE,USA}",0.5000000000000001,,,,,,0.0,
0.82,MIXED_NONUNIQUE,True,accept,EUR,"{EUR,NDE,USA}",{EUR}+{NDE}+{USA},0.0,,,,,,-6.205087160671141e-05,
0.82,MIXED_NONUNIQUE,True,accept,EUR,"{EUR,NDE}+{USA}","{EUR,NDE,USA}",1.0,,,,,,2.341667175986828e-05,
0.82,MIXED_NONUNIQUE,True,accept,EUR,"{EUR,NDE}+{USA}","{EUR,USA}+{NDE}",1.0,,,,,,0.0001521029947291197,
0.82,MIXED_NONUNIQUE,True,accept,EUR,"{EUR,NDE}+{USA}","{EUR}+{NDE,USA}",1.0,,,,,,2.341667175986828e-05,
0.82,MIXED_NONUNIQUE,True,accept,EUR,"{EUR,NDE}+{USA}",{EUR}+{NDE}+{USA},0.0,,,,,,-3.863419984684313e-05,
0.82,MIXED_NONUNIQUE,True,accept,EUR,"{EUR,USA}+{NDE}","{EUR,NDE,USA}",0.0,,,,,,-0.00012868632296925142,
0.82,MIXED_NONUNIQUE,True,accept,EUR,"{EUR,USA}+{NDE}","{EUR,NDE}+{USA}",0.0,,,,,,-0.0001521029947291197,
0.82,MIXED_NONUNIQUE,True,accept,EUR,"{EUR,USA}+{NDE}","{EUR}+{NDE,USA}",0.0,,,,,,-0.00012868632296925142,
0.82,MIXED_NONUNIQUE,True,accept,EUR,"{EUR,USA}+{NDE}",{EUR}+{NDE}+{USA},0.0,,,,,,-0.00019073719457596283,
0.82,MIXED_NONUNIQUE,True,accept,EUR,"{EUR}+{NDE,USA}","{EUR,NDE,USA}",0.01135066816358306,,,,,,0.0,"NDE,USA"
0.82,MIXED_NONUNIQUE,True,accept,EUR,"{EUR}+{NDE,USA}","{EUR,NDE}+{USA}",0.0,,,,,,-2.341667175986828e-05,
0.82,MIXED_NONUNIQUE,True,accept,EUR,"{EUR}+{NDE,USA}","{EUR,USA}+{NDE}",1.0,,,,,,0.00012868632296925142,
0.82,MIXED_NONUNIQUE,True,accept,EUR,{EUR}+{NDE}+{USA},"{EUR,NDE,USA}",1.0,,,,,,6.205087160671141e-05,
0.82,MIXED_NONUNIQUE,True,accept,EUR,{EUR}+{NDE}+{USA},"{EUR,NDE}+{USA}",1.0,,,,,,3.863419984684313e-05,"NDE,USA"
0.82,MIXED_NONUNIQUE,True,accept,EUR,{EUR}+{NDE}+{USA},"{EUR,USA}+{NDE}",1.0,,,,,,0.00019073719457596283,
0.82,MIXED_NONUNIQUE,True,accept,NDE,"{EUR,NDE,USA}","{EUR,NDE}+{USA}",1.0,,,,,,0.0005445167398754336,
0.82,MIXED_NONUNIQUE,True,accept,NDE,"{EUR,NDE,USA}","{EUR,USA}+{NDE}",0.0,,,,,,-0.0047460221031627725,
0.82,MIXED_NONUNIQUE,True,accept,NDE,"{EUR,NDE,USA}","{EUR}+{NDE,USA}",0.0,,,,,,-0.0007047759756808603,
0.82,MIXED_NONUNIQUE,True,accept,NDE,"{EUR,NDE,USA}",{EUR}+{NDE}+{USA},0.0,,,,,,-0.003846436872784409,
0.82,MIXED_NONUNIQUE,True,accept,NDE,"{EUR,NDE}+{USA}","{EUR,NDE,USA}",0.0,,,,,,-0.0005445167398754336,
0.82,MIXED_NONUNIQUE,True,accept,NDE,"{EUR,NDE}+{USA}","{EUR,USA}+{NDE}",0.0,,,,,,-0.005290538843038206,
0.82,MIXED_NONUNIQUE,True,accept,NDE,"{EUR,NDE}+{USA}","{EUR}+{NDE,USA}",0.0,,,,,,-0.0012492927155562938,
0.82,MIXED_NONUNIQUE,True,accept,NDE,"{EUR,NDE}+{USA}",{EUR}+{NDE}+{USA},0.0,,,,,,-0.0043909536126598425,
0.82,MIXED_NONUNIQUE,True,accept,NDE,"{EUR,USA}+{NDE}","{EUR,NDE,USA}",1.0,,,,,,0.0047460221031627725,
0.82,MIXED_NONUNIQUE,True,accept,NDE,"{EUR,USA}+{NDE}","{EUR,NDE}+{USA}",1.0,,,,,,0.005290538843038206,
0.82,MIXED_NONUNIQUE,True,accept,NDE,"{EUR,USA}+{NDE}","{EUR}+{NDE,USA}",1.0,,,,,,0.004041246127481912,
0.82,MIXED_NONUNIQUE,True,accept,NDE,"{EUR}+{NDE,USA}","{EUR,NDE,USA}",1.0,,,,,,0.0007047759756808603,"EUR,USA"
0.82,MIXED_NONUNIQUE,True,accept,NDE,"{EUR}+{NDE,USA}","{EUR,NDE}+{USA}",1.0,,,,,,0.0012492927155562938,
0.82,MIXED_NONUNIQUE,True,accept,NDE,"{EUR}+{NDE,USA}","{EUR,USA}+{NDE}",0.0,,,,,,-0.004041246127481912,
0.82,MIXED_NONUNIQUE,True,accept,NDE,"{EUR}+{NDE,USA}",{EUR}+{NDE}+{USA},0.0,,,,,,-0.0031416608971035487,
0.82,MIXED_NONUNIQUE,True,accept,NDE,{EUR}+{NDE}+{USA},"{EUR,NDE,USA}",1.0,,,,,,0.003846436872784409,
0.82,MIXED_NONUNIQUE,True,accept,NDE,{EUR}+{NDE}+{USA},"{EUR,NDE}+{USA}",1.0,,,,,,0.0043909536126598425,USA
0.82,MIXED_NONUNIQUE,True,accept,NDE,{EUR}+{NDE}+{USA},"{EUR}+{NDE,USA}",1.0,,,,,,0.0031416608971035487,
0.82,MIXED_NONUNIQUE,True,accept,USA,"{EUR,NDE,USA}","{EUR,NDE}+{USA}",1.0,,,,,,6.500481077420517e-05,
0.82,MIXED_NONUNIQUE,True,accept,USA,"{EUR,NDE,USA}","{EUR,USA}+{NDE}",0.0,,,,,,-9.254671677672022e-05,
0.82,MIXED_NONUNIQUE,True,accept,USA,"{EUR,NDE,USA}","{EUR}+{NDE,USA}",0.0,,,,,,-0.00015675341148391198,
0.82,MIXED_NONUNIQUE,True,accept,USA,"{EUR,NDE,USA}",{EUR}+{NDE}+{USA},0.0,,,,,,-0.00015497415552623295,
0.82,MIXED_NONUNIQUE,True,accept,USA,"{EUR,NDE}+{USA}","{EUR,NDE,USA}",0.0,,,,,,-6.500481077420517e-05,
0.82,MIXED_NONUNIQUE,True,accept,USA,"{EUR,NDE}+{USA}","{EUR,USA}+{NDE}",0.0,,,,,,-0.00015755152755092539,
0.82,MIXED_NONUNIQUE,True,accept,USA,"{EUR,NDE}+{USA}","{EUR}+{NDE,USA}",0.0,,,,,,-0.00022175822225811714,
0.82,MIXED_NONUNIQUE,True,accept,USA,"{EUR,USA}+{NDE}","{EUR,NDE,USA}",1.0,,,,,,9.254671677672022e-05,
0.82,MIXED_NONUNIQUE,True,accept,USA,"{EUR,USA}+{NDE}","{EUR,NDE}+{USA}",1.0,,,,,,0.00015755152755092539,
0.82,MIXED_NONUNIQUE,True,accept,USA,"{EUR,USA}+{NDE}","{EUR}+{NDE,USA}",0.0,,,,,,-6.420669470719176e-05,
0.82,MIXED_NONUNIQUE,True,accept,USA,"{EUR,USA}+{NDE}",{EUR}+{NDE}+{USA},0.0,,,,,,-6.242743874951273e-05,
0.82,MIXED_NONUNIQUE,True,accept,USA,"{EUR}+{NDE,USA}","{EUR,NDE,USA}",1.0,,,,,,0.00015675341148391198,"EUR,NDE"
0.82,MIXED_NONUNIQUE,True,accept,USA,"{EUR}+{NDE,USA}","{EUR,NDE}+{USA}",1.0,,,,,,0.00022175822225811714,
0.82,MIXED_NONUNIQUE,True,accept,USA,"{EUR}+{NDE,USA}","{EUR,USA}+{NDE}",1.0,,,,,,6.420669470719176e-05,
0.82,MIXED_NONUNIQUE,True,accept,USA,"{EUR}+{NDE,USA}",{EUR}+{NDE}+{USA},1.0,,,,,,1.7792559576790268e-06,
0.82,MIXED_NONUNIQUE,True,accept,USA,{EUR}+{NDE}+{USA},"{EUR,NDE,USA}",1.0,,,,,,0.00015497415552623295,
0.82,MIXED_NONUNIQUE,True,accept,USA,{EUR}+{NDE}+{USA},"{EUR,USA}+{NDE}",1.0,,,,,,6.242743874951273e-05,EUR
0.82,MIXED_NONUNIQUE,True,accept,USA,{EUR}+{NDE}+{USA},"{EUR}+{NDE,USA}",0.0,,,,,,-1.7792559576790268e-06,
0.84,MIXED_NONUNIQUE,True,propose,EUR,"{EUR,NDE,USA}","{EUR,NDE,USA}",0.3080445861312032,True,1.0,0.3080445861312032,False,,,
0.84,MIXED_NONUNIQUE,True,propose,EUR,"{EUR,NDE,USA}","{EUR}+{NDE,USA}",0.6919554138687968,False,1.0,0.6919554138687968,True,,,
0.84,MIXED_NONUNIQUE,True,propose,EUR,"{EUR,NDE}+{USA}","{EUR,NDE}+{USA}",1.0,True,1.0,1.0,False,,,
0.84,MIXED_NONUNIQUE,True,propose,EUR,"{EUR,USA}+{NDE}","{EUR,USA}+{NDE}",1.0,True,1.0,1.0,False,,,
0.84,MIXED_NONUNIQUE,True,propose,EUR,"{EUR}+{NDE,USA}","{EUR,NDE,USA}",0.3705116280231079,False,1.0,0.3705116280231079,False,"NDE,USA",,
0.84,MIXED_NONUNIQUE,True,propose,EUR,"{EUR}+{NDE,USA}","{EUR}+{NDE,USA}",0.6294883719768921,True,1.0,0.6294883719768921,False,,,
0.84,MIXED_NONUNIQUE,True,propose,EUR,{EUR}+{NDE}+{USA},"{EUR,USA}+{NDE}",1.0,False,1.0,1.0,False,USA,,
0.84,MIXED_NONUNIQUE,True,propose,NDE,"{EUR,NDE,USA}","{EUR,NDE,USA}",1.0,True,1.0,1.0,False,,,
0.84,MIXED_NONUNIQUE,True,propose,NDE,"{EUR,NDE}+{USA}","{EUR,NDE}+{USA}",1.0,True,1.0,1.0,False,,,
0.84,MIXED_NONUNIQUE,True,propose,NDE,"{EUR,USA}+{NDE}","{EUR,USA}+{NDE}",1.0,True,1.0,1.0,False,,,
0.84,MIXED_NONUNIQUE,True,propose,NDE,"{EUR}+{NDE,USA}","{EUR,NDE,USA}",1.0,False,0.029691006682200476,0.029691006682200476,False,"EUR,USA",,
0.84,MIXED_NONUNIQUE,True,propose,NDE,{EUR}+{NDE}+{USA},"{EUR,NDE}+{USA}",1.0,False,1.0,1.0,False,EUR,,
0.84,MIXED_NONUNIQUE,True,propose,USA,"{EUR,NDE,USA}","{EUR,NDE}+{USA}",1.0,False,1.0,1.0,True,,,
0.84,MIXED_NONUNIQUE,True,propose,USA,"{EUR,NDE}+{USA}","{EUR,NDE}+{USA}",1.0,True,1.0,1.0,False,,,
0.84,MIXED_NONUNIQUE,True,propose,USA,"{EUR,USA}+{NDE}","{EUR,USA}+{NDE}",1.0,True,1.0,1.0,False,,,
0.84,MIXED_NONUNIQUE,True,propose,USA,"{EUR}+{NDE,USA}","{EUR,NDE,USA}",0.49260341650122763,False,0.029691006682200476,0.014625891331012733,False,"EUR,NDE",,
0.84,MIXED_NONUNIQUE,True,propose,USA,"{EUR}+{NDE,USA}",{EUR}+{NDE}+{USA},0.5073965834987724,False,1.0,0.5073965834987724,True,,,
0.84,MIXED_NONUNIQUE,True,propose,USA,{EUR}+{NDE}+{USA},"{EUR,NDE}+{USA}",1.0,False,1.0,1.0,False,"EUR,NDE",,
0.84,MIXED_NONUNIQUE,True,accept,EUR,"{EUR,NDE,USA}","{EUR,NDE}+{USA}",0.0,,,,,,-2.1445571443123868e-05,
0.84,MIXED_NONUNIQUE,True,accept,EUR,"{EUR,NDE,USA}","{EUR,USA}+{NDE}",1.0,,,,,,0.00013065742328599583,
0.84,MIXED_NONUNIQUE,True,accept,EUR,"{EUR,NDE,USA}","{EUR}+{NDE,USA}",0.5,,,,,,0.0,
0.84,MIXED_NONUNIQUE,True,accept,EUR,"{EUR,NDE,USA}",{EUR}+{NDE}+{USA},0.0,,,,,,-5.015363816918139e-05,
0.84,MIXED_NONUNIQUE,True,accept,EUR,"{EUR,NDE}+{USA}","{EUR,NDE,USA}",1.0,,,,,,2.1445571443123868e-05,
0.84,MIXED_NONUNIQUE,True,accept,EUR,"{EUR,NDE}+{USA}","{EUR,USA}+{NDE}",1.0,,,,,,0.0001521029947291197,
0.84,MIXED_NONUNIQUE,True,accept,EUR,"{EUR,NDE}+{USA}","{EUR}+{NDE,USA}",1.0,,,,,,2.1445571443123868e-05,
0.84,MIXED_NONUNIQUE,True,accept,EUR,"{EUR,NDE}+{USA}",{EUR}+{NDE}+{USA},0.0,,,,,,-2.8708066726057524e-05,
0.84,MIXED_NONUNIQUE,True,accept,EUR,"{EUR,USA}+{NDE}","{EUR,NDE,USA}",0.0,,,,,,-0.00013065742328599583,
0.84,MIXED_NONUNIQUE,True,accept,EUR,"{EUR,USA}+{NDE}","{EUR,NDE}+{USA}",0.0,,,,,,-0.0001521029947291197,
0.84,MIXED_NONUNIQUE,True,accept,EUR,"{EUR,USA}+{NDE}","{EUR}+{NDE,USA}",0.0,,,,,,-0.00013065742328599583,
0.84,MIXED_NONUNIQUE,True,accept,EUR,"{EUR,USA}+{NDE}",{EUR}+{NDE}+{USA},0.0,,,,,,-0.00018081106145517722,
0.84,MIXED_NONUNIQUE,True,accept,EUR,"{EUR}+{NDE,USA}","{EUR,NDE,USA}",0.029691006682200476,,,,,,0.0,"NDE,USA"
0.84,MIXED_NONUNIQUE,True,accept,EUR,"{EUR}+{NDE,USA}","{EUR,NDE}+{USA}",0.0,,,,,,-2.1445571443123868e-05,
0.84,MIXED_NONUNIQUE,True,accept,EUR,"{EUR}+{NDE,USA}","{EUR,USA}+{NDE}",1.0,,,,,,0.00013065742328599583,
0.84,MIXED_NONUNIQUE,True,accept,EUR,{EUR}+{NDE}+{USA},"{EUR,NDE,USA}",1.0,,,,,,5.015363816918139e-05,
0.84,MIXED_NONUNIQUE,True,accept,EUR,{EUR}+{NDE}+{USA},"{EUR,NDE}+{USA}",1.0,,,,,,2.8708066726057524e-05,"NDE,USA"
0.84,MIXED_NONUNIQUE,True,accept,EUR,{EUR}+{NDE}+{USA},"{EUR,USA}+{NDE}",1.0,,,,,,0.00018081106145517722,
0.84,MIXED_NONUNIQUE,True,accept,NDE,"{EUR,NDE,USA}","{EUR,NDE}+{USA}",1.0,,,,,,0.0005727785395457374,
0.84,MIXED_NONUNIQUE,True,accept,NDE,"{EUR,NDE,USA}","{EUR,USA}+{NDE}",0.0,,,,,,-0.004717760303492469,
0.84,MIXED_NONUNIQUE,True,accept,NDE,"{EUR,NDE,USA}","{EUR}+{NDE,USA}",0.0,,,,,,-0.0007882400110545973,
0.84,MIXED_NONUNIQUE,True,accept,NDE,"{EUR,NDE,USA}",{EUR}+{NDE}+{USA},0.0,,,,,,-0.003526237221450401,
0.84,MIXED_NONUNIQUE,True,accept,NDE,"{EUR,NDE}+{USA}","{EUR,NDE,USA}",0.0,,,,,,-0.0005727785395457374,
0.84,MIXED_NONUNIQUE,True,accept,NDE,"{EUR,NDE}+{USA}","{EUR,USA}+{NDE}",0.0,,,,,,-0.005290538843038206,
0.84,MIXED_NONUNIQUE,True,accept,NDE,"{EUR,NDE}+{USA}","{EUR}+{NDE,USA}",0.0,,,,,,-0.0013610185506003347,
0.84,MIXED_NONUNIQUE,True,accept,NDE,"{EUR,NDE}+{USA}",{EUR}+{NDE}+{USA},0.0,,,,,,-0.004099015760996139,
0.84,MIXED_NONUNIQUE,True,accept,NDE,"{EUR,USA}+{NDE}","{EUR,NDE,USA}",1.0,,,,,,0.004717760303492469,
0.84,MIXED_NONUNIQUE,True,accept,NDE,"{EUR,USA}+{NDE}","{EUR,NDE}+{USA}",1.0,,,,,,0.005290538843038206,
0.84,MIXED_NONUNIQUE,True,accept,NDE,"{EUR,USA}+{NDE}","{EUR}+{NDE,USA}",1.0,,,,,,0.003929520292437871,
0.84,MIXED_NONUNIQUE,True,accept,NDE,"{EUR}+{NDE,USA}","{EUR,NDE,USA}",1.0,,,,,,0.0007882400110545973,"EUR,USA"
0.84,MIXED_NONUNIQUE,True,accept,NDE,"{EUR}+{NDE,USA}","{EUR,NDE}+{USA}",1.0,,,,,,0.0013610185506003347,
0.84,MIXED_NONUNIQUE,True,accept,NDE,"{EUR}+{NDE,USA}","{EUR,USA}+{NDE}",0.0,,,,,,-0.003929520292437871,
0.84,MIXED_NONUNIQUE,True,accept,NDE,"{EUR}+{NDE,USA}",{EUR}+{NDE}+{USA},0.0,,,,,,-0.002737997210395804,
0.84,MIXED_NONUNIQUE,True,accept,NDE,{EUR}+{NDE}+{USA},"{EUR,NDE,USA}",1.0,,,,,,0.003526237221450401,
0.84,MIXED_NONUNIQUE,True,accept,NDE,{EUR}+{NDE}+{USA},"{EUR,NDE}+{USA}",1.0,,,,,,0.004099015760996139,USA
0.84,MIXED_NONUNIQUE,True,accept,NDE,{EUR}+{NDE}+{USA},"{EUR}+{NDE,USA}",1.0,,,,,,0.002737997210395804,
0.84,MIXED_NONUNIQUE,True,accept,USA,"{EUR,NDE,USA}","{EUR,NDE}+{USA}",1.0,,,,,,6.204355112027216e-05,
0.84,MIXED_NONUNIQUE,True,accept,USA,"{EUR,NDE,USA}","{EUR,USA}+{NDE}",0.0,,,,,,-9.550797643065323e-05,
0.84,MIXED_NONUNIQUE,True,accept,USA,"{EUR,NDE,USA}","{EUR}+{NDE,USA}",0.0,,,,,,-0.00014359193878910048,
0.84,MIXED_NONUNIQUE,True,accept,USA,"{EUR,NDE,USA}",{EUR}+{NDE}+{USA},0.0,,,,,,-0.00013932854957499075,
0.84,MIXED_NONUNIQUE,True,accept,USA,"{EUR,NDE}+{USA}","{EUR,NDE,USA}",0.0,,,,,,-6.204355112027216e-05,
0.84,MIXED_NONUNIQUE,True,accept,USA,"{EUR,NDE}+{USA}","{EUR,USA}+{NDE}",0.0,,,,,,-0.00015755152755092539,
0.84,MIXED_NONUNIQUE,True,accept,USA,"{EUR,NDE}+{USA}","{EUR}+{NDE,USA}",0.0,,,,,,-0.00020563548990937264,
0.84,MIXED_NONUNIQUE,True,accept,USA,"{EUR,USA}+{NDE}","{EUR,NDE,USA}",1.0,,,,,,9.550797643065323e-05,
0.84,MIXED_NONUNIQUE,True,accept,USA,"{EUR,USA}+{NDE}","{EUR,NDE}+{USA}",1.0,,,,,,0.00015755152755092539,
0.84,MIXED_NONUNIQUE,True,accept,USA,"{EUR,USA}+{NDE}","{EUR}+{NDE,USA}",0.0,,,,,,-4.808396235844725e-05,
0.84,MIXED_NONUNIQUE,True,accept,USA,"{EUR,USA}+{NDE}",{EUR}+{NDE}+{USA},0.0,,,,,,-4.3820573144337516e-05,
0.84,MIXED_NONUNIQUE,True,accept,USA,"{EUR}+{NDE,USA}","{EUR,NDE,USA}",1.0,,,,,,0.00014359193878910048,"EUR,NDE"
0.84,MIXED_NONUNIQUE,True,accept,USA,"{EUR}+{NDE,USA}","{EUR,NDE}+{USA}",1.0,,,,,,0.00020563548990937264,
0.84,MIXED_NONUNIQUE,True,accept,USA,"{EUR}+{NDE,USA}","{EUR,USA}+{NDE}",1.0,,,,,,4.808396235844725e-05,
0.84,MIXED_NONUNIQUE,True,accept,USA,"{EUR}+{NDE,USA}",{EUR}+{NDE}+{USA},1.0,,,,,,4.263389214109736e-06,
0.84,MIXED_NONUNIQUE,True,accept,USA,{EUR}+{NDE}+{USA},"{EUR,NDE,USA}",1.0,,,,,,0.00013932854957499075,
0.84,MIXED_NONUNIQUE,True,accept,USA,{EUR}+{NDE}+{USA},"{EUR,USA}+{NDE}",1.0,,,,,,4.3820573144337516e-05,EUR
0.84,MIXED_NONUNIQUE,True,accept,USA,{EUR}+{NDE}+{USA},"{EUR}+{NDE,USA}",0.0,,,,,,-4.263389214109736e-06,
0.86,MIXED_NONUNIQUE,True,propose,EUR,"{EUR,NDE,USA}","{EUR,NDE,USA}",0.31493260950146884,True,1.0,0.31493260950146884,False,,,
0.86,MIXED_NONUNIQUE,True,propose,EUR,"{EUR,NDE,USA}","{EUR}+{NDE,USA}",0.6850673904985312,False,1.0,0.6850673904985312,True,,,
0.86,MIXED_NONUNIQUE,True,propose,EUR,"{EUR,NDE}+{USA}","{EUR,NDE}+{USA}",1.0,True,1.0,1.0,False,,,
0.86,MIXED_NONUNIQUE,True,propose,EUR,"{EUR,USA}+{NDE}","{EUR,USA}+{NDE}",1.0,True,1.0,1.0,False,,,
0.86,MIXED_NONUNIQUE,True,propose,EUR,"{EUR}+{NDE,USA}","{EUR,NDE,USA}",0.38186087881548914,False,1.0,0.38186087881548914,False,"NDE,USA",,
0.86,MIXED_NONUNIQUE,True,propose,EUR,"{EUR}+{NDE,USA}","{EUR}+{NDE,USA}",0.6181391211845109,True,1.0,0.6181391211845109,False,,,
0.86,MIXED_NONUNIQUE,True,propose,EUR,{EUR}+{NDE}+{USA},"{EUR,USA}+{NDE}",1.0,False,1.0,1.0,False,USA,,
0.86,MIXED_NONUNIQUE,True,propose,NDE,"{EUR,NDE,USA}","{EUR,NDE,USA}",1.0,True,1.0,1.0,False,,,
0.86,MIXED_NONUNIQUE,True,propose,NDE,"{EUR,NDE}+{USA}","{EUR,NDE}+{USA}",1.0,True,1.0,1.0,False,,,
0.86,MIXED_NONUNIQUE,True,propose,NDE,"{EUR,USA}+{NDE}","{EUR,USA}+{NDE}",1.0,True,1.0,1.0,False,,,
0.86,MIXED_NONUNIQUE,True,propose,NDE,"{EUR}+{NDE,USA}","{EUR,NDE,USA}",1.0,False,0.044403506044381015,0.044403506044381015,False,"EUR,USA",,
0.86,MIXED_NONUNIQUE,True,propose,NDE,{EUR}+{NDE}+{USA},"{EUR,NDE}+{USA}",1.0,False,1.0,1.0,False,EUR,,
0.86,MIXED_NONUNIQUE,True,propose,USA,"{EUR,NDE,USA}","{EUR,NDE}+{USA}",1.0,False,1.0,1.0,True,,,
0.86,MIXED_NONUNIQUE,True,propose,USA,"{EUR,NDE}+{USA}","{EUR,NDE}+{USA}",1.0,True,1.0,1.0,False,,,
0.86,MIXED_NONUNIQUE,True,propose,USA,"{EUR,USA}+{NDE}","{EUR,USA}+{NDE}",1.0,True,1.0,1.0,False,,,
0.86,MIXED_NONUNIQUE,True,propose,USA,"{EUR}+{NDE,USA}","{EUR,NDE,USA}",0.4028361903030653,False,0.044403506044381015,0.01788733921101758,False,"EUR,NDE",,
0.86,MIXED_NONUNIQUE,True,propose,USA,"{EUR}+{NDE,USA}",{EUR}+{NDE}+{USA},0.5971638096969347,False,1.0,0.5971638096969347,True,,,
0.86,MIXED_NONUNIQUE,True,propose,USA,{EUR}+{NDE}+{USA},"{EUR,NDE}+{USA}",1.0,False,1.0,1.0,False,"EUR,NDE",,
0.86,MIXED_NONUNIQUE,True,accept,EUR,"{EUR,NDE,USA}","{EUR,NDE}+{USA}",0.0,,,,,,-1.9351277356971508e-05,
0.86,MIXED_NONUNIQUE,True,accept,EUR,"{EUR,NDE,USA}","{EUR,USA}+{NDE}",1.0,,,,,,0.0001327517173721482,
0.86,MIXED_NONUNIQUE,True,accept,EUR,"{EUR,NDE,USA}","{EUR}+{NDE,USA}",0.5,,,,,,0.0,
0.86,MIXED_NONUNIQUE,True,accept,EUR,"{EUR,NDE,USA}",{EUR}+{NDE}+{USA},0.0,,,,,,-3.8133210961799335e-05,
0.86,MIXED_NONUNIQUE,True,accept,EUR,"{EUR,NDE}+{USA}","{EUR,NDE,USA}",1.0,,,,,,1.9351277356971508e-05,
0.86,MIXED_NONUNIQUE,True,accept,EUR,"{EUR,NDE}+{USA}","{EUR,USA}+{NDE}",1.0,,,,,,0.0001521029947291197,
0.86,MIXED_NONUNIQUE,True,accept,EUR,"{EUR,NDE}+{USA}","{EUR}+{NDE,USA}",1.0,,,,,,1.9351277356971508e-05,
0.86,MIXED_NONUNIQUE,True,accept,EUR,"{EUR,NDE}+{USA}",{EUR}+{NDE}+{USA},0.0,,,,,,-1.8781933604827827e-05,
0.86,MIXED_NONUNIQUE,True,accept,EUR,"{EUR,USA}+{NDE}","{EUR,NDE,USA}",0.0,,,,,,-0.0001327517173721482,
0.86,MIXED_NONUNIQUE,True,accept,EUR,"{EUR,USA}+{NDE}","{EUR,NDE}+{USA}",0.0,,,,,,-0.0001521029947291197,
0.86,MIXED_NONUNIQUE,True,accept,EUR,"{EUR,USA}+{NDE}","{EUR}+{NDE,USA}",0.0,,,,,,-0.0001327517173721482,
0.86,MIXED_NONUNIQUE,True,accept,EUR,"{EUR,USA}+{NDE}",{EUR}+{NDE}+{USA},0.0,,,,,,-0.00017088492833394753,
0.86,MIXED_NONUNIQUE,True,accept,EUR,"{EUR}+{NDE,USA}","{EUR,NDE,USA}",0.044403506044381015,,,,,,0.0,"NDE,USA"
0.86,MIXED_NONUNIQUE,True,accept,EUR,"{EUR}+{NDE,USA}","{EUR,NDE}+{USA}",0.0,,,,,,-1.9351277356971508e-05,
0.86,MIXED_NONUNIQUE,True,accept,EUR,"{EUR}+{NDE,USA}","{EUR,USA}+{NDE}",1.0,,,,,,0.0001327517173721482,
0.86,MIXED_NONUNIQUE,True,accept,EUR,{EUR}+{NDE}+{USA},"{EUR,NDE,USA}",1.0,,,,,,3.8133210961799335e-05,
0.86,MIXED_NONUNIQUE,True,accept,EUR,{EUR}+{NDE}+{USA},"{EUR,NDE}+{USA}",1.0,,,,,,1.8781933604827827e-05,"NDE,USA"
0.86,MIXED_NONUNIQUE,True,accept,EUR,{EUR}+{NDE}+{USA},"{EUR,USA}+{NDE}",1.0,,,,,,0.00017088492833394753,
0.86,MIXED_NONUNIQUE,True,accept,NDE,"{EUR,NDE,USA}","{EUR,NDE}+{USA}",1.0,,,,,,0.000613997856085291,
0.86,MIXED_NONUNIQUE,True,accept,NDE,"{EUR,NDE,USA}","{EUR,USA}+{NDE}",0.0,,,,,,-0.004676540986952915,
0.86,MIXED_NONUNIQUE,True,accept,NDE,"{EUR,NDE,USA}","{EUR}+{NDE,USA}",0.0,,,,,,-0.000891521264506423,
0.86,MIXED_NONUNIQUE,True,accept,NDE,"{EUR,NDE,USA}",{EUR}+{NDE}+{USA},0.0,,,,,,-0.003193080053243591,
0.86,MIXED_NONUNIQUE,True,accept,NDE,"{EUR,NDE}+{USA}","{EUR,NDE,USA}",0.0,,,,,,-0.000613997856085291,
0.86,MIXED_NONUNIQUE,True,accept,NDE,"{EUR,NDE}+{USA}","{EUR,USA}+{NDE}",0.0,,,,,,-0.005290538843038206,
0.86,MIXED_NONUNIQUE,True,accept,NDE,"{EUR,NDE}+{USA}","{EUR}+{NDE,USA}",0.0,,,,,,-0.001505519120591714,
0.86,MIXED_NONUNIQUE,True,accept,NDE,"{EUR,NDE}+{USA}",{EUR}+{NDE}+{USA},0.0,,,,,,-0.003807077909328882,
0.86,MIXED_NONUNIQUE,True,accept,NDE,"{EUR,USA}+{NDE}","{EUR,NDE,USA}",1.0,,,,,,0.004676540986952915,
0.86,MIXED_NONUNIQUE,True,accept,NDE,"{EUR,USA}+{NDE}","{EUR,NDE}+{USA}",1.0,,,,,,0.005290538843038206,
0.86,MIXED_NONUNIQUE,True,accept,NDE,"{EUR,USA}+{NDE}","{EUR}+{NDE,USA}",1.0,,,,,,0.003785019722446492,
0.86,MIXED_NONUNIQUE,True,accept,NDE,"{EUR}+{NDE,USA}","{EUR,NDE,USA}",1.0,,,,,,0.000891521264506423,"EUR,USA"
0.86,MIXED_NONUNIQUE,True,accept,NDE,"{EUR}+{NDE,USA}","{EUR,NDE}+{USA}",1.0,,,,,,0.001505519120591714,
0.86,MIXED_NONUNIQUE,True,accept,NDE,"{EUR}+{NDE,USA}","{EUR,USA}+{NDE}",0.0,,,,,,-0.003785019722446492,
0.86,MIXED_NONUNIQUE,True,accept,NDE,"{EUR}+{NDE,USA}",{EUR}+{NDE}+{USA},0.0,,,,,,-0.002301558788737168,
0.86,MIXED_NONUNIQUE,True,accept,NDE,{EUR}+{NDE}+{USA},"{EUR,NDE,USA}",1.0,,,,,,0.003193080053243591,
0.86,MIXED_NONUNIQUE,True,accept,NDE,{EUR}+{NDE}+{USA},"{EUR,NDE}+{USA}",1.0,,,,,,0.003807077909328882,USA
0.86,MIXED_NONUNIQUE,True,accept,NDE,{EUR}+{NDE}+{USA},"{EUR}+{NDE,USA}",1.0,,,,,,0.002301558788737168,
0.86,MIXED_NONUNIQUE,True,accept,USA,"{EUR,NDE,USA}","{EUR,NDE}+{USA}",1.0,,,,,,5.86924812249201e-05,
0.86,MIXED_NONUNIQUE,True,accept,USA,"{EUR,NDE,USA}","{EUR,USA}+{NDE}",0.0,,,,,,-9.885904632600528e-05,
0.86,MIXED_NONUNIQUE,True,accept,USA,"{EUR,NDE,USA}","{EUR}+{NDE,USA}",0.0,,,,,,-0.00012983801703869702,
0.86,MIXED_NONUNIQUE,True,accept,USA,"{EUR,NDE,USA}",{EUR}+{NDE}+{USA},0.0,,,,,,-0.0001240727538647235,
0.86,MIXED_NONUNIQUE,True,accept,USA,"{EUR,NDE}+{USA}","{EUR,NDE,USA}",0.0,,,,,,-5.86924812249201e-05,
0.86,MIXED_NONUNIQUE,True,accept,USA,"{EUR,NDE}+{USA}","{EUR,USA}+{NDE}",0.0,,,,,,-0.00015755152755092539,
0.86,MIXED_NONUNIQUE,True,accept,USA,"{EUR,NDE}+{USA}","{EUR}+{NDE,USA}",0.0,,,,,,-0.00018853049826361712,
0.86,MIXED_NONUNIQUE,True,accept,USA,"{EUR,USA}+{NDE}","{EUR,NDE,USA}",1.0,,,,,,9.885904632600528e-05,
0.86,MIXED_NONUNIQUE,True,accept,USA,"{EUR,USA}+{NDE}","{EUR,NDE}+{USA}",1.0,,,,,,0.00015755152755092539,
0.86,MIXED_NONUNIQUE,True,accept,USA,"{EUR,USA}+{NDE}","{EUR}+{NDE,USA}",0.0,,,,,,-3.0978970712691734e-05,
0.86,MIXED_NONUNIQUE,True,accept,USA,"{EUR,USA}+{NDE}",{EUR}+{NDE}+{USA},0.0,,,,,,-2.521370753871821e-05,
0.86,MIXED_NONUNIQUE,True,accept,USA,"{EUR}+{NDE,USA}","{EUR,NDE,USA}",1.0,,,,,,0.00012983801703869702,"EUR,NDE"
0.86,MIXED_NONUNIQUE,True,accept,USA,"{EUR}+{NDE,USA}","{EUR,NDE}+{USA}",1.0,,,,,,0.00018853049826361712,
0.86,MIXED_NONUNIQUE,True,accept,USA,"{EUR}+{NDE,USA}","{EUR,USA}+{NDE}",1.0,,,,,,3.0978970712691734e-05,
0.86,MIXED_NONUNIQUE,True,accept,USA,"{EUR}+{NDE,USA}",{EUR}+{NDE}+{USA},1.0,,,,,,5.765263173973523e-06,
0.86,MIXED_NONUNIQUE,True,accept,USA,{EUR}+{NDE}+{USA},"{EUR,NDE,USA}",1.0,,,,,,0.0001240727538647235,
0.86,MIXED_NONUNIQUE,True,accept,USA,{EUR}+{NDE}+{USA},"{EUR,USA}+{NDE}",1.0,,,,,,2.521370753871821e-05,EUR
0.86,MIXED_NONUNIQUE,True,accept,USA,{EUR}+{NDE}+{USA},"{EUR}+{NDE,USA}",0.0,,,,,,-5.765263173973523e-06,
0.88,MIXED_NONUNIQUE,True,propose,EUR,"{EUR,NDE,USA}","{EUR,NDE,USA}",0.30580234488184227,True,1.0,0.30580234488184227,False,,,
0.88,MIXED_NONUNIQUE,True,propose,EUR,"{EUR,NDE,USA}","{EUR}+{NDE,USA}",0.6941976551181577,False,1.0,0.6941976551181577,True,,,
0.88,MIXED_NONUNIQUE,True,propose,EUR,"{EUR,NDE}+{USA}","{EUR,NDE}+{USA}",1.0,True,1.0,1.0,False,,,
0.88,MIXED_NONUNIQUE,True,propose,EUR,"{EUR,USA}+{NDE}","{EUR,USA}+{NDE}",1.0,True,1.0,1.0,False,,,
0.88,MIXED_NONUNIQUE,True,propose,EUR,"{EUR}+{NDE,USA}","{EUR,NDE,USA}",0.40842605054563913,False,1.0,0.40842605054563913,False,"NDE,USA",,
0.88,MIXED_NONUNIQUE,True,propose,EUR,"{EUR}+{NDE,USA}","{EUR}+{NDE,USA}",0.5915739494543608,True,1.0,0.5915739494543608,False,,,
0.88,MIXED_NONUNIQUE,True,propose,EUR,{EUR}+{NDE}+{USA},"{EUR,USA}+{NDE}",1.0,False,1.0,1.0,False,USA,,
0.88,MIXED_NONUNIQUE,True,propose,NDE,"{EUR,NDE,USA}","{EUR,NDE,USA}",1.0,True,1.0,1.0,False,,,
0.88,MIXED_NONUNIQUE,True,propose,NDE,"{EUR,NDE}+{USA}","{EUR,NDE}+{USA}",1.0,True,1.0,1.0,False,,,
0.88,MIXED_NONUNIQUE,True,propose,NDE,"{EUR,USA}+{NDE}","{EUR,USA}+{NDE}",1.0,True,1.0,1.0,False,,,
0.88,MIXED_NONUNIQUE,True,propose,NDE,"{EUR}+{NDE,USA}","{EUR,NDE,USA}",1.0,False,0.051989390600314274,0.051989390600314274,False,"EUR,USA",,
0.88,MIXED_NONUNIQUE,True,propose,NDE,{EUR}+{NDE}+{USA},"{EUR,NDE}+{USA}",1.0,False,1.0,1.0,False,EUR,,
0.88,MIXED_NONUNIQUE,True,propose,USA,"{EUR,NDE,USA}","{EUR,NDE}+{USA}",1.0,False,1.0,1.0,True,,,
0.88,MIXED_NONUNIQUE,True,propose,USA,"{EUR,NDE}+{USA}","{EUR,NDE}+{USA}",1.0,True,1.0,1.0,False,,,
0.88,MIXED_NONUNIQUE,True,propose,USA,"{EUR,USA}+{NDE}","{EUR,USA}+{NDE}",1.0,True,1.0,1.0,False,,,
0.88,MIXED_NONUNIQUE,True,propose,USA,"{EUR}+{NDE,USA}","{EUR,NDE,USA}",0.23060498188503556,False,0.051989390600314274,0.01198901247759951,False,"EUR,NDE",,
0.88,MIXED_NONUNIQUE,True,propose,USA,"{EUR}+{NDE,USA}",{EUR}+{NDE}+{USA},0.7693950181149645,False,1.0,0.7693950181149645,True,,,
0.88,MIXED_NONUNIQUE,True,propose,USA,{EUR}+{NDE}+{USA},"{EUR,NDE}+{USA}",1.0,False,1.0,1.0,False,"EUR,NDE",,
0.88,MIXED_NONUNIQUE,True,accept,EUR,"{EUR,NDE,USA}","{EUR,NDE}+{USA}",0.0,,,,,,-1.7121867523339773e-05,
0.88,MIXED_NONUNIQUE,True,accept,EUR,"{EUR,NDE,USA}","{EUR,USA}+{NDE}",1.0,,,,,,0.00013498112720577993,
0.88,MIXED_NONUNIQUE,True,accept,EUR,"{EUR,NDE,USA}","{EUR}+{NDE,USA}",0.5000000000000001,,,,,,0.0,
0.88,MIXED_NONUNIQUE,True,accept,EUR,"{EUR,NDE,USA}",{EUR}+{NDE}+{USA},0.0,,,,,,-2.5977668006937904e-05,
0.88,MIXED_NONUNIQUE,True,accept,EUR,"{EUR,NDE}+{USA}","{EUR,NDE,USA}",1.0,,,,,,1.7121867523339773e-05,
0.88,MIXED_NONUNIQUE,True,accept,EUR,"{EUR,NDE}+{USA}","{EUR,USA}+{NDE}",1.0,,,,,,0.0001521029947291197,
0.88,MIXED_NONUNIQUE,True,accept,EUR,"{EUR,NDE}+{USA}","{EUR}+{NDE,USA}",1.0,,,,,,1.7121867523339773e-05,
0.88,MIXED_NONUNIQUE,True,accept,EUR,"{EUR,NDE}+{USA}",{EUR}+{NDE}+{USA},0.0,,,,,,-8.85580048359813e-06,
0.88,MIXED_NONUNIQUE,True,accept,EUR,"{EUR,USA}+{NDE}","{EUR,NDE,USA}",0.0,,,,,,-0.00013498112720577993,
0.88,MIXED_NONUNIQUE,True,accept,EUR,"{EUR,USA}+{NDE}","{EUR,NDE}+{USA}",0.0,,,,,,-0.0001521029947291197,
0.88,MIXED_NONUNIQUE,True,accept,EUR,"{EUR,USA}+{NDE}","{EUR}+{NDE,USA}",0.0,,,,,,-0.00013498112720577993,
0.88,MIXED_NONUNIQUE,True,accept,EUR,"{EUR,USA}+{NDE}",{EUR}+{NDE}+{USA},0.0,,,,,,-0.00016095879521271783,
0.88,MIXED_NONUNIQUE,True,accept,EUR,"{EUR}+{NDE,USA}","{EUR,NDE,USA}",0.051989390600314274,,,,,,0.0,"NDE,USA"
0.88,MIXED_NONUNIQUE,True,accept,EUR,"{EUR}+{NDE,USA}","{EUR,NDE}+{USA}",0.0,,,,,,-1.7121867523339773e-05,
0.88,MIXED_NONUNIQUE,True,accept,EUR,"{EUR}+{NDE,USA}","{EUR,USA}+{NDE}",1.0,,,,,,0.00013498112720577993,
0.88,MIXED_NONUNIQUE,True,accept,EUR,{EUR}+{NDE}+{USA},"{EUR,NDE,USA}",1.0,,,,,,2.5977668006937904e-05,
0.88,MIXED_NONUNIQUE,True,accept,EUR,{EUR}+{NDE}+{USA},"{EUR,NDE}+{USA}",1.0,,,,,,8.85580048359813e-06,"NDE,USA"
0.88,MIXED_NONUNIQUE,True,accept,EUR,{EUR}+{NDE}+{USA},"{EUR,USA}+{NDE}",1.0,,,,,,0.00016095879521271783,
0.88,MIXED_NONUNIQUE,True,accept,NDE,"{EUR,NDE,USA}","{EUR,NDE}+{USA}",1.0,,,,,,0.0006854272982117493,
0.88,MIXED_NONUNIQUE,True,accept,NDE,"{EUR,NDE,USA}","{EUR,USA}+{NDE}",0.0,,,,,,-0.004605111544826457,
0.88,MIXED_NONUNIQUE,True,accept,NDE,"{EUR,NDE,USA}","{EUR}+{NDE,USA}",0.0,,,,,,-0.0010255431136769744,
0.88,MIXED_NONUNIQUE,True,accept,NDE,"{EUR,NDE,USA}",{EUR}+{NDE}+{USA},0.0,,,,,,-0.002829712759453429,
0.88,MIXED_NONUNIQUE,True,accept,NDE,"{EUR,NDE}+{USA}","{EUR,NDE,USA}",0.0,,,,,,-0.0006854272982117493,
0.88,MIXED_NONUNIQUE,True,accept,NDE,"{EUR,NDE}+{USA}","{EUR,USA}+{NDE}",0.0,,,,,,-0.005290538843038206,
0.88,MIXED_NONUNIQUE,True,accept,NDE,"{EUR,NDE}+{USA}","{EUR}+{NDE,USA}",0.0,,,,,,-0.0017109704118887237,
0.88,MIXED_NONUNIQUE,True,accept,NDE,"{EUR,NDE}+{USA}",{EUR}+{NDE}+{USA},0.0,,,,,,-0.003515140057665178,
0.88,MIXED_NONUNIQUE,True,accept,NDE,"{EUR,USA}+{NDE}","{EUR,NDE,USA}",1.0,,,,,,0.004605111544826457,
0.88,MIXED_NONUNIQUE,True,accept,NDE,"{EUR,USA}+{NDE}","{EUR,NDE}+{USA}",1.0,,,,,,0.005290538843038206,
0.88,MIXED_NONUNIQUE,True,accept,NDE,"{EUR,USA}+{NDE}","{EUR}+{NDE,USA}",1.0,,,,,,0.0035795684311494824,
0.88,MIXED_NONUNIQUE,True,accept,NDE,"{EUR}+{NDE,USA}","{EUR,NDE,USA}",1.0,,,,,,0.0010255431136769744,"EUR,USA"
0.88,MIXED_NONUNIQUE,True,accept,NDE,"{EUR}+{NDE,USA}","{EUR,NDE}+{USA}",1.0,,,,,,0.0017109704118887237,
0.88,MIXED_NONUNIQUE,True,accept,NDE,"{EUR}+{NDE,USA}","{EUR,USA}+{NDE}",0.0,,,,,,-0.0035795684311494824,
0.88,MIXED_NONUNIQUE,True,accept,NDE,"{EUR}+{NDE,USA}",{EUR}+{NDE}+{USA},0.0,,,,,,-0.0018041696457764544,
0.88,MIXED_NONUNIQUE,True,accept,NDE,{EUR}+{NDE}+{USA},"{EUR,NDE,USA}",1.0,,,,,,0.002829712759453429,
0.88,MIXED_NONUNIQUE,True,accept,NDE,{EUR}+{NDE}+{USA},"{EUR,NDE}+{USA}",1.0,,,,,,0.003515140057665178,USA
0.88,MIXED_NONUNIQUE,True,accept,NDE,{EUR}+{NDE}+{USA},"{EUR}+{NDE,USA}",1.0,,,,,,0.0018041696457764544,
0.88,MIXED_NONUNIQUE,True,accept,USA,"{EUR,NDE,USA}","{EUR,NDE}+{USA}",1.0,,,,,,5.5513686461505785e-05,
0.88,MIXED_NONUNIQUE,True,accept,USA,"{EUR,NDE,USA}","{EUR,USA}+{NDE}",0.0,,,,,,-0.0001020378410894196,
0.88,MIXED_NONUNIQUE,True,accept,USA,"{EUR,NDE,USA}","{EUR}+{NDE,USA}",0.0,,,,,,-0.00011460281345510026,
0.88,MIXED_NONUNIQUE,True,accept,USA,"{EUR,NDE,USA}",{EUR}+{NDE}+{USA},0.0,,,,,,-0.0001086446830225185,
0.88,MIXED_NONUNIQUE,True,accept,USA,"{EUR,NDE}+{USA}","{EUR,NDE,USA}",0.0,,,,,,-5.5513686461505785e-05,
0.88,MIXED_NONUNIQUE,True,accept,USA,"{EUR,NDE}+{USA}","{EUR,USA}+{NDE}",0.0,,,,,,-0.00015755152755092539,
0.88,MIXED_NONUNIQUE,True,accept,USA,"{EUR,NDE}+{USA}","{EUR}+{NDE,USA}",0.0,,,,,,-0.00017011649991660605,
0.88,MIXED_NONUNIQUE,True,accept,USA,"{EUR,USA}+{NDE}","{EUR,NDE,USA}",1.0,,,,,,0.0001020378410894196,
0.88,MIXED_NONUNIQUE,True,accept,USA,"{EUR,USA}+{NDE}","{EUR,NDE}+{USA}",1.0,,,,,,0.00015755152755092539,
0.88,MIXED_NONUNIQUE,True,accept,USA,"{EUR,USA}+{NDE}","{EUR}+{NDE,USA}",0.0,,,,,,-1.256497236568066e-05,
0.88,MIXED_NONUNIQUE,True,accept,USA,"{EUR,USA}+{NDE}",{EUR}+{NDE}+{USA},0.0,,,,,,-6.606841933098906e-06,
0.88,MIXED_NONUNIQUE,True,accept,USA,"{EUR}+{NDE,USA}","{EUR,NDE,USA}",1.0,,,,,,0.00011460281345510026,"EUR,NDE"
0.88,MIXED_NONUNIQUE,True,accept,USA,"{EUR}+{NDE,USA}","{EUR,NDE}+{USA}",1.0,,,,,,0.00017011649991660605,
0.88,MIXED_NONUNIQUE,True,accept,USA,"{EUR}+{NDE,USA}","{EUR,USA}+{NDE}",1.0,,,,,,1.256497236568066e-05,
0.88,MIXED_NONUNIQUE,True,accept,USA,"{EUR}+{NDE,USA}",{EUR}+{NDE}+{USA},1.0,,,,,,5.958130432581754e-06,
0.88,MIXED_NONUNIQUE,True,accept,USA,{EUR}+{NDE}+{USA},"{EUR,NDE,USA}",1.0,,,,,,0.0001086446830225185,
0.88,MIXED_NONUNIQUE,True,accept,USA,{EUR}+{NDE}+{USA},"{EUR,USA}+{NDE}",1.0,,,,,,6.606841933098906e-06,EUR
0.88,MIXED_NONUNIQUE,True,accept,USA,{EUR}+{NDE}+{USA},"{EUR}+{NDE,USA}",0.0,,,,,,-5.958130432581754e-06,
0.9,PURE,False,propose,EUR,"{EUR,NDE,USA}","{EUR}+{NDE,USA}",1.0,False,1.0,1.0,True,,,
0.9,PURE,False,propose,EUR,"{EUR,NDE}+{USA}",{EUR}+{NDE}+{USA},1.0,False,1.0,1.0,True,,,
0.9,PURE,False,propose,EUR,"{EUR,USA}+{NDE}","{EUR,USA}+{NDE}",1.0,True,1.0,1.0,False,,,
0.9,PURE,False,propose,EUR,"{EUR}+{NDE,USA}","{EUR}+{NDE,USA}",1.0,True,1.0,1.0,False,,,
0.9,PURE,False,propose,EUR,{EUR}+{NDE}+{USA},"{EUR,USA}+{NDE}",1.0,False,1.0,1.0,False,USA,,
0.9,PURE,False,propose,NDE,"{EUR,NDE,USA}","{EUR,NDE,USA}",1.0,True,1.0,1.0,False,,,
0.9,PURE,False,propose,NDE,"{EUR,NDE}+{USA}","{EUR,NDE}+{USA}",1.0,True,1.0,1.0,False,,,
0.9,PURE,False,propose,NDE,"{EUR,USA}+{NDE}","{EUR,USA}+{NDE}",1.0,True,1.0,1.0,False,,,
0.9,PURE,False,propose,NDE,"{EUR}+{NDE,USA}","{EUR}+{NDE,USA}",1.0,True,1.0,1.0,False,,,
0.9,PURE,False,propose,NDE,{EUR}+{NDE}+{USA},"{EUR,USA}+{NDE}",1.0,False,1.0,1.0,False,"EUR,USA",,
0.9,PURE,False,propose,USA,"{EUR,NDE,USA}","{EUR,NDE}+{USA}",1.0,False,1.0,1.0,True,,,
0.9,PURE,False,propose,USA,"{EUR,NDE}+{USA}","{EUR,NDE}+{USA}",1.0,True,1.0,1.0,False,,,
0.9,PURE,False,propose,USA,"{EUR,USA}+{NDE}","{EUR,USA}+{NDE}",1.0,True,1.0,1.0,False,,,
0.9,PURE,False,propose,USA,"{EUR}+{NDE,USA}",{EUR}+{NDE}+{USA},1.0,False,1.0,1.0,True,,,
0.9,PURE,False,propose,USA,{EUR}+{NDE}+{USA},"{EUR,USA}+{NDE}",1.0,False,1.0,1.0,False,EUR,,
0.9,PURE,False,accept,EUR,"{EUR,NDE,USA}","{EUR,NDE}+{USA}",0.0,,,,,,-5.6015171865375635e-06,
0.9,PURE,False,accept,EUR,"{EUR,NDE,USA}","{EUR,USA}+{NDE}",1.0,,,,,,7.725238043621019e-05,
0.9,PURE,False,accept,EUR,"{EUR,NDE,USA}","{EUR}+{NDE,USA}",1.0,,,,,,1.0893281461754611e-05,
0.9,PURE,False,accept,EUR,"{EUR,NDE,USA}",{EUR}+{NDE}+{USA},1.0,,,,,,1.7481515182105056e-05,
0.9,PURE,False,accept,EUR,"{EUR,NDE}+{USA}","{EUR,NDE,USA}",1.0,,,,,,5.6015171865375635e-06,
0.9,PURE,False,accept,EUR,"{EUR,NDE}+{USA}","{EUR,USA}+{NDE}",1.0,,,,,,8.285389762274775e-05,
0.9,PURE,False,accept,EUR,"{EUR,NDE}+{USA}","{EUR}+{NDE,USA}",1.0,,,,,,1.6494798648292175e-05,
0.9,PURE,False,accept,EUR,"{EUR,NDE}+{USA}",{EUR}+{NDE}+{USA},1.0,,,,,,2.308303236864262e-05,
0.9,PURE,False,accept,EUR,"{EUR,USA}+{NDE}","{EUR,NDE,USA}",0.0,,,,,,-7.725238043621019e-05,
0.9,PURE,False,accept,EUR,"{EUR,USA}+{NDE}","{EUR,NDE}+{USA}",0.0,,,,,,-8.285389762274775e-05,
0.9,PURE,False,accept,EUR,"{EUR,USA}+{NDE}","{EUR}+{NDE,USA}",0.0,,,,,,-6.635909897445558e-05,
0.9,PURE,False,accept,EUR,"{EUR,USA}+{NDE}",{EUR}+{NDE}+{USA},0.0,,,,,,-5.977086525410513e-05,
0.9,PURE,False,accept,EUR,"{EUR}+{NDE,USA}","{EUR,NDE,USA}",0.0,,,,,,-1.0893281461754611e-05,
0.9,PURE,False,accept,EUR,"{EUR}+{NDE,USA}","{EUR,NDE}+{USA}",0.0,,,,,,-1.6494798648292175e-05,
0.9,PURE,False,accept,EUR,"{EUR}+{NDE,USA}","{EUR,USA}+{NDE}",1.0,,,,,,6.635909897445558e-05,
0.9,PURE,False,accept,EUR,{EUR}+{NDE}+{USA},"{EUR,NDE,USA}",0.0,,,,,,-1.7481515182105056e-05,
0.9,PURE,False,accept,EUR,{EUR}+{NDE}+{USA},"{EUR,NDE}+{USA}",0.0,,,,,,-2.308303236864262e-05,
0.9,PURE,False,accept,EUR,{EUR}+{NDE}+{USA},"{EUR,USA}+{NDE}",1.0,,,,,,5.977086525410513e-05,"NDE,USA"
0.9,PURE,False,accept,NDE,"{EUR,NDE,USA}","{EUR,NDE}+{USA}",0.0,,,,,,-0.0006501372138743022,
0.9,PURE,False,accept,NDE,"{EUR,NDE,USA}","{EUR,USA}+{NDE}",0.0,,,,,,-0.0011425319230440323,
0.9,PURE,False,accept,NDE,"{EUR,NDE,USA}","{EUR}+{NDE,USA}",0.0,,,,,,-0.0005256504816699703,
0.9,PURE,False,accept,NDE,"{EUR,NDE,USA}",{EUR}+{NDE}+{USA},0.0,,,,,,-0.002249518591831645,
0.9,PURE,False,accept,NDE,"{EUR,NDE}+{USA}","{EUR,NDE,USA}",1.0,,,,,,0.0006501372138743022,
0.9,PURE,False,accept,NDE,"{EUR,NDE}+{USA}","{EUR,USA}+{NDE}",0.0,,,,,,-0.00049239470916973,
0.9,PURE,False,accept,NDE,"{EUR,NDE}+{USA}","{EUR}+{NDE,USA}",1.0,,,,,,0.00012448673220433193,
0.9,PURE,False,accept,NDE,"{EUR,NDE}+{USA}",{EUR}+{NDE}+{USA},0.0,,,,,,-0.001599381377957343,
0.9,PURE,False,accept,NDE,"{EUR,USA}+{NDE}","{EUR,NDE,USA}",1.0,,,,,,0.0011425319230440323,
0.9,PURE,False,accept,NDE,"{EUR,USA}+{NDE}","{EUR,NDE}+{USA}",1.0,,,,,,0.00049239470916973,
0.9,PURE,False,accept,NDE,"{EUR,USA}+{NDE}","{EUR}+{NDE,USA}",1.0,,,,,,0.000616881441374062,
0.9,PURE,False,accept,NDE,"{EUR}+{NDE,USA}","{EUR,NDE,USA}",1.0,,,,,,0.0005256504816699703,
0.9,PURE,False,accept,NDE,"{EUR}+{NDE,USA}","{EUR,NDE}+{USA}",0.0,,,,,,-0.00012448673220433193,
0.9,PURE,False,accept,NDE,"{EUR}+{NDE,USA}","{EUR,USA}+{NDE}",0.0,,,,,,-0.000616881441374062,
0.9,PURE,False,accept,NDE,"{EUR}+{NDE,USA}",{EUR}+{NDE}+{USA},0.0,,,,,,-0.0017238681101616748,
0.9,PURE,False,accept,NDE,{EUR}+{NDE}+{USA},"{EUR,NDE,USA}",1.0,,,,,,0.002249518591831645,
0.9,PURE,False,accept,NDE,{EUR}+{NDE}+{USA},"{EUR,NDE}+{USA}",1.0,,,,,,0.001599381377957343,
0.9,PURE,False,accept,NDE,{EUR}+{NDE}+{USA},"{EUR}+{NDE,USA}",1.0,,,,,,0.0017238681101616748,
0.9,PURE,False,accept,USA,"{EUR,NDE,USA}","{EUR,NDE}+{USA}",1.0,,,,,,7.417941334075806e-06,
0.9,PURE,False,accept,USA,"{EUR,NDE,USA}","{EUR,USA}+{NDE}",1.0,,,,,,2.992822908964854e-05,
0.9,PURE,False,accept,USA,"{EUR,NDE,USA}","{EUR}+{NDE,USA}",0.0,,,,,,-7.099748302330511e-05,
0.9,PURE,False,accept,USA,"{EUR,NDE,USA}",{EUR}+{NDE}+{USA},0.0,,,,,,-5.260266376838629e-05,
0.9,PURE,False,accept,USA,"{EUR,NDE}+{USA}","{EUR,NDE,USA}",0.0,,,,,,-7.417941334075806e-06,
0.9,PURE,False,accept,USA,"{EUR,NDE}+{USA}","{EUR,USA}+{NDE}",1.0,,,,,,2.2510287755572733e-05,
0.9,PURE,False,accept,USA,"{EUR,NDE}+{USA}","{EUR}+{NDE,USA}",0.0,,,,,,-7.841542435738091e-05,
0.9,PURE,False,accept,USA,"{EUR,USA}+{NDE}","{EUR,NDE,USA}",0.0,,,,,,-2.992822908964854e-05,
0.9,PURE,False,accept,USA,"{EUR,USA}+{NDE}","{EUR,NDE}+{USA}",0.0,,,,,,-2.2510287755572733e-05,
0.9,PURE,False,accept,USA,"{EUR,USA}+{NDE}","{EUR}+{NDE,USA}",0.0,,,,,,-0.00010092571211295365,
0.9,PURE,False,accept,USA,"{EUR,USA}+{NDE}",{EUR}+{NDE}+{USA},0.0,,,,,,-8.253089285803483e-05,
0.9,PURE,False,accept,USA,"{EUR}+{NDE,USA}","{EUR,NDE,USA}",1.0,,,,,,7.099748302330511e-05,
0.9,PURE,False,accept,USA,"{EUR}+{NDE,USA}","{EUR,NDE}+{USA}",1.0,,,,,,7.841542435738091e-05,
0.9,PURE,False,accept,USA,"{EUR}+{NDE,USA}","{EUR,USA}+{NDE}",1.0,,,,,,0.00010092571211295365,
0.9,PURE,False,accept,USA,"{EUR}+{NDE,USA}",{EUR}+{NDE}+{USA},1.0,,,,,,1.8394819254918815e-05,
0.9,PURE,False,accept,USA,{EUR}+{NDE}+{USA},"{EUR,NDE,USA}",1.0,,,,,,5.260266376838629e-05,
0.9,PURE,False,accept,USA,{EUR}+{NDE}+{USA},"{EUR,USA}+{NDE}",1.0,,,,,,8.253089285803483e-05,"EUR,NDE"
0.9,PURE,False,accept,USA,{EUR}+{NDE}+{USA},"{EUR}+{NDE,USA}",0.0,,,,,,-1.8394819254918815e-05,
0.92,PURE,False,propose,EUR,"{EUR,NDE,USA}","{EUR}+{NDE,USA}",1.0,False,1.0,1.0,True,,,
0.92,PURE,False,propose,EUR,"{EUR,NDE}+{USA}",{EUR}+{NDE}+{USA},1.0,False,1.0,1.0,True,,,
0.92,PURE,False,propose,EUR,"{EUR,USA}+{NDE}","{EUR,USA}+{NDE}",1.0,True,1.0,1.0,False,,,
0.92,PURE,False,propose,EUR,"{EUR}+{NDE,USA}","{EUR}+{NDE,USA}",1.0,True,1.0,1.0,False,,,
0.92,PURE,False,propose,EUR,{EUR}+{NDE}+{USA},"{EUR,USA}+{NDE}",1.0,False,1.0,1.0,False,USA,,
0.92,PURE,False,propose,NDE,"{EUR,NDE,USA}","{EUR,NDE,USA}",1.0,True,1.0,1.0,False,,,
0.92,PURE,False,propose,NDE,"{EUR,NDE}+{USA}","{EUR,NDE}+{USA}",1.0,True,1.0,1.0,False,,,
0.92,PURE,False,propose,NDE,"{EUR,USA}+{NDE}","{EUR,USA}+{NDE}",1.0,True,1.0,1.0,False,,,
0.92,PURE,False,propose,NDE,"{EUR}+{NDE,USA}","{EUR}+{NDE,USA}",1.0,True,1.0,1.0,False,,,
0.92,PURE,False,propose,NDE,{EUR}+{NDE}+{USA},"{EUR,USA}+{NDE}",1.0,False,1.0,1.0,False,"EUR,USA",,
0.92,PURE,False,propose,USA,"{EUR,NDE,USA}","{EUR,NDE}+{USA}",1.0,False,1.0,1.0,True,,,
0.92,PURE,False,propose,USA,"{EUR,NDE}+{USA}","{EUR,NDE}+{USA}",1.0,True,1.0,1.0,False,,,
0.92,PURE,False,propose,USA,"{EUR,USA}+{NDE}","{EUR,USA}+{NDE}",1.0,True,1.0,1.0,False,,,
0.92,PURE,False,propose,USA,"{EUR}+{NDE,USA}",{EUR}+{NDE}+{USA},1.0,False,1.0,1.0,True,,,
0.92,PURE,False,propose,USA,{EUR}+{NDE}+{USA},"{EUR,USA}+{NDE}",1.0,False,1.0,1.0,False,EUR,,
0.92,PURE,False,accept,EUR,"{EUR,NDE,USA}","{EUR,NDE}+{USA}",0.0,,,,,,-3.2992871621395636e-06,
0.92,PURE,False,accept,EUR,"{EUR,NDE,USA}","{EUR,USA}+{NDE}",1.0,,,,,,6.609388142564399e-05,
0.92,PURE,False,accept,EUR,"{EUR,NDE,USA}","{EUR}+{NDE,USA}",1.0,,,,,,1.0351580684631045e-05,
0.92,PURE,False,accept,EUR,"{EUR,NDE,USA}",{EUR}+{NDE}+{USA},1.0,,,,,,1.8277189222093426e-05,
0.92,PURE,False,accept,EUR,"{EUR,NDE}+{USA}","{EUR,NDE,USA}",1.0,,,,,,3.2992871621395636e-06,
0.92,PURE,False,accept,EUR,"{EUR,NDE}+{USA}","{EUR,USA}+{NDE}",1.0,,,,,,6.939316858778355e-05,
0.92,PURE,False,accept,EUR,"{EUR,NDE}+{USA}","{EUR}+{NDE,USA}",1.0,,,,,,1.3650867846770609e-05,
0.92,PURE,False,accept,EUR,"{EUR,NDE}+{USA}",{EUR}+{NDE}+{USA},1.0,,,,,,2.157647638423299e-05,
0.92,PURE,False,accept,EUR,"{EUR,USA}+{NDE}","{EUR,NDE,USA}",0.0,,,,,,-6.609388142564399e-05,
0.92,PURE,False,accept,EUR,"{EUR,USA}+{NDE}","{EUR,NDE}+{USA}",0.0,,,,,,-6.939316858778355e-05,
0.92,PURE,False,accept,EUR,"{EUR,USA}+{NDE}","{EUR}+{NDE,USA}",0.0,,,,,,-5.574230074101294e-05,
0.92,PURE,False,accept,EUR,"{EUR,USA}+{NDE}",{EUR}+{NDE}+{USA},0.0,,,,,,-4.781669220355056e-05,
0.92,PURE,False,accept,EUR,"{EUR}+{NDE,USA}","{EUR,NDE,USA}",0.0,,,,,,-1.0351580684631045e-05,
0.92,PURE,False,accept,EUR,"{EUR}+{NDE,USA}","{EUR,NDE}+{USA}",0.0,,,,,,-1.3650867846770609e-05,
0.92,PURE,False,accept,EUR,"{EUR}+{NDE,USA}","{EUR,USA}+{NDE}",1.0,,,,,,5.574230074101294e-05,
0.92,PURE,False,accept,EUR,{EUR}+{NDE}+{USA},"{EUR,NDE,USA}",0.0,,,,,,-1.8277189222093426e-05,
0.92,PURE,False,accept,EUR,{EUR}+{NDE}+{USA},"{EUR,NDE}+{USA}",0.0,,,,,,-2.157647638423299e-05,
0.92,PURE,False,accept,EUR,{EUR}+{NDE}+{USA},"{EUR,USA}+{NDE}",1.0,,,,,,4.781669220355056e-05,"NDE,USA"
0.92,PURE,False,accept,NDE,"{EUR,NDE,USA}","{EUR,NDE}+{USA}",0.0,,,,,,-0.0005391447863019039,
0.92,PURE,False,accept,NDE,"{EUR,NDE,USA}","{EUR,USA}+{NDE}",0.0,,,,,,-0.0009313750743196181,
0.92,PURE,False,accept,NDE,"{EUR,NDE,USA}","{EUR}+{NDE,USA}",0.0,,,,,,-0.00043612128378711645,
0.92,PURE,False,accept,NDE,"{EUR,NDE,USA}",{EUR}+{NDE}+{USA},0.0,,,,,,-0.0018169644093468662,
0.92,PURE,False,accept,NDE,"{EUR,NDE}+{USA}","{EUR,NDE,USA}",1.0,,,,,,0.0005391447863019039,
0.92,PURE,False,accept,NDE,"{EUR,NDE}+{USA}","{EUR,USA}+{NDE}",0.0,,,,,,-0.0003922302880177142,
0.92,PURE,False,accept,NDE,"{EUR,NDE}+{USA}","{EUR}+{NDE,USA}",1.0,,,,,,0.00010302350251478742,
0.92,PURE,False,accept,NDE,"{EUR,NDE}+{USA}",{EUR}+{NDE}+{USA},0.0,,,,,,-0.0012778196230449623,
0.92,PURE,False,accept,NDE,"{EUR,USA}+{NDE}","{EUR,NDE,USA}",1.0,,,,,,0.0009313750743196181,
0.92,PURE,False,accept,NDE,"{EUR,USA}+{NDE}","{EUR,NDE}+{USA}",1.0,,,,,,0.0003922302880177142,
0.92,PURE,False,accept,NDE,"{EUR,USA}+{NDE}","{EUR}+{NDE,USA}",1.0,,,,,,0.0004952537905325016,
0.92,PURE,False,accept,NDE,"{EUR}+{NDE,USA}","{EUR,NDE,USA}",1.0,,,,,,0.00043612128378711645,
0.92,PURE,False,accept,NDE,"{EUR}+{NDE,USA}","{EUR,NDE}+{USA}",0.0,,,,,,-0.00010302350251478742,
0.92,PURE,False,accept,NDE,"{EUR}+{NDE,USA}","{EUR,USA}+{NDE}",0.0,,,,,,-0.0004952537905325016,
0.92,PURE,False,accept,NDE,"{EUR}+{NDE,USA}",{EUR}+{NDE}+{USA},0.0,,,,,,-0.0013808431255597498,
0.92,PURE,False,accept,NDE,{EUR}+{NDE}+{USA},"{EUR,NDE,USA}",1.0,,,,,,0.0018169644093468662,
0.92,PURE,False,accept,NDE,{EUR}+{NDE}+{USA},"{EUR,NDE}+{USA}",1.0,,,,,,0.0012778196230449623,
0.92,PURE,False,accept,NDE,{EUR}+{NDE}+{USA},"{EUR}+{NDE,USA}",1.0,,,,,,0.0013808431255597498,
0.92,PURE,False,accept,USA,"{EUR,NDE,USA}","{EUR,NDE}+{USA}",1.0,,,,,,7.867871197220211e-06,
0.92,PURE,False,accept,USA,"{EUR,NDE,USA}","{EUR,USA}+{NDE}",1.0,,,,,,2.763543200012819e-05,
0.92,PURE,False,accept,USA,"{EUR,NDE,USA}","{EUR}+{NDE,USA}",0.0,,,,,,-5.702765240878094e-05,
0.92,PURE,False,accept,USA,"{EUR,NDE,USA}",{EUR}+{NDE}+{USA},0.0,,,,,,-3.838928228638849e-05,
0.92,PURE,False,accept,USA,"{EUR,NDE}+{USA}","{EUR,NDE,USA}",0.0,,,,,,-7.867871197220211e-06,
0.92,PURE,False,accept,USA,"{EUR,NDE}+{USA}","{EUR,USA}+{NDE}",1.0,,,,,,1.976756080290798e-05,
0.92,PURE,False,accept,USA,"{EUR,NDE}+{USA}","{EUR}+{NDE,USA}",0.0,,,,,,-6.489552360600115e-05,
0.92,PURE,False,accept,USA,"{EUR,USA}+{NDE}","{EUR,NDE,USA}",0.0,,,,,,-2.763543200012819e-05,
0.92,PURE,False,accept,USA,"{EUR,USA}+{NDE}","{EUR,NDE}+{USA}",0.0,,,,,,-1.976756080290798e-05,
0.92,PURE,False,accept,USA,"{EUR,USA}+{NDE}","{EUR}+{NDE,USA}",0.0,,,,,,-8.466308440890913e-05,
0.92,PURE,False,accept,USA,"{EUR,USA}+{NDE}",{EUR}+{NDE}+{USA},0.0,,,,,,-6.602471428651668e-05,
0.92,PURE,False,accept,USA,"{EUR}+{NDE,USA}","{EUR,NDE,USA}",1.0,,,,,,5.702765240878094e-05,
0.92,PURE,False,accept,USA,"{EUR}+{NDE,USA}","{EUR,NDE}+{USA}",1.0,,,,,,6.489552360600115e-05,
0.92,PURE,False,accept,USA,"{EUR}+{NDE,USA}","{EUR,USA}+{NDE}",1.0,,,,,,8.466308440890913e-05,
0.92,PURE,False,accept,USA,"{EUR}+{NDE,USA}",{EUR}+{NDE}+{USA},1.0,,,,,,1.8638370122392445e-05,
0.92,PURE,False,accept,USA,{EUR}+{NDE}+{USA},"{EUR,NDE,USA}",1.0,,,,,,3.838928228638849e-05,
0.92,PURE,False,accept,USA,{EUR}+{NDE}+{USA},"{EUR,USA}+{NDE}",1.0,,,,,,6.602471428651668e-05,"EUR,NDE"
0.92,PURE,False,accept,USA,{EUR}+{NDE}+{USA},"{EUR}+{NDE,USA}",0.0,,,,,,-1.8638370122392445e-05,
0.94,PURE,False,propose,EUR,"{EUR,NDE,USA}","{EUR}+{NDE,USA}",1.0,False,1.0,1.0,True,,,
0.94,PURE,False,propose,EUR,"{EUR,NDE}+{USA}",{EUR}+{NDE}+{USA},1.0,False,1.0,1.0,True,,,
0.94,PURE,False,propose,EUR,"{EUR,USA}+{NDE}","{EUR,USA}+{NDE}",1.0,True,1.0,1.0,False,,,
0.94,PURE,False,propose,EUR,"{EUR}+{NDE,USA}","{EUR}+{NDE,USA}",1.0,True,1.0,1.0,False,,,
0.94,PURE,False,propose,EUR,{EUR}+{NDE}+{USA},"{EUR,USA}+{NDE}",1.0,False,1.0,1.0,False,USA,,
0.94,PURE,False,propose,NDE,"{EUR,NDE,USA}","{EUR,NDE,USA}",1.0,True,1.0,1.0,False,,,
0.94,PURE,False,propose,NDE,"{EUR,NDE}+{USA}","{EUR,NDE}+{USA}",1.0,True,1.0,1.0,False,,,
0.94,PURE,False,propose,NDE,"{EUR,USA}+{NDE}","{EUR,USA}+{NDE}",1.0,True,1.0,1.0,False,,,
0.94,PURE,False,propose,NDE,"{EUR}+{NDE,USA}","{EUR}+{NDE,USA}",1.0,True,1.0,1.0,False,,,
0.94,PURE,False,propose,NDE,{EUR}+{NDE}+{USA},"{EUR,USA}+{NDE}",1.0,False,1.0,1.0,False,"EUR,USA",,
0.94,PURE,False,propose,USA,"{EUR,NDE,USA}","{EUR,NDE}+{USA}",1.0,False,1.0,1.0,True,,,
0.94,PURE,False,propose,USA,"{EUR,NDE}+{USA}","{EUR,NDE}+{USA}",1.0,True,1.0,1.0,False,,,
0.94,PURE,False,propose,USA,"{EUR,USA}+{NDE}","{EUR,USA}+{NDE}",1.0,True,1.0,1.0,False,,,
0.94,PURE,False,propose,USA,"{EUR}+{NDE,USA}",{EUR}+{NDE}+{USA},1.0,False,1.0,1.0,True,,,
0.94,PURE,False,propose,USA,{EUR}+{NDE}+{USA},"{EUR,USA}+{NDE}",1.0,False,1.0,1.0,False,EUR,,
0.94,PURE,False,accept,EUR,"{EUR,NDE,USA}","{EUR,NDE}+{USA}",0.0,,,,,,-1.4672399730741859e-06,
0.94,PURE,False,accept,EUR,"{EUR,NDE,USA}","{EUR,USA}+{NDE}",1.0,,,,,,5.307678418287054e-05,
0.94,PURE,False,accept,EUR,"{EUR,NDE,USA}","{EUR}+{NDE,USA}",1.0,,,,,,9.136559158129387e-06,
0.94,PURE,False,accept,EUR,"{EUR,NDE,USA}",{EUR}+{NDE}+{USA},1.0,,,,,,1.7214265030318643e-05,
0.94,PURE,False,accept,EUR,"{EUR,NDE}+{USA}","{EUR,NDE,USA}",1.0,,,,,,1.4672399730741859e-06,
0.94,PURE,False,accept,EUR,"{EUR,NDE}+{USA}","{EUR,USA}+{NDE}",1.0,,,,,,5.4544024155944726e-05,
0.94,PURE,False,accept,EUR,"{EUR,NDE}+{USA}","{EUR}+{NDE,USA}",1.0,,,,,,1.0603799131203573e-05,
0.94,PURE,False,accept,EUR,"{EUR,NDE}+{USA}",{EUR}+{NDE}+{USA},1.0,,,,,,1.868150500339283e-05,
0.94,PURE,False,accept,EUR,"{EUR,USA}+{NDE}","{EUR,NDE,USA}",0.0,,,,,,-5.307678418287054e-05,
0.94,PURE,False,accept,EUR,"{EUR,USA}+{NDE}","{EUR,NDE}+{USA}",0.0,,,,,,-5.4544024155944726e-05,
0.94,PURE,False,accept,EUR,"{EUR,USA}+{NDE}","{EUR}+{NDE,USA}",0.0,,,,,,-4.394022502474115e-05,
0.94,PURE,False,accept,EUR,"{EUR,USA}+{NDE}",{EUR}+{NDE}+{USA},0.0,,,,,,-3.58625191525519e-05,
0.94,PURE,False,accept,EUR,"{EUR}+{NDE,USA}","{EUR,NDE,USA}",0.0,,,,,,-9.136559158129387e-06,
0.94,PURE,False,accept,EUR,"{EUR}+{NDE,USA}","{EUR,NDE}+{USA}",0.0,,,,,,-1.0603799131203573e-05,
0.94,PURE,False,accept,EUR,"{EUR}+{NDE,USA}","{EUR,USA}+{NDE}",1.0,,,,,,4.394022502474115e-05,
0.94,PURE,False,accept,EUR,{EUR}+{NDE}+{USA},"{EUR,NDE,USA}",0.0,,,,,,-1.7214265030318643e-05,
0.94,PURE,False,accept,EUR,{EUR}+{NDE}+{USA},"{EUR,NDE}+{USA}",0.0,,,,,,-1.868150500339283e-05,
0.94,PURE,False,accept,EUR,{EUR}+{NDE}+{USA},"{EUR,USA}+{NDE}",1.0,,,,,,3.58625191525519e-05,"NDE,USA"
0.94,PURE,False,accept,NDE,"{EUR,NDE,USA}","{EUR,NDE}+{USA}",0.0,,,,,,-0.0004189802715011126,
0.94,PURE,False,accept,NDE,"{EUR,NDE,USA}","{EUR,USA}+{NDE}",0.0,,,,,,-0.0007117985844935504,
0.94,PURE,False,accept,NDE,"{EUR,NDE,USA}","{EUR}+{NDE,USA}",0.0,,,,,,-0.000338953086512106,
0.94,PURE,False,accept,NDE,"{EUR,NDE,USA}",{EUR}+{NDE}+{USA},0.0,,,,,,-0.0013759905857639865,
0.94,PURE,False,accept,NDE,"{EUR,NDE}+{USA}","{EUR,NDE,USA}",1.0,,,,,,0.0004189802715011126,
0.94,PURE,False,accept,NDE,"{EUR,NDE}+{USA}","{EUR,USA}+{NDE}",0.0,,,,,,-0.00029281831299243777,
0.94,PURE,False,accept,NDE,"{EUR,NDE}+{USA}","{EUR}+{NDE,USA}",1.0,,,,,,8.002718498900663e-05,
0.94,PURE,False,accept,NDE,"{EUR,NDE}+{USA}",{EUR}+{NDE}+{USA},0.0,,,,,,-0.0009570103142628739,
0.94,PURE,False,accept,NDE,"{EUR,USA}+{NDE}","{EUR,NDE,USA}",1.0,,,,,,0.0007117985844935504,
0.94,PURE,False,accept,NDE,"{EUR,USA}+{NDE}","{EUR,NDE}+{USA}",1.0,,,,,,0.00029281831299243777,
0.94,PURE,False,accept,NDE,"{EUR,USA}+{NDE}","{EUR}+{NDE,USA}",1.0,,,,,,0.0003728454979814444,
0.94,PURE,False,accept,NDE,"{EUR}+{NDE,USA}","{EUR,NDE,USA}",1.0,,,,,,0.000338953086512106,
0.94,PURE,False,accept,NDE,"{EUR}+{NDE,USA}","{EUR,NDE}+{USA}",0.0,,,,,,-8.002718498900663e-05,
0.94,PURE,False,accept,NDE,"{EUR}+{NDE,USA}","{EUR,USA}+{NDE}",0.0,,,,,,-0.0003728454979814444,
0.94,PURE,False,accept,NDE,"{EUR}+{NDE,USA}",{EUR}+{NDE}+{USA},0.0,,,,,,-0.0010370374992518805,
0.94,PURE,False,accept,NDE,{EUR}+{NDE}+{USA},"{EUR,NDE,USA}",1.0,,,,,,0.0013759905857639865,
0.94,PURE,False,accept,NDE,{EUR}+{NDE}+{USA},"{EUR,NDE}+{USA}",1.0,,,,,,0.0009570103142628739,
0.94,PURE,False,accept,NDE,{EUR}+{NDE}+{USA},"{EUR}+{NDE,USA}",1.0,,,,,,0.0010370374992518805,
0.94,PURE,False,accept,USA,"{EUR,NDE,USA}","{EUR,NDE}+{USA}",1.0,,,,,,7.532210742677847e-06,
0.94,PURE,False,accept,USA,"{EUR,NDE,USA}","{EUR,USA}+{NDE}",1.0,,,,,,2.3771629146907003e-05,
0.94,PURE,False,accept,USA,"{EUR,NDE,USA}","{EUR}+{NDE,USA}",0.0,,,,,,-4.287770491551157e-05,
0.94,PURE,False,accept,USA,"{EUR,NDE,USA}",{EUR}+{NDE}+{USA},0.0,,,,,,-2.5746906567647443e-05,
0.94,PURE,False,accept,USA,"{EUR,NDE}+{USA}","{EUR,NDE,USA}",0.0,,,,,,-7.532210742677847e-06,
0.94,PURE,False,accept,USA,"{EUR,NDE}+{USA}","{EUR,USA}+{NDE}",1.0,,,,,,1.6239418404229156e-05,
0.94,PURE,False,accept,USA,"{EUR,NDE}+{USA}","{EUR}+{NDE,USA}",0.0,,,,,,-5.040991565818942e-05,
0.94,PURE,False,accept,USA,"{EUR,USA}+{NDE}","{EUR,NDE,USA}",0.0,,,,,,-2.3771629146907003e-05,
0.94,PURE,False,accept,USA,"{EUR,USA}+{NDE}","{EUR,NDE}+{USA}",0.0,,,,,,-1.6239418404229156e-05,
0.94,PURE,False,accept,USA,"{EUR,USA}+{NDE}","{EUR}+{NDE,USA}",0.0,,,,,,-6.664933406241857e-05,
0.94,PURE,False,accept,USA,"{EUR,USA}+{NDE}",{EUR}+{NDE}+{USA},0.0,,,,,,-4.9518535714554446e-05,
0.94,PURE,False,accept,USA,"{EUR}+{NDE,USA}","{EUR,NDE,USA}",1.0,,,,,,4.287770491551157e-05,
0.94,PURE,False,accept,USA,"{EUR}+{NDE,USA}","{EUR,NDE}+{USA}",1.0,,,,,,5.040991565818942e-05,
0.94,PURE,False,accept,USA,"{EUR}+{NDE,USA}","{EUR,USA}+{NDE}",1.0,,,,,,6.664933406241857e-05,
0.94,PURE,False,accept,USA,"{EUR}+{NDE,USA}",{EUR}+{NDE}+{USA},1.0,,,,,,1.713079834786413e-05,
0.94,PURE,False,accept,USA,{EUR}+{NDE}+{USA},"{EUR,NDE,USA}",1.0,,,,,,2.5746906567647443e-05,
0.94,PURE,False,accept,USA,{EUR}+{NDE}+{USA},"{EUR,USA}+{NDE}",1.0,,,,,,4.9518535714554446e-05,"EUR,NDE"
0.94,PURE,False,accept,USA,{EUR}+{NDE}+{USA},"{EUR}+{NDE,USA}",0.0,,,,,,-1.713079834786413e-05,
0.95,PURE,False,propose,EUR,"{EUR,NDE,USA}","{EUR}+{NDE,USA}",1.0,False,1.0,1.0,True,,,
0.95,PURE,False,propose,EUR,"{EUR,NDE}+{USA}",{EUR}+{NDE}+{USA},1.0,False,1.0,1.0,True,,,
0.95,PURE,False,propose,EUR,"{EUR,USA}+{NDE}","{EUR,USA}+{NDE}",1.0,True,1.0,1.0,False,,,
0.95,PURE,False,propose,EUR,"{EUR}+{NDE,USA}","{EUR}+{NDE,USA}",1.0,True,1.0,1.0,False,,,
0.95,PURE,False,propose,EUR,{EUR}+{NDE}+{USA},"{EUR,USA}+{NDE}",1.0,False,1.0,1.0,False,USA,,
0.95,PURE,False,propose,NDE,"{EUR,NDE,USA}","{EUR,NDE,USA}",1.0,True,1.0,1.0,False,,,
0.95,PURE,False,propose,NDE,"{EUR,NDE}+{USA}","{EUR,NDE}+{USA}",1.0,True,1.0,1.0,False,,,
0.95,PURE,False,propose,NDE,"{EUR,USA}+{NDE}","{EUR,USA}+{NDE}",1.0,True,1.0,1.0,False,,,
0.95,PURE,False,propose,NDE,"{EUR}+{NDE,USA}","{EUR}+{NDE,USA}",1.0,True,1.0,1.0,False,,,
0.95,PURE,False,propose,NDE,{EUR}+{NDE}+{USA},"{EUR,USA}+{NDE}",1.0,False,1.0,1.0,False,"EUR,USA",,
0.95,PURE,False,propose,USA,"{EUR,NDE,USA}","{EUR,NDE}+{USA}",1.0,False,1.0,1.0,True,,,
0.95,PURE,False,propose,USA,"{EUR,NDE}+{USA}","{EUR,NDE}+{USA}",1.0,True,1.0,1.0,False,,,
0.95,PURE,False,propose,USA,"{EUR,USA}+{NDE}","{EUR,USA}+{NDE}",1.0,True,1.0,1.0,False,,,
0.95,PURE,False,propose,USA,"{EUR}+{NDE,USA}",{EUR}+{NDE}+{USA},1.0,False,1.0,1.0,True,,,
0.95,PURE,False,propose,USA,{EUR}+{NDE}+{USA},"{EUR,USA}+{NDE}",1.0,False,1.0,1.0,False,EUR,,
0.95,PURE,False,accept,EUR,"{EUR,NDE,USA}","{EUR,NDE}+{USA}",0.0,,,,,,-7.614016284129832e-07,
0.95,PURE,False,accept,EUR,"{EUR,NDE,USA}","{EUR,USA}+{NDE}",1.0,,,,,,4.579006219440629e-05,
0.95,PURE,False,accept,EUR,"{EUR,NDE,USA}","{EUR}+{NDE,USA}",1.0,,,,,,8.23576127073622e-06,
0.95,PURE,False,accept,EUR,"{EUR,NDE,USA}",{EUR}+{NDE}+{USA},1.0,,,,,,1.590462956713168e-05,
0.95,PURE,False,accept,EUR,"{EUR,NDE}+{USA}","{EUR,NDE,USA}",1.0,,,,,,7.614016284129832e-07,
0.95,PURE,False,accept,EUR,"{EUR,NDE}+{USA}","{EUR,USA}+{NDE}",1.0,,,,,,4.655146382281927e-05,
0.95,PURE,False,accept,EUR,"{EUR,NDE}+{USA}","{EUR}+{NDE,USA}",1.0,,,,,,8.997162899149203e-06,
0.95,PURE,False,accept,EUR,"{EUR,NDE}+{USA}",{EUR}+{NDE}+{USA},1.0,,,,,,1.666603119554466e-05,
0.95,PURE,False,accept,EUR,"{EUR,USA}+{NDE}","{EUR,NDE,USA}",0.0,,,,,,-4.579006219440629e-05,
0.95,PURE,False,accept,EUR,"{EUR,USA}+{NDE}","{EUR,NDE}+{USA}",0.0,,,,,,-4.655146382281927e-05,
0.95,PURE,False,accept,EUR,"{EUR,USA}+{NDE}","{EUR}+{NDE,USA}",0.0,,,,,,-3.755430092367007e-05,
0.95,PURE,False,accept,EUR,"{EUR,USA}+{NDE}",{EUR}+{NDE}+{USA},0.0,,,,,,-2.988543262727461e-05,
0.95,PURE,False,accept,EUR,"{EUR}+{NDE,USA}","{EUR,NDE,USA}",0.0,,,,,,-8.23576127073622e-06,
0.95,PURE,False,accept,EUR,"{EUR}+{NDE,USA}","{EUR,NDE}+{USA}",0.0,,,,,,-8.997162899149203e-06,
0.95,PURE,False,accept,EUR,"{EUR}+{NDE,USA}","{EUR,USA}+{NDE}",1.0,,,,,,3.755430092367007e-05,
0.95,PURE,False,accept,EUR,{EUR}+{NDE}+{USA},"{EUR,NDE,USA}",0.0,,,,,,-1.590462956713168e-05,
0.95,PURE,False,accept,EUR,{EUR}+{NDE}+{USA},"{EUR,NDE}+{USA}",0.0,,,,,,-1.666603119554466e-05,
0.95,PURE,False,accept,EUR,{EUR}+{NDE}+{USA},"{EUR,USA}+{NDE}",1.0,,,,,,2.988543262727461e-05,"NDE,USA"
0.95,PURE,False,accept,NDE,"{EUR,NDE,USA}","{EUR,NDE}+{USA}",0.0,,,,,,-0.00035535511757700533,
0.95,PURE,False,accept,NDE,"{EUR,NDE,USA}","{EUR,USA}+{NDE}",0.0,,,,,,-0.0005987752619240894,
0.95,PURE,False,accept,NDE,"{EUR,NDE,USA}","{EUR}+{NDE,USA}",0.0,,,,,,-0.0002874532636489846,
0.95,PURE,False,accept,NDE,"{EUR,NDE,USA}",{EUR}+{NDE}+{USA},0.0,,,,,,-0.0011522685963178958,
0.95,PURE,False,accept,NDE,"{EUR,NDE}+{USA}","{EUR,NDE,USA}",1.0,,,,,,0.00035535511757700533,
0.95,PURE,False,accept,NDE,"{EUR,NDE}+{USA}","{EUR,USA}+{NDE}",0.0,,,,,,-0.00024342014434708403,
0.95,PURE,False,accept,NDE,"{EUR,NDE}+{USA}","{EUR}+{NDE,USA}",1.0,,,,,,6.790185392802073e-05,
0.95,PURE,False,accept,NDE,"{EUR,NDE}+{USA}",{EUR}+{NDE}+{USA},0.0,,,,,,-0.0007969134787408905,
0.95,PURE,False,accept,NDE,"{EUR,USA}+{NDE}","{EUR,NDE,USA}",1.0,,,,,,0.0005987752619240894,
0.95,PURE,False,accept,NDE,"{EUR,USA}+{NDE}","{EUR,NDE}+{USA}",1.0,,,,,,0.00024342014434708403,
0.95,PURE,False,accept,NDE,"{EUR,USA}+{NDE}","{EUR}+{NDE,USA}",1.0,,,,,,0.00031132199827510476,
0.95,PURE,False,accept,NDE,"{EUR}+{NDE,USA}","{EUR,NDE,USA}",1.0,,,,,,0.0002874532636489846,
0.95,PURE,False,accept,NDE,"{EUR}+{NDE,USA}","{EUR,NDE}+{USA}",0.0,,,,,,-6.790185392802073e-05,
0.95,PURE,False,accept,NDE,"{EUR}+{NDE,USA}","{EUR,USA}+{NDE}",0.0,,,,,,-0.00031132199827510476,
0.95,PURE,False,accept,NDE,"{EUR}+{NDE,USA}",{EUR}+{NDE}+{USA},0.0,,,,,,-0.0008648153326689112,
0.95,PURE,False,accept,NDE,{EUR}+{NDE}+{USA},"{EUR,NDE,USA}",1.0,,,,,,0.0011522685963178958,
0.95,PURE,False,accept,NDE,{EUR}+{NDE}+{USA},"{EUR,NDE}+{USA}",1.0,,,,,,0.0007969134787408905,
0.95,PURE,False,accept,NDE,{EUR}+{NDE}+{USA},"{EUR}+{NDE,USA}",1.0,,,,,,0.0008648153326689112,
0.95,PURE,False,accept,USA,"{EUR,NDE,USA}","{EUR,NDE}+{USA}",1.0,,,,,,7.018917871803865e-06,
0.95,PURE,False,accept,USA,"{EUR,NDE,USA}","{EUR,USA}+{NDE}",1.0,,,,,,2.1172958758253202e-05,
0.95,PURE,False,accept,USA,"{EUR,NDE,USA}","{EUR}+{NDE,USA}",0.0,,,,,,-3.575313177739403e-05,
0.95,PURE,False,accept,USA,"{EUR,NDE,USA}",{EUR}+{NDE}+{USA},0.0,,,,,,-2.009248767054217e-05,
0.95,PURE,False,accept,USA,"{EUR,NDE}+{USA}","{EUR,NDE,USA}",0.0,,,,,,-7.018917871803865e-06,
0.95,PURE,False,accept,USA,"{EUR,NDE}+{USA}","{EUR,USA}+{NDE}",1.0,,,,,,1.4154040886449337e-05,
0.95,PURE,False,accept,USA,"{EUR,NDE}+{USA}","{EUR}+{NDE,USA}",0.0,,,,,,-4.2772049649197896e-05,
0.95,PURE,False,accept,USA,"{EUR,USA}+{NDE}","{EUR,NDE,USA}",0.0,,,,,,-2.1172958758253202e-05,
0.95,PURE,False,accept,USA,"{EUR,USA}+{NDE}","{EUR,NDE}+{USA}",0.0,,,,,,-1.4154040886449337e-05,
0.95,PURE,False,accept,USA,"{EUR,USA}+{NDE}","{EUR}+{NDE,USA}",0.0,,,,,,-5.6926090535647234e-05,
0.95,PURE,False,accept,USA,"{EUR,USA}+{NDE}",{EUR}+{NDE}+{USA},0.0,,,,,,-4.126544642879537e-05,
0.95,PURE,False,accept,USA,"{EUR}+{NDE,USA}","{EUR,NDE,USA}",1.0,,,,,,3.575313177739403e-05,
0.95,PURE,False,accept,USA,"{EUR}+{NDE,USA}","{EUR,NDE}+{USA}",1.0,,,,,,4.2772049649197896e-05,
0.95,PURE,False,accept,USA,"{EUR}+{NDE,USA}","{EUR,USA}+{NDE}",1.0,,,,,,5.6926090535647234e-05,
0.95,PURE,False,accept,USA,"{EUR}+{NDE,USA}",{EUR}+{NDE}+{USA},1.0,,,,,,1.5660644106851862e-05,
0.95,PURE,False,accept,USA,{EUR}+{NDE}+{USA},"{EUR,NDE,USA}",1.0,,,,,,2.009248767054217e-05,
0.95,PURE,False,accept,USA,{EUR}+{NDE}+{USA},"{EUR,USA}+{NDE}",1.0,,,,,,4.126544642879537e-05,"EUR,NDE"
0.95,PURE,False,accept,USA,{EUR}+{NDE}+{USA},"{EUR}+{NDE,USA}",0.0,,,,,,-1.5660644106851862e-05,
0.96,PURE,False,propose,EUR,"{EUR,NDE,USA}","{EUR}+{NDE,USA}",1.0,False,1.0,1.0,True,,,
0.96,PURE,False,propose,EUR,"{EUR,NDE}+{USA}",{EUR}+{NDE}+{USA},1.0,False,1.0,1.0,True,,,
0.96,PURE,False,propose,EUR,"{EUR,USA}+{NDE}","{EUR,USA}+{NDE}",1.0,True,1.0,1.0,False,,,
0.96,PURE,False,propose,EUR,"{EUR}+{NDE,USA}","{EUR}+{NDE,USA}",1.0,True,1.0,1.0,False,,,
0.96,PURE,False,propose,EUR,{EUR}+{NDE}+{USA},"{EUR,USA}+{NDE}",1.0,False,1.0,1.0,False,USA,,
0.96,PURE,False,propose,NDE,"{EUR,NDE,USA}","{EUR,NDE,USA}",1.0,True,1.0,1.0,False,,,
0.96,PURE,False,propose,NDE,"{EUR,NDE}+{USA}","{EUR,NDE}+{USA}",1.0,True,1.0,1.0,False,,,
0.96,PURE,False,propose,NDE,"{EUR,USA}+{NDE}","{EUR,USA}+{NDE}",1.0,True,1.0,1.0,False,,,
0.96,PURE,False,propose,NDE,"{EUR}+{NDE,USA}","{EUR}+{NDE,USA}",1.0,True,1.0,1.0,False,,,
0.96,PURE,False,propose,NDE,{EUR}+{NDE}+{USA},"{EUR,USA}+{NDE}",1.0,False,1.0,1.0,False,"EUR,USA",,
0.96,PURE,False,propose,USA,"{EUR,NDE,USA}","{EUR,NDE}+{USA}",1.0,False,1.0,1.0,True,,,
0.96,PURE,False,propose,USA,"{EUR,NDE}+{USA}","{EUR,NDE}+{USA}",1.0,True,1.0,1.0,False,,,
0.96,PURE,False,propose,USA,"{EUR,USA}+{NDE}","{EUR,USA}+{NDE}",1.0,True,1.0,1.0,False,,,
0.96,PURE,False,propose,USA,"{EUR}+{NDE,USA}",{EUR}+{NDE}+{USA},1.0,False,1.0,1.0,True,,,
0.96,PURE,False,propose,USA,{EUR}+{NDE}+{USA},"{EUR,USA}+{NDE}",1.0,False,1.0,1.0,False,EUR,,
0.96,PURE,False,accept,EUR,"{EUR,NDE,USA}","{EUR,NDE}+{USA}",0.0,,,,,,-2.1604092115268259e-07,
0.96,PURE,False,accept,EUR,"{EUR,NDE,USA}","{EUR,USA}+{NDE}",1.0,,,,,,3.7936155028006624e-05,
0.96,PURE,False,accept,EUR,"{EUR,NDE,USA}","{EUR}+{NDE,USA}",1.0,,,,,,7.1149807001624765e-06,
0.96,PURE,False,accept,EUR,"{EUR,NDE,USA}",{EUR}+{NDE}+{USA},1.0,,,,,,1.4027808926453389e-05,
0.96,PURE,False,accept,EUR,"{EUR,NDE}+{USA}","{EUR,NDE,USA}",1.0,,,,,,2.1604092115268259e-07,
0.96,PURE,False,accept,EUR,"{EUR,NDE}+{USA}","{EUR,USA}+{NDE}",1.0,,,,,,3.8152195949159307e-05,
0.96,PURE,False,accept,EUR,"{EUR,NDE}+{USA}","{EUR}+{NDE,USA}",1.0,,,,,,7.331021621315159e-06,
0.96,PURE,False,accept,EUR,"{EUR,NDE}+{USA}",{EUR}+{NDE}+{USA},1.0,,,,,,1.4243849847606072e-05,
0.96,PURE,False,accept,EUR,"{EUR,USA}+{NDE}","{EUR,NDE,USA}",0.0,,,,,,-3.7936155028006624e-05,
0.96,PURE,False,accept,EUR,"{EUR,USA}+{NDE}","{EUR,NDE}+{USA}",0.0,,,,,,-3.8152195949159307e-05,
0.96,PURE,False,accept,EUR,"{EUR,USA}+{NDE}","{EUR}+{NDE,USA}",0.0,,,,,,-3.082117432784415e-05,
0.96,PURE,False,accept,EUR,"{EUR,USA}+{NDE}",{EUR}+{NDE}+{USA},0.0,,,,,,-2.3908346101553235e-05,
0.96,PURE,False,accept,EUR,"{EUR}+{NDE,USA}","{EUR,NDE,USA}",0.0,,,,,,-7.1149807001624765e-06,
0.96,PURE,False,accept,EUR,"{EUR}+{NDE,USA}","{EUR,NDE}+{USA}",0.0,,,,,,-7.331021621315159e-06,
0.96,PURE,False,accept,EUR,"{EUR}+{NDE,USA}","{EUR,USA}+{NDE}",1.0,,,,,,3.082117432784415e-05,
0.96,PURE,False,accept,EUR,{EUR}+{NDE}+{USA},"{EUR,NDE,USA}",0.0,,,,,,-1.4027808926453389e-05,
0.96,PURE,False,accept,EUR,{EUR}+{NDE}+{USA},"{EUR,NDE}+{USA}",0.0,,,,,,-1.4243849847606072e-05,
0.96,PURE,False,accept,EUR,{EUR}+{NDE}+{USA},"{EUR,USA}+{NDE}",1.0,,,,,,2.3908346101553235e-05,"NDE,USA"
0.96,PURE,False,accept,NDE,"{EUR,NDE,USA}","{EUR,NDE}+{USA}",0.0,,,,,,-0.0002893101242804619,
0.96,PURE,False,accept,NDE,"{EUR,NDE,USA}","{EUR,USA}+{NDE}",0.0,,,,,,-0.0004835525134936347,
0.96,PURE,False,accept,NDE,"{EUR,NDE,USA}","{EUR}+{NDE,USA}",0.0,,,,,,-0.00023398268774599273,
0.96,PURE,False,accept,NDE,"{EUR,NDE,USA}",{EUR}+{NDE}+{USA},0.0,,,,,,-0.0009263471810072588,
0.96,PURE,False,accept,NDE,"{EUR,NDE}+{USA}","{EUR,NDE,USA}",1.0,,,,,,0.0002893101242804619,
0.96,PURE,False,accept,NDE,"{EUR,NDE}+{USA}","{EUR,USA}+{NDE}",0.0,,,,,,-0.00019424238921317283,
0.96,PURE,False,accept,NDE,"{EUR,NDE}+{USA}","{EUR}+{NDE,USA}",1.0,,,,,,5.532743653446914e-05,
0.96,PURE,False,accept,NDE,"{EUR,NDE}+{USA}",{EUR}+{NDE}+{USA},0.0,,,,,,-0.0006370370567267969,
0.96,PURE,False,accept,NDE,"{EUR,USA}+{NDE}","{EUR,NDE,USA}",1.0,,,,,,0.0004835525134936347,
0.96,PURE,False,accept,NDE,"{EUR,USA}+{NDE}","{EUR,NDE}+{USA}",1.0,,,,,,0.00019424238921317283,
0.96,PURE,False,accept,NDE,"{EUR,USA}+{NDE}","{EUR}+{NDE,USA}",1.0,,,,,,0.00024956982574764197,
0.96,PURE,False,accept,NDE,"{EUR}+{NDE,USA}","{EUR,NDE,USA}",1.0,,,,,,0.00023398268774599273,
0.96,PURE,False,accept,NDE,"{EUR}+{NDE,USA}","{EUR,NDE}+{USA}",0.0,,,,,,-5.532743653446914e-05,
0.96,PURE,False,accept,NDE,"{EUR}+{NDE,USA}","{EUR,USA}+{NDE}",0.0,,,,,,-0.00024956982574764197,
0.96,PURE,False,accept,NDE,"{EUR}+{NDE,USA}",{EUR}+{NDE}+{USA},0.0,,,,,,-0.000692364493261266,
0.96,PURE,False,accept,NDE,{EUR}+{NDE}+{USA},"{EUR,NDE,USA}",1.0,,,,,,0.0009263471810072588,
0.96,PURE,False,accept,NDE,{EUR}+{NDE}+{USA},"{EUR,NDE}+{USA}",1.0,,,,,,0.0006370370567267969,
0.96,PURE,False,accept,NDE,{EUR}+{NDE}+{USA},"{EUR}+{NDE,USA}",1.0,,,,,,0.000692364493261266,
0.96,PURE,False,accept,USA,"{EUR,NDE,USA}","{EUR,NDE}+{USA}",1.0,,,,,,6.24478879762691e-06,
0.96,PURE,False,accept,USA,"{EUR,NDE,USA}","{EUR,USA}+{NDE}",1.0,,,,,,1.8083380974864838e-05,
0.96,PURE,False,accept,USA,"{EUR,NDE,USA}","{EUR}+{NDE,USA}",0.0,,,,,,-2.860651091651789e-05,
0.96,PURE,False,accept,USA,"{EUR,NDE,USA}",{EUR}+{NDE}+{USA},0.0,,,,,,-1.492897616817146e-05,
0.96,PURE,False,accept,USA,"{EUR,NDE}+{USA}","{EUR,NDE,USA}",0.0,,,,,,-6.24478879762691e-06,
0.96,PURE,False,accept,USA,"{EUR,NDE}+{USA}","{EUR,USA}+{NDE}",1.0,,,,,,1.1838592177237928e-05,
0.96,PURE,False,accept,USA,"{EUR,NDE}+{USA}","{EUR}+{NDE,USA}",0.0,,,,,,-3.48512997141448e-05,
0.96,PURE,False,accept,USA,"{EUR,USA}+{NDE}","{EUR,NDE,USA}",0.0,,,,,,-1.8083380974864838e-05,
0.96,PURE,False,accept,USA,"{EUR,USA}+{NDE}","{EUR,NDE}+{USA}",0.0,,,,,,-1.1838592177237928e-05,
0.96,PURE,False,accept,USA,"{EUR,USA}+{NDE}","{EUR}+{NDE,USA}",0.0,,,,,,-4.668989189138273e-05,
0.96,PURE,False,accept,USA,"{EUR,USA}+{NDE}",{EUR}+{NDE}+{USA},0.0,,,,,,-3.30123571430363e-05,
0.96,PURE,False,accept,USA,"{EUR}+{NDE,USA}","{EUR,NDE,USA}",1.0,,,,,,2.860651091651789e-05,
0.96,PURE,False,accept,USA,"{EUR}+{NDE,USA}","{EUR,NDE}+{USA}",1.0,,,,,,3.48512997141448e-05,
0.96,PURE,False,accept,USA,"{EUR}+{NDE,USA}","{EUR,USA}+{NDE}",1.0,,,,,,4.668989189138273e-05,
0.96,PURE,False,accept,USA,"{EUR}+{NDE,USA}",{EUR}+{NDE}+{USA},1.0,,,,,,1.3677534748346432e-05,
0.96,PURE,False,accept,USA,{EUR}+{NDE}+{USA},"{EUR,NDE,USA}",1.0,,,,,,1.492897616817146e-05,
0.96,PURE,False,accept,USA,{EUR}+{NDE}+{USA},"{EUR,USA}+{NDE}",1.0,,,,,,3.30123571430363e-05,"EUR,NDE"
0.96,PURE,False,accept,USA,{EUR}+{NDE}+{USA},"{EUR}+{NDE,USA}",0.0,,,,,,-1.3677534748346432e-05,
0.97,PURE,False,propose,EUR,"{EUR,NDE,USA}","{EUR}+{NDE,USA}",1.0,False,1.0,1.0,True,,,
0.97,PURE,False,propose,EUR,"{EUR,NDE}+{USA}",{EUR}+{NDE}+{USA},1.0,False,1.0,1.0,True,,,
0.97,PURE,False,propose,EUR,"{EUR,USA}+{NDE}","{EUR,USA}+{NDE}",1.0,True,1.0,1.0,False,,,
0.97,PURE,False,propose,EUR,"{EUR}+{NDE,USA}","{EUR}+{NDE,USA}",1.0,True,1.0,1.0,False,,,
0.97,PURE,False,propose,EUR,{EUR}+{NDE}+{USA},"{EUR,USA}+{NDE}",1.0,False,1.0,1.0,False,USA,,
0.97,PURE,False,propose,NDE,"{EUR,NDE,USA}","{EUR,NDE,USA}",1.0,True,1.0,1.0,False,,,
0.97,PURE,False,propose,NDE,"{EUR,NDE}+{USA}","{EUR,NDE}+{USA}",1.0,True,1.0,1.0,False,,,
0.97,PURE,False,propose,NDE,"{EUR,USA}+{NDE}","{EUR,USA}+{NDE}",1.0,True,1.0,1.0,False,,,
0.97,PURE,False,propose,NDE,"{EUR}+{NDE,USA}","{EUR}+{NDE,USA}",1.0,True,1.0,1.0,False,,,
0.97,PURE,False,propose,NDE,{EUR}+{NDE}+{USA},"{EUR,USA}+{NDE}",1.0,False,1.0,1.0,False,"EUR,USA",,
0.97,PURE,False,propose,USA,"{EUR,NDE,USA}","{EUR,NDE}+{USA}",1.0,False,1.0,1.0,True,,,
0.97,PURE,False,propose,USA,"{EUR,NDE}+{USA}","{EUR,NDE}+{USA}",1.0,True,1.0,1.0,False,,,
0.97,PURE,False,propose,USA,"{EUR,USA}+{NDE}","{EUR,USA}+{NDE}",1.0,True,1.0,1.0,False,,,
0.97,PURE,False,propose,USA,"{EUR}+{NDE,USA}",{EUR}+{NDE}+{USA},1.0,False,1.0,1.0,True,,,
0.97,PURE,False,propose,USA,{EUR}+{NDE}+{USA},"{EUR,USA}+{NDE}",1.0,False,1.0,1.0,False,EUR,,
0.97,PURE,False,accept,EUR,"{EUR,NDE,USA}","{EUR,NDE}+{USA}",1.0,,,,,,1.5194865810030933e-07,
0.97,PURE,False,accept,EUR,"{EUR,NDE,USA}","{EUR,USA}+{NDE}",1.0,,,,,,2.9475148011659513e-05,
0.97,PURE,False,accept,EUR,"{EUR,NDE,USA}","{EUR}+{NDE,USA}",1.0,,,,,,5.7539557465347e-06,
0.97,PURE,False,accept,EUR,"{EUR,NDE,USA}",{EUR}+{NDE}+{USA},1.0,,,,,,1.1543888435383565e-05,
0.97,PURE,False,accept,EUR,"{EUR,NDE}+{USA}","{EUR,NDE,USA}",0.0,,,,,,-1.5194865810030933e-07,
0.97,PURE,False,accept,EUR,"{EUR,NDE}+{USA}","{EUR,USA}+{NDE}",1.0,,,,,,2.9323199353559204e-05,
0.97,PURE,False,accept,EUR,"{EUR,NDE}+{USA}","{EUR}+{NDE,USA}",1.0,,,,,,5.602007088434391e-06,
0.97,PURE,False,accept,EUR,"{EUR,NDE}+{USA}",{EUR}+{NDE}+{USA},1.0,,,,,,1.1391939777283255e-05,
0.97,PURE,False,accept,EUR,"{EUR,USA}+{NDE}","{EUR,NDE,USA}",0.0,,,,,,-2.9475148011659513e-05,
0.97,PURE,False,accept,EUR,"{EUR,USA}+{NDE}","{EUR,NDE}+{USA}",0.0,,,,,,-2.9323199353559204e-05,
0.97,PURE,False,accept,EUR,"{EUR,USA}+{NDE}","{EUR}+{NDE,USA}",0.0,,,,,,-2.3721192265124813e-05,
0.97,PURE,False,accept,EUR,"{EUR,USA}+{NDE}",{EUR}+{NDE}+{USA},0.0,,,,,,-1.793125957627595e-05,
0.97,PURE,False,accept,EUR,"{EUR}+{NDE,USA}","{EUR,NDE,USA}",0.0,,,,,,-5.7539557465347e-06,
0.97,PURE,False,accept,EUR,"{EUR}+{NDE,USA}","{EUR,NDE}+{USA}",0.0,,,,,,-5.602007088434391e-06,
0.97,PURE,False,accept,EUR,"{EUR}+{NDE,USA}","{EUR,USA}+{NDE}",1.0,,,,,,2.3721192265124813e-05,
0.97,PURE,False,accept,EUR,{EUR}+{NDE}+{USA},"{EUR,NDE,USA}",0.0,,,,,,-1.1543888435383565e-05,
0.97,PURE,False,accept,EUR,{EUR}+{NDE}+{USA},"{EUR,NDE}+{USA}",0.0,,,,,,-1.1391939777283255e-05,
0.97,PURE,False,accept,EUR,{EUR}+{NDE}+{USA},"{EUR,USA}+{NDE}",1.0,,,,,,1.793125957627595e-05,"NDE,USA"
0.97,PURE,False,accept,NDE,"{EUR,NDE,USA}","{EUR,NDE}+{USA}",0.0,,,,,,-0.00022079996609036812,
0.97,PURE,False,accept,NDE,"{EUR,NDE,USA}","{EUR,USA}+{NDE}",0.0,,,,,,-0.00036609748991622837,
0.97,PURE,False,accept,NDE,"{EUR,NDE,USA}","{EUR}+{NDE,USA}",0.0,,,,,,-0.00017852145326457958,
0.97,PURE,False,accept,NDE,"{EUR,NDE,USA}",{EUR}+{NDE}+{USA},0.0,,,,,,-0.0006981934905532228,
0.97,PURE,False,accept,NDE,"{EUR,NDE}+{USA}","{EUR,NDE,USA}",1.0,,,,,,0.00022079996609036812,
0.97,PURE,False,accept,NDE,"{EUR,NDE}+{USA}","{EUR,USA}+{NDE}",0.0,,,,,,-0.00014529752382586025,
0.97,PURE,False,accept,NDE,"{EUR,NDE}+{USA}","{EUR}+{NDE,USA}",1.0,,,,,,4.227851282578854e-05,
0.97,PURE,False,accept,NDE,"{EUR,NDE}+{USA}",{EUR}+{NDE}+{USA},0.0,,,,,,-0.00047739352446285466,
0.97,PURE,False,accept,NDE,"{EUR,USA}+{NDE}","{EUR,NDE,USA}",1.0,,,,,,0.00036609748991622837,
0.97,PURE,False,accept,NDE,"{EUR,USA}+{NDE}","{EUR,NDE}+{USA}",1.0,,,,,,0.00014529752382586025,
0.97,PURE,False,accept,NDE,"{EUR,USA}+{NDE}","{EUR}+{NDE,USA}",1.0,,,,,,0.0001875760366516488,
0.97,PURE,False,accept,NDE,"{EUR}+{NDE,USA}","{EUR,NDE,USA}",1.0,,,,,,0.00017852145326457958,
0.97,PURE,False,accept,NDE,"{EUR}+{NDE,USA}","{EUR,NDE}+{USA}",0.0,,,,,,-4.227851282578854e-05,
0.97,PURE,False,accept,NDE,"{EUR}+{NDE,USA}","{EUR,USA}+{NDE}",0.0,,,,,,-0.0001875760366516488,
0.97,PURE,False,accept,NDE,"{EUR}+{NDE,USA}",{EUR}+{NDE}+{USA},0.0,,,,,,-0.0005196720372886432,
0.97,PURE,False,accept,NDE,{EUR}+{NDE}+{USA},"{EUR,NDE,USA}",1.0,,,,,,0.0006981934905532228,
0.97,PURE,False,accept,NDE,{EUR}+{NDE}+{USA},"{EUR,NDE}+{USA}",1.0,,,,,,0.00047739352446285466,
0.97,PURE,False,accept,NDE,{EUR}+{NDE}+{USA},"{EUR}+{NDE,USA}",1.0,,,,,,0.0005196720372886432,
0.97,PURE,False,accept,USA,"{EUR,NDE,USA}","{EUR,NDE}+{USA}",1.0,,,,,,5.184514220157865e-06,
0.97,PURE,False,accept,USA,"{EUR,NDE,USA}","{EUR,USA}+{NDE}",1.0,,,,,,1.4464563599325686e-05,
0.97,PURE,False,accept,USA,"{EUR,NDE,USA}","{EUR}+{NDE,USA}",0.0,,,,,,-2.144713933516229e-05,
0.97,PURE,False,accept,USA,"{EUR,NDE,USA}",{EUR}+{NDE}+{USA},0.0,,,,,,-1.0294704257951537e-05,
0.97,PURE,False,accept,USA,"{EUR,NDE}+{USA}","{EUR,NDE,USA}",0.0,,,,,,-5.184514220157865e-06,
0.97,PURE,False,accept,USA,"{EUR,NDE}+{USA}","{EUR,USA}+{NDE}",1.0,,,,,,9.28004937916782e-06,
0.97,PURE,False,accept,USA,"{EUR,NDE}+{USA}","{EUR}+{NDE,USA}",0.0,,,,,,-2.6631653555320156e-05,
0.97,PURE,False,accept,USA,"{EUR,USA}+{NDE}","{EUR,NDE,USA}",0.0,,,,,,-1.4464563599325686e-05,
0.97,PURE,False,accept,USA,"{EUR,USA}+{NDE}","{EUR,NDE}+{USA}",0.0,,,,,,-9.28004937916782e-06,
0.97,PURE,False,accept,USA,"{EUR,USA}+{NDE}","{EUR}+{NDE,USA}",0.0,,,,,,-3.591170293448798e-05,
0.97,PURE,False,accept,USA,"{EUR,USA}+{NDE}",{EUR}+{NDE}+{USA},0.0,,,,,,-2.4759267857277223e-05,
0.97,PURE,False,accept,USA,"{EUR}+{NDE,USA}","{EUR,NDE,USA}",1.0,,,,,,2.144713933516229e-05,
0.97,PURE,False,accept,USA,"{EUR}+{NDE,USA}","{EUR,NDE}+{USA}",1.0,,,,,,2.6631653555320156e-05,
0.97,PURE,False,accept,USA,"{EUR}+{NDE,USA}","{EUR,USA}+{NDE}",1.0,,,,,,3.591170293448798e-05,
0.97,PURE,False,accept,USA,"{EUR}+{NDE,USA}",{EUR}+{NDE}+{USA},1.0,,,,,,1.1152435077210754e-05,
0.97,PURE,False,accept,USA,{EUR}+{NDE}+{USA},"{EUR,NDE,USA}",1.0,,,,,,1.0294704257951537e-05,
0.97,PURE,False,accept,USA,{EUR}+{NDE}+{USA},"{EUR,USA}+{NDE}",1.0,,,,,,2.4759267857277223e-05,"EUR,NDE"
0.97,PURE,False,accept,USA,{EUR}+{NDE}+{USA},"{EUR}+{NDE,USA}",0.0,,,,,,-1.1152435077210754e-05,
0.98,PURE,False,propose,EUR,"{EUR,NDE,USA}","{EUR}+{NDE,USA}",1.0,False,1.0,1.0,True,,,
0.98,PURE,False,propose,EUR,"{EUR,NDE}+{USA}",{EUR}+{NDE}+{USA},1.0,False,1.0,1.0,True,,,
0.98,PURE,False,propose,EUR,"{EUR,USA}+{NDE}","{EUR,USA}+{NDE}",1.0,True,1.0,1.0,False,,,
0.98,PURE,False,propose,EUR,"{EUR}+{NDE,USA}","{EUR}+{NDE,USA}",1.0,True,1.0,1.0,False,,,
0.98,PURE,False,propose,EUR,{EUR}+{NDE}+{USA},"{EUR,USA}+{NDE}",1.0,False,1.0,1.0,False,USA,,
0.98,PURE,False,propose,NDE,"{EUR,NDE,USA}","{EUR,NDE,USA}",1.0,True,1.0,1.0,False,,,
0.98,PURE,False,propose,NDE,"{EUR,NDE}+{USA}","{EUR,NDE}+{USA}",1.0,True,1.0,1.0,False,,,
0.98,PURE,False,propose,NDE,"{EUR,USA}+{NDE}","{EUR,USA}+{NDE}",1.0,True,1.0,1.0,False,,,
0.98,PURE,False,propose,NDE,"{EUR}+{NDE,USA}","{EUR}+{NDE,USA}",1.0,True,1.0,1.0,False,,,
0.98,PURE,False,propose,NDE,{EUR}+{NDE}+{USA},"{EUR,USA}+{NDE}",1.0,False,1.0,1.0,False,"EUR,USA",,
0.98,PURE,False,propose,USA,"{EUR,NDE,USA}","{EUR,NDE}+{USA}",1.0,False,1.0,1.0,True,,,
0.98,PURE,False,propose,USA,"{EUR,NDE}+{USA}","{EUR,NDE}+{USA}",1.0,True,1.0,1.0,False,,,
0.98,PURE,False,propose,USA,"{EUR,USA}+{NDE}","{EUR,USA}+{NDE}",1.0,True,1.0,1.0,False,,,
0.98,PURE,False,propose,USA,"{EUR}+{NDE,USA}",{EUR}+{NDE}+{USA},1.0,False,1.0,1.0,True,,,
0.98,PURE,False,propose,USA,{EUR}+{NDE}+{USA},"{EUR,USA}+{NDE}",1.0,False,1.0,1.0,False,EUR,,
0.98,PURE,False,accept,EUR,"{EUR,NDE,USA}","{EUR,NDE}+{USA}",1.0,,,,,,3.2421649498459715e-07,
0.98,PURE,False,accept,EUR,"{EUR,NDE,USA}","{EUR,USA}+{NDE}",1.0,,,,,,2.0363898488806598e-05,
0.98,PURE,False,accept,EUR,"{EUR,NDE,USA}","{EUR}+{NDE,USA}",1.0,,,,,,4.130708490812651e-06,
0.98,PURE,False,accept,EUR,"{EUR,NDE,USA}",{EUR}+{NDE}+{USA},1.0,,,,,,8.409725437807936e-06,
0.98,PURE,False,accept,EUR,"{EUR,NDE}+{USA}","{EUR,NDE,USA}",0.0,,,,,,-3.2421649498459715e-07,
0.98,PURE,False,accept,EUR,"{EUR,NDE}+{USA}","{EUR,USA}+{NDE}",1.0,,,,,,2.0039681993822e-05,
0.98,PURE,False,accept,EUR,"{EUR,NDE}+{USA}","{EUR}+{NDE,USA}",1.0,,,,,,3.806491995828054e-06,
0.98,PURE,False,accept,EUR,"{EUR,NDE}+{USA}",{EUR}+{NDE}+{USA},1.0,,,,,,8.085508942823338e-06,
0.98,PURE,False,accept,EUR,"{EUR,USA}+{NDE}","{EUR,NDE,USA}",0.0,,,,,,-2.0363898488806598e-05,
0.98,PURE,False,accept,EUR,"{EUR,USA}+{NDE}","{EUR,NDE}+{USA}",0.0,,,,,,-2.0039681993822e-05,
0.98,PURE,False,accept,EUR,"{EUR,USA}+{NDE}","{EUR}+{NDE,USA}",0.0,,,,,,-1.6233189997993946e-05,
0.98,PURE,False,accept,EUR,"{EUR,USA}+{NDE}",{EUR}+{NDE}+{USA},0.0,,,,,,-1.1954173050998662e-05,
0.98,PURE,False,accept,EUR,"{EUR}+{NDE,USA}","{EUR,NDE,USA}",0.0,,,,,,-4.130708490812651e-06,
0.98,PURE,False,accept,EUR,"{EUR}+{NDE,USA}","{EUR,NDE}+{USA}",0.0,,,,,,-3.806491995828054e-06,
0.98,PURE,False,accept,EUR,"{EUR}+{NDE,USA}","{EUR,USA}+{NDE}",1.0,,,,,,1.6233189997993946e-05,
0.98,PURE,False,accept,EUR,{EUR}+{NDE}+{USA},"{EUR,NDE,USA}",0.0,,,,,,-8.409725437807936e-06,
0.98,PURE,False,accept,EUR,{EUR}+{NDE}+{USA},"{EUR,NDE}+{USA}",0.0,,,,,,-8.085508942823338e-06,
0.98,PURE,False,accept,EUR,{EUR}+{NDE}+{USA},"{EUR,USA}+{NDE}",1.0,,,,,,1.1954173050998662e-05,"NDE,USA"
0.98,PURE,False,accept,NDE,"{EUR,NDE,USA}","{EUR,NDE}+{USA}",0.0,,,,,,-0.0001497776806012041,
0.98,PURE,False,accept,NDE,"{EUR,NDE,USA}","{EUR,USA}+{NDE}",0.0,,,,,,-0.00024637666473736886,
0.98,PURE,False,accept,NDE,"{EUR,NDE,USA}","{EUR}+{NDE,USA}",0.0,,,,,,-0.00012104997317052835,
0.98,PURE,False,accept,NDE,"{EUR,NDE,USA}",{EUR}+{NDE}+{USA},0.0,,,,,,-0.0004677739984941809,
0.98,PURE,False,accept,NDE,"{EUR,NDE}+{USA}","{EUR,NDE,USA}",1.0,,,,,,0.0001497776806012041,
0.98,PURE,False,accept,NDE,"{EUR,NDE}+{USA}","{EUR,USA}+{NDE}",0.0,,,,,,-9.659898413616474e-05,
0.98,PURE,False,accept,NDE,"{EUR,NDE}+{USA}","{EUR}+{NDE,USA}",1.0,,,,,,2.8727707430675764e-05,
0.98,PURE,False,accept,NDE,"{EUR,NDE}+{USA}",{EUR}+{NDE}+{USA},0.0,,,,,,-0.0003179963178929768,
0.98,PURE,False,accept,NDE,"{EUR,USA}+{NDE}","{EUR,NDE,USA}",1.0,,,,,,0.00024637666473736886,
0.98,PURE,False,accept,NDE,"{EUR,USA}+{NDE}","{EUR,NDE}+{USA}",1.0,,,,,,9.659898413616474e-05,
0.98,PURE,False,accept,NDE,"{EUR,USA}+{NDE}","{EUR}+{NDE,USA}",1.0,,,,,,0.0001253266915668405,
0.98,PURE,False,accept,NDE,"{EUR}+{NDE,USA}","{EUR,NDE,USA}",1.0,,,,,,0.00012104997317052835,
0.98,PURE,False,accept,NDE,"{EUR}+{NDE,USA}","{EUR,NDE}+{USA}",0.0,,,,,,-2.8727707430675764e-05,
0.98,PURE,False,accept,NDE,"{EUR}+{NDE,USA}","{EUR,USA}+{NDE}",0.0,,,,,,-0.0001253266915668405,
0.98,PURE,False,accept,NDE,"{EUR}+{NDE,USA}",{EUR}+{NDE}+{USA},0.0,,,,,,-0.00034672402532365254,
0.98,PURE,False,accept,NDE,{EUR}+{NDE}+{USA},"{EUR,NDE,USA}",1.0,,,,,,0.0004677739984941809,
0.98,PURE,False,accept,NDE,{EUR}+{NDE}+{USA},"{EUR,NDE}+{USA}",1.0,,,,,,0.0003179963178929768,
0.98,PURE,False,accept,NDE,{EUR}+{NDE}+{USA},"{EUR}+{NDE,USA}",1.0,,,,,,0.00034672402532365254,
0.98,PURE,False,accept,USA,"{EUR,NDE,USA}","{EUR,NDE}+{USA}",1.0,,,,,,3.8106251420977344e-06,
0.98,PURE,False,accept,USA,"{EUR,NDE,USA}","{EUR,USA}+{NDE}",1.0,,,,,,1.0275012976013187e-05,
0.98,PURE,False,accept,USA,"{EUR,NDE,USA}","{EUR}+{NDE,USA}",0.0,,,,,,-1.4285242017297861e-05,
0.98,PURE,False,accept,USA,"{EUR,NDE,USA}",{EUR}+{NDE}+{USA},0.0,,,,,,-6.231165595504962e-06,
0.98,PURE,False,accept,USA,"{EUR,NDE}+{USA}","{EUR,NDE,USA}",0.0,,,,,,-3.8106251420977344e-06,
0.98,PURE,False,accept,USA,"{EUR,NDE}+{USA}","{EUR,USA}+{NDE}",1.0,,,,,,6.4643878339154526e-06,
0.98,PURE,False,accept,USA,"{EUR,NDE}+{USA}","{EUR}+{NDE,USA}",0.0,,,,,,-1.8095867159395596e-05,
0.98,PURE,False,accept,USA,"{EUR,USA}+{NDE}","{EUR,NDE,USA}",0.0,,,,,,-1.0275012976013187e-05,
0.98,PURE,False,accept,USA,"{EUR,USA}+{NDE}","{EUR,NDE}+{USA}",0.0,,,,,,-6.4643878339154526e-06,
0.98,PURE,False,accept,USA,"{EUR,USA}+{NDE}","{EUR}+{NDE,USA}",0.0,,,,,,-2.4560254993311048e-05,
0.98,PURE,False,accept,USA,"{EUR,USA}+{NDE}",{EUR}+{NDE}+{USA},0.0,,,,,,-1.650617857151815e-05,
0.98,PURE,False,accept,USA,"{EUR}+{NDE,USA}","{EUR,NDE,USA}",1.0,,,,,,1.4285242017297861e-05,
0.98,PURE,False,accept,USA,"{EUR}+{NDE,USA}","{EUR,NDE}+{USA}",1.0,,,,,,1.8095867159395596e-05,
0.98,PURE,False,accept,USA,"{EUR}+{NDE,USA}","{EUR,USA}+{NDE}",1.0,,,,,,2.4560254993311048e-05,
0.98,PURE,False,accept,USA,"{EUR}+{NDE,USA}",{EUR}+{NDE}+{USA},1.0,,,,,,8.0540764217929e-06,
0.98,PURE,False,accept,USA,{EUR}+{NDE}+{USA},"{EUR,NDE,USA}",1.0,,,,,,6.231165595504962e-06,
0.98,PURE,False,accept,USA,{EUR}+{NDE}+{USA},"{EUR,USA}+{NDE}",1.0,,,,,,1.650617857151815e-05,"EUR,NDE"
0.98,PURE,False,accept,USA,{EUR}+{NDE}+{USA},"{EUR}+{NDE,USA}",0.0,,,,,,-8.0540764217929e-06,
0.99,PURE,False,propose,EUR,"{EUR,NDE,USA}","{EUR}+{NDE,USA}",1.0,False,1.0,1.0,True,,,
0.99,PURE,False,propose,EUR,"{EUR,NDE}+{USA}",{EUR}+{NDE}+{USA},1.0,False,1.0,1.0,True,,,
0.99,PURE,False,propose,EUR,"{EUR,USA}+{NDE}","{EUR,USA}+{NDE}",1.0,True,1.0,1.0,False,,,
0.99,PURE,False,propose,EUR,"{EUR}+{NDE,USA}","{EUR}+{NDE,USA}",1.0,True,1.0,1.0,False,,,
0.99,PURE,False,propose,EUR,{EUR}+{NDE}+{USA},"{EUR,USA}+{NDE}",1.0,False,1.0,1.0,False,USA,,
0.99,PURE,False,propose,NDE,"{EUR,NDE,USA}","{EUR,NDE,USA}",1.0,True,1.0,1.0,False,,,
0.99,PURE,False,propose,NDE,"{EUR,NDE}+{USA}","{EUR,NDE}+{USA}",1.0,True,1.0,1.0,False,,,
0.99,PURE,False,propose,NDE,"{EUR,USA}+{NDE}","{EUR,USA}+{NDE}",1.0,True,1.0,1.0,False,,,
0.99,PURE,False,propose,NDE,"{EUR}+{NDE,USA}","{EUR}+{NDE,USA}",1.0,True,1.0,1.0,False,,,
0.99,PURE,False,propose,NDE,{EUR}+{NDE}+{USA},"{EUR,USA}+{NDE}",1.0,False,1.0,1.0,False,"EUR,USA",,
0.99,PURE,False,propose,USA,"{EUR,NDE,USA}","{EUR,NDE}+{USA}",1.0,False,1.0,1.0,True,,,
0.99,PURE,False,propose,USA,"{EUR,NDE}+{USA}","{EUR,NDE}+{USA}",1.0,True,1.0,1.0,False,,,
0.99,PURE,False,propose,USA,"{EUR,USA}+{NDE}","{EUR,USA}+{NDE}",1.0,True,1.0,1.0,False,,,
0.99,PURE,False,propose,USA,"{EUR}+{NDE,USA}",{EUR}+{NDE}+{USA},1.0,False,1.0,1.0,True,,,
0.99,PURE,False,propose,USA,{EUR}+{NDE}+{USA},"{EUR,USA}+{NDE}",1.0,False,1.0,1.0,False,EUR,,
0.99,PURE,False,accept,EUR,"{EUR,NDE,USA}","{EUR,NDE}+{USA}",1.0,,,,,,2.8080799818752666e-07,
0.99,PURE,False,accept,EUR,"{EUR,NDE,USA}","{EUR,USA}+{NDE}",1.0,,,,,,1.0555715352911221e-05,
0.99,PURE,False,accept,EUR,"{EUR,NDE,USA}","{EUR}+{NDE,USA}",1.0,,,,,,2.2213725450193067e-06,
0.99,PURE,False,accept,EUR,"{EUR,NDE,USA}",{EUR}+{NDE}+{USA},1.0,,,,,,4.578628827633935e-06,
0.99,PURE,False,accept,EUR,"{EUR,NDE}+{USA}","{EUR,NDE,USA}",0.0,,,,,,-2.8080799818752666e-07,
0.99,PURE,False,accept,EUR,"{EUR,NDE}+{USA}","{EUR,USA}+{NDE}",1.0,,,,,,1.0274907354723695e-05,
0.99,PURE,False,accept,EUR,"{EUR,NDE}+{USA}","{EUR}+{NDE,USA}",1.0,,,,,,1.94056454683178e-06,
0.99,PURE,False,accept,EUR,"{EUR,NDE}+{USA}",{EUR}+{NDE}+{USA},1.0,,,,,,4.297820829446408e-06,
0.99,PURE,False,accept,EUR,"{EUR,USA}+{NDE}","{EUR,NDE,USA}",0.0,,,,,,-1.0555715352911221e-05,
0.99,PURE,False,accept,EUR,"{EUR,USA}+{NDE}","{EUR,NDE}+{USA}",0.0,,,,,,-1.0274907354723695e-05,
0.99,PURE,False,accept,EUR,"{EUR,USA}+{NDE}","{EUR}+{NDE,USA}",0.0,,,,,,-8.334342807891915e-06,
0.99,PURE,False,accept,EUR,"{EUR,USA}+{NDE}",{EUR}+{NDE}+{USA},0.0,,,,,,-5.9770865252772865e-06,
0.99,PURE,False,accept,EUR,"{EUR}+{NDE,USA}","{EUR,NDE,USA}",0.0,,,,,,-2.2213725450193067e-06,
0.99,PURE,False,accept,EUR,"{EUR}+{NDE,USA}","{EUR,NDE}+{USA}",0.0,,,,,,-1.94056454683178e-06,
0.99,PURE,False,accept,EUR,"{EUR}+{NDE,USA}","{EUR,USA}+{NDE}",1.0,,,,,,8.334342807891915e-06,
0.99,PURE,False,accept,EUR,{EUR}+{NDE}+{USA},"{EUR,NDE,USA}",0.0,,,,,,-4.578628827633935e-06,
0.99,PURE,False,accept,EUR,{EUR}+{NDE}+{USA},"{EUR,NDE}+{USA}",0.0,,,,,,-4.297820829446408e-06,
0.99,PURE,False,accept,EUR,{EUR}+{NDE}+{USA},"{EUR,USA}+{NDE}",1.0,,,,,,5.9770865252772865e-06,"NDE,USA"
0.99,PURE,False,accept,NDE,"{EUR,NDE,USA}","{EUR,NDE}+{USA}",0.0,,,,,,-7.619455493568239e-05,
0.99,PURE,False,accept,NDE,"{EUR,NDE,USA}","{EUR,USA}+{NDE}",0.0,,,,,,-0.00012435581481895497,
0.99,PURE,False,accept,NDE,"{EUR,NDE,USA}","{EUR}+{NDE,USA}",0.0,,,,,,-6.154905702970837e-05,
0.99,PURE,False,accept,NDE,"{EUR,NDE,USA}",{EUR}+{NDE}+{USA},0.0,,,,,,-0.00023505448169913734,
0.99,PURE,False,accept,NDE,"{EUR,NDE}+{USA}","{EUR,NDE,USA}",1.0,,,,,,7.619455493568239e-05,
0.99,PURE,False,accept,NDE,"{EUR,NDE}+{USA}","{EUR,USA}+{NDE}",0.0,,,,,,-4.816125988327258e-05,
0.99,PURE,False,accept,NDE,"{EUR,NDE}+{USA}","{EUR}+{NDE,USA}",1.0,,,,,,1.4645497905974025e-05,
0.99,PURE,False,accept,NDE,"{EUR,NDE}+{USA}",{EUR}+{NDE}+{USA},0.0,,,,,,-0.00015885992676345495,
0.99,PURE,False,accept,NDE,"{EUR,USA}+{NDE}","{EUR,NDE,USA}",1.0,,,,,,0.00012435581481895497,
0.99,PURE,False,accept,NDE,"{EUR,USA}+{NDE}","{EUR,NDE}+{USA}",1.0,,,,,,4.816125988327258e-05,
0.99,PURE,False,accept,NDE,"{EUR,USA}+{NDE}","{EUR}+{NDE,USA}",1.0,,,,,,6.28067577892466e-05,
0.99,PURE,False,accept,NDE,"{EUR}+{NDE,USA}","{EUR,NDE,USA}",1.0,,,,,,6.154905702970837e-05,
0.99,PURE,False,accept,NDE,"{EUR}+{NDE,USA}","{EUR,NDE}+{USA}",0.0,,,,,,-1.4645497905974025e-05,
0.99,PURE,False,accept,NDE,"{EUR}+{NDE,USA}","{EUR,USA}+{NDE}",0.0,,,,,,-6.28067577892466e-05,
0.99,PURE,False,accept,NDE,"{EUR}+{NDE,USA}",{EUR}+{NDE}+{USA},0.0,,,,,,-0.00017350542466942898,
0.99,PURE,False,accept,NDE,{EUR}+{NDE}+{USA},"{EUR,NDE,USA}",1.0,,,,,,0.00023505448169913734,
0.99,PURE,False,accept,NDE,{EUR}+{NDE}+{USA},"{EUR,NDE}+{USA}",1.0,,,,,,0.00015885992676345495,
0.99,PURE,False,accept,NDE,{EUR}+{NDE}+{USA},"{EUR}+{NDE,USA}",1.0,,,,,,0.00017350542466942898,
0.99,PURE,False,accept,USA,"{EUR,NDE,USA}","{EUR,NDE}+{USA}",1.0,,,,,,2.0932757385239142e-06,
0.99,PURE,False,accept,USA,"{EUR,NDE,USA}","{EUR,USA}+{NDE}",1.0,,,,,,5.4697586469032444e-06,
0.99,PURE,False,accept,USA,"{EUR,NDE,USA}","{EUR}+{NDE,USA}",0.0,,,,,,-7.132068303494776e-06,
0.99,PURE,False,accept,USA,"{EUR,NDE,USA}",{EUR}+{NDE}+{USA},0.0,,,,,,-2.78333063885583e-06,
0.99,PURE,False,accept,USA,"{EUR,NDE}+{USA}","{EUR,NDE,USA}",0.0,,,,,,-2.0932757385239142e-06,
0.99,PURE,False,accept,USA,"{EUR,NDE}+{USA}","{EUR,USA}+{NDE}",1.0,,,,,,3.37648290837933e-06,
0.99,PURE,False,accept,USA,"{EUR,NDE}+{USA}","{EUR}+{NDE,USA}",0.0,,,,,,-9.22534404201869e-06,
0.99,PURE,False,accept,USA,"{EUR,USA}+{NDE}","{EUR,NDE,USA}",0.0,,,,,,-5.4697586469032444e-06,
0.99,PURE,False,accept,USA,"{EUR,USA}+{NDE}","{EUR,NDE}+{USA}",0.0,,,,,,-3.37648290837933e-06,
0.99,PURE,False,accept,USA,"{EUR,USA}+{NDE}","{EUR}+{NDE,USA}",0.0,,,,,,-1.260182695039802e-05,
0.99,PURE,False,accept,USA,"{EUR,USA}+{NDE}",{EUR}+{NDE}+{USA},0.0,,,,,,-8.253089285759074e-06,
0.99,PURE,False,accept,USA,"{EUR}+{NDE,USA}","{EUR,NDE,USA}",1.0,,,,,,7.132068303494776e-06,
0.99,PURE,False,accept,USA,"{EUR}+{NDE,USA}","{EUR,NDE}+{USA}",1.0,,,,,,9.22534404201869e-06,
0.99,PURE,False,accept,USA,"{EUR}+{NDE,USA}","{EUR,USA}+{NDE}",1.0,,,,,,1.260182695039802e-05,
0.99,PURE,False,accept,USA,"{EUR}+{NDE,USA}",{EUR}+{NDE}+{USA},1.0,,,,,,4.348737664638946e-06,
0.99,PURE,False,accept,USA,{EUR}+{NDE}+{USA},"{EUR,NDE,USA}",1.0,,,,,,2.78333063885583e-06,
0.99,PURE,False,accept,USA,{EUR}+{NDE}+{USA},"{EUR,USA}+{NDE}",1.0,,,,,,8.253089285759074e-06,"EUR,NDE"
0.99,PURE,False,accept,USA,{EUR}+{NDE}+{USA},"{EUR}+{NDE,USA}",0.0,,,,,,-4.348737664638946e-06,
0.995,PURE,False,propose,EUR,"{EUR,NDE,USA}","{EUR}+{NDE,USA}",1.0,False,1.0,1.0,True,,,
0.995,PURE,False,propose,EUR,"{EUR,NDE}+{USA}",{EUR}+{NDE}+{USA},1.0,False,1.0,1.0,True,,,
0.995,PURE,False,propose,EUR,"{EUR,USA}+{NDE}","{EUR,USA}+{NDE}",1.0,True,1.0,1.0,False,,,
0.995,PURE,False,propose,EUR,"{EUR}+{NDE,USA}","{EUR}+{NDE,USA}",1.0,True,1.0,1.0,False,,,
0.995,PURE,False,propose,EUR,{EUR}+{NDE}+{USA},"{EUR,USA}+{NDE}",1.0,False,1.0,1.0,False,USA,,
0.995,PURE,False,propose,NDE,"{EUR,NDE,USA}","{EUR,NDE,USA}",1.0,True,1.0,1.0,False,,,
0.995,PURE,False,propose,NDE,"{EUR,NDE}+{USA}","{EUR,NDE}+{USA}",1.0,True,1.0,1.0,False,,,
0.995,PURE,False,propose,NDE,"{EUR,USA}+{NDE}","{EUR,USA}+{NDE}",1.0,True,1.0,1.0,False,,,
0.995,PURE,False,propose,NDE,"{EUR}+{NDE,USA}","{EUR}+{NDE,USA}",1.0,True,1.0,1.0,False,,,
0.995,PURE,False,propose,NDE,{EUR}+{NDE}+{USA},"{EUR,USA}+{NDE}",1.0,False,1.0,1.0,False,"EUR,USA",,
0.995,PURE,False,propose,USA,"{EUR,NDE,USA}","{EUR,NDE}+{USA}",1.0,False,1.0,1.0,True,,,
0.995,PURE,False,propose,USA,"{EUR,NDE}+{USA}","{EUR,NDE}+{USA}",1.0,True,1.0,1.0,False,,,
0.995,PURE,False,propose,USA,"{EUR,USA}+{NDE}","{EUR,USA}+{NDE}",1.0,True,1.0,1.0,False,,,
0.995,PURE,False,propose,USA,"{EUR}+{NDE,USA}",{EUR}+{NDE}+{USA},1.0,False,1.0,1.0,True,,,
0.995,PURE,False,propose,USA,{EUR}+{NDE}+{USA},"{EUR,USA}+{NDE}",1.0,False,1.0,1.0,False,EUR,,
0.995,PURE,False,accept,EUR,"{EUR,NDE,USA}","{EUR,NDE}+{USA}",1.0,,,,,,1.7151062348119694e-07,
0.995,PURE,False,accept,EUR,"{EUR,NDE,USA}","{EUR,USA}+{NDE}",1.0,,,,,,5.374624947762641e-06,
0.995,PURE,False,accept,EUR,"{EUR,NDE,USA}","{EUR}+{NDE,USA}",1.0,,,,,,1.1513996520662317e-06,
0.995,PURE,False,accept,EUR,"{EUR,NDE,USA}",{EUR}+{NDE}+{USA},1.0,,,,,,2.3860816851239974e-06,
0.995,PURE,False,accept,EUR,"{EUR,NDE}+{USA}","{EUR,NDE,USA}",0.0,,,,,,-1.7151062348119694e-07,
0.995,PURE,False,accept,EUR,"{EUR,NDE}+{USA}","{EUR,USA}+{NDE}",1.0,,,,,,5.203114324281444e-06,
0.995,PURE,False,accept,EUR,"{EUR,NDE}+{USA}","{EUR}+{NDE,USA}",1.0,,,,,,9.798890285850348e-07,
0.995,PURE,False,accept,EUR,"{EUR,NDE}+{USA}",{EUR}+{NDE}+{USA},1.0,,,,,,2.2145710616428005e-06,
0.995,PURE,False,accept,EUR,"{EUR,USA}+{NDE}","{EUR,NDE,USA}",0.0,,,,,,-5.374624947762641e-06,
0.995,PURE,False,accept,EUR,"{EUR,USA}+{NDE}","{EUR,NDE}+{USA}",0.0,,,,,,-5.203114324281444e-06,
0.995,PURE,False,accept,EUR,"{EUR,USA}+{NDE}","{EUR}+{NDE,USA}",0.0,,,,,,-4.223225295696409e-06,
0.995,PURE,False,accept,EUR,"{EUR,USA}+{NDE}",{EUR}+{NDE}+{USA},0.0,,,,,,-2.9885432626386432e-06,
0.995,PURE,False,accept,EUR,"{EUR}+{NDE,USA}","{EUR,NDE,USA}",0.0,,,,,,-1.1513996520662317e-06,
0.995,PURE,False,accept,EUR,"{EUR}+{NDE,USA}","{EUR,NDE}+{USA}",0.0,,,,,,-9.798890285850348e-07,
0.995,PURE,False,accept,EUR,"{EUR}+{NDE,USA}","{EUR,USA}+{NDE}",1.0,,,,,,4.223225295696409e-06,
0.995,PURE,False,accept,EUR,{EUR}+{NDE}+{USA},"{EUR,NDE,USA}",0.0,,,,,,-2.3860816851239974e-06,
0.995,PURE,False,accept,EUR,{EUR}+{NDE}+{USA},"{EUR,NDE}+{USA}",0.0,,,,,,-2.2145710616428005e-06,
0.995,PURE,False,accept,EUR,{EUR}+{NDE}+{USA},"{EUR,USA}+{NDE}",1.0,,,,,,2.9885432626386432e-06,"NDE,USA"
0.995,PURE,False,accept,NDE,"{EUR,NDE,USA}","{EUR,NDE}+{USA}",0.0,,,,,,-3.842694495048704e-05,
0.995,PURE,False,accept,NDE,"{EUR,NDE,USA}","{EUR,USA}+{NDE}",0.0,,,,,,-6.247199036835127e-05,
0.995,PURE,False,accept,NDE,"{EUR,NDE,USA}","{EUR}+{NDE,USA}",0.0,,,,,,-3.103169353124713e-05,
0.995,PURE,False,accept,NDE,"{EUR,NDE,USA}",{EUR}+{NDE}+{USA},0.0,,,,,,-0.00011782132380844246,
0.995,PURE,False,accept,NDE,"{EUR,NDE}+{USA}","{EUR,NDE,USA}",1.0,,,,,,3.842694495048704e-05,
0.995,PURE,False,accept,NDE,"{EUR,NDE}+{USA}","{EUR,USA}+{NDE}",0.0,,,,,,-2.404504541786423e-05,
0.995,PURE,False,accept,NDE,"{EUR,NDE}+{USA}","{EUR}+{NDE,USA}",1.0,,,,,,7.395251419239912e-06,
0.995,PURE,False,accept,NDE,"{EUR,NDE}+{USA}",{EUR}+{NDE}+{USA},0.0,,,,,,-7.939437885795542e-05,
0.995,PURE,False,accept,NDE,"{EUR,USA}+{NDE}","{EUR,NDE,USA}",1.0,,,,,,6.247199036835127e-05,
0.995,PURE,False,accept,NDE,"{EUR,USA}+{NDE}","{EUR,NDE}+{USA}",1.0,,,,,,2.404504541786423e-05,
0.995,PURE,False,accept,NDE,"{EUR,USA}+{NDE}","{EUR}+{NDE,USA}",1.0,,,,,,3.144029683710414e-05,
0.995,PURE,False,accept,NDE,"{EUR}+{NDE,USA}","{EUR,NDE,USA}",1.0,,,,,,3.103169353124713e-05,
0.995,PURE,False,accept,NDE,"{EUR}+{NDE,USA}","{EUR,NDE}+{USA}",0.0,,,,,,-7.395251419239912e-06,
0.995,PURE,False,accept,NDE,"{EUR}+{NDE,USA}","{EUR,USA}+{NDE}",0.0,,,,,,-3.144029683710414e-05,
0.995,PURE,False,accept,NDE,"{EUR}+{NDE,USA}",{EUR}+{NDE}+{USA},0.0,,,,,,-8.678963027719533e-05,
0.995,PURE,False,accept,NDE,{EUR}+{NDE}+{USA},"{EUR,NDE,USA}",1.0,,,,,,0.00011782132380844246,
0.995,PURE,False,accept,NDE,{EUR}+{NDE}+{USA},"{EUR,NDE}+{USA}",1.0,,,,,,7.939437885795542e-05,
0.995,PURE,False,accept,NDE,{EUR}+{NDE}+{USA},"{EUR}+{NDE,USA}",1.0,,,,,,8.678963027719533e-05,
0.995,PURE,False,accept,USA,"{EUR,NDE,USA}","{EUR,NDE}+{USA}",1.0,,,,,,1.0957673883815744e-06,
0.995,PURE,False,accept,USA,"{EUR,NDE,USA}","{EUR,USA}+{NDE}",1.0,,,,,,2.821152543130978e-06,
0.995,PURE,False,accept,USA,"{EUR,NDE,USA}","{EUR}+{NDE,USA}",0.0,,,,,,-3.5625746526157798e-06,
0.995,PURE,False,accept,USA,"{EUR,NDE,USA}",{EUR}+{NDE}+{USA},0.0,,,,,,-1.305392099748559e-06,
0.995,PURE,False,accept,USA,"{EUR,NDE}+{USA}","{EUR,NDE,USA}",0.0,,,,,,-1.0957673883815744e-06,
0.995,PURE,False,accept,USA,"{EUR,NDE}+{USA}","{EUR,USA}+{NDE}",1.0,,,,,,1.7253851547494037e-06,
0.995,PURE,False,accept,USA,"{EUR,NDE}+{USA}","{EUR}+{NDE,USA}",0.0,,,,,,-4.658342040997354e-06,
0.995,PURE,False,accept,USA,"{EUR,USA}+{NDE}","{EUR,NDE,USA}",0.0,,,,,,-2.821152543130978e-06,
0.995,PURE,False,accept,USA,"{EUR,USA}+{NDE}","{EUR,NDE}+{USA}",0.0,,,,,,-1.7253851547494037e-06,
0.995,PURE,False,accept,USA,"{EUR,USA}+{NDE}","{EUR}+{NDE,USA}",0.0,,,,,,-6.383727195746758e-06,
0.995,PURE,False,accept,USA,"{EUR,USA}+{NDE}",{EUR}+{NDE}+{USA},0.0,,,,,,-4.126544642879537e-06,
0.995,PURE,False,accept,USA,"{EUR}+{NDE,USA}","{EUR,NDE,USA}",1.0,,,,,,3.5625746526157798e-06,
0.995,PURE,False,accept,USA,"{EUR}+{NDE,USA}","{EUR,NDE}+{USA}",1.0,,,,,,4.658342040997354e-06,
0.995,PURE,False,accept,USA,"{EUR}+{NDE,USA}","{EUR,USA}+{NDE}",1.0,,,,,,6.383727195746758e-06,
0.995,PURE,False,accept,USA,"{EUR}+{NDE,USA}",{EUR}+{NDE}+{USA},1.0,,,,,,2.2571825528672207e-06,
0.995,PURE,False,accept,USA,{EUR}+{NDE}+{USA},"{EUR,NDE,USA}",1.0,,,,,,1.305392099748559e-06,
0.995,PURE,False,accept,USA,{EUR}+{NDE}+{USA},"{EUR,USA}+{NDE}",1.0,,,,,,4.126544642879537e-06,"EUR,NDE"
0.995,PURE,False,accept,USA,{EUR}+{NDE}+{USA},"{EUR}+{NDE,USA}",0.0,,,,,,-2.2571825528672207e-06,
0.997,PURE,False,propose,EUR,"{EUR,NDE,USA}","{EUR}+{NDE,USA}",1.0,False,1.0,1.0,True,,,
0.997,PURE,False,propose,EUR,"{EUR,NDE}+{USA}",{EUR}+{NDE}+{USA},1.0,False,1.0,1.0,True,,,
0.997,PURE,False,propose,EUR,"{EUR,USA}+{NDE}","{EUR,USA}+{NDE}",1.0,True,1.0,1.0,False,,,
0.997,PURE,False,propose,EUR,"{EUR}+{NDE,USA}","{EUR}+{NDE,USA}",1.0,True,1.0,1.0,False,,,
0.997,PURE,False,propose,EUR,{EUR}+{NDE}+{USA},"{EUR,USA}+{NDE}",1.0,False,1.0,1.0,False,USA,,
0.997,PURE,False,propose,NDE,"{EUR,NDE,USA}","{EUR,NDE,USA}",1.0,True,1.0,1.0,False,,,
0.997,PURE,False,propose,NDE,"{EUR,NDE}+{USA}","{EUR,NDE}+{USA}",1.0,True,1.0,1.0,False,,,
0.997,PURE,False,propose,NDE,"{EUR,USA}+{NDE}","{EUR,USA}+{NDE}",1.0,True,1.0,1.0,False,,,
0.997,PURE,False,propose,NDE,"{EUR}+{NDE,USA}","{EUR}+{NDE,USA}",1.0,True,1.0,1.0,False,,,
0.997,PURE,False,propose,NDE,{EUR}+{NDE}+{USA},"{EUR,USA}+{NDE}",1.0,False,1.0,1.0,False,"EUR,USA",,
0.997,PURE,False,propose,USA,"{EUR,NDE,USA}","{EUR,NDE}+{USA}",1.0,False,1.0,1.0,True,,,
0.997,PURE,False,propose,USA,"{EUR,NDE}+{USA}","{EUR,NDE}+{USA}",1.0,True,1.0,1.0,False,,,
0.997,PURE,False,propose,USA,"{EUR,USA}+{NDE}","{EUR,USA}+{NDE}",1.0,True,1.0,1.0,False,,,
0.997,PURE,False,propose,USA,"{EUR}+{NDE,USA}",{EUR}+{NDE}+{USA},1.0,False,1.0,1.0,True,,,
0.997,PURE,False,propose,USA,{EUR}+{NDE}+{USA},"{EUR,USA}+{NDE}",1.0,False,1.0,1.0,False,EUR,,
0.997,PURE,False,accept,EUR,"{EUR,NDE,USA}","{EUR,NDE}+{USA}",1.0,,,,,,1.1053825765827696e-07,
0.997,PURE,False,accept,EUR,"{EUR,NDE,USA}","{EUR,USA}+{NDE}",1.0,,,,,,3.2483847114406217e-06,
0.997,PURE,False,accept,EUR,"{EUR,NDE,USA}","{EUR}+{NDE,USA}",1.0,,,,,,7.008093825255912e-07,
0.997,PURE,False,accept,EUR,"{EUR,NDE,USA}",{EUR}+{NDE}+{USA},1.0,,,,,,1.4552587539462536e-06,
0.997,PURE,False,accept,EUR,"{EUR,NDE}+{USA}","{EUR,NDE,USA}",0.0,,,,,,-1.1053825765827696e-07,
0.997,PURE,False,accept,EUR,"{EUR,NDE}+{USA}","{EUR,USA}+{NDE}",1.0,,,,,,3.1378464537823447e-06,
0.997,PURE,False,accept,EUR,"{EUR,NDE}+{USA}","{EUR}+{NDE,USA}",1.0,,,,,,5.902711248673143e-07,
0.997,PURE,False,accept,EUR,"{EUR,NDE}+{USA}",{EUR}+{NDE}+{USA},1.0,,,,,,1.3447204962879766e-06,
0.997,PURE,False,accept,EUR,"{EUR,USA}+{NDE}","{EUR,NDE,USA}",0.0,,,,,,-3.2483847114406217e-06,
0.997,PURE,False,accept,EUR,"{EUR,USA}+{NDE}","{EUR,NDE}+{USA}",0.0,,,,,,-3.1378464537823447e-06,
0.997,PURE,False,accept,EUR,"{EUR,USA}+{NDE}","{EUR}+{NDE,USA}",0.0,,,,,,-2.5475753289150305e-06,
0.997,PURE,False,accept,EUR,"{EUR,USA}+{NDE}",{EUR}+{NDE}+{USA},0.0,,,,,,-1.793125957494368e-06,
0.997,PURE,False,accept,EUR,"{EUR}+{NDE,USA}","{EUR,NDE,USA}",0.0,,,,,,-7.008093825255912e-07,
0.997,PURE,False,accept,EUR,"{EUR}+{NDE,USA}","{EUR,NDE}+{USA}",0.0,,,,,,-5.902711248673143e-07,
0.997,PURE,False,accept,EUR,"{EUR}+{NDE,USA}","{EUR,USA}+{NDE}",1.0,,,,,,2.5475753289150305e-06,
0.997,PURE,False,accept,EUR,{EUR}+{NDE}+{USA},"{EUR,NDE,USA}",0.0,,,,,,-1.4552587539462536e-06,
0.997,PURE,False,accept,EUR,{EUR}+{NDE}+{USA},"{EUR,NDE}+{USA}",0.0,,,,,,-1.3447204962879766e-06,
0.997,PURE,False,accept,EUR,{EUR}+{NDE}+{USA},"{EUR,USA}+{NDE}",1.0,,,,,,1.793125957494368e-06,"NDE,USA"
0.997,PURE,False,accept,NDE,"{EUR,NDE,USA}","{EUR,NDE}+{USA}",0.0,,,,,,-2.3135656011419314e-05,
0.997,PURE,False,accept,NDE,"{EUR,NDE,USA}","{EUR,USA}+{NDE}",0.0,,,,,,-3.7554024125086016e-05,
0.997,PURE,False,accept,NDE,"{EUR,NDE,USA}","{EUR}+{NDE,USA}",0.0,,,,,,-1.8680862410747068e-05,
0.997,PURE,False,accept,NDE,"{EUR,NDE,USA}",{EUR}+{NDE}+{USA},0.0,,,,,,-7.07636241870091e-05,
0.997,PURE,False,accept,NDE,"{EUR,NDE}+{USA}","{EUR,NDE,USA}",1.0,,,,,,2.3135656011419314e-05,
0.997,PURE,False,accept,NDE,"{EUR,NDE}+{USA}","{EUR,USA}+{NDE}",0.0,,,,,,-1.4418368113666702e-05,
0.997,PURE,False,accept,NDE,"{EUR,NDE}+{USA}","{EUR}+{NDE,USA}",1.0,,,,,,4.454793600672247e-06,
0.997,PURE,False,accept,NDE,"{EUR,NDE}+{USA}",{EUR}+{NDE}+{USA},0.0,,,,,,-4.7627968175589785e-05,
0.997,PURE,False,accept,NDE,"{EUR,USA}+{NDE}","{EUR,NDE,USA}",1.0,,,,,,3.7554024125086016e-05,
0.997,PURE,False,accept,NDE,"{EUR,USA}+{NDE}","{EUR,NDE}+{USA}",1.0,,,,,,1.4418368113666702e-05,
0.997,PURE,False,accept,NDE,"{EUR,USA}+{NDE}","{EUR}+{NDE,USA}",1.0,,,,,,1.887316171433895e-05,
0.997,PURE,False,accept,NDE,"{EUR}+{NDE,USA}","{EUR,NDE,USA}",1.0,,,,,,1.8680862410747068e-05,
0.997,PURE,False,accept,NDE,"{EUR}+{NDE,USA}","{EUR,NDE}+{USA}",0.0,,,,,,-4.454793600672247e-06,
0.997,PURE,False,accept,NDE,"{EUR}+{NDE,USA}","{EUR,USA}+{NDE}",0.0,,,,,,-1.887316171433895e-05,
0.997,PURE,False,accept,NDE,"{EUR}+{NDE,USA}",{EUR}+{NDE}+{USA},0.0,,,,,,-5.208276177626203e-05,
0.997,PURE,False,accept,NDE,{EUR}+{NDE}+{USA},"{EUR,NDE,USA}",1.0,,,,,,7.07636241870091e-05,
0.997,PURE,False,accept,NDE,{EUR}+{NDE}+{USA},"{EUR,NDE}+{USA}",1.0,,,,,,4.7627968175589785e-05,
0.997,PURE,False,accept,NDE,{EUR}+{NDE}+{USA},"{EUR}+{NDE,USA}",1.0,,,,,,5.208276177626203e-05,
0.997,PURE,False,accept,USA,"{EUR,NDE,USA}","{EUR,NDE}+{USA}",1.0,,,,,,6.694998595513368e-07,
0.997,PURE,False,accept,USA,"{EUR,NDE,USA}","{EUR,USA}+{NDE}",1.0,,,,,,1.713769499200879e-06,
0.997,PURE,False,accept,USA,"{EUR,NDE,USA}","{EUR}+{NDE,USA}",0.0,,,,,,-2.1366187059612685e-06,
0.997,PURE,False,accept,USA,"{EUR,NDE,USA}",{EUR}+{NDE}+{USA},0.0,,,,,,-7.621572866156612e-07,
0.997,PURE,False,accept,USA,"{EUR,NDE}+{USA}","{EUR,NDE,USA}",0.0,,,,,,-6.694998595513368e-07,
0.997,PURE,False,accept,USA,"{EUR,NDE}+{USA}","{EUR,USA}+{NDE}",1.0,,,,,,1.0442696396495421e-06,
0.997,PURE,False,accept,USA,"{EUR,NDE}+{USA}","{EUR}+{NDE,USA}",0.0,,,,,,-2.8061185655126053e-06,
0.997,PURE,False,accept,USA,"{EUR,USA}+{NDE}","{EUR,NDE,USA}",0.0,,,,,,-1.713769499200879e-06,
0.997,PURE,False,accept,USA,"{EUR,USA}+{NDE}","{EUR,NDE}+{USA}",0.0,,,,,,-1.0442696396495421e-06,
0.997,PURE,False,accept,USA,"{EUR,USA}+{NDE}","{EUR}+{NDE,USA}",0.0,,,,,,-3.850388205162147e-06,
0.997,PURE,False,accept,USA,"{EUR,USA}+{NDE}",{EUR}+{NDE}+{USA},0.0,,,,,,-2.47592678581654e-06,
0.997,PURE,False,accept,USA,"{EUR}+{NDE,USA}","{EUR,NDE,USA}",1.0,,,,,,2.1366187059612685e-06,
0.997,PURE,False,accept,USA,"{EUR}+{NDE,USA}","{EUR,NDE}+{USA}",1.0,,,,,,2.8061185655126053e-06,
0.997,PURE,False,accept,USA,"{EUR}+{NDE,USA}","{EUR,USA}+{NDE}",1.0,,,,,,3.850388205162147e-06,
0.997,PURE,False,accept,USA,"{EUR}+{NDE,USA}",{EUR}+{NDE}+{USA},1.0,,,,,,1.3744614193456073e-06,
0.997,PURE,False,accept,USA,{EUR}+{NDE}+{USA},"{EUR,NDE,USA}",1.0,,,,,,7.621572866156612e-07,
0.997,PURE,False,accept,USA,{EUR}+{NDE}+{USA},"{EUR,USA}+{NDE}",1.0,,,,,,2.47592678581654e-06,"EUR,NDE"
0.997,PURE,False,accept,USA,{EUR}+{NDE}+{USA},"{EUR}+{NDE,USA}",0.0,,,,,,-1.3744614193456073e-06,
0.999,PURE,False,propose,EUR,"{EUR,NDE,USA}","{EUR}+{NDE,USA}",1.0,False,1.0,1.0,True,,,
0.999,PURE,False,propose,EUR,"{EUR,NDE}+{USA}",{EUR}+{NDE}+{USA},1.0,False,1.0,1.0,True,,,
0.999,PURE,False,propose,EUR,"{EUR,USA}+{NDE}","{EUR,USA}+{NDE}",1.0,True,1.0,1.0,False,,,
0.999,PURE,False,propose,EUR,"{EUR}+{NDE,USA}","{EUR}+{NDE,USA}",1.0,True,1.0,1.0,False,,,
0.999,PURE,False,propose,EUR,{EUR}+{NDE}+{USA},"{EUR,USA}+{NDE}",1.0,False,1.0,1.0,False,USA,,
0.999,PURE,False,propose,NDE,"{EUR,NDE,USA}","{EUR,NDE,USA}",1.0,True,1.0,1.0,False,,,
0.999,PURE,False,propose,NDE,"{EUR,NDE}+{USA}","{EUR,NDE}+{USA}",1.0,True,1.0,1.0,False,,,
0.999,PURE,False,propose,NDE,"{EUR,USA}+{NDE}","{EUR,USA}+{NDE}",1.0,True,1.0,1.0,False,,,
0.999,PURE,False,propose,NDE,"{EUR}+{NDE,USA}","{EUR}+{NDE,USA}",1.0,True,1.0,1.0,False,,,
0.999,PURE,False,propose,NDE,{EUR}+{NDE}+{USA},"{EUR,USA}+{NDE}",1.0,False,1.0,1.0,False,"EUR,USA",,
0.999,PURE,False,propose,USA,"{EUR,NDE,USA}","{EUR,NDE}+{USA}",1.0,False,1.0,1.0,True,,,
0.999,PURE,False,propose,USA,"{EUR,NDE}+{USA}","{EUR,NDE}+{USA}",1.0,True,1.0,1.0,False,,,
0.999,PURE,False,propose,USA,"{EUR,USA}+{NDE}","{EUR,USA}+{NDE}",1.0,True,1.0,1.0,False,,,
0.999,PURE,False,propose,USA,"{EUR}+{NDE,USA}",{EUR}+{NDE}+{USA},1.0,False,1.0,1.0,True,,,
0.999,PURE,False,propose,USA,{EUR}+{NDE}+{USA},"{EUR,USA}+{NDE}",1.0,False,1.0,1.0,False,EUR,,
0.999,PURE,False,accept,EUR,"{EUR,NDE,USA}","{EUR,NDE}+{USA}",1.0,,,,,,3.9422344499939754e-08,
0.999,PURE,False,accept,EUR,"{EUR,NDE,USA}","{EUR,USA}+{NDE}",1.0,,,,,,1.0907396381654166e-06,
0.999,PURE,False,accept,EUR,"{EUR,NDE,USA}","{EUR}+{NDE,USA}",1.0,,,,,,2.369648433031557e-07,
0.999,PURE,False,accept,EUR,"{EUR,NDE,USA}",{EUR}+{NDE}+{USA},1.0,,,,,,4.930309858153237e-07,
0.999,PURE,False,accept,EUR,"{EUR,NDE}+{USA}","{EUR,NDE,USA}",0.0,,,,,,-3.9422344499939754e-08,
0.999,PURE,False,accept,EUR,"{EUR,NDE}+{USA}","{EUR,USA}+{NDE}",1.0,,,,,,1.0513172936654769e-06,
0.999,PURE,False,accept,EUR,"{EUR,NDE}+{USA}","{EUR}+{NDE,USA}",1.0,,,,,,1.9754249880321595e-07,
0.999,PURE,False,accept,EUR,"{EUR,NDE}+{USA}",{EUR}+{NDE}+{USA},1.0,,,,,,4.536086413153839e-07,
0.999,PURE,False,accept,EUR,"{EUR,USA}+{NDE}","{EUR,NDE,USA}",0.0,,,,,,-1.0907396381654166e-06,
0.999,PURE,False,accept,EUR,"{EUR,USA}+{NDE}","{EUR,NDE}+{USA}",0.0,,,,,,-1.0513172936654769e-06,
0.999,PURE,False,accept,EUR,"{EUR,USA}+{NDE}","{EUR}+{NDE,USA}",0.0,,,,,,-8.537747948622609e-07,
0.999,PURE,False,accept,EUR,"{EUR,USA}+{NDE}",{EUR}+{NDE}+{USA},0.0,,,,,,-5.97708652350093e-07,
0.999,PURE,False,accept,EUR,"{EUR}+{NDE,USA}","{EUR,NDE,USA}",0.0,,,,,,-2.369648433031557e-07,
0.999,PURE,False,accept,EUR,"{EUR}+{NDE,USA}","{EUR,NDE}+{USA}",0.0,,,,,,-1.9754249880321595e-07,
0.999,PURE,False,accept,EUR,"{EUR}+{NDE,USA}","{EUR,USA}+{NDE}",1.0,,,,,,8.537747948622609e-07,
0.999,PURE,False,accept,EUR,{EUR}+{NDE}+{USA},"{EUR,NDE,USA}",0.0,,,,,,-4.930309858153237e-07,
0.999,PURE,False,accept,EUR,{EUR}+{NDE}+{USA},"{EUR,NDE}+{USA}",0.0,,,,,,-4.536086413153839e-07,
0.999,PURE,False,accept,EUR,{EUR}+{NDE}+{USA},"{EUR,USA}+{NDE}",1.0,,,,,,5.97708652350093e-07,"NDE,USA"
0.999,PURE,False,accept,NDE,"{EUR,NDE,USA}","{EUR,NDE}+{USA}",0.0,,,,,,-7.73845257029393e-06,
0.999,PURE,False,accept,NDE,"{EUR,NDE,USA}","{EUR,USA}+{NDE}",0.0,,,,,,-1.2541665853404993e-05,
0.999,PURE,False,accept,NDE,"{EUR,NDE,USA}","{EUR}+{NDE,USA}",0.0,,,,,,-6.24759350387194e-06,
0.999,PURE,False,accept,NDE,"{EUR,NDE,USA}",{EUR}+{NDE}+{USA},0.0,,,,,,-2.3611532540712687e-05,
0.999,PURE,False,accept,NDE,"{EUR,NDE}+{USA}","{EUR,NDE,USA}",1.0,,,,,,7.73845257029393e-06,
0.999,PURE,False,accept,NDE,"{EUR,NDE}+{USA}","{EUR,USA}+{NDE}",0.0,,,,,,-4.803213283111063e-06,
0.999,PURE,False,accept,NDE,"{EUR,NDE}+{USA}","{EUR}+{NDE,USA}",1.0,,,,,,1.49085906642199e-06,
0.999,PURE,False,accept,NDE,"{EUR,NDE}+{USA}",{EUR}+{NDE}+{USA},0.0,,,,,,-1.5873079970418758e-05,
0.999,PURE,False,accept,NDE,"{EUR,USA}+{NDE}","{EUR,NDE,USA}",1.0,,,,,,1.2541665853404993e-05,
0.999,PURE,False,accept,NDE,"{EUR,USA}+{NDE}","{EUR,NDE}+{USA}",1.0,,,,,,4.803213283111063e-06,
0.999,PURE,False,accept,NDE,"{EUR,USA}+{NDE}","{EUR}+{NDE,USA}",1.0,,,,,,6.294072349533053e-06,
0.999,PURE,False,accept,NDE,"{EUR}+{NDE,USA}","{EUR,NDE,USA}",1.0,,,,,,6.24759350387194e-06,
0.999,PURE,False,accept,NDE,"{EUR}+{NDE,USA}","{EUR,NDE}+{USA}",0.0,,,,,,-1.49085906642199e-06,
0.999,PURE,False,accept,NDE,"{EUR}+{NDE,USA}","{EUR,USA}+{NDE}",0.0,,,,,,-6.294072349533053e-06,
0.999,PURE,False,accept,NDE,"{EUR}+{NDE,USA}",{EUR}+{NDE}+{USA},0.0,,,,,,-1.7363939036840748e-05,
0.999,PURE,False,accept,NDE,{EUR}+{NDE}+{USA},"{EUR,NDE,USA}",1.0,,,,,,2.3611532540712687e-05,
0.999,PURE,False,accept,NDE,{EUR}+{NDE}+{USA},"{EUR,NDE}+{USA}",1.0,,,,,,1.5873079970418758e-05,
0.999,PURE,False,accept,NDE,{EUR}+{NDE}+{USA},"{EUR}+{NDE,USA}",1.0,,,,,,1.7363939036840748e-05,
0.999,PURE,False,accept,USA,"{EUR,NDE,USA}","{EUR,NDE}+{USA}",1.0,,,,,,2.2722798753704865e-07,
0.999,PURE,False,accept,USA,"{EUR,NDE,USA}","{EUR,USA}+{NDE}",1.0,,,,,,5.783547711857295e-07,
0.999,PURE,False,accept,USA,"{EUR,NDE,USA}","{EUR}+{NDE,USA}",0.0,,,,,,-7.118788909465934e-07,
0.999,PURE,False,accept,USA,"{EUR,NDE,USA}",{EUR}+{NDE}+{USA},0.0,,,,,,-2.469541575678136e-07,
0.999,PURE,False,accept,USA,"{EUR,NDE}+{USA}","{EUR,NDE,USA}",0.0,,,,,,-2.2722798753704865e-07,
0.999,PURE,False,accept,USA,"{EUR,NDE}+{USA}","{EUR,USA}+{NDE}",1.0,,,,,,3.511267836486809e-07,
0.999,PURE,False,accept,USA,"{EUR,NDE}+{USA}","{EUR}+{NDE,USA}",0.0,,,,,,-9.39106878483642e-07,
0.999,PURE,False,accept,USA,"{EUR,USA}+{NDE}","{EUR,NDE,USA}",0.0,,,,,,-5.783547711857295e-07,
0.999,PURE,False,accept,USA,"{EUR,USA}+{NDE}","{EUR,NDE}+{USA}",0.0,,,,,,-3.511267836486809e-07,
0.999,PURE,False,accept,USA,"{EUR,USA}+{NDE}","{EUR}+{NDE,USA}",0.0,,,,,,-1.290233662132323e-06,
0.999,PURE,False,accept,USA,"{EUR,USA}+{NDE}",{EUR}+{NDE}+{USA},0.0,,,,,,-8.253089287535431e-07,
0.999,PURE,False,accept,USA,"{EUR}+{NDE,USA}","{EUR,NDE,USA}",1.0,,,,,,7.118788909465934e-07,
0.999,PURE,False,accept,USA,"{EUR}+{NDE,USA}","{EUR,NDE}+{USA}",1.0,,,,,,9.39106878483642e-07,
0.999,PURE,False,accept,USA,"{EUR}+{NDE,USA}","{EUR,USA}+{NDE}",1.0,,,,,,1.290233662132323e-06,
0.999,PURE,False,accept,USA,"{EUR}+{NDE,USA}",{EUR}+{NDE}+{USA},1.0,,,,,,4.649247333787798e-07,
0.999,PURE,False,accept,USA,{EUR}+{NDE}+{USA},"{EUR,NDE,USA}",1.0,,,,,,2.469541575678136e-07,
0.999,PURE,False,accept,USA,{EUR}+{NDE}+{USA},"{EUR,USA}+{NDE}",1.0,,,,,,8.253089287535431e-07,"EUR,NDE"
0.999,PURE,False,accept,USA,{EUR}+{NDE}+{USA},"{EUR}+{NDE,USA}",0.0,,,,,,-4.649247333787798e-07,
