delta,status,nonunique,kind,player,state,target,prob,stay,accept_prob,effective,free_exit,voters,gain,proposed_by
0.5,PURE,False,propose,CHN,"{CHN,EUR,NDE}","{CHN}+{EUR,NDE}",1.0,False,1.0,1.0,True,,,
0.5,PURE,False,propose,CHN,"{CHN,EUR}+{NDE}","{CHN,EUR}+{NDE}",1.0,True,1.0,1.0,False,,,
0.5,PURE,False,propose,CHN,"{CHN,NDE}+{EUR}","{CHN,NDE}+{EUR}",1.0,True,1.0,1.0,False,,,
0.5,PURE,False,propose,CHN,"{CHN}+{EUR,NDE}","{CHN}+{EUR,NDE}",1.0,True,1.0,1.0,False,,,
0.5,PURE,False,propose,CHN,{CHN}+{EUR}+{NDE},"{CHN}+{EUR,NDE}",1.0,False,1.0,1.0,False,"EUR,NDE",,
0.5,PURE,False,propose,EUR,"{CHN,EUR,NDE}","{CHN,NDE}+{EUR}",1.0,False,1.0,1.0,True,,,
0.5,PURE,False,propose,EUR,"{CHN,EUR}+{NDE}","{CHN,EUR}+{NDE}",1.0,True,1.0,1.0,False,,,
0.5,PURE,False,propose,EUR,"{CHN,NDE}+{EUR}","{CHN,NDE}+{EUR}",1.0,True,1.0,1.0,False,,,
0.5,PURE,False,propose,EUR,"{CHN}+{EUR,NDE}","{CHN}+{EUR,NDE}",1.0,True,1.0,1.0,False,,,
0.5,PURE,False,propose,EUR,{CHN}+{EUR}+{NDE},"{CHN,NDE}+{EUR}",1.0,False,1.0,1.0,False,"CHN,NDE",,
0.5,PURE,False,propose,NDE,"{CHN,EUR,NDE}","{CHN,EUR,NDE}",1.0,True,1.0,1.0,False,,,
0.5,PURE,False,propose,NDE,"{CHN,EUR}+{NDE}","{CHN,EUR}+{NDE}",1.0,True,1.0,1.0,False,,,
0.5,PURE,False,propose,NDE,"{CHN,NDE}+{EUR}","{CHN,NDE}+{EUR}",1.0,True,1.0,1.0,False,,,
0.5,PURE,False,propose,NDE,"{CHN}+{EUR,NDE}","{CHN}+{EUR,NDE}",1.0,True,1.0,1.0,False,,,
0.5,PURE,False,propose,NDE,{CHN}+{EUR}+{NDE},"{CHN}+{EUR,NDE}",1.0,False,1.0,1.0,False,EUR,,
0.5,PURE,False,accept,CHN,"{CHN,EUR,NDE}","{CHN,EUR}+{NDE}",0.0,,,,,,-0.0004168036876190939,
0.5,PURE,False,accept,CHN,"{CHN,EUR,NDE}","{CHN,NDE}+{EUR}",0.0,,,,,,-0.0004806402886288197,
0.5,PURE,False,accept,CHN,"{CHN,EUR,NDE}","{CHN}+{EUR,NDE}",1.0,,,,,,0.00015779510454194678,
0.5,PURE,False,accept,CHN,"{CHN,EUR,NDE}",{CHN}+{EUR}+{NDE},0.0,,,,,,-0.0020996462873750232,
0.5,PURE,False,accept,CHN,"{CHN,EUR}+{NDE}","{CHN,EUR,NDE}",1.0,,,,,,0.0004168036876190939,
0.5,PURE,False,accept,CHN,"{CHN,EUR}+{NDE}","{CHN,NDE}+{EUR}",0.0,,,,,,-6.383660100972577e-05,
0.5,PURE,False,accept,CHN,"{CHN,EUR}+{NDE}","{CHN}+{EUR,NDE}",1.0,,,,,,0.0005745987921610407,
0.5,PURE,False,accept,CHN,"{CHN,EUR}+{NDE}",{CHN}+{EUR}+{NDE},0.0,,,,,,-0.0016828425997559293,
0.5,PURE,False,accept,CHN,"{CHN,NDE}+{EUR}","{CHN,EUR,NDE}",1.0,,,,,,0.0004806402886288197,
0.5,PURE,False,accept,CHN,"{CHN,NDE}+{EUR}","{CHN,EUR}+{NDE}",1.0,,,,,,6.383660100972577e-05,
0.5,PURE,False,accept,CHN,"{CHN,NDE}+{EUR}","{CHN}+{EUR,NDE}",1.0,,,,,,0.0006384353931707665,
0.5,PURE,False,accept,CHN,"{CHN,NDE}+{EUR}",{CHN}+{EUR}+{NDE},0.0,,,,,,-0.0016190059987462035,
0.5,PURE,False,accept,CHN,"{CHN}+{EUR,NDE}","{CHN,EUR,NDE}",0.0,,,,,,-0.00015779510454194678,
0.5,PURE,False,accept,CHN,"{CHN}+{EUR,NDE}","{CHN,EUR}+{NDE}",0.0,,,,,,-0.0005745987921610407,
0.5,PURE,False,accept,CHN,"{CHN}+{EUR,NDE}","{CHN,NDE}+{EUR}",0.0,,,,,,-0.0006384353931707665,
0.5,PURE,False,accept,CHN,{CHN}+{EUR}+{NDE},"{CHN,EUR,NDE}",1.0,,,,,,0.0020996462873750232,
0.5,PURE,False,accept,CHN,{CHN}+{EUR}+{NDE},"{CHN,EUR}+{NDE}",1.0,,,,,,0.0016828425997559293,
0.5,PURE,False,accept,CHN,{CHN}+{EUR}+{NDE},"{CHN,NDE}+{EUR}",1.0,,,,,,0.0016190059987462035,EUR
0.5,PURE,False,accept,EUR,"{CHN,EUR,NDE}","{CHN,EUR}+{NDE}",1.0,,,,,,5.578950417817197e-05,
0.5,PURE,False,accept,EUR,"{CHN,EUR,NDE}","{CHN,NDE}+{EUR}",1.0,,,,,,7.449394973235712e-05,
0.5,PURE,False,accept,EUR,"{CHN,EUR,NDE}","{CHN}+{EUR,NDE}",0.0,,,,,,-9.128425234772308e-05,
0.5,PURE,False,accept,EUR,"{CHN,EUR,NDE}",{CHN}+{EUR}+{NDE},0.0,,,,,,-0.00028645738090737893,
0.5,PURE,False,accept,EUR,"{CHN,EUR}+{NDE}","{CHN,EUR,NDE}",0.0,,,,,,-5.578950417817197e-05,
0.5,PURE,False,accept,EUR,"{CHN,EUR}+{NDE}","{CHN,NDE}+{EUR}",1.0,,,,,,1.8704445554185156e-05,
0.5,PURE,False,accept,EUR,"{CHN,EUR}+{NDE}","{CHN}+{EUR,NDE}",0.0,,,,,,-0.00014707375652589505,
0.5,PURE,False,accept,EUR,"{CHN,EUR}+{NDE}",{CHN}+{EUR}+{NDE},0.0,,,,,,-0.0003422468850855509,
0.5,PURE,False,accept,EUR,"{CHN,NDE}+{EUR}","{CHN,EUR,NDE}",0.0,,,,,,-7.449394973235712e-05,
0.5,PURE,False,accept,EUR,"{CHN,NDE}+{EUR}","{CHN,EUR}+{NDE}",0.0,,,,,,-1.8704445554185156e-05,
0.5,PURE,False,accept,EUR,"{CHN,NDE}+{EUR}","{CHN}+{EUR,NDE}",0.0,,,,,,-0.0001657782020800802,
0.5,PURE,False,accept,EUR,"{CHN}+{EUR,NDE}","{CHN,EUR,NDE}",1.0,,,,,,9.128425234772308e-05,
0.5,PURE,False,accept,EUR,"{CHN}+{EUR,NDE}","{CHN,EUR}+{NDE}",1.0,,,,,,0.00014707375652589505,
0.5,PURE,False,accept,EUR,"{CHN}+{EUR,NDE}","{CHN,NDE}+{EUR}",1.0,,,,,,0.0001657782020800802,
0.5,PURE,False,accept,EUR,"{CHN}+{EUR,NDE}",{CHN}+{EUR}+{NDE},0.0,,,,,,-0.00019517312855965585,
0.5,PURE,False,accept,EUR,{CHN}+{EUR}+{NDE},"{CHN,EUR,NDE}",1.0,,,,,,0.00028645738090737893,
0.5,PURE,False,accept,EUR,{CHN}+{EUR}+{NDE},"{CHN,EUR}+{NDE}",1.0,,,,,,0.0003422468850855509,
0.5,PURE,False,accept,EUR,{CHN}+{EUR}+{NDE},"{CHN}+{EUR,NDE}",1.0,,,,,,0.00019517312855965585,"CHN,NDE"
0.5,PURE,False,accept,NDE,"{CHN,EUR,NDE}","{CHN,EUR}+{NDE}",0.0,,,,,,-0.00352771907509819,
0.5,PURE,False,accept,NDE,"{CHN,EUR,NDE}","{CHN,NDE}+{EUR}",1.0,,,,,,0.00035333013735439067,
0.5,PURE,False,accept,NDE,"{CHN,EUR,NDE}","{CHN}+{EUR,NDE}",1.0,,,,,,0.0008269719050026936,
0.5,PURE,False,accept,NDE,"{CHN,EUR,NDE}",{CHN}+{EUR}+{NDE},0.0,,,,,,-0.007432171155056011,
0.5,PURE,False,accept,NDE,"{CHN,EUR}+{NDE}","{CHN,EUR,NDE}",1.0,,,,,,0.00352771907509819,
0.5,PURE,False,accept,NDE,"{CHN,EUR}+{NDE}","{CHN,NDE}+{EUR}",1.0,,,,,,0.003881049212452581,
0.5,PURE,False,accept,NDE,"{CHN,EUR}+{NDE}","{CHN}+{EUR,NDE}",1.0,,,,,,0.004354690980100884,
0.5,PURE,False,accept,NDE,"{CHN,NDE}+{EUR}","{CHN,EUR,NDE}",0.0,,,,,,-0.00035333013735439067,
0.5,PURE,False,accept,NDE,"{CHN,NDE}+{EUR}","{CHN,EUR}+{NDE}",0.0,,,,,,-0.003881049212452581,
0.5,PURE,False,accept,NDE,"{CHN,NDE}+{EUR}","{CHN}+{EUR,NDE}",1.0,,,,,,0.0004736417676483029,
0.5,PURE,False,accept,NDE,"{CHN,NDE}+{EUR}",{CHN}+{EUR}+{NDE},0.0,,,,,,-0.007785501292410402,
0.5,PURE,False,accept,NDE,"{CHN}+{EUR,NDE}","{CHN,EUR,NDE}",0.0,,,,,,-0.0008269719050026936,
0.5,PURE,False,accept,NDE,"{CHN}+{EUR,NDE}","{CHN,EUR}+{NDE}",0.0,,,,,,-0.004354690980100884,
0.5,PURE,False,accept,NDE,"{CHN}+{EUR,NDE}","{CHN,NDE}+{EUR}",0.0,,,,,,-0.0004736417676483029,
0.5,PURE,False,accept,NDE,"{CHN}+{EUR,NDE}",{CHN}+{EUR}+{NDE},0.0,,,,,,-0.008259143060058705,
0.5,PURE,False,accept,NDE,{CHN}+{EUR}+{NDE},"{CHN,EUR,NDE}",1.0,,,,,,0.007432171155056011,
0.5,PURE,False,accept,NDE,{CHN}+{EUR}+{NDE},"{CHN,NDE}+{EUR}",1.0,,,,,,0.007785501292410402,EUR
0.5,PURE,False,accept,NDE,{CHN}+{EUR}+{NDE},"{CHN}+{EUR,NDE}",1.0,,,,,,0.008259143060058705,CHN
0.7,PURE,False,propose,CHN,"{CHN,EUR,NDE}","{CHN}+{EUR,NDE}",1.0,False,1.0,1.0,True,,,
0.7,PURE,False,propose,CHN,"{CHN,EUR}+{NDE}","{CHN,EUR}+{NDE}",1.0,True,1.0,1.0,False,,,
0.7,PURE,False,propose,CHN,"{CHN,NDE}+{EUR}","{CHN,NDE}+{EUR}",1.0,True,1.0,1.0,False,,,
0.7,PURE,False,propose,CHN,"{CHN}+{EUR,NDE}","{CHN}+{EUR,NDE}",1.0,True,1.0,1.0,False,,,
0.7,PURE,False,propose,CHN,{CHN}+{EUR}+{NDE},"{CHN}+{EUR,NDE}",1.0,False,1.0,1.0,False,"EUR,NDE",,
0.7,PURE,False,propose,EUR,"{CHN,EUR,NDE}","{CHN,NDE}+{EUR}",1.0,False,1.0,1.0,True,,,
0.7,PURE,False,propose,EUR,"{CHN,EUR}+{NDE}","{CHN,EUR}+{NDE}",1.0,True,1.0,1.0,False,,,
0.7,PURE,False,propose,EUR,"{CHN,NDE}+{EUR}","{CHN,NDE}+{EUR}",1.0,True,1.0,1.0,False,,,
0.7,PURE,False,propose,EUR,"{CHN}+{EUR,NDE}","{CHN}+{EUR,NDE}",1.0,True,1.0,1.0,False,,,
0.7,PURE,False,propose,EUR,{CHN}+{EUR}+{NDE},"{CHN,NDE}+{EUR}",1.0,False,1.0,1.0,False,"CHN,NDE",,
0.7,PURE,False,propose,NDE,"{CHN,EUR,NDE}","{CHN,EUR,NDE}",1.0,True,1.0,1.0,False,,,
0.7,PURE,False,propose,NDE,"{CHN,EUR}+{NDE}","{CHN,EUR}+{NDE}",1.0,True,1.0,1.0,False,,,
0.7,PURE,False,propose,NDE,"{CHN,NDE}+{EUR}","{CHN,NDE}+{EUR}",1.0,True,1.0,1.0,False,,,
0.7,PURE,False,propose,NDE,"{CHN}+{EUR,NDE}","{CHN}+{EUR,NDE}",1.0,True,1.0,1.0,False,,,
0.7,PURE,False,propose,NDE,{CHN}+{EUR}+{NDE},"{CHN}+{EUR,NDE}",1.0,False,1.0,1.0,False,EUR,,
0.7,PURE,False,accept,CHN,"{CHN,EUR,NDE}","{CHN,EUR}+{NDE}",0.0,,,,,,-0.00036065669908147413,
0.7,PURE,False,accept,CHN,"{CHN,EUR,NDE}","{CHN,NDE}+{EUR}",0.0,,,,,,-0.0004244933000911999,
0.7,PURE,False,accept,CHN,"{CHN,EUR,NDE}","{CHN}+{EUR,NDE}",1.0,,,,,,0.00021394209307956658,
0.7,PURE,False,accept,CHN,"{CHN,EUR,NDE}",{CHN}+{EUR}+{NDE},0.0,,,,,,-0.001225647461160051,
0.7,PURE,False,accept,CHN,"{CHN,EUR}+{NDE}","{CHN,EUR,NDE}",1.0,,,,,,0.00036065669908147413,
0.7,PURE,False,accept,CHN,"{CHN,EUR}+{NDE}","{CHN,NDE}+{EUR}",0.0,,,,,,-6.383660100972577e-05,
0.7,PURE,False,accept,CHN,"{CHN,EUR}+{NDE}","{CHN}+{EUR,NDE}",1.0,,,,,,0.0005745987921610407,
0.7,PURE,False,accept,CHN,"{CHN,EUR}+{NDE}",{CHN}+{EUR}+{NDE},0.0,,,,,,-0.0008649907620785768,
0.7,PURE,False,accept,CHN,"{CHN,NDE}+{EUR}","{CHN,EUR,NDE}",1.0,,,,,,0.0004244933000911999,
0.7,PURE,False,accept,CHN,"{CHN,NDE}+{EUR}","{CHN,EUR}+{NDE}",1.0,,,,,,6.383660100972577e-05,
0.7,PURE,False,accept,CHN,"{CHN,NDE}+{EUR}","{CHN}+{EUR,NDE}",1.0,,,,,,0.0006384353931707665,
0.7,PURE,False,accept,CHN,"{CHN,NDE}+{EUR}",{CHN}+{EUR}+{NDE},0.0,,,,,,-0.0008011541610688511,
0.7,PURE,False,accept,CHN,"{CHN}+{EUR,NDE}","{CHN,EUR,NDE}",0.0,,,,,,-0.00021394209307956658,
0.7,PURE,False,accept,CHN,"{CHN}+{EUR,NDE}","{CHN,EUR}+{NDE}",0.0,,,,,,-0.0005745987921610407,
0.7,PURE,False,accept,CHN,"{CHN}+{EUR,NDE}","{CHN,NDE}+{EUR}",0.0,,,,,,-0.0006384353931707665,
0.7,PURE,False,accept,CHN,{CHN}+{EUR}+{NDE},"{CHN,EUR,NDE}",1.0,,,,,,0.001225647461160051,
0.7,PURE,False,accept,CHN,{CHN}+{EUR}+{NDE},"{CHN,EUR}+{NDE}",1.0,,,,,,0.0008649907620785768,
0.7,PURE,False,accept,CHN,{CHN}+{EUR}+{NDE},"{CHN,NDE}+{EUR}",1.0,,,,,,0.0008011541610688511,EUR
0.7,PURE,False,accept,EUR,"{CHN,EUR,NDE}","{CHN,EUR}+{NDE}",1.0,,,,,,5.870955680720158e-05,
0.7,PURE,False,accept,EUR,"{CHN,EUR,NDE}","{CHN,NDE}+{EUR}",1.0,,,,,,7.741400236138674e-05,
0.7,PURE,False,accept,EUR,"{CHN,EUR,NDE}","{CHN}+{EUR,NDE}",0.0,,,,,,-8.836419971869347e-05,
0.7,PURE,False,accept,EUR,"{CHN,EUR,NDE}",{CHN}+{EUR}+{NDE},0.0,,,,,,-0.00018336431657717256,
0.7,PURE,False,accept,EUR,"{CHN,EUR}+{NDE}","{CHN,EUR,NDE}",0.0,,,,,,-5.870955680720158e-05,
0.7,PURE,False,accept,EUR,"{CHN,EUR}+{NDE}","{CHN,NDE}+{EUR}",1.0,,,,,,1.8704445554185156e-05,
0.7,PURE,False,accept,EUR,"{CHN,EUR}+{NDE}","{CHN}+{EUR,NDE}",0.0,,,,,,-0.00014707375652589505,
0.7,PURE,False,accept,EUR,"{CHN,EUR}+{NDE}",{CHN}+{EUR}+{NDE},0.0,,,,,,-0.00024207387338437414,
0.7,PURE,False,accept,EUR,"{CHN,NDE}+{EUR}","{CHN,EUR,NDE}",0.0,,,,,,-7.741400236138674e-05,
0.7,PURE,False,accept,EUR,"{CHN,NDE}+{EUR}","{CHN,EUR}+{NDE}",0.0,,,,,,-1.8704445554185156e-05,
0.7,PURE,False,accept,EUR,"{CHN,NDE}+{EUR}","{CHN}+{EUR,NDE}",0.0,,,,,,-0.0001657782020800802,
0.7,PURE,False,accept,EUR,"{CHN}+{EUR,NDE}","{CHN,EUR,NDE}",1.0,,,,,,8.836419971869347e-05,
0.7,PURE,False,accept,EUR,"{CHN}+{EUR,NDE}","{CHN,EUR}+{NDE}",1.0,,,,,,0.00014707375652589505,
0.7,PURE,False,accept,EUR,"{CHN}+{EUR,NDE}","{CHN,NDE}+{EUR}",1.0,,,,,,0.0001657782020800802,
0.7,PURE,False,accept,EUR,"{CHN}+{EUR,NDE}",{CHN}+{EUR}+{NDE},0.0,,,,,,-9.500011685847909e-05,
0.7,PURE,False,accept,EUR,{CHN}+{EUR}+{NDE},"{CHN,EUR,NDE}",1.0,,,,,,0.00018336431657717256,
0.7,PURE,False,accept,EUR,{CHN}+{EUR}+{NDE},"{CHN,EUR}+{NDE}",1.0,,,,,,0.00024207387338437414,
0.7,PURE,False,accept,EUR,{CHN}+{EUR}+{NDE},"{CHN}+{EUR,NDE}",1.0,,,,,,9.500011685847909e-05,"CHN,NDE"
0.7,PURE,False,accept,NDE,"{CHN,EUR,NDE}","{CHN,EUR}+{NDE}",0.0,,,,,,-0.00373298899550889,
0.7,PURE,False,accept,NDE,"{CHN,EUR,NDE}","{CHN,NDE}+{EUR}",1.0,,,,,,0.00014806021694369065,
0.7,PURE,False,accept,NDE,"{CHN,EUR,NDE}","{CHN}+{EUR,NDE}",1.0,,,,,,0.0006217019845919936,
0.7,PURE,False,accept,NDE,"{CHN,EUR,NDE}",{CHN}+{EUR}+{NDE},0.0,,,,,,-0.004396936087129433,
0.7,PURE,False,accept,NDE,"{CHN,EUR}+{NDE}","{CHN,EUR,NDE}",1.0,,,,,,0.00373298899550889,
0.7,PURE,False,accept,NDE,"{CHN,EUR}+{NDE}","{CHN,NDE}+{EUR}",1.0,,,,,,0.003881049212452581,
0.7,PURE,False,accept,NDE,"{CHN,EUR}+{NDE}","{CHN}+{EUR,NDE}",1.0,,,,,,0.004354690980100884,
0.7,PURE,False,accept,NDE,"{CHN,NDE}+{EUR}","{CHN,EUR,NDE}",0.0,,,,,,-0.00014806021694369065,
0.7,PURE,False,accept,NDE,"{CHN,NDE}+{EUR}","{CHN,EUR}+{NDE}",0.0,,,,,,-0.003881049212452581,
0.7,PURE,False,accept,NDE,"{CHN,NDE}+{EUR}","{CHN}+{EUR,NDE}",1.0,,,,,,0.0004736417676483029,
0.7,PURE,False,accept,NDE,"{CHN,NDE}+{EUR}",{CHN}+{EUR}+{NDE},0.0,,,,,,-0.004544996304073123,
0.7,PURE,False,accept,NDE,"{CHN}+{EUR,NDE}","{CHN,EUR,NDE}",0.0,,,,,,-0.0006217019845919936,
0.7,PURE,False,accept,NDE,"{CHN}+{EUR,NDE}","{CHN,EUR}+{NDE}",0.0,,,,,,-0.004354690980100884,
0.7,PURE,False,accept,NDE,"{CHN}+{EUR,NDE}","{CHN,NDE}+{EUR}",0.0,,,,,,-0.0004736417676483029,
0.7,PURE,False,accept,NDE,"{CHN}+{EUR,NDE}",{CHN}+{EUR}+{NDE},0.0,,,,,,-0.005018638071721426,
0.7,PURE,False,accept,NDE,{CHN}+{EUR}+{NDE},"{CHN,EUR,NDE}",1.0,,,,,,0.004396936087129433,
0.7,PURE,False,accept,NDE,{CHN}+{EUR}+{NDE},"{CHN,NDE}+{EUR}",1.0,,,,,,0.004544996304073123,EUR
0.7,PURE,False,accept,NDE,{CHN}+{EUR}+{NDE},"{CHN}+{EUR,NDE}",1.0,,,,,,0.005018638071721426,CHN
0.8,PURE,False,propose,CHN,"{CHN,EUR,NDE}","{CHN}+{EUR,NDE}",1.0,False,1.0,1.0,True,,,
0.8,PURE,False,propose,CHN,"{CHN,EUR}+{NDE}","{CHN,EUR}+{NDE}",1.0,True,1.0,1.0,False,,,
0.8,PURE,False,propose,CHN,"{CHN,NDE}+{EUR}","{CHN,NDE}+{EUR}",1.0,True,1.0,1.0,False,,,
0.8,PURE,False,propose,CHN,"{CHN}+{EUR,NDE}","{CHN}+{EUR,NDE}",1.0,True,1.0,1.0,False,,,
0.8,PURE,False,propose,CHN,{CHN}+{EUR}+{NDE},"{CHN}+{EUR,NDE}",1.0,False,1.0,1.0,False,"EUR,NDE",,
0.8,PURE,False,propose,EUR,"{CHN,EUR,NDE}","{CHN,NDE}+{EUR}",1.0,False,1.0,1.0,True,,,
0.8,PURE,False,propose,EUR,"{CHN,EUR}+{NDE}","{CHN,EUR}+{NDE}",1.0,True,1.0,1.0,False,,,
0.8,PURE,False,propose,EUR,"{CHN,NDE}+{EUR}","{CHN,NDE}+{EUR}",1.0,True,1.0,1.0,False,,,
0.8,PURE,False,propose,EUR,"{CHN}+{EUR,NDE}","{CHN}+{EUR,NDE}",1.0,True,1.0,1.0,False,,,
0.8,PURE,False,propose,EUR,{CHN}+{EUR}+{NDE},"{CHN,NDE}+{EUR}",1.0,False,1.0,1.0,False,"CHN,NDE",,
0.8,PURE,False,propose,NDE,"{CHN,EUR,NDE}","{CHN,EUR,NDE}",1.0,True,1.0,1.0,False,,,
0.8,PURE,False,propose,NDE,"{CHN,EUR}+{NDE}","{CHN,EUR}+{NDE}",1.0,True,1.0,1.0,False,,,
0.8,PURE,False,propose,NDE,"{CHN,NDE}+{EUR}","{CHN,NDE}+{EUR}",1.0,True,1.0,1.0,False,,,
0.8,PURE,False,propose,NDE,"{CHN}+{EUR,NDE}","{CHN}+{EUR,NDE}",1.0,True,1.0,1.0,False,,,
0.8,PURE,False,propose,NDE,{CHN}+{EUR}+{NDE},"{CHN}+{EUR,NDE}",1.0,False,1.0,1.0,False,EUR,,
0.8,PURE,False,accept,CHN,"{CHN,EUR,NDE}","{CHN,EUR}+{NDE}",0.0,,,,,,-0.0003287550010497853,
0.8,PURE,False,accept,CHN,"{CHN,EUR,NDE}","{CHN,NDE}+{EUR}",0.0,,,,,,-0.00039259160205951105,
0.8,PURE,False,accept,CHN,"{CHN,EUR,NDE}","{CHN}+{EUR,NDE}",1.0,,,,,,0.00024584379111125543,
0.8,PURE,False,accept,CHN,"{CHN,EUR,NDE}",{CHN}+{EUR}+{NDE},0.0,,,,,,-0.0007848198442896859,
0.8,PURE,False,accept,CHN,"{CHN,EUR}+{NDE}","{CHN,EUR,NDE}",1.0,,,,,,0.0003287550010497853,
0.8,PURE,False,accept,CHN,"{CHN,EUR}+{NDE}","{CHN,NDE}+{EUR}",0.0,,,,,,-6.383660100972577e-05,
0.8,PURE,False,accept,CHN,"{CHN,EUR}+{NDE}","{CHN}+{EUR,NDE}",1.0,,,,,,0.0005745987921610407,
0.8,PURE,False,accept,CHN,"{CHN,EUR}+{NDE}",{CHN}+{EUR}+{NDE},0.0,,,,,,-0.0004560648432399006,
0.8,PURE,False,accept,CHN,"{CHN,NDE}+{EUR}","{CHN,EUR,NDE}",1.0,,,,,,0.00039259160205951105,
0.8,PURE,False,accept,CHN,"{CHN,NDE}+{EUR}","{CHN,EUR}+{NDE}",1.0,,,,,,6.383660100972577e-05,
0.8,PURE,False,accept,CHN,"{CHN,NDE}+{EUR}","{CHN}+{EUR,NDE}",1.0,,,,,,0.0006384353931707665,
0.8,PURE,False,accept,CHN,"{CHN,NDE}+{EUR}",{CHN}+{EUR}+{NDE},0.0,,,,,,-0.00039222824223017483,
0.8,PURE,False,accept,CHN,"{CHN}+{EUR,NDE}","{CHN,EUR,NDE}",0.0,,,,,,-0.00024584379111125543,
0.8,PURE,False,accept,CHN,"{CHN}+{EUR,NDE}","{CHN,EUR}+{NDE}",0.0,,,,,,-0.0005745987921610407,
0.8,PURE,False,accept,CHN,"{CHN}+{EUR,NDE}","{CHN,NDE}+{EUR}",0.0,,,,,,-0.0006384353931707665,
0.8,PURE,False,accept,CHN,{CHN}+{EUR}+{NDE},"{CHN,EUR,NDE}",1.0,,,,,,0.0007848198442896859,
0.8,PURE,False,accept,CHN,{CHN}+{EUR}+{NDE},"{CHN,EUR}+{NDE}",1.0,,,,,,0.0004560648432399006,
0.8,PURE,False,accept,CHN,{CHN}+{EUR}+{NDE},"{CHN,NDE}+{EUR}",1.0,,,,,,0.00039222824223017483,EUR
0.8,PURE,False,accept,EUR,"{CHN,EUR,NDE}","{CHN,EUR}+{NDE}",1.0,,,,,,6.0368677618605204e-05,
0.8,PURE,False,accept,EUR,"{CHN,EUR,NDE}","{CHN,NDE}+{EUR}",1.0,,,,,,7.907312317279036e-05,
0.8,PURE,False,accept,EUR,"{CHN,EUR,NDE}","{CHN}+{EUR,NDE}",0.0,,,,,,-8.670507890728985e-05,
0.8,PURE,False,accept,EUR,"{CHN,EUR,NDE}",{CHN}+{EUR}+{NDE},0.0,,,,,,-0.0001316186899149585,
0.8,PURE,False,accept,EUR,"{CHN,EUR}+{NDE}","{CHN,EUR,NDE}",0.0,,,,,,-6.0368677618605204e-05,
0.8,PURE,False,accept,EUR,"{CHN,EUR}+{NDE}","{CHN,NDE}+{EUR}",1.0,,,,,,1.8704445554185156e-05,
0.8,PURE,False,accept,EUR,"{CHN,EUR}+{NDE}","{CHN}+{EUR,NDE}",0.0,,,,,,-0.00014707375652589505,
0.8,PURE,False,accept,EUR,"{CHN,EUR}+{NDE}",{CHN}+{EUR}+{NDE},0.0,,,,,,-0.0001919873675335637,
0.8,PURE,False,accept,EUR,"{CHN,NDE}+{EUR}","{CHN,EUR,NDE}",0.0,,,,,,-7.907312317279036e-05,
0.8,PURE,False,accept,EUR,"{CHN,NDE}+{EUR}","{CHN,EUR}+{NDE}",0.0,,,,,,-1.8704445554185156e-05,
0.8,PURE,False,accept,EUR,"{CHN,NDE}+{EUR}","{CHN}+{EUR,NDE}",0.0,,,,,,-0.0001657782020800802,
0.8,PURE,False,accept,EUR,"{CHN}+{EUR,NDE}","{CHN,EUR,NDE}",1.0,,,,,,8.670507890728985e-05,
0.8,PURE,False,accept,EUR,"{CHN}+{EUR,NDE}","{CHN,EUR}+{NDE}",1.0,,,,,,0.00014707375652589505,
0.8,PURE,False,accept,EUR,"{CHN}+{EUR,NDE}","{CHN,NDE}+{EUR}",1.0,,,,,,0.0001657782020800802,
0.8,PURE,False,accept,EUR,"{CHN}+{EUR,NDE}",{CHN}+{EUR}+{NDE},0.0,,,,,,-4.4913611007668663e-05,
0.8,PURE,False,accept,EUR,{CHN}+{EUR}+{NDE},"{CHN,EUR,NDE}",1.0,,,,,,0.0001316186899149585,
0.8,PURE,False,accept,EUR,{CHN}+{EUR}+{NDE},"{CHN,EUR}+{NDE}",1.0,,,,,,0.0001919873675335637,
0.8,PURE,False,accept,EUR,{CHN}+{EUR}+{NDE},"{CHN}+{EUR,NDE}",1.0,,,,,,4.4913611007668663e-05,"CHN,NDE"
0.8,PURE,False,accept,NDE,"{CHN,EUR,NDE}","{CHN,EUR}+{NDE}",0.0,,,,,,-0.0038496196321062826,
0.8,PURE,False,accept,NDE,"{CHN,EUR,NDE}","{CHN,NDE}+{EUR}",1.0,,,,,,3.142958034629828e-05,
0.8,PURE,False,accept,NDE,"{CHN,EUR,NDE}","{CHN}+{EUR,NDE}",1.0,,,,,,0.0005050713479946012,
0.8,PURE,False,accept,NDE,"{CHN,EUR,NDE}",{CHN}+{EUR}+{NDE},0.0,,,,,,-0.0028933142295599623,
0.8,PURE,False,accept,NDE,"{CHN,EUR}+{NDE}","{CHN,EUR,NDE}",1.0,,,,,,0.0038496196321062826,
0.8,PURE,False,accept,NDE,"{CHN,EUR}+{NDE}","{CHN,NDE}+{EUR}",1.0,,,,,,0.003881049212452581,
0.8,PURE,False,accept,NDE,"{CHN,EUR}+{NDE}","{CHN}+{EUR,NDE}",1.0,,,,,,0.004354690980100884,
0.8,PURE,False,accept,NDE,"{CHN,NDE}+{EUR}","{CHN,EUR,NDE}",0.0,,,,,,-3.142958034629828e-05,
0.8,PURE,False,accept,NDE,"{CHN,NDE}+{EUR}","{CHN,EUR}+{NDE}",0.0,,,,,,-0.003881049212452581,
0.8,PURE,False,accept,NDE,"{CHN,NDE}+{EUR}","{CHN}+{EUR,NDE}",1.0,,,,,,0.0004736417676483029,
0.8,PURE,False,accept,NDE,"{CHN,NDE}+{EUR}",{CHN}+{EUR}+{NDE},0.0,,,,,,-0.0029247438099062606,
0.8,PURE,False,accept,NDE,"{CHN}+{EUR,NDE}","{CHN,EUR,NDE}",0.0,,,,,,-0.0005050713479946012,
0.8,PURE,False,accept,NDE,"{CHN}+{EUR,NDE}","{CHN,EUR}+{NDE}",0.0,,,,,,-0.004354690980100884,
0.8,PURE,False,accept,NDE,"{CHN}+{EUR,NDE}","{CHN,NDE}+{EUR}",0.0,,,,,,-0.0004736417676483029,
0.8,PURE,False,accept,NDE,"{CHN}+{EUR,NDE}",{CHN}+{EUR}+{NDE},0.0,,,,,,-0.0033983855775545635,
0.8,PURE,False,accept,NDE,{CHN}+{EUR}+{NDE},"{CHN,EUR,NDE}",1.0,,,,,,0.0028933142295599623,
0.8,PURE,False,accept,NDE,{CHN}+{EUR}+{NDE},"{CHN,NDE}+{EUR}",1.0,,,,,,0.0029247438099062606,EUR
0.8,PURE,False,accept,NDE,{CHN}+{EUR}+{NDE},"{CHN}+{EUR,NDE}",1.0,,,,,,0.0033983855775545635,CHN
0.82,PURE,False,propose,CHN,"{CHN,EUR,NDE}","{CHN}+{EUR,NDE}",1.0,False,1.0,1.0,True,,,
0.82,PURE,False,propose,CHN,"{CHN,EUR}+{NDE}","{CHN,EUR}+{NDE}",1.0,True,1.0,1.0,False,,,
0.82,PURE,False,propose,CHN,"{CHN,NDE}+{EUR}","{CHN,NDE}+{EUR}",1.0,True,1.0,1.0,False,,,
0.82,PURE,False,propose,CHN,"{CHN}+{EUR,NDE}","{CHN}+{EUR,NDE}",1.0,True,1.0,1.0,False,,,
0.82,PURE,False,propose,CHN,{CHN}+{EUR}+{NDE},"{CHN}+{EUR,NDE}",1.0,False,1.0,1.0,False,"EUR,NDE",,
0.82,PURE,False,propose,EUR,"{CHN,EUR,NDE}","{CHN,NDE}+{EUR}",1.0,False,1.0,1.0,True,,,
0.82,PURE,False,propose,EUR,"{CHN,EUR}+{NDE}","{CHN,EUR}+{NDE}",1.0,True,1.0,1.0,False,,,
0.82,PURE,False,propose,EUR,"{CHN,NDE}+{EUR}","{CHN,NDE}+{EUR}",1.0,True,1.0,1.0,False,,,
0.82,PURE,False,propose,EUR,"{CHN}+{EUR,NDE}","{CHN}+{EUR,NDE}",1.0,True,1.0,1.0,False,,,
0.82,PURE,False,propose,EUR,{CHN}+{EUR}+{NDE},"{CHN,NDE}+{EUR}",1.0,False,1.0,1.0,False,"CHN,NDE",,
0.82,PURE,False,propose,NDE,"{CHN,EUR,NDE}","{CHN,EUR,NDE}",1.0,True,1.0,1.0,False,,,
0.82,PURE,False,propose,NDE,"{CHN,EUR}+{NDE}","{CHN,EUR}+{NDE}",1.0,True,1.0,1.0,False,,,
0.82,PURE,False,propose,NDE,"{CHN,NDE}+{EUR}","{CHN,NDE}+{EUR}",1.0,True,1.0,1.0,False,,,
0.82,PURE,False,propose,NDE,"{CHN}+{EUR,NDE}","{CHN}+{EUR,NDE}",1.0,True,1.0,1.0,False,,,
0.82,PURE,False,propose,NDE,{CHN}+{EUR}+{NDE},"{CHN}+{EUR,NDE}",1.0,False,1.0,1.0,False,EUR,,
0.82,PURE,False,accept,CHN,"{CHN,EUR,NDE}","{CHN,EUR}+{NDE}",0.0,,,,,,-0.00032202345008869315,
0.82,PURE,False,accept,CHN,"{CHN,EUR,NDE}","{CHN,NDE}+{EUR}",0.0,,,,,,-0.0003858600510984189,
0.82,PURE,False,accept,CHN,"{CHN,EUR,NDE}","{CHN}+{EUR,NDE}",1.0,,,,,,0.00025257534207234755,
0.82,PURE,False,accept,CHN,"{CHN,EUR,NDE}",{CHN}+{EUR}+{NDE},0.0,,,,,,-0.000696303109560148,
0.82,PURE,False,accept,CHN,"{CHN,EUR}+{NDE}","{CHN,EUR,NDE}",1.0,,,,,,0.00032202345008869315,
0.82,PURE,False,accept,CHN,"{CHN,EUR}+{NDE}","{CHN,NDE}+{EUR}",0.0,,,,,,-6.383660100972577e-05,
0.82,PURE,False,accept,CHN,"{CHN,EUR}+{NDE}","{CHN}+{EUR,NDE}",1.0,,,,,,0.0005745987921610407,
0.82,PURE,False,accept,CHN,"{CHN,EUR}+{NDE}",{CHN}+{EUR}+{NDE},0.0,,,,,,-0.0003742796594714548,
0.82,PURE,False,accept,CHN,"{CHN,NDE}+{EUR}","{CHN,EUR,NDE}",1.0,,,,,,0.0003858600510984189,
0.82,PURE,False,accept,CHN,"{CHN,NDE}+{EUR}","{CHN,EUR}+{NDE}",1.0,,,,,,6.383660100972577e-05,
0.82,PURE,False,accept,CHN,"{CHN,NDE}+{EUR}","{CHN}+{EUR,NDE}",1.0,,,,,,0.0006384353931707665,
0.82,PURE,False,accept,CHN,"{CHN,NDE}+{EUR}",{CHN}+{EUR}+{NDE},0.0,,,,,,-0.00031044305846172904,
0.82,PURE,False,accept,CHN,"{CHN}+{EUR,NDE}","{CHN,EUR,NDE}",0.0,,,,,,-0.00025257534207234755,
0.82,PURE,False,accept,CHN,"{CHN}+{EUR,NDE}","{CHN,EUR}+{NDE}",0.0,,,,,,-0.0005745987921610407,
0.82,PURE,False,accept,CHN,"{CHN}+{EUR,NDE}","{CHN,NDE}+{EUR}",0.0,,,,,,-0.0006384353931707665,
0.82,PURE,False,accept,CHN,{CHN}+{EUR}+{NDE},"{CHN,EUR,NDE}",1.0,,,,,,0.000696303109560148,
0.82,PURE,False,accept,CHN,{CHN}+{EUR}+{NDE},"{CHN,EUR}+{NDE}",1.0,,,,,,0.0003742796594714548,
0.82,PURE,False,accept,CHN,{CHN}+{EUR}+{NDE},"{CHN,NDE}+{EUR}",1.0,,,,,,0.00031044305846172904,EUR
0.82,PURE,False,accept,EUR,"{CHN,EUR,NDE}","{CHN,EUR}+{NDE}",1.0,,,,,,6.071876733138026e-05,
0.82,PURE,False,accept,EUR,"{CHN,EUR,NDE}","{CHN,NDE}+{EUR}",1.0,,,,,,7.942321288556542e-05,
0.82,PURE,False,accept,EUR,"{CHN,EUR,NDE}","{CHN}+{EUR,NDE}",0.0,,,,,,-8.635498919451479e-05,
0.82,PURE,False,accept,EUR,"{CHN,EUR,NDE}",{CHN}+{EUR}+{NDE},0.0,,,,,,-0.00012125129903228782,
0.82,PURE,False,accept,EUR,"{CHN,EUR}+{NDE}","{CHN,EUR,NDE}",0.0,,,,,,-6.071876733138026e-05,
0.82,PURE,False,accept,EUR,"{CHN,EUR}+{NDE}","{CHN,NDE}+{EUR}",1.0,,,,,,1.8704445554185156e-05,
0.82,PURE,False,accept,EUR,"{CHN,EUR}+{NDE}","{CHN}+{EUR,NDE}",0.0,,,,,,-0.00014707375652589505,
0.82,PURE,False,accept,EUR,"{CHN,EUR}+{NDE}",{CHN}+{EUR}+{NDE},0.0,,,,,,-0.00018197006636366808,
0.82,PURE,False,accept,EUR,"{CHN,NDE}+{EUR}","{CHN,EUR,NDE}",0.0,,,,,,-7.942321288556542e-05,
0.82,PURE,False,accept,EUR,"{CHN,NDE}+{EUR}","{CHN,EUR}+{NDE}",0.0,,,,,,-1.8704445554185156e-05,
0.82,PURE,False,accept,EUR,"{CHN,NDE}+{EUR}","{CHN}+{EUR,NDE}",0.0,,,,,,-0.0001657782020800802,
0.82,PURE,False,accept,EUR,"{CHN}+{EUR,NDE}","{CHN,EUR,NDE}",1.0,,,,,,8.635498919451479e-05,
0.82,PURE,False,accept,EUR,"{CHN}+{EUR,NDE}","{CHN,EUR}+{NDE}",1.0,,,,,,0.00014707375652589505,
0.82,PURE,False,accept,EUR,"{CHN}+{EUR,NDE}","{CHN,NDE}+{EUR}",1.0,,,,,,0.0001657782020800802,
0.82,PURE,False,accept,EUR,"{CHN}+{EUR,NDE}",{CHN}+{EUR}+{NDE},0.0,,,,,,-3.489630983777303e-05,
0.82,PURE,False,accept,EUR,{CHN}+{EUR}+{NDE},"{CHN,EUR,NDE}",1.0,,,,,,0.00012125129903228782,
0.82,PURE,False,accept,EUR,{CHN}+{EUR}+{NDE},"{CHN,EUR}+{NDE}",1.0,,,,,,0.00018197006636366808,
0.82,PURE,False,accept,EUR,{CHN}+{EUR}+{NDE},"{CHN}+{EUR,NDE}",1.0,,,,,,3.489630983777303e-05,"CHN,NDE"
0.82,PURE,False,accept,NDE,"{CHN,EUR,NDE}","{CHN,EUR}+{NDE}",0.0,,,,,,-0.0038742297664313696,
0.82,PURE,False,accept,NDE,"{CHN,EUR,NDE}","{CHN,NDE}+{EUR}",1.0,,,,,,6.819446021211206e-06,
0.82,PURE,False,accept,NDE,"{CHN,EUR,NDE}","{CHN}+{EUR,NDE}",1.0,,,,,,0.0004804612136695141,
0.82,PURE,False,accept,NDE,"{CHN,EUR,NDE}",{CHN}+{EUR}+{NDE},0.0,,,,,,-0.0025938738650488347,
0.82,PURE,False,accept,NDE,"{CHN,EUR}+{NDE}","{CHN,EUR,NDE}",1.0,,,,,,0.0038742297664313696,
0.82,PURE,False,accept,NDE,"{CHN,EUR}+{NDE}","{CHN,NDE}+{EUR}",1.0,,,,,,0.003881049212452581,
0.82,PURE,False,accept,NDE,"{CHN,EUR}+{NDE}","{CHN}+{EUR,NDE}",1.0,,,,,,0.004354690980100884,
0.82,PURE,False,accept,NDE,"{CHN,NDE}+{EUR}","{CHN,EUR,NDE}",0.0,,,,,,-6.819446021211206e-06,
0.82,PURE,False,accept,NDE,"{CHN,NDE}+{EUR}","{CHN,EUR}+{NDE}",0.0,,,,,,-0.003881049212452581,
0.82,PURE,False,accept,NDE,"{CHN,NDE}+{EUR}","{CHN}+{EUR,NDE}",1.0,,,,,,0.0004736417676483029,
0.82,PURE,False,accept,NDE,"{CHN,NDE}+{EUR}",{CHN}+{EUR}+{NDE},0.0,,,,,,-0.002600693311070046,
0.82,PURE,False,accept,NDE,"{CHN}+{EUR,NDE}","{CHN,EUR,NDE}",0.0,,,,,,-0.0004804612136695141,
0.82,PURE,False,accept,NDE,"{CHN}+{EUR,NDE}","{CHN,EUR}+{NDE}",0.0,,,,,,-0.004354690980100884,
0.82,PURE,False,accept,NDE,"{CHN}+{EUR,NDE}","{CHN,NDE}+{EUR}",0.0,,,,,,-0.0004736417676483029,
0.82,PURE,False,accept,NDE,"{CHN}+{EUR,NDE}",{CHN}+{EUR}+{NDE},0.0,,,,,,-0.0030743350787183488,
0.82,PURE,False,accept,NDE,{CHN}+{EUR}+{NDE},"{CHN,EUR,NDE}",1.0,,,,,,0.0025938738650488347,
0.82,PURE,False,accept,NDE,{CHN}+{EUR}+{NDE},"{CHN,NDE}+{EUR}",1.0,,,,,,0.002600693311070046,EUR
0.82,PURE,False,accept,NDE,{CHN}+{EUR}+{NDE},"{CHN}+{EUR,NDE}",1.0,,,,,,0.0030743350787183488,CHN
0.84,PURE,False,propose,CHN,"{CHN,EUR,NDE}","{CHN}+{EUR,NDE}",1.0,False,1.0,1.0,True,,,
0.84,PURE,False,propose,CHN,"{CHN,EUR}+{NDE}","{CHN,EUR}+{NDE}",1.0,True,1.0,1.0,False,,,
0.84,PURE,False,propose,CHN,"{CHN,NDE}+{EUR}","{CHN,NDE}+{EUR}",1.0,True,1.0,1.0,False,,,
0.84,PURE,False,propose,CHN,"{CHN}+{EUR,NDE}","{CHN}+{EUR,NDE}",1.0,True,1.0,1.0,False,,,
0.84,PURE,False,propose,CHN,{CHN}+{EUR}+{NDE},"{CHN}+{EUR,NDE}",1.0,False,1.0,1.0,False,"EUR,NDE",,
0.84,PURE,False,propose,EUR,"{CHN,EUR,NDE}","{CHN,NDE}+{EUR}",1.0,False,1.0,1.0,True,,,
0.84,PURE,False,propose,EUR,"{CHN,EUR}+{NDE}","{CHN,EUR}+{NDE}",1.0,True,1.0,1.0,False,,,
0.84,PURE,False,propose,EUR,"{CHN,NDE}+{EUR}","{CHN,NDE}+{EUR}",1.0,True,1.0,1.0,False,,,
0.84,PURE,False,propose,EUR,"{CHN}+{EUR,NDE}","{CHN}+{EUR,NDE}",1.0,True,1.0,1.0,False,,,
0.84,PURE,False,propose,EUR,{CHN}+{EUR}+{NDE},"{CHN,NDE}+{EUR}",1.0,False,1.0,1.0,False,"CHN,NDE",,
0.84,PURE,False,propose,NDE,"{CHN,EUR,NDE}","{CHN,EUR,NDE}",1.0,True,1.0,1.0,False,,,
0.84,PURE,False,propose,NDE,"{CHN,EUR}+{NDE}","{CHN,EUR}+{NDE}",1.0,True,1.0,1.0,False,,,
0.84,PURE,False,propose,NDE,"{CHN,NDE}+{EUR}","{CHN,NDE}+{EUR}",1.0,True,1.0,1.0,False,,,
0.84,PURE,False,propose,NDE,"{CHN}+{EUR,NDE}","{CHN}+{EUR,NDE}",1.0,True,1.0,1.0,False,,,
0.84,PURE,False,propose,NDE,{CHN}+{EUR}+{NDE},"{CHN}+{EUR,NDE}",1.0,False,1.0,1.0,False,EUR,,
0.84,PURE,False,accept,CHN,"{CHN,EUR,NDE}","{CHN,EUR}+{NDE}",0.0,,,,,,-0.0003151672407764039,
0.84,PURE,False,accept,CHN,"{CHN,EUR,NDE}","{CHN,NDE}+{EUR}",0.0,,,,,,-0.00037900384178612967,
0.84,PURE,False,accept,CHN,"{CHN,EUR,NDE}","{CHN}+{EUR,NDE}",1.0,,,,,,0.0002594315513846368,
0.84,PURE,False,accept,CHN,"{CHN,EUR,NDE}",{CHN}+{EUR}+{NDE},0.0,,,,,,-0.0006076617164811893,
0.84,PURE,False,accept,CHN,"{CHN,EUR}+{NDE}","{CHN,EUR,NDE}",1.0,,,,,,0.0003151672407764039,
0.84,PURE,False,accept,CHN,"{CHN,EUR}+{NDE}","{CHN,NDE}+{EUR}",0.0,,,,,,-6.383660100972577e-05,
0.84,PURE,False,accept,CHN,"{CHN,EUR}+{NDE}","{CHN}+{EUR,NDE}",1.0,,,,,,0.0005745987921610407,
0.84,PURE,False,accept,CHN,"{CHN,EUR}+{NDE}",{CHN}+{EUR}+{NDE},0.0,,,,,,-0.00029249447570478537,
0.84,PURE,False,accept,CHN,"{CHN,NDE}+{EUR}","{CHN,EUR,NDE}",1.0,,,,,,0.00037900384178612967,
0.84,PURE,False,accept,CHN,"{CHN,NDE}+{EUR}","{CHN,EUR}+{NDE}",1.0,,,,,,6.383660100972577e-05,
0.84,PURE,False,accept,CHN,"{CHN,NDE}+{EUR}","{CHN}+{EUR,NDE}",1.0,,,,,,0.0006384353931707665,
0.84,PURE,False,accept,CHN,"{CHN,NDE}+{EUR}",{CHN}+{EUR}+{NDE},0.0,,,,,,-0.0002286578746950596,
0.84,PURE,False,accept,CHN,"{CHN}+{EUR,NDE}","{CHN,EUR,NDE}",0.0,,,,,,-0.0002594315513846368,
0.84,PURE,False,accept,CHN,"{CHN}+{EUR,NDE}","{CHN,EUR}+{NDE}",0.0,,,,,,-0.0005745987921610407,
0.84,PURE,False,accept,CHN,"{CHN}+{EUR,NDE}","{CHN,NDE}+{EUR}",0.0,,,,,,-0.0006384353931707665,
0.84,PURE,False,accept,CHN,{CHN}+{EUR}+{NDE},"{CHN,EUR,NDE}",1.0,,,,,,0.0006076617164811893,
0.84,PURE,False,accept,CHN,{CHN}+{EUR}+{NDE},"{CHN,EUR}+{NDE}",1.0,,,,,,0.00029249447570478537,
0.84,PURE,False,accept,CHN,{CHN}+{EUR}+{NDE},"{CHN,NDE}+{EUR}",1.0,,,,,,0.0002286578746950596,EUR
0.84,PURE,False,accept,EUR,"{CHN,EUR,NDE}","{CHN,EUR}+{NDE}",1.0,,,,,,6.107534018662264e-05,
0.84,PURE,False,accept,EUR,"{CHN,EUR,NDE}","{CHN,NDE}+{EUR}",1.0,,,,,,7.97797857408078e-05,
0.84,PURE,False,accept,EUR,"{CHN,EUR,NDE}","{CHN}+{EUR,NDE}",0.0,,,,,,-8.599841633927241e-05,
0.84,PURE,False,accept,EUR,"{CHN,EUR,NDE}",{CHN}+{EUR}+{NDE},0.0,,,,,,-0.00011087742500670572,
0.84,PURE,False,accept,EUR,"{CHN,EUR}+{NDE}","{CHN,EUR,NDE}",0.0,,,,,,-6.107534018662264e-05,
0.84,PURE,False,accept,EUR,"{CHN,EUR}+{NDE}","{CHN,NDE}+{EUR}",1.0,,,,,,1.8704445554185156e-05,
0.84,PURE,False,accept,EUR,"{CHN,EUR}+{NDE}","{CHN}+{EUR,NDE}",0.0,,,,,,-0.00014707375652589505,
0.84,PURE,False,accept,EUR,"{CHN,EUR}+{NDE}",{CHN}+{EUR}+{NDE},0.0,,,,,,-0.00017195276519332836,
0.84,PURE,False,accept,EUR,"{CHN,NDE}+{EUR}","{CHN,EUR,NDE}",0.0,,,,,,-7.97797857408078e-05,
0.84,PURE,False,accept,EUR,"{CHN,NDE}+{EUR}","{CHN,EUR}+{NDE}",0.0,,,,,,-1.8704445554185156e-05,
0.84,PURE,False,accept,EUR,"{CHN,NDE}+{EUR}","{CHN}+{EUR,NDE}",0.0,,,,,,-0.0001657782020800802,
0.84,PURE,False,accept,EUR,"{CHN}+{EUR,NDE}","{CHN,EUR,NDE}",1.0,,,,,,8.599841633927241e-05,
0.84,PURE,False,accept,EUR,"{CHN}+{EUR,NDE}","{CHN,EUR}+{NDE}",1.0,,,,,,0.00014707375652589505,
0.84,PURE,False,accept,EUR,"{CHN}+{EUR,NDE}","{CHN,NDE}+{EUR}",1.0,,,,,,0.0001657782020800802,
0.84,PURE,False,accept,EUR,"{CHN}+{EUR,NDE}",{CHN}+{EUR}+{NDE},0.0,,,,,,-2.487900866743331e-05,
0.84,PURE,False,accept,EUR,{CHN}+{EUR}+{NDE},"{CHN,EUR,NDE}",1.0,,,,,,0.00011087742500670572,
0.84,PURE,False,accept,EUR,{CHN}+{EUR}+{NDE},"{CHN,EUR}+{NDE}",1.0,,,,,,0.00017195276519332836,
0.84,PURE,False,accept,EUR,{CHN}+{EUR}+{NDE},"{CHN}+{EUR,NDE}",1.0,,,,,,2.487900866743331e-05,"CHN,NDE"
0.84,PURE,False,accept,NDE,"{CHN,EUR,NDE}","{CHN,EUR}+{NDE}",0.0,,,,,,-0.0038992956439898308,
0.84,PURE,False,accept,NDE,"{CHN,EUR,NDE}","{CHN,NDE}+{EUR}",0.0,,,,,,-1.824643153724992e-05,
0.84,PURE,False,accept,NDE,"{CHN,EUR,NDE}","{CHN}+{EUR,NDE}",1.0,,,,,,0.000455395336111053,
0.84,PURE,False,accept,NDE,"{CHN,EUR,NDE}",{CHN}+{EUR}+{NDE},0.0,,,,,,-0.0022948892437746338,
0.84,PURE,False,accept,NDE,"{CHN,EUR}+{NDE}","{CHN,EUR,NDE}",1.0,,,,,,0.0038992956439898308,
0.84,PURE,False,accept,NDE,"{CHN,EUR}+{NDE}","{CHN,NDE}+{EUR}",1.0,,,,,,0.003881049212452581,
0.84,PURE,False,accept,NDE,"{CHN,EUR}+{NDE}","{CHN}+{EUR,NDE}",1.0,,,,,,0.004354690980100884,
0.84,PURE,False,accept,NDE,"{CHN,NDE}+{EUR}","{CHN,EUR,NDE}",1.0,,,,,,1.824643153724992e-05,
0.84,PURE,False,accept,NDE,"{CHN,NDE}+{EUR}","{CHN,EUR}+{NDE}",0.0,,,,,,-0.003881049212452581,
0.84,PURE,False,accept,NDE,"{CHN,NDE}+{EUR}","{CHN}+{EUR,NDE}",1.0,,,,,,0.0004736417676483029,
0.84,PURE,False,accept,NDE,"{CHN,NDE}+{EUR}",{CHN}+{EUR}+{NDE},0.0,,,,,,-0.002276642812237384,
0.84,PURE,False,accept,NDE,"{CHN}+{EUR,NDE}","{CHN,EUR,NDE}",0.0,,,,,,-0.000455395336111053,
0.84,PURE,False,accept,NDE,"{CHN}+{EUR,NDE}","{CHN,EUR}+{NDE}",0.0,,,,,,-0.004354690980100884,
0.84,PURE,False,accept,NDE,"{CHN}+{EUR,NDE}","{CHN,NDE}+{EUR}",0.0,,,,,,-0.0004736417676483029,
0.84,PURE,False,accept,NDE,"{CHN}+{EUR,NDE}",{CHN}+{EUR}+{NDE},0.0,,,,,,-0.0027502845798856868,
0.84,PURE,False,accept,NDE,{CHN}+{EUR}+{NDE},"{CHN,EUR,NDE}",1.0,,,,,,0.0022948892437746338,
0.84,PURE,False,accept,NDE,{CHN}+{EUR}+{NDE},"{CHN,NDE}+{EUR}",1.0,,,,,,0.002276642812237384,EUR
0.84,PURE,False,accept,NDE,{CHN}+{EUR}+{NDE},"{CHN}+{EUR,NDE}",1.0,,,,,,0.0027502845798856868,CHN
0.86,PURE,False,propose,CHN,"{CHN,EUR,NDE}","{CHN}+{EUR,NDE}",1.0,False,1.0,1.0,True,,,
0.86,PURE,False,propose,CHN,"{CHN,EUR}+{NDE}","{CHN,EUR}+{NDE}",1.0,True,1.0,1.0,False,,,
0.86,PURE,False,propose,CHN,"{CHN,NDE}+{EUR}","{CHN,NDE}+{EUR}",1.0,True,1.0,1.0,False,,,
0.86,PURE,False,propose,CHN,"{CHN}+{EUR,NDE}","{CHN}+{EUR,NDE}",1.0,True,1.0,1.0,False,,,
0.86,PURE,False,propose,CHN,{CHN}+{EUR}+{NDE},"{CHN}+{EUR,NDE}",1.0,False,1.0,1.0,False,"EUR,NDE",,
0.86,PURE,False,propose,EUR,"{CHN,EUR,NDE}","{CHN,NDE}+{EUR}",1.0,False,1.0,1.0,True,,,
0.86,PURE,False,propose,EUR,"{CHN,EUR}+{NDE}","{CHN,EUR}+{NDE}",1.0,True,1.0,1.0,False,,,
0.86,PURE,False,propose,EUR,"{CHN,NDE}+{EUR}","{CHN,NDE}+{EUR}",1.0,True,1.0,1.0,False,,,
0.86,PURE,False,propose,EUR,"{CHN}+{EUR,NDE}","{CHN}+{EUR,NDE}",1.0,True,1.0,1.0,False,,,
0.86,PURE,False,propose,EUR,{CHN}+{EUR}+{NDE},"{CHN,NDE}+{EUR}",1.0,False,1.0,1.0,False,"CHN,NDE",,
0.86,PURE,False,propose,NDE,"{CHN,EUR,NDE}","{CHN,EUR,NDE}",1.0,True,1.0,1.0,False,,,
0.86,PURE,False,propose,NDE,"{CHN,EUR}+{NDE}","{CHN,EUR}+{NDE}",1.0,True,1.0,1.0,False,,,
0.86,PURE,False,propose,NDE,"{CHN,NDE}+{EUR}","{CHN,NDE}+{EUR}",1.0,True,1.0,1.0,False,,,
0.86,PURE,False,propose,NDE,"{CHN}+{EUR,NDE}","{CHN}+{EUR,NDE}",1.0,True,1.0,1.0,False,,,
0.86,PURE,False,propose,NDE,{CHN}+{EUR}+{NDE},"{CHN}+{EUR,NDE}",1.0,False,1.0,1.0,False,EUR,,
0.86,PURE,False,accept,CHN,"{CHN,EUR,NDE}","{CHN,EUR}+{NDE}",0.0,,,,,,-0.0003081828780189255,
0.86,PURE,False,accept,CHN,"{CHN,EUR,NDE}","{CHN,NDE}+{EUR}",0.0,,,,,,-0.0003720194790286513,
0.86,PURE,False,accept,CHN,"{CHN,EUR,NDE}","{CHN}+{EUR,NDE}",1.0,,,,,,0.0002664159141421152,
0.86,PURE,False,accept,CHN,"{CHN,EUR,NDE}",{CHN}+{EUR}+{NDE},0.0,,,,,,-0.0005188921699552651,
0.86,PURE,False,accept,CHN,"{CHN,EUR}+{NDE}","{CHN,EUR,NDE}",1.0,,,,,,0.0003081828780189255,
0.86,PURE,False,accept,CHN,"{CHN,EUR}+{NDE}","{CHN,NDE}+{EUR}",0.0,,,,,,-6.383660100972577e-05,
0.86,PURE,False,accept,CHN,"{CHN,EUR}+{NDE}","{CHN}+{EUR,NDE}",1.0,,,,,,0.0005745987921610407,
0.86,PURE,False,accept,CHN,"{CHN,EUR}+{NDE}",{CHN}+{EUR}+{NDE},0.0,,,,,,-0.00021070929193633958,
0.86,PURE,False,accept,CHN,"{CHN,NDE}+{EUR}","{CHN,EUR,NDE}",1.0,,,,,,0.0003720194790286513,
0.86,PURE,False,accept,CHN,"{CHN,NDE}+{EUR}","{CHN,EUR}+{NDE}",1.0,,,,,,6.383660100972577e-05,
0.86,PURE,False,accept,CHN,"{CHN,NDE}+{EUR}","{CHN}+{EUR,NDE}",1.0,,,,,,0.0006384353931707665,
0.86,PURE,False,accept,CHN,"{CHN,NDE}+{EUR}",{CHN}+{EUR}+{NDE},0.0,,,,,,-0.00014687269092661381,
0.86,PURE,False,accept,CHN,"{CHN}+{EUR,NDE}","{CHN,EUR,NDE}",0.0,,,,,,-0.0002664159141421152,
0.86,PURE,False,accept,CHN,"{CHN}+{EUR,NDE}","{CHN,EUR}+{NDE}",0.0,,,,,,-0.0005745987921610407,
0.86,PURE,False,accept,CHN,"{CHN}+{EUR,NDE}","{CHN,NDE}+{EUR}",0.0,,,,,,-0.0006384353931707665,
0.86,PURE,False,accept,CHN,{CHN}+{EUR}+{NDE},"{CHN,EUR,NDE}",1.0,,,,,,0.0005188921699552651,
0.86,PURE,False,accept,CHN,{CHN}+{EUR}+{NDE},"{CHN,EUR}+{NDE}",1.0,,,,,,0.00021070929193633958,
0.86,PURE,False,accept,CHN,{CHN}+{EUR}+{NDE},"{CHN,NDE}+{EUR}",1.0,,,,,,0.00014687269092661381,EUR
0.86,PURE,False,accept,EUR,"{CHN,EUR,NDE}","{CHN,EUR}+{NDE}",1.0,,,,,,6.1438577955375e-05,
0.86,PURE,False,accept,EUR,"{CHN,EUR,NDE}","{CHN,NDE}+{EUR}",1.0,,,,,,8.014302350956015e-05,
0.86,PURE,False,accept,EUR,"{CHN,EUR,NDE}","{CHN}+{EUR,NDE}",0.0,,,,,,-8.563517857052005e-05,
0.86,PURE,False,accept,EUR,"{CHN,EUR,NDE}",{CHN}+{EUR}+{NDE},0.0,,,,,,-0.00010049688606805773,
0.86,PURE,False,accept,EUR,"{CHN,EUR}+{NDE}","{CHN,EUR,NDE}",0.0,,,,,,-6.1438577955375e-05,
0.86,PURE,False,accept,EUR,"{CHN,EUR}+{NDE}","{CHN,NDE}+{EUR}",1.0,,,,,,1.8704445554185156e-05,
0.86,PURE,False,accept,EUR,"{CHN,EUR}+{NDE}","{CHN}+{EUR,NDE}",0.0,,,,,,-0.00014707375652589505,
0.86,PURE,False,accept,EUR,"{CHN,EUR}+{NDE}",{CHN}+{EUR}+{NDE},0.0,,,,,,-0.00016193546402343273,
0.86,PURE,False,accept,EUR,"{CHN,NDE}+{EUR}","{CHN,EUR,NDE}",0.0,,,,,,-8.014302350956015e-05,
0.86,PURE,False,accept,EUR,"{CHN,NDE}+{EUR}","{CHN,EUR}+{NDE}",0.0,,,,,,-1.8704445554185156e-05,
0.86,PURE,False,accept,EUR,"{CHN,NDE}+{EUR}","{CHN}+{EUR,NDE}",0.0,,,,,,-0.0001657782020800802,
0.86,PURE,False,accept,EUR,"{CHN}+{EUR,NDE}","{CHN,EUR,NDE}",1.0,,,,,,8.563517857052005e-05,
0.86,PURE,False,accept,EUR,"{CHN}+{EUR,NDE}","{CHN,EUR}+{NDE}",1.0,,,,,,0.00014707375652589505,
0.86,PURE,False,accept,EUR,"{CHN}+{EUR,NDE}","{CHN,NDE}+{EUR}",1.0,,,,,,0.0001657782020800802,
0.86,PURE,False,accept,EUR,"{CHN}+{EUR,NDE}",{CHN}+{EUR}+{NDE},0.0,,,,,,-1.486170749753768e-05,
0.86,PURE,False,accept,EUR,{CHN}+{EUR}+{NDE},"{CHN,EUR,NDE}",1.0,,,,,,0.00010049688606805773,
0.86,PURE,False,accept,EUR,{CHN}+{EUR}+{NDE},"{CHN,EUR}+{NDE}",1.0,,,,,,0.00016193546402343273,
0.86,PURE,False,accept,EUR,{CHN}+{EUR}+{NDE},"{CHN}+{EUR,NDE}",1.0,,,,,,1.486170749753768e-05,"CHN,NDE"
0.86,PURE,False,accept,NDE,"{CHN,EUR,NDE}","{CHN,EUR}+{NDE}",0.0,,,,,,-0.003924830042620897,
0.86,PURE,False,accept,NDE,"{CHN,EUR,NDE}","{CHN,NDE}+{EUR}",0.0,,,,,,-4.378083016831624e-05,
0.86,PURE,False,accept,NDE,"{CHN,EUR,NDE}","{CHN}+{EUR,NDE}",1.0,,,,,,0.00042986093747998666,
0.86,PURE,False,accept,NDE,"{CHN,EUR,NDE}",{CHN}+{EUR}+{NDE},0.0,,,,,,-0.001996373143573038,
0.86,PURE,False,accept,NDE,"{CHN,EUR}+{NDE}","{CHN,EUR,NDE}",1.0,,,,,,0.003924830042620897,
0.86,PURE,False,accept,NDE,"{CHN,EUR}+{NDE}","{CHN,NDE}+{EUR}",1.0,,,,,,0.003881049212452581,
0.86,PURE,False,accept,NDE,"{CHN,EUR}+{NDE}","{CHN}+{EUR,NDE}",1.0,,,,,,0.004354690980100884,
0.86,PURE,False,accept,NDE,"{CHN,NDE}+{EUR}","{CHN,EUR,NDE}",1.0,,,,,,4.378083016831624e-05,
0.86,PURE,False,accept,NDE,"{CHN,NDE}+{EUR}","{CHN,EUR}+{NDE}",0.0,,,,,,-0.003881049212452581,
0.86,PURE,False,accept,NDE,"{CHN,NDE}+{EUR}","{CHN}+{EUR,NDE}",1.0,,,,,,0.0004736417676483029,
0.86,PURE,False,accept,NDE,"{CHN,NDE}+{EUR}",{CHN}+{EUR}+{NDE},0.0,,,,,,-0.0019525923134047218,
0.86,PURE,False,accept,NDE,"{CHN}+{EUR,NDE}","{CHN,EUR,NDE}",0.0,,,,,,-0.00042986093747998666,
0.86,PURE,False,accept,NDE,"{CHN}+{EUR,NDE}","{CHN,EUR}+{NDE}",0.0,,,,,,-0.004354690980100884,
0.86,PURE,False,accept,NDE,"{CHN}+{EUR,NDE}","{CHN,NDE}+{EUR}",0.0,,,,,,-0.0004736417676483029,
0.86,PURE,False,accept,NDE,"{CHN}+{EUR,NDE}",{CHN}+{EUR}+{NDE},0.0,,,,,,-0.0024262340810530247,
0.86,PURE,False,accept,NDE,{CHN}+{EUR}+{NDE},"{CHN,EUR,NDE}",1.0,,,,,,0.001996373143573038,
0.86,PURE,False,accept,NDE,{CHN}+{EUR}+{NDE},"{CHN,NDE}+{EUR}",1.0,,,,,,0.0019525923134047218,EUR
0.86,PURE,False,accept,NDE,{CHN}+{EUR}+{NDE},"{CHN}+{EUR,NDE}",1.0,,,,,,0.0024262340810530247,CHN
0.88,PURE,False,propose,CHN,"{CHN,EUR,NDE}","{CHN}+{EUR,NDE}",1.0,False,1.0,1.0,True,,,
0.88,PURE,False,propose,CHN,"{CHN,EUR}+{NDE}","{CHN,EUR}+{NDE}",1.0,True,1.0,1.0,False,,,
0.88,PURE,False,propose,CHN,"{CHN,NDE}+{EUR}","{CHN,NDE}+{EUR}",1.0,True,1.0,1.0,False,,,
0.88,PURE,False,propose,CHN,"{CHN}+{EUR,NDE}","{CHN}+{EUR,NDE}",1.0,True,1.0,1.0,False,,,
0.88,PURE,False,propose,CHN,{CHN}+{EUR}+{NDE},"{CHN}+{EUR,NDE}",1.0,False,1.0,1.0,False,"EUR,NDE",,
0.88,PURE,False,propose,EUR,"{CHN,EUR,NDE}","{CHN,NDE}+{EUR}",1.0,False,1.0,1.0,True,,,
0.88,PURE,False,propose,EUR,"{CHN,EUR}+{NDE}","{CHN,EUR}+{NDE}",1.0,True,1.0,1.0,False,,,
0.88,PURE,False,propose,EUR,"{CHN,NDE}+{EUR}","{CHN,NDE}+{EUR}",1.0,True,1.0,1.0,False,,,
0.88,PURE,False,propose,EUR,"{CHN}+{EUR,NDE}","{CHN}+{EUR,NDE}",1.0,True,1.0,1.0,False,,,
0.88,PURE,False,propose,EUR,{CHN}+{EUR}+{NDE},"{CHN,NDE}+{EUR}",1.0,False,1.0,1.0,False,"CHN,NDE",,
0.88,PURE,False,propose,NDE,"{CHN,EUR,NDE}","{CHN,EUR,NDE}",1.0,True,1.0,1.0,False,,,
0.88,PURE,False,propose,NDE,"{CHN,EUR}+{NDE}","{CHN,EUR}+{NDE}",1.0,True,1.0,1.0,False,,,
0.88,PURE,False,propose,NDE,"{CHN,NDE}+{EUR}","{CHN,NDE}+{EUR}",1.0,True,1.0,1.0,False,,,
0.88,PURE,False,propose,NDE,"{CHN}+{EUR,NDE}","{CHN}+{EUR,NDE}",1.0,True,1.0,1.0,False,,,
0.88,PURE,False,propose,NDE,{CHN}+{EUR}+{NDE},"{CHN}+{EUR,NDE}",1.0,False,1.0,1.0,False,EUR,,
0.88,PURE,False,accept,CHN,"{CHN,EUR,NDE}","{CHN,EUR}+{NDE}",0.0,,,,,,-0.00030106673483309976,
0.88,PURE,False,accept,CHN,"{CHN,EUR,NDE}","{CHN,NDE}+{EUR}",0.0,,,,,,-0.0003649033358428255,
0.88,PURE,False,accept,CHN,"{CHN,EUR,NDE}","{CHN}+{EUR,NDE}",1.0,,,,,,0.00027353205732794095,
0.88,PURE,False,accept,CHN,"{CHN,EUR,NDE}",{CHN}+{EUR}+{NDE},0.0,,,,,,-0.0004299908430027699,
0.88,PURE,False,accept,CHN,"{CHN,EUR}+{NDE}","{CHN,EUR,NDE}",1.0,,,,,,0.00030106673483309976,
0.88,PURE,False,accept,CHN,"{CHN,EUR}+{NDE}","{CHN,NDE}+{EUR}",0.0,,,,,,-6.383660100972577e-05,
0.88,PURE,False,accept,CHN,"{CHN,EUR}+{NDE}","{CHN}+{EUR,NDE}",1.0,,,,,,0.0005745987921610407,
0.88,PURE,False,accept,CHN,"{CHN,EUR}+{NDE}",{CHN}+{EUR}+{NDE},0.0,,,,,,-0.00012892410816967015,
0.88,PURE,False,accept,CHN,"{CHN,NDE}+{EUR}","{CHN,EUR,NDE}",1.0,,,,,,0.0003649033358428255,
0.88,PURE,False,accept,CHN,"{CHN,NDE}+{EUR}","{CHN,EUR}+{NDE}",1.0,,,,,,6.383660100972577e-05,
0.88,PURE,False,accept,CHN,"{CHN,NDE}+{EUR}","{CHN}+{EUR,NDE}",1.0,,,,,,0.0006384353931707665,
0.88,PURE,False,accept,CHN,"{CHN,NDE}+{EUR}",{CHN}+{EUR}+{NDE},0.0,,,,,,-6.508750715994438e-05,
0.88,PURE,False,accept,CHN,"{CHN}+{EUR,NDE}","{CHN,EUR,NDE}",0.0,,,,,,-0.00027353205732794095,
0.88,PURE,False,accept,CHN,"{CHN}+{EUR,NDE}","{CHN,EUR}+{NDE}",0.0,,,,,,-0.0005745987921610407,
0.88,PURE,False,accept,CHN,"{CHN}+{EUR,NDE}","{CHN,NDE}+{EUR}",0.0,,,,,,-0.0006384353931707665,
0.88,PURE,False,accept,CHN,{CHN}+{EUR}+{NDE},"{CHN,EUR,NDE}",1.0,,,,,,0.0004299908430027699,
0.88,PURE,False,accept,CHN,{CHN}+{EUR}+{NDE},"{CHN,EUR}+{NDE}",1.0,,,,,,0.00012892410816967015,
0.88,PURE,False,accept,CHN,{CHN}+{EUR}+{NDE},"{CHN,NDE}+{EUR}",1.0,,,,,,6.508750715994438e-05,EUR
0.88,PURE,False,accept,EUR,"{CHN,EUR,NDE}","{CHN,EUR}+{NDE}",1.0,,,,,,6.180866926674966e-05,
0.88,PURE,False,accept,EUR,"{CHN,EUR,NDE}","{CHN,NDE}+{EUR}",1.0,,,,,,8.051311482093482e-05,
0.88,PURE,False,accept,EUR,"{CHN,EUR,NDE}","{CHN}+{EUR,NDE}",0.0,,,,,,-8.526508725914539e-05,
0.88,PURE,False,accept,EUR,"{CHN,EUR,NDE}",{CHN}+{EUR}+{NDE},0.0,,,,,,-9.010949358634335e-05,
0.88,PURE,False,accept,EUR,"{CHN,EUR}+{NDE}","{CHN,EUR,NDE}",0.0,,,,,,-6.180866926674966e-05,
0.88,PURE,False,accept,EUR,"{CHN,EUR}+{NDE}","{CHN,NDE}+{EUR}",1.0,,,,,,1.8704445554185156e-05,
0.88,PURE,False,accept,EUR,"{CHN,EUR}+{NDE}","{CHN}+{EUR,NDE}",0.0,,,,,,-0.00014707375652589505,
0.88,PURE,False,accept,EUR,"{CHN,EUR}+{NDE}",{CHN}+{EUR}+{NDE},0.0,,,,,,-0.000151918162853093,
0.88,PURE,False,accept,EUR,"{CHN,NDE}+{EUR}","{CHN,EUR,NDE}",0.0,,,,,,-8.051311482093482e-05,
0.88,PURE,False,accept,EUR,"{CHN,NDE}+{EUR}","{CHN,EUR}+{NDE}",0.0,,,,,,-1.8704445554185156e-05,
0.88,PURE,False,accept,EUR,"{CHN,NDE}+{EUR}","{CHN}+{EUR,NDE}",0.0,,,,,,-0.0001657782020800802,
0.88,PURE,False,accept,EUR,"{CHN}+{EUR,NDE}","{CHN,EUR,NDE}",1.0,,,,,,8.526508725914539e-05,
0.88,PURE,False,accept,EUR,"{CHN}+{EUR,NDE}","{CHN,EUR}+{NDE}",1.0,,,,,,0.00014707375652589505,
0.88,PURE,False,accept,EUR,"{CHN}+{EUR,NDE}","{CHN,NDE}+{EUR}",1.0,,,,,,0.0001657782020800802,
0.88,PURE,False,accept,EUR,"{CHN}+{EUR,NDE}",{CHN}+{EUR}+{NDE},0.0,,,,,,-4.844406327197959e-06,
0.88,PURE,False,accept,EUR,{CHN}+{EUR}+{NDE},"{CHN,EUR,NDE}",1.0,,,,,,9.010949358634335e-05,
0.88,PURE,False,accept,EUR,{CHN}+{EUR}+{NDE},"{CHN,EUR}+{NDE}",1.0,,,,,,0.000151918162853093,
0.88,PURE,False,accept,EUR,{CHN}+{EUR}+{NDE},"{CHN}+{EUR,NDE}",1.0,,,,,,4.844406327197959e-06,"CHN,NDE"
0.88,PURE,False,accept,NDE,"{CHN,EUR,NDE}","{CHN,EUR}+{NDE}",0.0,,,,,,-0.0039508462223594165,
0.88,PURE,False,accept,NDE,"{CHN,EUR,NDE}","{CHN,NDE}+{EUR}",0.0,,,,,,-6.979700990683568e-05,
0.88,PURE,False,accept,NDE,"{CHN,EUR,NDE}","{CHN}+{EUR,NDE}",1.0,,,,,,0.0004038447577414672,
0.88,PURE,False,accept,NDE,"{CHN,EUR,NDE}",{CHN}+{EUR}+{NDE},0.0,,,,,,-0.0016983388244753428,
0.88,PURE,False,accept,NDE,"{CHN,EUR}+{NDE}","{CHN,EUR,NDE}",1.0,,,,,,0.0039508462223594165,
0.88,PURE,False,accept,NDE,"{CHN,EUR}+{NDE}","{CHN,NDE}+{EUR}",1.0,,,,,,0.003881049212452581,
0.88,PURE,False,accept,NDE,"{CHN,EUR}+{NDE}","{CHN}+{EUR,NDE}",1.0,,,,,,0.004354690980100884,
0.88,PURE,False,accept,NDE,"{CHN,NDE}+{EUR}","{CHN,EUR,NDE}",1.0,,,,,,6.979700990683568e-05,
0.88,PURE,False,accept,NDE,"{CHN,NDE}+{EUR}","{CHN,EUR}+{NDE}",0.0,,,,,,-0.003881049212452581,
0.88,PURE,False,accept,NDE,"{CHN,NDE}+{EUR}","{CHN}+{EUR,NDE}",1.0,,,,,,0.0004736417676483029,
0.88,PURE,False,accept,NDE,"{CHN,NDE}+{EUR}",{CHN}+{EUR}+{NDE},0.0,,,,,,-0.001628541814568507,
0.88,PURE,False,accept,NDE,"{CHN}+{EUR,NDE}","{CHN,EUR,NDE}",0.0,,,,,,-0.0004038447577414672,
0.88,PURE,False,accept,NDE,"{CHN}+{EUR,NDE}","{CHN,EUR}+{NDE}",0.0,,,,,,-0.004354690980100884,
0.88,PURE,False,accept,NDE,"{CHN}+{EUR,NDE}","{CHN,NDE}+{EUR}",0.0,,,,,,-0.0004736417676483029,
0.88,PURE,False,accept,NDE,"{CHN}+{EUR,NDE}",{CHN}+{EUR}+{NDE},0.0,,,,,,-0.00210218358221681,
0.88,PURE,False,accept,NDE,{CHN}+{EUR}+{NDE},"{CHN,EUR,NDE}",1.0,,,,,,0.0016983388244753428,
0.88,PURE,False,accept,NDE,{CHN}+{EUR}+{NDE},"{CHN,NDE}+{EUR}",1.0,,,,,,0.001628541814568507,EUR
0.88,PURE,False,accept,NDE,{CHN}+{EUR}+{NDE},"{CHN}+{EUR,NDE}",1.0,,,,,,0.00210218358221681,CHN
0.9,MIXED_NONUNIQUE,True,propose,CHN,"{CHN,EUR,NDE}","{CHN,EUR,NDE}",0.3646631677939124,True,1.0,0.3646631677939124,False,,,
0.9,MIXED_NONUNIQUE,True,propose,CHN,"{CHN,EUR,NDE}","{CHN}+{EUR,NDE}",0.6353368322060876,False,1.0,0.6353368322060876,True,,,
0.9,MIXED_NONUNIQUE,True,propose,CHN,"{CHN,EUR}+{NDE}","{CHN,EUR}+{NDE}",1.0,True,1.0,1.0,False,,,
0.9,MIXED_NONUNIQUE,True,propose,CHN,"{CHN,NDE}+{EUR}","{CHN,NDE}+{EUR}",1.0,True,1.0,1.0,False,,,
0.9,MIXED_NONUNIQUE,True,propose,CHN,"{CHN}+{EUR,NDE}","{CHN,EUR,NDE}",0.451767385728304,False,1.0,0.451767385728304,False,"EUR,NDE",,
0.9,MIXED_NONUNIQUE,True,propose,CHN,"{CHN}+{EUR,NDE}","{CHN}+{EUR,NDE}",0.548232614271696,True,1.0,0.548232614271696,False,,,
0.9,MIXED_NONUNIQUE,True,propose,CHN,{CHN}+{EUR}+{NDE},"{CHN,EUR,NDE}",1.0,False,1.0,1.0,False,"EUR,NDE",,
0.9,MIXED_NONUNIQUE,True,propose,EUR,"{CHN,EUR,NDE}","{CHN,NDE}+{EUR}",1.0,False,1.0,1.0,True,,,
0.9,MIXED_NONUNIQUE,True,propose,EUR,"{CHN,EUR}+{NDE}","{CHN,EUR}+{NDE}",1.0,True,1.0,1.0,False,,,
0.9,MIXED_NONUNIQUE,True,propose,EUR,"{CHN,NDE}+{EUR}","{CHN,NDE}+{EUR}",1.0,True,1.0,1.0,False,,,
0.9,MIXED_NONUNIQUE,True,propose,EUR,"{CHN}+{EUR,NDE}","{CHN,EUR,NDE}",0.6509958644164721,False,0.13343075089282427,0.08686286701721309,False,"CHN,NDE",,
0.9,MIXED_NONUNIQUE,True,propose,EUR,"{CHN}+{EUR,NDE}",{CHN}+{EUR}+{NDE},0.34900413558352794,False,1.0,0.34900413558352794,True,,,
0.9,MIXED_NONUNIQUE,True,propose,EUR,{CHN}+{EUR}+{NDE},"{CHN,NDE}+{EUR}",1.0,False,1.0,1.0,False,"CHN,NDE",,
0.9,MIXED_NONUNIQUE,True,propose,NDE,"{CHN,EUR,NDE}","{CHN,EUR,NDE}",1.0,True,1.0,1.0,False,,,
0.9,MIXED_NONUNIQUE,True,propose,NDE,"{CHN,EUR}+{NDE}","{CHN,EUR}+{NDE}",1.0,True,1.0,1.0,False,,,
0.9,MIXED_NONUNIQUE,True,propose,NDE,"{CHN,NDE}+{EUR}","{CHN,NDE}+{EUR}",1.0,True,1.0,1.0,False,,,
0.9,MIXED_NONUNIQUE,True,propose,NDE,"{CHN}+{EUR,NDE}","{CHN,EUR,NDE}",1.0,False,0.13343075089282427,0.13343075089282427,False,"CHN,EUR",,
0.9,MIXED_NONUNIQUE,True,propose,NDE,{CHN}+{EUR}+{NDE},"{CHN,NDE}+{EUR}",1.0,False,1.0,1.0,False,CHN,,
0.9,MIXED_NONUNIQUE,True,accept,CHN,"{CHN,EUR,NDE}","{CHN,EUR}+{NDE}",0.0,,,,,,-8.322723648745978e-05,
0.9,MIXED_NONUNIQUE,True,accept,CHN,"{CHN,EUR,NDE}","{CHN,NDE}+{EUR}",0.0,,,,,,-0.00014706383749718555,
0.9,MIXED_NONUNIQUE,True,accept,CHN,"{CHN,EUR,NDE}","{CHN}+{EUR,NDE}",0.4999999999999999,,,,,,0.0,
0.9,MIXED_NONUNIQUE,True,accept,CHN,"{CHN,EUR,NDE}",{CHN}+{EUR}+{NDE},0.0,,,,,,-0.0004693082455418107,
0.9,MIXED_NONUNIQUE,True,accept,CHN,"{CHN,EUR}+{NDE}","{CHN,EUR,NDE}",1.0,,,,,,8.322723648745978e-05,
0.9,MIXED_NONUNIQUE,True,accept,CHN,"{CHN,EUR}+{NDE}","{CHN,NDE}+{EUR}",0.0,,,,,,-6.383660100972577e-05,
0.9,MIXED_NONUNIQUE,True,accept,CHN,"{CHN,EUR}+{NDE}","{CHN}+{EUR,NDE}",1.0,,,,,,8.322723648745978e-05,
0.9,MIXED_NONUNIQUE,True,accept,CHN,"{CHN,EUR}+{NDE}",{CHN}+{EUR}+{NDE},0.0,,,,,,-0.00038608100905435094,
0.9,MIXED_NONUNIQUE,True,accept,CHN,"{CHN,NDE}+{EUR}","{CHN,EUR,NDE}",1.0,,,,,,0.00014706383749718555,
0.9,MIXED_NONUNIQUE,True,accept,CHN,"{CHN,NDE}+{EUR}","{CHN,EUR}+{NDE}",1.0,,,,,,6.383660100972577e-05,
0.9,MIXED_NONUNIQUE,True,accept,CHN,"{CHN,NDE}+{EUR}","{CHN}+{EUR,NDE}",1.0,,,,,,0.00014706383749718555,
0.9,MIXED_NONUNIQUE,True,accept,CHN,"{CHN,NDE}+{EUR}",{CHN}+{EUR}+{NDE},0.0,,,,,,-0.0003222444080446252,
0.9,MIXED_NONUNIQUE,True,accept,CHN,"{CHN}+{EUR,NDE}","{CHN,EUR,NDE}",0.13343075089282427,,,,,,0.0,"EUR,NDE"
0.9,MIXED_NONUNIQUE,True,accept,CHN,"{CHN}+{EUR,NDE}","{CHN,EUR}+{NDE}",0.0,,,,,,-8.322723648745978e-05,
0.9,MIXED_NONUNIQUE,True,accept,CHN,"{CHN}+{EUR,NDE}","{CHN,NDE}+{EUR}",0.0,,,,,,-0.00014706383749718555,
0.9,MIXED_NONUNIQUE,True,accept,CHN,{CHN}+{EUR}+{NDE},"{CHN,EUR,NDE}",1.0,,,,,,0.0004693082455418107,
0.9,MIXED_NONUNIQUE,True,accept,CHN,{CHN}+{EUR}+{NDE},"{CHN,EUR}+{NDE}",1.0,,,,,,0.00038608100905435094,
0.9,MIXED_NONUNIQUE,True,accept,CHN,{CHN}+{EUR}+{NDE},"{CHN,NDE}+{EUR}",1.0,,,,,,0.0003222444080446252,"EUR,NDE"
0.9,MIXED_NONUNIQUE,True,accept,EUR,"{CHN,EUR,NDE}","{CHN,EUR}+{NDE}",1.0,,,,,,1.8007388554508452e-05,
0.9,MIXED_NONUNIQUE,True,accept,EUR,"{CHN,EUR,NDE}","{CHN,NDE}+{EUR}",1.0,,,,,,3.671183410869361e-05,
0.9,MIXED_NONUNIQUE,True,accept,EUR,"{CHN,EUR,NDE}","{CHN}+{EUR,NDE}",0.0,,,,,,-4.089702254006511e-05,
0.9,MIXED_NONUNIQUE,True,accept,EUR,"{CHN,EUR,NDE}",{CHN}+{EUR}+{NDE},0.0,,,,,,-3.544010211342652e-05,
0.9,MIXED_NONUNIQUE,True,accept,EUR,"{CHN,EUR}+{NDE}","{CHN,EUR,NDE}",0.0,,,,,,-1.8007388554508452e-05,
0.9,MIXED_NONUNIQUE,True,accept,EUR,"{CHN,EUR}+{NDE}","{CHN,NDE}+{EUR}",1.0,,,,,,1.8704445554185156e-05,
0.9,MIXED_NONUNIQUE,True,accept,EUR,"{CHN,EUR}+{NDE}","{CHN}+{EUR,NDE}",0.0,,,,,,-5.890441109457356e-05,
0.9,MIXED_NONUNIQUE,True,accept,EUR,"{CHN,EUR}+{NDE}",{CHN}+{EUR}+{NDE},0.0,,,,,,-5.344749066793497e-05,
0.9,MIXED_NONUNIQUE,True,accept,EUR,"{CHN,NDE}+{EUR}","{CHN,EUR,NDE}",0.0,,,,,,-3.671183410869361e-05,
0.9,MIXED_NONUNIQUE,True,accept,EUR,"{CHN,NDE}+{EUR}","{CHN,EUR}+{NDE}",0.0,,,,,,-1.8704445554185156e-05,
0.9,MIXED_NONUNIQUE,True,accept,EUR,"{CHN,NDE}+{EUR}","{CHN}+{EUR,NDE}",0.0,,,,,,-7.760885664875872e-05,
0.9,MIXED_NONUNIQUE,True,accept,EUR,"{CHN}+{EUR,NDE}","{CHN,EUR,NDE}",1.0,,,,,,4.089702254006511e-05,"CHN,NDE"
0.9,MIXED_NONUNIQUE,True,accept,EUR,"{CHN}+{EUR,NDE}","{CHN,EUR}+{NDE}",1.0,,,,,,5.890441109457356e-05,
0.9,MIXED_NONUNIQUE,True,accept,EUR,"{CHN}+{EUR,NDE}","{CHN,NDE}+{EUR}",1.0,,,,,,7.760885664875872e-05,
0.9,MIXED_NONUNIQUE,True,accept,EUR,"{CHN}+{EUR,NDE}",{CHN}+{EUR}+{NDE},1.0,,,,,,5.4569204266385896e-06,
0.9,MIXED_NONUNIQUE,True,accept,EUR,{CHN}+{EUR}+{NDE},"{CHN,EUR,NDE}",1.0,,,,,,3.544010211342652e-05,CHN
0.9,MIXED_NONUNIQUE,True,accept,EUR,{CHN}+{EUR}+{NDE},"{CHN,EUR}+{NDE}",1.0,,,,,,5.344749066793497e-05,
0.9,MIXED_NONUNIQUE,True,accept,EUR,{CHN}+{EUR}+{NDE},"{CHN}+{EUR,NDE}",0.0,,,,,,-5.4569204266385896e-06,
0.9,MIXED_NONUNIQUE,True,accept,NDE,"{CHN,EUR,NDE}","{CHN,EUR}+{NDE}",0.0,,,,,,-0.003609933115900077,
0.9,MIXED_NONUNIQUE,True,accept,NDE,"{CHN,EUR,NDE}","{CHN,NDE}+{EUR}",1.0,,,,,,0.0002711160965525039,
0.9,MIXED_NONUNIQUE,True,accept,NDE,"{CHN,EUR,NDE}","{CHN}+{EUR,NDE}",0.0,,,,,,-0.00017717648215054282,
0.9,MIXED_NONUNIQUE,True,accept,NDE,"{CHN,EUR,NDE}",{CHN}+{EUR}+{NDE},0.0,,,,,,-0.00139889510873914,
0.9,MIXED_NONUNIQUE,True,accept,NDE,"{CHN,EUR}+{NDE}","{CHN,EUR,NDE}",1.0,,,,,,0.003609933115900077,
0.9,MIXED_NONUNIQUE,True,accept,NDE,"{CHN,EUR}+{NDE}","{CHN,NDE}+{EUR}",1.0,,,,,,0.003881049212452581,
0.9,MIXED_NONUNIQUE,True,accept,NDE,"{CHN,EUR}+{NDE}","{CHN}+{EUR,NDE}",1.0,,,,,,0.003432756633749534,
0.9,MIXED_NONUNIQUE,True,accept,NDE,"{CHN,NDE}+{EUR}","{CHN,EUR,NDE}",0.0,,,,,,-0.0002711160965525039,
0.9,MIXED_NONUNIQUE,True,accept,NDE,"{CHN,NDE}+{EUR}","{CHN,EUR}+{NDE}",0.0,,,,,,-0.003881049212452581,
0.9,MIXED_NONUNIQUE,True,accept,NDE,"{CHN,NDE}+{EUR}","{CHN}+{EUR,NDE}",0.0,,,,,,-0.00044829257870304673,
0.9,MIXED_NONUNIQUE,True,accept,NDE,"{CHN,NDE}+{EUR}",{CHN}+{EUR}+{NDE},0.0,,,,,,-0.0016700112052916438,
0.9,MIXED_NONUNIQUE,True,accept,NDE,"{CHN}+{EUR,NDE}","{CHN,EUR,NDE}",1.0,,,,,,0.00017717648215054282,"CHN,EUR"
0.9,MIXED_NONUNIQUE,True,accept,NDE,"{CHN}+{EUR,NDE}","{CHN,EUR}+{NDE}",0.0,,,,,,-0.003432756633749534,
0.9,MIXED_NONUNIQUE,True,accept,NDE,"{CHN}+{EUR,NDE}","{CHN,NDE}+{EUR}",1.0,,,,,,0.00044829257870304673,
0.9,MIXED_NONUNIQUE,True,accept,NDE,"{CHN}+{EUR,NDE}",{CHN}+{EUR}+{NDE},0.0,,,,,,-0.001221718626588597,
0.9,MIXED_NONUNIQUE,True,accept,NDE,{CHN}+{EUR}+{NDE},"{CHN,EUR,NDE}",1.0,,,,,,0.00139889510873914,CHN
0.9,MIXED_NONUNIQUE,True,accept,NDE,{CHN}+{EUR}+{NDE},"{CHN,NDE}+{EUR}",1.0,,,,,,0.0016700112052916438,EUR
0.9,MIXED_NONUNIQUE,True,accept,NDE,{CHN}+{EUR}+{NDE},"{CHN}+{EUR,NDE}",1.0,,,,,,0.001221718626588597,
0.92,MIXED_NONUNIQUE,True,propose,CHN,"{CHN,EUR,NDE}","{CHN,EUR,NDE}",0.37858712589146765,True,1.0,0.37858712589146765,False,,,
0.92,MIXED_NONUNIQUE,True,propose,CHN,"{CHN,EUR,NDE}","{CHN}+{EUR,NDE}",0.6214128741085323,False,1.0,0.6214128741085323,True,,,
0.92,MIXED_NONUNIQUE,True,propose,CHN,"{CHN,EUR}+{NDE}","{CHN,EUR}+{NDE}",1.0,True,1.0,1.0,False,,,
0.92,MIXED_NONUNIQUE,True,propose,CHN,"{CHN,NDE}+{EUR}","{CHN,NDE}+{EUR}",1.0,True,1.0,1.0,False,,,
0.92,MIXED_NONUNIQUE,True,propose,CHN,"{CHN}+{EUR,NDE}","{CHN,EUR,NDE}",0.45444186057959424,False,1.0,0.45444186057959424,False,"EUR,NDE",,
0.92,MIXED_NONUNIQUE,True,propose,CHN,"{CHN}+{EUR,NDE}","{CHN}+{EUR,NDE}",0.5455581394204058,True,1.0,0.5455581394204058,False,,,
0.92,MIXED_NONUNIQUE,True,propose,CHN,{CHN}+{EUR}+{NDE},"{CHN,EUR,NDE}",1.0,False,1.0,1.0,False,"EUR,NDE",,
0.92,MIXED_NONUNIQUE,True,propose,EUR,"{CHN,EUR,NDE}","{CHN,NDE}+{EUR}",1.0,False,1.0,1.0,True,,,
0.92,MIXED_NONUNIQUE,True,propose,EUR,"{CHN,EUR}+{NDE}","{CHN,EUR}+{NDE}",1.0,True,1.0,1.0,False,,,
0.92,MIXED_NONUNIQUE,True,propose,EUR,"{CHN,NDE}+{EUR}","{CHN,NDE}+{EUR}",1.0,True,1.0,1.0,False,,,
0.92,MIXED_NONUNIQUE,True,propose,EUR,"{CHN}+{EUR,NDE}","{CHN,EUR,NDE}",0.6428944249581371,False,0.17094545700764957,0.10989988128213882,False,"CHN,NDE",,
0.92,MIXED_NONUNIQUE,True,propose,EUR,"{CHN}+{EUR,NDE}",{CHN}+{EUR}+{NDE},0.3571055750418629,False,1.0,0.3571055750418629,True,,,
0.92,MIXED_NONUNIQUE,True,propose,EUR,{CHN}+{EUR}+{NDE},"{CHN,NDE}+{EUR}",1.0,False,1.0,1.0,False,"CHN,NDE",,
0.92,MIXED_NONUNIQUE,True,propose,NDE,"{CHN,EUR,NDE}","{CHN,EUR,NDE}",1.0,True,1.0,1.0,False,,,
0.92,MIXED_NONUNIQUE,True,propose,NDE,"{CHN,EUR}+{NDE}","{CHN,EUR}+{NDE}",1.0,True,1.0,1.0,False,,,
0.92,MIXED_NONUNIQUE,True,propose,NDE,"{CHN,NDE}+{EUR}","{CHN,NDE}+{EUR}",1.0,True,1.0,1.0,False,,,
0.92,MIXED_NONUNIQUE,True,propose,NDE,"{CHN}+{EUR,NDE}","{CHN,EUR,NDE}",1.0,False,0.17094545700764957,0.17094545700764957,False,"CHN,EUR",,
0.92,MIXED_NONUNIQUE,True,propose,NDE,{CHN}+{EUR}+{NDE},"{CHN,NDE}+{EUR}",1.0,False,1.0,1.0,False,CHN,,
0.92,MIXED_NONUNIQUE,True,accept,CHN,"{CHN,EUR,NDE}","{CHN,EUR}+{NDE}",0.0,,,,,,-5.787140243640465e-05,
0.92,MIXED_NONUNIQUE,True,accept,CHN,"{CHN,EUR,NDE}","{CHN,NDE}+{EUR}",0.0,,,,,,-0.00012170800344613042,
0.92,MIXED_NONUNIQUE,True,accept,CHN,"{CHN,EUR,NDE}","{CHN}+{EUR,NDE}",0.49999999999999994,,,,,,0.0,
0.92,MIXED_NONUNIQUE,True,accept,CHN,"{CHN,EUR,NDE}",{CHN}+{EUR}+{NDE},0.0,,,,,,-0.00037747506315710666,
0.92,MIXED_NONUNIQUE,True,accept,CHN,"{CHN,EUR}+{NDE}","{CHN,EUR,NDE}",1.0,,,,,,5.787140243640465e-05,
0.92,MIXED_NONUNIQUE,True,accept,CHN,"{CHN,EUR}+{NDE}","{CHN,NDE}+{EUR}",0.0,,,,,,-6.383660100972577e-05,
0.92,MIXED_NONUNIQUE,True,accept,CHN,"{CHN,EUR}+{NDE}","{CHN}+{EUR,NDE}",1.0,,,,,,5.787140243640465e-05,
0.92,MIXED_NONUNIQUE,True,accept,CHN,"{CHN,EUR}+{NDE}",{CHN}+{EUR}+{NDE},0.0,,,,,,-0.000319603660720702,
0.92,MIXED_NONUNIQUE,True,accept,CHN,"{CHN,NDE}+{EUR}","{CHN,EUR,NDE}",1.0,,,,,,0.00012170800344613042,
0.92,MIXED_NONUNIQUE,True,accept,CHN,"{CHN,NDE}+{EUR}","{CHN,EUR}+{NDE}",1.0,,,,,,6.383660100972577e-05,
0.92,MIXED_NONUNIQUE,True,accept,CHN,"{CHN,NDE}+{EUR}","{CHN}+{EUR,NDE}",1.0,,,,,,0.00012170800344613042,
0.92,MIXED_NONUNIQUE,True,accept,CHN,"{CHN,NDE}+{EUR}",{CHN}+{EUR}+{NDE},0.0,,,,,,-0.00025576705971097624,
0.92,MIXED_NONUNIQUE,True,accept,CHN,"{CHN}+{EUR,NDE}","{CHN,EUR,NDE}",0.17094545700764957,,,,,,0.0,"EUR,NDE"
0.92,MIXED_NONUNIQUE,True,accept,CHN,"{CHN}+{EUR,NDE}","{CHN,EUR}+{NDE}",0.0,,,,,,-5.787140243640465e-05,
0.92,MIXED_NONUNIQUE,True,accept,CHN,"{CHN}+{EUR,NDE}","{CHN,NDE}+{EUR}",0.0,,,,,,-0.00012170800344613042,
0.92,MIXED_NONUNIQUE,True,accept,CHN,{CHN}+{EUR}+{NDE},"{CHN,EUR,NDE}",1.0,,,,,,0.00037747506315710666,
0.92,MIXED_NONUNIQUE,True,accept,CHN,{CHN}+{EUR}+{NDE},"{CHN,EUR}+{NDE}",1.0,,,,,,0.000319603660720702,
0.92,MIXED_NONUNIQUE,True,accept,CHN,{CHN}+{EUR}+{NDE},"{CHN,NDE}+{EUR}",1.0,,,,,,0.00025576705971097624,"EUR,NDE"
0.92,MIXED_NONUNIQUE,True,accept,EUR,"{CHN,EUR,NDE}","{CHN,EUR}+{NDE}",1.0,,,,,,1.19792209050118e-05,
0.92,MIXED_NONUNIQUE,True,accept,EUR,"{CHN,EUR,NDE}","{CHN,NDE}+{EUR}",1.0,,,,,,3.0683666459196957e-05,
0.92,MIXED_NONUNIQUE,True,accept,EUR,"{CHN,EUR,NDE}","{CHN}+{EUR,NDE}",0.0,,,,,,-3.3335201260698e-05,
0.92,MIXED_NONUNIQUE,True,accept,EUR,"{CHN,EUR,NDE}",{CHN}+{EUR}+{NDE},0.0,,,,,,-2.7636700046240747e-05,
0.92,MIXED_NONUNIQUE,True,accept,EUR,"{CHN,EUR}+{NDE}","{CHN,EUR,NDE}",0.0,,,,,,-1.19792209050118e-05,
0.92,MIXED_NONUNIQUE,True,accept,EUR,"{CHN,EUR}+{NDE}","{CHN,NDE}+{EUR}",1.0,,,,,,1.8704445554185156e-05,
0.92,MIXED_NONUNIQUE,True,accept,EUR,"{CHN,EUR}+{NDE}","{CHN}+{EUR,NDE}",0.0,,,,,,-4.53144221657098e-05,
0.92,MIXED_NONUNIQUE,True,accept,EUR,"{CHN,EUR}+{NDE}",{CHN}+{EUR}+{NDE},0.0,,,,,,-3.961592095125255e-05,
0.92,MIXED_NONUNIQUE,True,accept,EUR,"{CHN,NDE}+{EUR}","{CHN,EUR,NDE}",0.0,,,,,,-3.0683666459196957e-05,
0.92,MIXED_NONUNIQUE,True,accept,EUR,"{CHN,NDE}+{EUR}","{CHN,EUR}+{NDE}",0.0,,,,,,-1.8704445554185156e-05,
0.92,MIXED_NONUNIQUE,True,accept,EUR,"{CHN,NDE}+{EUR}","{CHN}+{EUR,NDE}",0.0,,,,,,-6.401886771989496e-05,
0.92,MIXED_NONUNIQUE,True,accept,EUR,"{CHN}+{EUR,NDE}","{CHN,EUR,NDE}",1.0,,,,,,3.3335201260698e-05,"CHN,NDE"
0.92,MIXED_NONUNIQUE,True,accept,EUR,"{CHN}+{EUR,NDE}","{CHN,EUR}+{NDE}",1.0,,,,,,4.53144221657098e-05,
0.92,MIXED_NONUNIQUE,True,accept,EUR,"{CHN}+{EUR,NDE}","{CHN,NDE}+{EUR}",1.0,,,,,,6.401886771989496e-05,
0.92,MIXED_NONUNIQUE,True,accept,EUR,"{CHN}+{EUR,NDE}",{CHN}+{EUR}+{NDE},1.0,,,,,,5.698501214457252e-06,
0.92,MIXED_NONUNIQUE,True,accept,EUR,{CHN}+{EUR}+{NDE},"{CHN,EUR,NDE}",1.0,,,,,,2.7636700046240747e-05,CHN
0.92,MIXED_NONUNIQUE,True,accept,EUR,{CHN}+{EUR}+{NDE},"{CHN,EUR}+{NDE}",1.0,,,,,,3.961592095125255e-05,
0.92,MIXED_NONUNIQUE,True,accept,EUR,{CHN}+{EUR}+{NDE},"{CHN}+{EUR,NDE}",0.0,,,,,,-5.698501214457252e-06,
0.92,MIXED_NONUNIQUE,True,accept,NDE,"{CHN,EUR,NDE}","{CHN,EUR}+{NDE}",0.0,,,,,,-0.003649188987100871,
0.92,MIXED_NONUNIQUE,True,accept,NDE,"{CHN,EUR,NDE}","{CHN,NDE}+{EUR}",1.0,,,,,,0.00023186022535170991,
0.92,MIXED_NONUNIQUE,True,accept,NDE,"{CHN,EUR,NDE}","{CHN}+{EUR,NDE}",0.0,,,,,,-0.00015696080026472714,
0.92,MIXED_NONUNIQUE,True,accept,NDE,"{CHN,EUR,NDE}",{CHN}+{EUR}+{NDE},0.0,,,,,,-0.0011101846781507163,
0.92,MIXED_NONUNIQUE,True,accept,NDE,"{CHN,EUR}+{NDE}","{CHN,EUR,NDE}",1.0,,,,,,0.003649188987100871,
0.92,MIXED_NONUNIQUE,True,accept,NDE,"{CHN,EUR}+{NDE}","{CHN,NDE}+{EUR}",1.0,,,,,,0.003881049212452581,
0.92,MIXED_NONUNIQUE,True,accept,NDE,"{CHN,EUR}+{NDE}","{CHN}+{EUR,NDE}",1.0,,,,,,0.0034922281868361438,
0.92,MIXED_NONUNIQUE,True,accept,NDE,"{CHN,NDE}+{EUR}","{CHN,EUR,NDE}",0.0,,,,,,-0.00023186022535170991,
0.92,MIXED_NONUNIQUE,True,accept,NDE,"{CHN,NDE}+{EUR}","{CHN,EUR}+{NDE}",0.0,,,,,,-0.003881049212452581,
0.92,MIXED_NONUNIQUE,True,accept,NDE,"{CHN,NDE}+{EUR}","{CHN}+{EUR,NDE}",0.0,,,,,,-0.00038882102561643705,
0.92,MIXED_NONUNIQUE,True,accept,NDE,"{CHN,NDE}+{EUR}",{CHN}+{EUR}+{NDE},0.0,,,,,,-0.0013420449035024262,
0.92,MIXED_NONUNIQUE,True,accept,NDE,"{CHN}+{EUR,NDE}","{CHN,EUR,NDE}",1.0,,,,,,0.00015696080026472714,"CHN,EUR"
0.92,MIXED_NONUNIQUE,True,accept,NDE,"{CHN}+{EUR,NDE}","{CHN,EUR}+{NDE}",0.0,,,,,,-0.0034922281868361438,
0.92,MIXED_NONUNIQUE,True,accept,NDE,"{CHN}+{EUR,NDE}","{CHN,NDE}+{EUR}",1.0,,,,,,0.00038882102561643705,
0.92,MIXED_NONUNIQUE,True,accept,NDE,"{CHN}+{EUR,NDE}",{CHN}+{EUR}+{NDE},0.0,,,,,,-0.0009532238778859892,
0.92,MIXED_NONUNIQUE,True,accept,NDE,{CHN}+{EUR}+{NDE},"{CHN,EUR,NDE}",1.0,,,,,,0.0011101846781507163,CHN
0.92,MIXED_NONUNIQUE,True,accept,NDE,{CHN}+{EUR}+{NDE},"{CHN,NDE}+{EUR}",1.0,,,,,,0.0013420449035024262,EUR
0.92,MIXED_NONUNIQUE,True,accept,NDE,{CHN}+{EUR}+{NDE},"{CHN}+{EUR,NDE}",1.0,,,,,,0.0009532238778859892,
0.94,MIXED_NONUNIQUE,True,propose,CHN,"{CHN,EUR,NDE}","{CHN,EUR,NDE}",0.39223970662125524,True,1.0,0.39223970662125524,False,,,
0.94,MIXED_NONUNIQUE,True,propose,CHN,"{CHN,EUR,NDE}","{CHN}+{EUR,NDE}",0.6077602933787447,False,1.0,0.6077602933787447,True,,,
0.94,MIXED_NONUNIQUE,True,propose,CHN,"{CHN,EUR}+{NDE}","{CHN,EUR}+{NDE}",1.0,True,1.0,1.0,False,,,
0.94,MIXED_NONUNIQUE,True,propose,CHN,"{CHN,NDE}+{EUR}","{CHN,NDE}+{EUR}",1.0,True,1.0,1.0,False,,,
0.94,MIXED_NONUNIQUE,True,propose,CHN,"{CHN}+{EUR,NDE}","{CHN,EUR,NDE}",0.45449745736857444,False,1.0,0.45449745736857444,False,"EUR,NDE",,
0.94,MIXED_NONUNIQUE,True,propose,CHN,"{CHN}+{EUR,NDE}","{CHN}+{EUR,NDE}",0.5455025426314255,True,1.0,0.5455025426314255,False,,,
0.94,MIXED_NONUNIQUE,True,propose,CHN,{CHN}+{EUR}+{NDE},"{CHN,EUR,NDE}",1.0,False,1.0,1.0,False,"EUR,NDE",,
0.94,MIXED_NONUNIQUE,True,propose,EUR,"{CHN,EUR,NDE}","{CHN,NDE}+{EUR}",1.0,False,1.0,1.0,True,,,
0.94,MIXED_NONUNIQUE,True,propose,EUR,"{CHN,EUR}+{NDE}","{CHN,EUR}+{NDE}",1.0,True,1.0,1.0,False,,,
0.94,MIXED_NONUNIQUE,True,propose,EUR,"{CHN,NDE}+{EUR}","{CHN,NDE}+{EUR}",1.0,True,1.0,1.0,False,,,
0.94,MIXED_NONUNIQUE,True,propose,EUR,"{CHN}+{EUR,NDE}","{CHN,EUR,NDE}",0.6342230434123316,False,0.20932234771920238,0.13275705642468685,False,"CHN,NDE",,
0.94,MIXED_NONUNIQUE,True,propose,EUR,"{CHN}+{EUR,NDE}",{CHN}+{EUR}+{NDE},0.3657769565876684,False,1.0,0.3657769565876684,True,,,
0.94,MIXED_NONUNIQUE,True,propose,EUR,{CHN}+{EUR}+{NDE},"{CHN,NDE}+{EUR}",1.0,False,1.0,1.0,False,"CHN,NDE",,
0.94,MIXED_NONUNIQUE,True,propose,NDE,"{CHN,EUR,NDE}","{CHN,EUR,NDE}",1.0,True,1.0,1.0,False,,,
0.94,MIXED_NONUNIQUE,True,propose,NDE,"{CHN,EUR}+{NDE}","{CHN,EUR}+{NDE}",1.0,True,1.0,1.0,False,,,
0.94,MIXED_NONUNIQUE,True,propose,NDE,"{CHN,NDE}+{EUR}","{CHN,NDE}+{EUR}",1.0,True,1.0,1.0,False,,,
0.94,MIXED_NONUNIQUE,True,propose,NDE,"{CHN}+{EUR,NDE}","{CHN,EUR,NDE}",1.0,False,0.20932234771920238,0.20932234771920238,False,"CHN,EUR",,
0.94,MIXED_NONUNIQUE,True,propose,NDE,{CHN}+{EUR}+{NDE},"{CHN,NDE}+{EUR}",1.0,False,1.0,1.0,False,CHN,,
0.94,MIXED_NONUNIQUE,True,accept,CHN,"{CHN,EUR,NDE}","{CHN,EUR}+{NDE}",0.0,,,,,,-3.0704437381956495e-05,
0.94,MIXED_NONUNIQUE,True,accept,CHN,"{CHN,EUR,NDE}","{CHN,NDE}+{EUR}",0.0,,,,,,-9.454103839168226e-05,
0.94,MIXED_NONUNIQUE,True,accept,CHN,"{CHN,EUR,NDE}","{CHN}+{EUR,NDE}",0.5000000000000002,,,,,,0.0,
0.94,MIXED_NONUNIQUE,True,accept,CHN,"{CHN,EUR,NDE}",{CHN}+{EUR}+{NDE},0.0,,,,,,-0.00028473631527248244,
0.94,MIXED_NONUNIQUE,True,accept,CHN,"{CHN,EUR}+{NDE}","{CHN,EUR,NDE}",1.0,,,,,,3.0704437381956495e-05,
0.94,MIXED_NONUNIQUE,True,accept,CHN,"{CHN,EUR}+{NDE}","{CHN,NDE}+{EUR}",0.0,,,,,,-6.383660100972577e-05,
0.94,MIXED_NONUNIQUE,True,accept,CHN,"{CHN,EUR}+{NDE}","{CHN}+{EUR,NDE}",1.0,,,,,,3.0704437381956495e-05,
0.94,MIXED_NONUNIQUE,True,accept,CHN,"{CHN,EUR}+{NDE}",{CHN}+{EUR}+{NDE},0.0,,,,,,-0.00025403187789052595,
0.94,MIXED_NONUNIQUE,True,accept,CHN,"{CHN,NDE}+{EUR}","{CHN,EUR,NDE}",1.0,,,,,,9.454103839168226e-05,
0.94,MIXED_NONUNIQUE,True,accept,CHN,"{CHN,NDE}+{EUR}","{CHN,EUR}+{NDE}",1.0,,,,,,6.383660100972577e-05,
0.94,MIXED_NONUNIQUE,True,accept,CHN,"{CHN,NDE}+{EUR}","{CHN}+{EUR,NDE}",1.0,,,,,,9.454103839168226e-05,
0.94,MIXED_NONUNIQUE,True,accept,CHN,"{CHN,NDE}+{EUR}",{CHN}+{EUR}+{NDE},0.0,,,,,,-0.00019019527688080018,
0.94,MIXED_NONUNIQUE,True,accept,CHN,"{CHN}+{EUR,NDE}","{CHN,EUR,NDE}",0.20932234771920238,,,,,,0.0,"EUR,NDE"
0.94,MIXED_NONUNIQUE,True,accept,CHN,"{CHN}+{EUR,NDE}","{CHN,EUR}+{NDE}",0.0,,,,,,-3.0704437381956495e-05,
0.94,MIXED_NONUNIQUE,True,accept,CHN,"{CHN}+{EUR,NDE}","{CHN,NDE}+{EUR}",0.0,,,,,,-9.454103839168226e-05,
0.94,MIXED_NONUNIQUE,True,accept,CHN,{CHN}+{EUR}+{NDE},"{CHN,EUR,NDE}",1.0,,,,,,0.00028473631527248244,
0.94,MIXED_NONUNIQUE,True,accept,CHN,{CHN}+{EUR}+{NDE},"{CHN,EUR}+{NDE}",1.0,,,,,,0.00025403187789052595,
0.94,MIXED_NONUNIQUE,True,accept,CHN,{CHN}+{EUR}+{NDE},"{CHN,NDE}+{EUR}",1.0,,,,,,0.00019019527688080018,"EUR,NDE"
0.94,MIXED_NONUNIQUE,True,accept,EUR,"{CHN,EUR,NDE}","{CHN,EUR}+{NDE}",1.0,,,,,,5.3691565486957415e-06,
0.94,MIXED_NONUNIQUE,True,accept,EUR,"{CHN,EUR,NDE}","{CHN,NDE}+{EUR}",1.0,,,,,,2.4073602102880898e-05,
0.94,MIXED_NONUNIQUE,True,accept,EUR,"{CHN,EUR,NDE}","{CHN}+{EUR,NDE}",0.0,,,,,,-2.5487619923048044e-05,
0.94,MIXED_NONUNIQUE,True,accept,EUR,"{CHN,EUR,NDE}",{CHN}+{EUR}+{NDE},0.0,,,,,,-2.0152491483127477e-05,
0.94,MIXED_NONUNIQUE,True,accept,EUR,"{CHN,EUR}+{NDE}","{CHN,EUR,NDE}",0.0,,,,,,-5.3691565486957415e-06,
0.94,MIXED_NONUNIQUE,True,accept,EUR,"{CHN,EUR}+{NDE}","{CHN,NDE}+{EUR}",1.0,,,,,,1.8704445554185156e-05,
0.94,MIXED_NONUNIQUE,True,accept,EUR,"{CHN,EUR}+{NDE}","{CHN}+{EUR,NDE}",0.0,,,,,,-3.0856776471743785e-05,
0.94,MIXED_NONUNIQUE,True,accept,EUR,"{CHN,EUR}+{NDE}",{CHN}+{EUR}+{NDE},0.0,,,,,,-2.552164803182322e-05,
0.94,MIXED_NONUNIQUE,True,accept,EUR,"{CHN,NDE}+{EUR}","{CHN,EUR,NDE}",0.0,,,,,,-2.4073602102880898e-05,
0.94,MIXED_NONUNIQUE,True,accept,EUR,"{CHN,NDE}+{EUR}","{CHN,EUR}+{NDE}",0.0,,,,,,-1.8704445554185156e-05,
0.94,MIXED_NONUNIQUE,True,accept,EUR,"{CHN,NDE}+{EUR}","{CHN}+{EUR,NDE}",0.0,,,,,,-4.956122202592894e-05,
0.94,MIXED_NONUNIQUE,True,accept,EUR,"{CHN}+{EUR,NDE}","{CHN,EUR,NDE}",1.0,,,,,,2.5487619923048044e-05,"CHN,NDE"
0.94,MIXED_NONUNIQUE,True,accept,EUR,"{CHN}+{EUR,NDE}","{CHN,EUR}+{NDE}",1.0,,,,,,3.0856776471743785e-05,
0.94,MIXED_NONUNIQUE,True,accept,EUR,"{CHN}+{EUR,NDE}","{CHN,NDE}+{EUR}",1.0,,,,,,4.956122202592894e-05,
0.94,MIXED_NONUNIQUE,True,accept,EUR,"{CHN}+{EUR,NDE}",{CHN}+{EUR}+{NDE},1.0,,,,,,5.335128439920567e-06,
0.94,MIXED_NONUNIQUE,True,accept,EUR,{CHN}+{EUR}+{NDE},"{CHN,EUR,NDE}",1.0,,,,,,2.0152491483127477e-05,CHN
0.94,MIXED_NONUNIQUE,True,accept,EUR,{CHN}+{EUR}+{NDE},"{CHN,EUR}+{NDE}",1.0,,,,,,2.552164803182322e-05,
0.94,MIXED_NONUNIQUE,True,accept,EUR,{CHN}+{EUR}+{NDE},"{CHN}+{EUR,NDE}",0.0,,,,,,-5.335128439920567e-06,
0.94,MIXED_NONUNIQUE,True,accept,NDE,"{CHN,EUR,NDE}","{CHN,EUR}+{NDE}",0.0,,,,,,-0.0036948888232188892,
0.94,MIXED_NONUNIQUE,True,accept,NDE,"{CHN,EUR,NDE}","{CHN,NDE}+{EUR}",1.0,,,,,,0.0001861603892336916,
0.94,MIXED_NONUNIQUE,True,accept,NDE,"{CHN,EUR,NDE}","{CHN}+{EUR,NDE}",0.0,,,,,,-0.000129674040060479,
0.94,MIXED_NONUNIQUE,True,accept,NDE,"{CHN,EUR,NDE}",{CHN}+{EUR}+{NDE},0.0,,,,,,-0.0008253756918534805,
0.94,MIXED_NONUNIQUE,True,accept,NDE,"{CHN,EUR}+{NDE}","{CHN,EUR,NDE}",1.0,,,,,,0.0036948888232188892,
0.94,MIXED_NONUNIQUE,True,accept,NDE,"{CHN,EUR}+{NDE}","{CHN,NDE}+{EUR}",1.0,,,,,,0.003881049212452581,
0.94,MIXED_NONUNIQUE,True,accept,NDE,"{CHN,EUR}+{NDE}","{CHN}+{EUR,NDE}",1.0,,,,,,0.0035652147831584102,
0.94,MIXED_NONUNIQUE,True,accept,NDE,"{CHN,NDE}+{EUR}","{CHN,EUR,NDE}",0.0,,,,,,-0.0001861603892336916,
0.94,MIXED_NONUNIQUE,True,accept,NDE,"{CHN,NDE}+{EUR}","{CHN,EUR}+{NDE}",0.0,,,,,,-0.003881049212452581,
0.94,MIXED_NONUNIQUE,True,accept,NDE,"{CHN,NDE}+{EUR}","{CHN}+{EUR,NDE}",0.0,,,,,,-0.0003158344292941706,
0.94,MIXED_NONUNIQUE,True,accept,NDE,"{CHN,NDE}+{EUR}",{CHN}+{EUR}+{NDE},0.0,,,,,,-0.001011536081087172,
0.94,MIXED_NONUNIQUE,True,accept,NDE,"{CHN}+{EUR,NDE}","{CHN,EUR,NDE}",1.0,,,,,,0.000129674040060479,"CHN,EUR"
0.94,MIXED_NONUNIQUE,True,accept,NDE,"{CHN}+{EUR,NDE}","{CHN,EUR}+{NDE}",0.0,,,,,,-0.0035652147831584102,
0.94,MIXED_NONUNIQUE,True,accept,NDE,"{CHN}+{EUR,NDE}","{CHN,NDE}+{EUR}",1.0,,,,,,0.0003158344292941706,
0.94,MIXED_NONUNIQUE,True,accept,NDE,"{CHN}+{EUR,NDE}",{CHN}+{EUR}+{NDE},0.0,,,,,,-0.0006957016517930015,
0.94,MIXED_NONUNIQUE,True,accept,NDE,{CHN}+{EUR}+{NDE},"{CHN,EUR,NDE}",1.0,,,,,,0.0008253756918534805,CHN
0.94,MIXED_NONUNIQUE,True,accept,NDE,{CHN}+{EUR}+{NDE},"{CHN,NDE}+{EUR}",1.0,,,,,,0.001011536081087172,EUR
0.94,MIXED_NONUNIQUE,True,accept,NDE,{CHN}+{EUR}+{NDE},"{CHN}+{EUR,NDE}",1.0,,,,,,0.0006957016517930015,
0.95,MIXED_NONUNIQUE,True,propose,CHN,"{CHN,EUR,NDE}","{CHN,EUR,NDE}",0.39899920211259676,True,1.0,0.39899920211259676,False,,,
0.95,MIXED_NONUNIQUE,True,propose,CHN,"{CHN,EUR,NDE}","{CHN}+{EUR,NDE}",0.6010007978874032,False,1.0,0.6010007978874032,True,,,
0.95,MIXED_NONUNIQUE,True,propose,CHN,"{CHN,EUR}+{NDE}","{CHN,EUR}+{NDE}",1.0,True,1.0,1.0,False,,,
0.95,MIXED_NONUNIQUE,True,propose,CHN,"{CHN,NDE}+{EUR}","{CHN,NDE}+{EUR}",1.0,True,1.0,1.0,False,,,
0.95,MIXED_NONUNIQUE,True,propose,CHN,"{CHN}+{EUR,NDE}","{CHN,EUR,NDE}",0.4549707658874274,False,1.0,0.4549707658874274,False,"EUR,NDE",,
0.95,MIXED_NONUNIQUE,True,propose,CHN,"{CHN}+{EUR,NDE}","{CHN}+{EUR,NDE}",0.5450292341125726,True,1.0,0.5450292341125726,False,,,
0.95,MIXED_NONUNIQUE,True,propose,CHN,{CHN}+{EUR}+{NDE},"{CHN,EUR,NDE}",1.0,False,1.0,1.0,False,"EUR,NDE",,
0.95,MIXED_NONUNIQUE,True,propose,EUR,"{CHN,EUR,NDE}","{CHN,NDE}+{EUR}",1.0,False,1.0,1.0,True,,,
0.95,MIXED_NONUNIQUE,True,propose,EUR,"{CHN,EUR}+{NDE}","{CHN,EUR}+{NDE}",1.0,True,1.0,1.0,False,,,
0.95,MIXED_NONUNIQUE,True,propose,EUR,"{CHN,NDE}+{EUR}","{CHN,NDE}+{EUR}",1.0,True,1.0,1.0,False,,,
0.95,MIXED_NONUNIQUE,True,propose,EUR,"{CHN}+{EUR,NDE}","{CHN,EUR,NDE}",0.6296592187307496,False,0.22839298831961047,0.14380975058890713,False,"CHN,NDE",,
0.95,MIXED_NONUNIQUE,True,propose,EUR,"{CHN}+{EUR,NDE}",{CHN}+{EUR}+{NDE},0.3703407812692504,False,1.0,0.3703407812692504,True,,,
0.95,MIXED_NONUNIQUE,True,propose,EUR,{CHN}+{EUR}+{NDE},"{CHN,NDE}+{EUR}",1.0,False,1.0,1.0,False,"CHN,NDE",,
0.95,MIXED_NONUNIQUE,True,propose,NDE,"{CHN,EUR,NDE}","{CHN,EUR,NDE}",1.0,True,1.0,1.0,False,,,
0.95,MIXED_NONUNIQUE,True,propose,NDE,"{CHN,EUR}+{NDE}","{CHN,EUR}+{NDE}",1.0,True,1.0,1.0,False,,,
0.95,MIXED_NONUNIQUE,True,propose,NDE,"{CHN,NDE}+{EUR}","{CHN,NDE}+{EUR}",1.0,True,1.0,1.0,False,,,
0.95,MIXED_NONUNIQUE,True,propose,NDE,"{CHN}+{EUR,NDE}","{CHN,EUR,NDE}",1.0,False,0.22839298831961047,0.22839298831961047,False,"CHN,EUR",,
0.95,MIXED_NONUNIQUE,True,propose,NDE,{CHN}+{EUR}+{NDE},"{CHN,NDE}+{EUR}",1.0,False,1.0,1.0,False,CHN,,
0.95,MIXED_NONUNIQUE,True,accept,CHN,"{CHN,EUR,NDE}","{CHN,EUR}+{NDE}",0.0,,,,,,-1.6380037624941224e-05,
0.95,MIXED_NONUNIQUE,True,accept,CHN,"{CHN,EUR,NDE}","{CHN,NDE}+{EUR}",0.0,,,,,,-8.021663863466699e-05,
0.95,MIXED_NONUNIQUE,True,accept,CHN,"{CHN,EUR,NDE}","{CHN}+{EUR,NDE}",0.49999999999999994,,,,,,0.0,
0.95,MIXED_NONUNIQUE,True,accept,CHN,"{CHN,EUR,NDE}",{CHN}+{EUR}+{NDE},0.0,,,,,,-0.00023799648271349838,
0.95,MIXED_NONUNIQUE,True,accept,CHN,"{CHN,EUR}+{NDE}","{CHN,EUR,NDE}",1.0,,,,,,1.6380037624941224e-05,
0.95,MIXED_NONUNIQUE,True,accept,CHN,"{CHN,EUR}+{NDE}","{CHN,NDE}+{EUR}",0.0,,,,,,-6.383660100972577e-05,
0.95,MIXED_NONUNIQUE,True,accept,CHN,"{CHN,EUR}+{NDE}","{CHN}+{EUR,NDE}",1.0,,,,,,1.6380037624941224e-05,
0.95,MIXED_NONUNIQUE,True,accept,CHN,"{CHN,EUR}+{NDE}",{CHN}+{EUR}+{NDE},0.0,,,,,,-0.00022161644508855716,
0.95,MIXED_NONUNIQUE,True,accept,CHN,"{CHN,NDE}+{EUR}","{CHN,EUR,NDE}",1.0,,,,,,8.021663863466699e-05,
0.95,MIXED_NONUNIQUE,True,accept,CHN,"{CHN,NDE}+{EUR}","{CHN,EUR}+{NDE}",1.0,,,,,,6.383660100972577e-05,
0.95,MIXED_NONUNIQUE,True,accept,CHN,"{CHN,NDE}+{EUR}","{CHN}+{EUR,NDE}",1.0,,,,,,8.021663863466699e-05,
0.95,MIXED_NONUNIQUE,True,accept,CHN,"{CHN,NDE}+{EUR}",{CHN}+{EUR}+{NDE},0.0,,,,,,-0.0001577798440788314,
0.95,MIXED_NONUNIQUE,True,accept,CHN,"{CHN}+{EUR,NDE}","{CHN,EUR,NDE}",0.22839298831961047,,,,,,0.0,"EUR,NDE"
0.95,MIXED_NONUNIQUE,True,accept,CHN,"{CHN}+{EUR,NDE}","{CHN,EUR}+{NDE}",0.0,,,,,,-1.6380037624941224e-05,
0.95,MIXED_NONUNIQUE,True,accept,CHN,"{CHN}+{EUR,NDE}","{CHN,NDE}+{EUR}",0.0,,,,,,-8.021663863466699e-05,
0.95,MIXED_NONUNIQUE,True,accept,CHN,{CHN}+{EUR}+{NDE},"{CHN,EUR,NDE}",1.0,,,,,,0.00023799648271349838,
0.95,MIXED_NONUNIQUE,True,accept,CHN,{CHN}+{EUR}+{NDE},"{CHN,EUR}+{NDE}",1.0,,,,,,0.00022161644508855716,
0.95,MIXED_NONUNIQUE,True,accept,CHN,{CHN}+{EUR}+{NDE},"{CHN,NDE}+{EUR}",1.0,,,,,,0.0001577798440788314,"EUR,NDE"
0.95,MIXED_NONUNIQUE,True,accept,EUR,"{CHN,EUR,NDE}","{CHN,EUR}+{NDE}",1.0,,,,,,1.819712305728416e-06,
0.95,MIXED_NONUNIQUE,True,accept,EUR,"{CHN,EUR,NDE}","{CHN,NDE}+{EUR}",1.0,,,,,,2.0524157859913572e-05,
0.95,MIXED_NONUNIQUE,True,accept,EUR,"{CHN,EUR,NDE}","{CHN}+{EUR,NDE}",0.0,,,,,,-2.1441422304313562e-05,
0.95,MIXED_NONUNIQUE,True,accept,EUR,"{CHN,EUR,NDE}",{CHN}+{EUR}+{NDE},0.0,,,,,,-1.6544351790326317e-05,
0.95,MIXED_NONUNIQUE,True,accept,EUR,"{CHN,EUR}+{NDE}","{CHN,EUR,NDE}",0.0,,,,,,-1.819712305728416e-06,
0.95,MIXED_NONUNIQUE,True,accept,EUR,"{CHN,EUR}+{NDE}","{CHN,NDE}+{EUR}",1.0,,,,,,1.8704445554185156e-05,
0.95,MIXED_NONUNIQUE,True,accept,EUR,"{CHN,EUR}+{NDE}","{CHN}+{EUR,NDE}",0.0,,,,,,-2.3261134610041978e-05,
0.95,MIXED_NONUNIQUE,True,accept,EUR,"{CHN,EUR}+{NDE}",{CHN}+{EUR}+{NDE},0.0,,,,,,-1.8364064096054733e-05,
0.95,MIXED_NONUNIQUE,True,accept,EUR,"{CHN,NDE}+{EUR}","{CHN,EUR,NDE}",0.0,,,,,,-2.0524157859913572e-05,
0.95,MIXED_NONUNIQUE,True,accept,EUR,"{CHN,NDE}+{EUR}","{CHN,EUR}+{NDE}",0.0,,,,,,-1.8704445554185156e-05,
0.95,MIXED_NONUNIQUE,True,accept,EUR,"{CHN,NDE}+{EUR}","{CHN}+{EUR,NDE}",0.0,,,,,,-4.1965580164227134e-05,
0.95,MIXED_NONUNIQUE,True,accept,EUR,"{CHN}+{EUR,NDE}","{CHN,EUR,NDE}",1.0,,,,,,2.1441422304313562e-05,"CHN,NDE"
0.95,MIXED_NONUNIQUE,True,accept,EUR,"{CHN}+{EUR,NDE}","{CHN,EUR}+{NDE}",1.0,,,,,,2.3261134610041978e-05,
0.95,MIXED_NONUNIQUE,True,accept,EUR,"{CHN}+{EUR,NDE}","{CHN,NDE}+{EUR}",1.0,,,,,,4.1965580164227134e-05,
0.95,MIXED_NONUNIQUE,True,accept,EUR,"{CHN}+{EUR,NDE}",{CHN}+{EUR}+{NDE},1.0,,,,,,4.897070513987245e-06,
0.95,MIXED_NONUNIQUE,True,accept,EUR,{CHN}+{EUR}+{NDE},"{CHN,EUR,NDE}",1.0,,,,,,1.6544351790326317e-05,CHN
0.95,MIXED_NONUNIQUE,True,accept,EUR,{CHN}+{EUR}+{NDE},"{CHN,EUR}+{NDE}",1.0,,,,,,1.8364064096054733e-05,
0.95,MIXED_NONUNIQUE,True,accept,EUR,{CHN}+{EUR}+{NDE},"{CHN}+{EUR,NDE}",0.0,,,,,,-4.897070513987245e-06,
0.95,MIXED_NONUNIQUE,True,accept,NDE,"{CHN,EUR,NDE}","{CHN,EUR}+{NDE}",0.0,,,,,,-0.003720474024731857,
0.95,MIXED_NONUNIQUE,True,accept,NDE,"{CHN,EUR,NDE}","{CHN,NDE}+{EUR}",1.0,,,,,,0.000160575187720724,
0.95,MIXED_NONUNIQUE,True,accept,NDE,"{CHN,EUR,NDE}","{CHN}+{EUR,NDE}",0.0,,,,,,-0.00011317628160867343,
0.95,MIXED_NONUNIQUE,True,accept,NDE,"{CHN,EUR,NDE}",{CHN}+{EUR}+{NDE},0.0,,,,,,-0.0006846118098877696,
0.95,MIXED_NONUNIQUE,True,accept,NDE,"{CHN,EUR}+{NDE}","{CHN,EUR,NDE}",1.0,,,,,,0.003720474024731857,
0.95,MIXED_NONUNIQUE,True,accept,NDE,"{CHN,EUR}+{NDE}","{CHN,NDE}+{EUR}",1.0,,,,,,0.003881049212452581,
0.95,MIXED_NONUNIQUE,True,accept,NDE,"{CHN,EUR}+{NDE}","{CHN}+{EUR,NDE}",1.0,,,,,,0.0036072977431231834,
0.95,MIXED_NONUNIQUE,True,accept,NDE,"{CHN,NDE}+{EUR}","{CHN,EUR,NDE}",0.0,,,,,,-0.000160575187720724,
0.95,MIXED_NONUNIQUE,True,accept,NDE,"{CHN,NDE}+{EUR}","{CHN,EUR}+{NDE}",0.0,,,,,,-0.003881049212452581,
0.95,MIXED_NONUNIQUE,True,accept,NDE,"{CHN,NDE}+{EUR}","{CHN}+{EUR,NDE}",0.0,,,,,,-0.0002737514693293974,
0.95,MIXED_NONUNIQUE,True,accept,NDE,"{CHN,NDE}+{EUR}",{CHN}+{EUR}+{NDE},0.0,,,,,,-0.0008451869976084936,
0.95,MIXED_NONUNIQUE,True,accept,NDE,"{CHN}+{EUR,NDE}","{CHN,EUR,NDE}",1.0,,,,,,0.00011317628160867343,"CHN,EUR"
0.95,MIXED_NONUNIQUE,True,accept,NDE,"{CHN}+{EUR,NDE}","{CHN,EUR}+{NDE}",0.0,,,,,,-0.0036072977431231834,
0.95,MIXED_NONUNIQUE,True,accept,NDE,"{CHN}+{EUR,NDE}","{CHN,NDE}+{EUR}",1.0,,,,,,0.0002737514693293974,
0.95,MIXED_NONUNIQUE,True,accept,NDE,"{CHN}+{EUR,NDE}",{CHN}+{EUR}+{NDE},0.0,,,,,,-0.0005714355282790962,
0.95,MIXED_NONUNIQUE,True,accept,NDE,{CHN}+{EUR}+{NDE},"{CHN,EUR,NDE}",1.0,,,,,,0.0006846118098877696,CHN
0.95,MIXED_NONUNIQUE,True,accept,NDE,{CHN}+{EUR}+{NDE},"{CHN,NDE}+{EUR}",1.0,,,,,,0.0008451869976084936,EUR
0.95,MIXED_NONUNIQUE,True,accept,NDE,{CHN}+{EUR}+{NDE},"{CHN}+{EUR,NDE}",1.0,,,,,,0.0005714355282790962,
0.96,MIXED_NONUNIQUE,True,propose,CHN,"{CHN,EUR,NDE}","{CHN,EUR,NDE}",0.40571562918173226,True,1.0,0.40571562918173226,False,,,
0.96,MIXED_NONUNIQUE,True,propose,CHN,"{CHN,EUR,NDE}","{CHN}+{EUR,NDE}",0.5942843708182677,False,1.0,0.5942843708182677,True,,,
0.96,MIXED_NONUNIQUE,True,propose,CHN,"{CHN,EUR}+{NDE}","{CHN,EUR,NDE}",1.0,False,1.0,1.0,False,"EUR,NDE",,
0.96,MIXED_NONUNIQUE,True,propose,CHN,"{CHN,NDE}+{EUR}","{CHN,NDE}+{EUR}",1.0,True,1.0,1.0,False,,,
0.96,MIXED_NONUNIQUE,True,propose,CHN,"{CHN}+{EUR,NDE}","{CHN,EUR,NDE}",0.45575884705909675,False,1.0,0.45575884705909675,False,"EUR,NDE",,
0.96,MIXED_NONUNIQUE,True,propose,CHN,"{CHN}+{EUR,NDE}","{CHN}+{EUR,NDE}",0.5442411529409033,True,1.0,0.5442411529409033,False,,,
0.96,MIXED_NONUNIQUE,True,propose,CHN,{CHN}+{EUR}+{NDE},"{CHN,EUR,NDE}",1.0,False,1.0,1.0,False,"EUR,NDE",,
0.96,MIXED_NONUNIQUE,True,propose,EUR,"{CHN,EUR,NDE}","{CHN,NDE}+{EUR}",1.0,False,1.0,1.0,True,,,
0.96,MIXED_NONUNIQUE,True,propose,EUR,"{CHN,EUR}+{NDE}","{CHN,EUR,NDE}",1.0,False,1.0,1.0,False,"CHN,NDE",,
0.96,MIXED_NONUNIQUE,True,propose,EUR,"{CHN,NDE}+{EUR}","{CHN,NDE}+{EUR}",1.0,True,1.0,1.0,False,,,
0.96,MIXED_NONUNIQUE,True,propose,EUR,"{CHN}+{EUR,NDE}","{CHN,EUR,NDE}",0.6249348549588303,False,0.24739995692971675,0.1546088562006934,False,"CHN,NDE",,
0.96,MIXED_NONUNIQUE,True,propose,EUR,"{CHN}+{EUR,NDE}",{CHN}+{EUR}+{NDE},0.3750651450411697,False,1.0,0.3750651450411697,True,,,
0.96,MIXED_NONUNIQUE,True,propose,EUR,{CHN}+{EUR}+{NDE},"{CHN,NDE}+{EUR}",1.0,False,1.0,1.0,False,"CHN,NDE",,
0.96,MIXED_NONUNIQUE,True,propose,NDE,"{CHN,EUR,NDE}","{CHN,EUR,NDE}",1.0,True,1.0,1.0,False,,,
0.96,MIXED_NONUNIQUE,True,propose,NDE,"{CHN,EUR}+{NDE}","{CHN,EUR,NDE}",1.0,False,1.0,1.0,False,"CHN,EUR",,
0.96,MIXED_NONUNIQUE,True,propose,NDE,"{CHN,NDE}+{EUR}","{CHN,NDE}+{EUR}",1.0,True,1.0,1.0,False,,,
0.96,MIXED_NONUNIQUE,True,propose,NDE,"{CHN}+{EUR,NDE}","{CHN,EUR,NDE}",1.0,False,0.24739995692971675,0.24739995692971675,False,"CHN,EUR",,
0.96,MIXED_NONUNIQUE,True,propose,NDE,{CHN}+{EUR}+{NDE},"{CHN,NDE}+{EUR}",1.0,False,1.0,1.0,False,CHN,,
0.96,MIXED_NONUNIQUE,True,accept,CHN,"{CHN,EUR,NDE}","{CHN,EUR}+{NDE}",0.0,,,,,,-6.100418126209206e-08,
0.96,MIXED_NONUNIQUE,True,accept,CHN,"{CHN,EUR,NDE}","{CHN,NDE}+{EUR}",0.0,,,,,,-6.536170555371257e-05,
0.96,MIXED_NONUNIQUE,True,accept,CHN,"{CHN,EUR,NDE}","{CHN}+{EUR,NDE}",0.5000000000000003,,,,,,0.0,
0.96,MIXED_NONUNIQUE,True,accept,CHN,"{CHN,EUR,NDE}",{CHN}+{EUR}+{NDE},0.0,,,,,,-0.0001909913834943211,
0.96,MIXED_NONUNIQUE,True,accept,CHN,"{CHN,EUR}+{NDE}","{CHN,EUR,NDE}",1.0,,,,,,6.100418126209206e-08,"EUR,NDE"
0.96,MIXED_NONUNIQUE,True,accept,CHN,"{CHN,EUR}+{NDE}","{CHN,NDE}+{EUR}",0.0,,,,,,-6.530070137245048e-05,
0.96,MIXED_NONUNIQUE,True,accept,CHN,"{CHN,EUR}+{NDE}","{CHN}+{EUR,NDE}",1.0,,,,,,6.100418126209206e-08,
0.96,MIXED_NONUNIQUE,True,accept,CHN,"{CHN,EUR}+{NDE}",{CHN}+{EUR}+{NDE},0.0,,,,,,-0.000190930379313059,
0.96,MIXED_NONUNIQUE,True,accept,CHN,"{CHN,NDE}+{EUR}","{CHN,EUR,NDE}",1.0,,,,,,6.536170555371257e-05,
0.96,MIXED_NONUNIQUE,True,accept,CHN,"{CHN,NDE}+{EUR}","{CHN,EUR}+{NDE}",1.0,,,,,,6.530070137245048e-05,
0.96,MIXED_NONUNIQUE,True,accept,CHN,"{CHN,NDE}+{EUR}","{CHN}+{EUR,NDE}",1.0,,,,,,6.536170555371257e-05,
0.96,MIXED_NONUNIQUE,True,accept,CHN,"{CHN,NDE}+{EUR}",{CHN}+{EUR}+{NDE},0.0,,,,,,-0.00012562967794060853,
0.96,MIXED_NONUNIQUE,True,accept,CHN,"{CHN}+{EUR,NDE}","{CHN,EUR,NDE}",0.24739995692971675,,,,,,0.0,"EUR,NDE"
0.96,MIXED_NONUNIQUE,True,accept,CHN,"{CHN}+{EUR,NDE}","{CHN,EUR}+{NDE}",0.0,,,,,,-6.100418126209206e-08,
0.96,MIXED_NONUNIQUE,True,accept,CHN,"{CHN}+{EUR,NDE}","{CHN,NDE}+{EUR}",0.0,,,,,,-6.536170555371257e-05,
0.96,MIXED_NONUNIQUE,True,accept,CHN,{CHN}+{EUR}+{NDE},"{CHN,EUR,NDE}",1.0,,,,,,0.0001909913834943211,
0.96,MIXED_NONUNIQUE,True,accept,CHN,{CHN}+{EUR}+{NDE},"{CHN,EUR}+{NDE}",1.0,,,,,,0.000190930379313059,
0.96,MIXED_NONUNIQUE,True,accept,CHN,{CHN}+{EUR}+{NDE},"{CHN,NDE}+{EUR}",1.0,,,,,,0.00012562967794060853,"EUR,NDE"
0.96,MIXED_NONUNIQUE,True,accept,EUR,"{CHN,EUR,NDE}","{CHN,EUR}+{NDE}",0.0,,,,,,-7.612370511722588e-08,
0.96,MIXED_NONUNIQUE,True,accept,EUR,"{CHN,EUR,NDE}","{CHN,NDE}+{EUR}",1.0,,,,,,1.6801352922701795e-05,
0.96,MIXED_NONUNIQUE,True,accept,EUR,"{CHN,EUR,NDE}","{CHN}+{EUR,NDE}",0.0,,,,,,-1.7313890064318826e-05,
0.96,MIXED_NONUNIQUE,True,accept,EUR,"{CHN,EUR,NDE}",{CHN}+{EUR}+{NDE},0.0,,,,,,-1.3030434408367597e-05,
0.96,MIXED_NONUNIQUE,True,accept,EUR,"{CHN,EUR}+{NDE}","{CHN,EUR,NDE}",1.0,,,,,,7.612370511722588e-08,"CHN,NDE"
0.96,MIXED_NONUNIQUE,True,accept,EUR,"{CHN,EUR}+{NDE}","{CHN,NDE}+{EUR}",1.0,,,,,,1.687747662781902e-05,
0.96,MIXED_NONUNIQUE,True,accept,EUR,"{CHN,EUR}+{NDE}","{CHN}+{EUR,NDE}",0.0,,,,,,-1.72377663592016e-05,
0.96,MIXED_NONUNIQUE,True,accept,EUR,"{CHN,EUR}+{NDE}",{CHN}+{EUR}+{NDE},0.0,,,,,,-1.2954310703250371e-05,
0.96,MIXED_NONUNIQUE,True,accept,EUR,"{CHN,NDE}+{EUR}","{CHN,EUR,NDE}",0.0,,,,,,-1.6801352922701795e-05,
0.96,MIXED_NONUNIQUE,True,accept,EUR,"{CHN,NDE}+{EUR}","{CHN,EUR}+{NDE}",0.0,,,,,,-1.687747662781902e-05,
0.96,MIXED_NONUNIQUE,True,accept,EUR,"{CHN,NDE}+{EUR}","{CHN}+{EUR,NDE}",0.0,,,,,,-3.411524298702062e-05,
0.96,MIXED_NONUNIQUE,True,accept,EUR,"{CHN}+{EUR,NDE}","{CHN,EUR,NDE}",1.0,,,,,,1.7313890064318826e-05,"CHN,NDE"
0.96,MIXED_NONUNIQUE,True,accept,EUR,"{CHN}+{EUR,NDE}","{CHN,EUR}+{NDE}",1.0,,,,,,1.72377663592016e-05,
0.96,MIXED_NONUNIQUE,True,accept,EUR,"{CHN}+{EUR,NDE}","{CHN,NDE}+{EUR}",1.0,,,,,,3.411524298702062e-05,
0.96,MIXED_NONUNIQUE,True,accept,EUR,"{CHN}+{EUR,NDE}",{CHN}+{EUR}+{NDE},1.0,,,,,,4.283455655951229e-06,
0.96,MIXED_NONUNIQUE,True,accept,EUR,{CHN}+{EUR}+{NDE},"{CHN,EUR,NDE}",1.0,,,,,,1.3030434408367597e-05,CHN
0.96,MIXED_NONUNIQUE,True,accept,EUR,{CHN}+{EUR}+{NDE},"{CHN,EUR}+{NDE}",1.0,,,,,,1.2954310703250371e-05,
0.96,MIXED_NONUNIQUE,True,accept,EUR,{CHN}+{EUR}+{NDE},"{CHN}+{EUR,NDE}",0.0,,,,,,-4.283455655951229e-06,
0.96,MIXED_NONUNIQUE,True,accept,NDE,"{CHN,EUR,NDE}","{CHN,EUR}+{NDE}",0.0,,,,,,-0.00014992192431861895,
0.96,MIXED_NONUNIQUE,True,accept,NDE,"{CHN,EUR,NDE}","{CHN,NDE}+{EUR}",1.0,,,,,,0.00013300110444802726,
0.96,MIXED_NONUNIQUE,True,accept,NDE,"{CHN,EUR,NDE}","{CHN}+{EUR,NDE}",0.0,,,,,,-9.47033547085141e-05,
0.96,MIXED_NONUNIQUE,True,accept,NDE,"{CHN,EUR,NDE}",{CHN}+{EUR}+{NDE},0.0,,,,,,-0.0005450297995039932,
0.96,MIXED_NONUNIQUE,True,accept,NDE,"{CHN,EUR}+{NDE}","{CHN,EUR,NDE}",1.0,,,,,,0.00014992192431861895,"CHN,EUR"
0.96,MIXED_NONUNIQUE,True,accept,NDE,"{CHN,EUR}+{NDE}","{CHN,NDE}+{EUR}",1.0,,,,,,0.0002829230287666462,
0.96,MIXED_NONUNIQUE,True,accept,NDE,"{CHN,EUR}+{NDE}","{CHN}+{EUR,NDE}",1.0,,,,,,5.521856961010485e-05,
0.96,MIXED_NONUNIQUE,True,accept,NDE,"{CHN,NDE}+{EUR}","{CHN,EUR,NDE}",0.0,,,,,,-0.00013300110444802726,
0.96,MIXED_NONUNIQUE,True,accept,NDE,"{CHN,NDE}+{EUR}","{CHN,EUR}+{NDE}",0.0,,,,,,-0.0002829230287666462,
0.96,MIXED_NONUNIQUE,True,accept,NDE,"{CHN,NDE}+{EUR}","{CHN}+{EUR,NDE}",0.0,,,,,,-0.00022770445915654136,
0.96,MIXED_NONUNIQUE,True,accept,NDE,"{CHN,NDE}+{EUR}",{CHN}+{EUR}+{NDE},0.0,,,,,,-0.0006780309039520205,
0.96,MIXED_NONUNIQUE,True,accept,NDE,"{CHN}+{EUR,NDE}","{CHN,EUR,NDE}",1.0,,,,,,9.47033547085141e-05,"CHN,EUR"
0.96,MIXED_NONUNIQUE,True,accept,NDE,"{CHN}+{EUR,NDE}","{CHN,EUR}+{NDE}",0.0,,,,,,-5.521856961010485e-05,
0.96,MIXED_NONUNIQUE,True,accept,NDE,"{CHN}+{EUR,NDE}","{CHN,NDE}+{EUR}",1.0,,,,,,0.00022770445915654136,
0.96,MIXED_NONUNIQUE,True,accept,NDE,"{CHN}+{EUR,NDE}",{CHN}+{EUR}+{NDE},0.0,,,,,,-0.0004503264447954791,
0.96,MIXED_NONUNIQUE,True,accept,NDE,{CHN}+{EUR}+{NDE},"{CHN,EUR,NDE}",1.0,,,,,,0.0005450297995039932,CHN
0.96,MIXED_NONUNIQUE,True,accept,NDE,{CHN}+{EUR}+{NDE},"{CHN,NDE}+{EUR}",1.0,,,,,,0.0006780309039520205,EUR
0.96,MIXED_NONUNIQUE,True,accept,NDE,{CHN}+{EUR}+{NDE},"{CHN}+{EUR,NDE}",1.0,,,,,,0.0004503264447954791,
0.97,MIXED_NONUNIQUE,True,propose,CHN,"{CHN,EUR,NDE}","{CHN,EUR,NDE}",0.36637216919400045,True,1.0,0.36637216919400045,False,,,
0.97,MIXED_NONUNIQUE,True,propose,CHN,"{CHN,EUR,NDE}","{CHN}+{EUR,NDE}",0.6336278308059995,False,1.0,0.6336278308059995,True,,,
0.97,MIXED_NONUNIQUE,True,propose,CHN,"{CHN,EUR}+{NDE}","{CHN,EUR}+{NDE}",1.0,True,1.0,1.0,False,,,
0.97,MIXED_NONUNIQUE,True,propose,CHN,"{CHN,NDE}+{EUR}","{CHN,NDE}+{EUR}",1.0,True,1.0,1.0,False,,,
0.97,MIXED_NONUNIQUE,True,propose,CHN,"{CHN}+{EUR,NDE}","{CHN,EUR,NDE}",0.44557679587278853,False,1.0,0.44557679587278853,False,"EUR,NDE",,
0.97,MIXED_NONUNIQUE,True,propose,CHN,"{CHN}+{EUR,NDE}","{CHN}+{EUR,NDE}",0.5544232041272115,True,1.0,0.5544232041272115,False,,,
0.97,MIXED_NONUNIQUE,True,propose,CHN,{CHN}+{EUR}+{NDE},"{CHN,EUR}+{NDE}",1.0,False,1.0,1.0,False,EUR,,
0.97,MIXED_NONUNIQUE,True,propose,EUR,"{CHN,EUR,NDE}","{CHN,NDE}+{EUR}",1.0,False,1.0,1.0,True,,,
0.97,MIXED_NONUNIQUE,True,propose,EUR,"{CHN,EUR}+{NDE}","{CHN,EUR}+{NDE}",1.0,True,1.0,1.0,False,,,
0.97,MIXED_NONUNIQUE,True,propose,EUR,"{CHN,NDE}+{EUR}","{CHN,NDE}+{EUR}",1.0,True,1.0,1.0,False,,,
0.97,MIXED_NONUNIQUE,True,propose,EUR,"{CHN}+{EUR,NDE}","{CHN,EUR,NDE}",0.6077852443476484,False,0.24007772677051709,0.14591569982764668,False,"CHN,NDE",,
0.97,MIXED_NONUNIQUE,True,propose,EUR,"{CHN}+{EUR,NDE}",{CHN}+{EUR}+{NDE},0.39221475565235164,False,1.0,0.39221475565235164,True,,,
0.97,MIXED_NONUNIQUE,True,propose,EUR,{CHN}+{EUR}+{NDE},"{CHN,NDE}+{EUR}",1.0,False,1.0,1.0,False,"CHN,NDE",,
0.97,MIXED_NONUNIQUE,True,propose,NDE,"{CHN,EUR,NDE}","{CHN,EUR,NDE}",1.0,True,1.0,1.0,False,,,
0.97,MIXED_NONUNIQUE,True,propose,NDE,"{CHN,EUR}+{NDE}","{CHN,EUR}+{NDE}",1.0,True,1.0,1.0,False,,,
0.97,MIXED_NONUNIQUE,True,propose,NDE,"{CHN,NDE}+{EUR}","{CHN,NDE}+{EUR}",1.0,True,1.0,1.0,False,,,
0.97,MIXED_NONUNIQUE,True,propose,NDE,"{CHN}+{EUR,NDE}","{CHN,EUR,NDE}",1.0,False,0.24007772677051709,0.24007772677051709,False,"CHN,EUR",,
0.97,MIXED_NONUNIQUE,True,propose,NDE,{CHN}+{EUR}+{NDE},"{CHN,NDE}+{EUR}",1.0,False,1.0,1.0,False,CHN,,
0.97,MIXED_NONUNIQUE,True,accept,CHN,"{CHN,EUR,NDE}","{CHN,EUR}+{NDE}",1.0,,,,,,1.3890392049020761e-05,
0.97,MIXED_NONUNIQUE,True,accept,CHN,"{CHN,EUR,NDE}","{CHN,NDE}+{EUR}",0.0,,,,,,-4.994620896070501e-05,
0.97,MIXED_NONUNIQUE,True,accept,CHN,"{CHN,EUR,NDE}","{CHN}+{EUR,NDE}",0.5,,,,,,0.0,
0.97,MIXED_NONUNIQUE,True,accept,CHN,"{CHN,EUR,NDE}",{CHN}+{EUR}+{NDE},0.0,,,,,,-0.00013921477575529195,
0.97,MIXED_NONUNIQUE,True,accept,CHN,"{CHN,EUR}+{NDE}","{CHN,EUR,NDE}",0.0,,,,,,-1.3890392049020761e-05,
0.97,MIXED_NONUNIQUE,True,accept,CHN,"{CHN,EUR}+{NDE}","{CHN,NDE}+{EUR}",0.0,,,,,,-6.383660100972577e-05,
0.97,MIXED_NONUNIQUE,True,accept,CHN,"{CHN,EUR}+{NDE}","{CHN}+{EUR,NDE}",0.0,,,,,,-1.3890392049020761e-05,
0.97,MIXED_NONUNIQUE,True,accept,CHN,"{CHN,EUR}+{NDE}",{CHN}+{EUR}+{NDE},0.0,,,,,,-0.00015310516780431271,
0.97,MIXED_NONUNIQUE,True,accept,CHN,"{CHN,NDE}+{EUR}","{CHN,EUR,NDE}",1.0,,,,,,4.994620896070501e-05,
0.97,MIXED_NONUNIQUE,True,accept,CHN,"{CHN,NDE}+{EUR}","{CHN,EUR}+{NDE}",1.0,,,,,,6.383660100972577e-05,
0.97,MIXED_NONUNIQUE,True,accept,CHN,"{CHN,NDE}+{EUR}","{CHN}+{EUR,NDE}",1.0,,,,,,4.994620896070501e-05,
0.97,MIXED_NONUNIQUE,True,accept,CHN,"{CHN,NDE}+{EUR}",{CHN}+{EUR}+{NDE},0.0,,,,,,-8.926856679458695e-05,
0.97,MIXED_NONUNIQUE,True,accept,CHN,"{CHN}+{EUR,NDE}","{CHN,EUR,NDE}",0.24007772677051709,,,,,,0.0,"EUR,NDE"
0.97,MIXED_NONUNIQUE,True,accept,CHN,"{CHN}+{EUR,NDE}","{CHN,EUR}+{NDE}",1.0,,,,,,1.3890392049020761e-05,
0.97,MIXED_NONUNIQUE,True,accept,CHN,"{CHN}+{EUR,NDE}","{CHN,NDE}+{EUR}",0.0,,,,,,-4.994620896070501e-05,
0.97,MIXED_NONUNIQUE,True,accept,CHN,{CHN}+{EUR}+{NDE},"{CHN,EUR,NDE}",1.0,,,,,,0.00013921477575529195,
0.97,MIXED_NONUNIQUE,True,accept,CHN,{CHN}+{EUR}+{NDE},"{CHN,EUR}+{NDE}",1.0,,,,,,0.00015310516780431271,
0.97,MIXED_NONUNIQUE,True,accept,CHN,{CHN}+{EUR}+{NDE},"{CHN,NDE}+{EUR}",1.0,,,,,,8.926856679458695e-05,"EUR,NDE"
0.97,MIXED_NONUNIQUE,True,accept,EUR,"{CHN,EUR,NDE}","{CHN,EUR}+{NDE}",0.0,,,,,,-4.830988580728501e-06,
0.97,MIXED_NONUNIQUE,True,accept,EUR,"{CHN,EUR,NDE}","{CHN,NDE}+{EUR}",1.0,,,,,,1.3873456973456655e-05,
0.97,MIXED_NONUNIQUE,True,accept,EUR,"{CHN,EUR,NDE}","{CHN}+{EUR,NDE}",0.0,,,,,,-1.383803307630771e-05,
0.97,MIXED_NONUNIQUE,True,accept,EUR,"{CHN,EUR,NDE}",{CHN}+{EUR}+{NDE},0.0,,,,,,-1.051582955247099e-05,
0.97,MIXED_NONUNIQUE,True,accept,EUR,"{CHN,EUR}+{NDE}","{CHN,EUR,NDE}",1.0,,,,,,4.830988580728501e-06,
0.97,MIXED_NONUNIQUE,True,accept,EUR,"{CHN,EUR}+{NDE}","{CHN,NDE}+{EUR}",1.0,,,,,,1.8704445554185156e-05,
0.97,MIXED_NONUNIQUE,True,accept,EUR,"{CHN,EUR}+{NDE}","{CHN}+{EUR,NDE}",0.0,,,,,,-9.007044495579208e-06,
0.97,MIXED_NONUNIQUE,True,accept,EUR,"{CHN,EUR}+{NDE}",{CHN}+{EUR}+{NDE},0.0,,,,,,-5.684840971742489e-06,
0.97,MIXED_NONUNIQUE,True,accept,EUR,"{CHN,NDE}+{EUR}","{CHN,EUR,NDE}",0.0,,,,,,-1.3873456973456655e-05,
0.97,MIXED_NONUNIQUE,True,accept,EUR,"{CHN,NDE}+{EUR}","{CHN,EUR}+{NDE}",0.0,,,,,,-1.8704445554185156e-05,
0.97,MIXED_NONUNIQUE,True,accept,EUR,"{CHN,NDE}+{EUR}","{CHN}+{EUR,NDE}",0.0,,,,,,-2.7711490049764365e-05,
0.97,MIXED_NONUNIQUE,True,accept,EUR,"{CHN}+{EUR,NDE}","{CHN,EUR,NDE}",1.0,,,,,,1.383803307630771e-05,"CHN,NDE"
0.97,MIXED_NONUNIQUE,True,accept,EUR,"{CHN}+{EUR,NDE}","{CHN,EUR}+{NDE}",1.0,,,,,,9.007044495579208e-06,
0.97,MIXED_NONUNIQUE,True,accept,EUR,"{CHN}+{EUR,NDE}","{CHN,NDE}+{EUR}",1.0,,,,,,2.7711490049764365e-05,
0.97,MIXED_NONUNIQUE,True,accept,EUR,"{CHN}+{EUR,NDE}",{CHN}+{EUR}+{NDE},1.0,,,,,,3.32220352383672e-06,
0.97,MIXED_NONUNIQUE,True,accept,EUR,{CHN}+{EUR}+{NDE},"{CHN,EUR,NDE}",1.0,,,,,,1.051582955247099e-05,
0.97,MIXED_NONUNIQUE,True,accept,EUR,{CHN}+{EUR}+{NDE},"{CHN,EUR}+{NDE}",1.0,,,,,,5.684840971742489e-06,CHN
0.97,MIXED_NONUNIQUE,True,accept,EUR,{CHN}+{EUR}+{NDE},"{CHN}+{EUR,NDE}",0.0,,,,,,-3.32220352383672e-06,
0.97,MIXED_NONUNIQUE,True,accept,NDE,"{CHN,EUR,NDE}","{CHN,EUR}+{NDE}",0.0,,,,,,-0.003598305800547763,
0.97,MIXED_NONUNIQUE,True,accept,NDE,"{CHN,EUR,NDE}","{CHN,NDE}+{EUR}",1.0,,,,,,0.0002827434119048178,
0.97,MIXED_NONUNIQUE,True,accept,NDE,"{CHN,EUR,NDE}","{CHN}+{EUR,NDE}",0.0,,,,,,-0.00037828190235345005,
0.97,MIXED_NONUNIQUE,True,accept,NDE,"{CHN,EUR,NDE}",{CHN}+{EUR}+{NDE},0.0,,,,,,-0.0014487320796874315,
0.97,MIXED_NONUNIQUE,True,accept,NDE,"{CHN,EUR}+{NDE}","{CHN,EUR,NDE}",1.0,,,,,,0.003598305800547763,
0.97,MIXED_NONUNIQUE,True,accept,NDE,"{CHN,EUR}+{NDE}","{CHN,NDE}+{EUR}",1.0,,,,,,0.003881049212452581,
0.97,MIXED_NONUNIQUE,True,accept,NDE,"{CHN,EUR}+{NDE}","{CHN}+{EUR,NDE}",1.0,,,,,,0.003220023898194313,
0.97,MIXED_NONUNIQUE,True,accept,NDE,"{CHN,NDE}+{EUR}","{CHN,EUR,NDE}",0.0,,,,,,-0.0002827434119048178,
0.97,MIXED_NONUNIQUE,True,accept,NDE,"{CHN,NDE}+{EUR}","{CHN,EUR}+{NDE}",0.0,,,,,,-0.003881049212452581,
0.97,MIXED_NONUNIQUE,True,accept,NDE,"{CHN,NDE}+{EUR}","{CHN}+{EUR,NDE}",0.0,,,,,,-0.0006610253142582678,
0.97,MIXED_NONUNIQUE,True,accept,NDE,"{CHN,NDE}+{EUR}",{CHN}+{EUR}+{NDE},0.0,,,,,,-0.0017314754915922492,
0.97,MIXED_NONUNIQUE,True,accept,NDE,"{CHN}+{EUR,NDE}","{CHN,EUR,NDE}",1.0,,,,,,0.00037828190235345005,"CHN,EUR"
0.97,MIXED_NONUNIQUE,True,accept,NDE,"{CHN}+{EUR,NDE}","{CHN,EUR}+{NDE}",0.0,,,,,,-0.003220023898194313,
0.97,MIXED_NONUNIQUE,True,accept,NDE,"{CHN}+{EUR,NDE}","{CHN,NDE}+{EUR}",1.0,,,,,,0.0006610253142582678,
0.97,MIXED_NONUNIQUE,True,accept,NDE,"{CHN}+{EUR,NDE}",{CHN}+{EUR}+{NDE},0.0,,,,,,-0.0010704501773339814,
0.97,MIXED_NONUNIQUE,True,accept,NDE,{CHN}+{EUR}+{NDE},"{CHN,EUR,NDE}",1.0,,,,,,0.0014487320796874315,
0.97,MIXED_NONUNIQUE,True,accept,NDE,{CHN}+{EUR}+{NDE},"{CHN,NDE}+{EUR}",1.0,,,,,,0.0017314754915922492,EUR
0.97,MIXED_NONUNIQUE,True,accept,NDE,{CHN}+{EUR}+{NDE},"{CHN}+{EUR,NDE}",1.0,,,,,,0.0010704501773339814,
0.98,MIXED_NONUNIQUE,True,propose,CHN,"{CHN,EUR,NDE}","{CHN,EUR,NDE}",0.6152854209896258,True,1.0,0.6152854209896258,False,,,
0.98,MIXED_NONUNIQUE,True,propose,CHN,"{CHN,EUR,NDE}","{CHN}+{EUR,NDE}",0.3847145790103742,False,1.0,0.3847145790103742,True,,,
0.98,MIXED_NONUNIQUE,True,propose,CHN,"{CHN,EUR}+{NDE}","{CHN,EUR,NDE}",0.006682340911992008,False,1.0,0.006682340911992008,False,"EUR,NDE",,
0.98,MIXED_NONUNIQUE,True,propose,CHN,"{CHN,EUR}+{NDE}","{CHN,EUR}+{NDE}",0.993317659088008,True,1.0,0.993317659088008,False,,,
0.98,MIXED_NONUNIQUE,True,propose,CHN,"{CHN,NDE}+{EUR}","{CHN,NDE}+{EUR}",1.0,True,1.0,1.0,False,,,
0.98,MIXED_NONUNIQUE,True,propose,CHN,"{CHN}+{EUR,NDE}","{CHN,EUR,NDE}",0.15088258418638348,False,1.0,0.15088258418638348,False,"EUR,NDE",,
0.98,MIXED_NONUNIQUE,True,propose,CHN,"{CHN}+{EUR,NDE}","{CHN}+{EUR,NDE}",0.8491174158136165,True,1.0,0.8491174158136165,False,,,
0.98,MIXED_NONUNIQUE,True,propose,CHN,{CHN}+{EUR}+{NDE},"{CHN,EUR,NDE}",1.0,False,1.0,1.0,False,"EUR,NDE",,
0.98,MIXED_NONUNIQUE,True,propose,EUR,"{CHN,EUR,NDE}","{CHN,NDE}+{EUR}",1.0,False,1.0,1.0,True,,,
0.98,MIXED_NONUNIQUE,True,propose,EUR,"{CHN,EUR}+{NDE}","{CHN,EUR,NDE}",0.9809565241132508,False,0.013273349314924163,0.013020578607309007,False,"CHN,NDE",,
0.98,MIXED_NONUNIQUE,True,propose,EUR,"{CHN,EUR}+{NDE}",{CHN}+{EUR}+{NDE},0.01904347588674915,False,1.0,0.01904347588674915,True,,,
0.98,MIXED_NONUNIQUE,True,propose,EUR,"{CHN,NDE}+{EUR}","{CHN,NDE}+{EUR}",1.0,True,1.0,1.0,False,,,
0.98,MIXED_NONUNIQUE,True,propose,EUR,"{CHN}+{EUR,NDE}","{CHN,EUR,NDE}",0.6149765837656018,False,0.3477050374369162,0.21383045608104542,False,"CHN,NDE",,
0.98,MIXED_NONUNIQUE,True,propose,EUR,"{CHN}+{EUR,NDE}",{CHN}+{EUR}+{NDE},0.3850234162343982,False,1.0,0.3850234162343982,True,,,
0.98,MIXED_NONUNIQUE,True,propose,EUR,{CHN}+{EUR}+{NDE},"{CHN,NDE}+{EUR}",1.0,False,1.0,1.0,False,"CHN,NDE",,
0.98,MIXED_NONUNIQUE,True,propose,NDE,"{CHN,EUR,NDE}","{CHN,EUR,NDE}",1.0,True,1.0,1.0,False,,,
0.98,MIXED_NONUNIQUE,True,propose,NDE,"{CHN,EUR}+{NDE}","{CHN,EUR,NDE}",1.0,False,0.013273349314924163,0.013273349314924163,False,"CHN,EUR",,
0.98,MIXED_NONUNIQUE,True,propose,NDE,"{CHN,NDE}+{EUR}","{CHN,NDE}+{EUR}",1.0,True,1.0,1.0,False,,,
0.98,MIXED_NONUNIQUE,True,propose,NDE,"{CHN}+{EUR,NDE}","{CHN,EUR,NDE}",1.0,False,0.3477050374369162,0.3477050374369162,False,"CHN,EUR",,
0.98,MIXED_NONUNIQUE,True,propose,NDE,{CHN}+{EUR}+{NDE},"{CHN,NDE}+{EUR}",1.0,False,1.0,1.0,False,CHN,,
0.98,MIXED_NONUNIQUE,True,accept,CHN,"{CHN,EUR,NDE}","{CHN,EUR}+{NDE}",0.9866818779456892,,,,,,0.0,
0.98,MIXED_NONUNIQUE,True,accept,CHN,"{CHN,EUR,NDE}","{CHN,NDE}+{EUR}",0.0,,,,,,-3.393780865401652e-05,
0.98,MIXED_NONUNIQUE,True,accept,CHN,"{CHN,EUR,NDE}","{CHN}+{EUR,NDE}",0.6522627929628018,,,,,,0.0,
0.98,MIXED_NONUNIQUE,True,accept,CHN,"{CHN,EUR,NDE}",{CHN}+{EUR}+{NDE},0.0,,,,,,-9.612416968529658e-05,
0.98,MIXED_NONUNIQUE,True,accept,CHN,"{CHN,EUR}+{NDE}","{CHN,EUR,NDE}",0.013273349314924163,,,,,,0.0,"EUR,NDE"
0.98,MIXED_NONUNIQUE,True,accept,CHN,"{CHN,EUR}+{NDE}","{CHN,NDE}+{EUR}",0.0,,,,,,-3.393780865401652e-05,
0.98,MIXED_NONUNIQUE,True,accept,CHN,"{CHN,EUR}+{NDE}","{CHN}+{EUR,NDE}",0.024693264400956032,,,,,,0.0,
0.98,MIXED_NONUNIQUE,True,accept,CHN,"{CHN,EUR}+{NDE}",{CHN}+{EUR}+{NDE},0.0,,,,,,-9.612416968529658e-05,
0.98,MIXED_NONUNIQUE,True,accept,CHN,"{CHN,NDE}+{EUR}","{CHN,EUR,NDE}",1.0,,,,,,3.393780865401652e-05,
0.98,MIXED_NONUNIQUE,True,accept,CHN,"{CHN,NDE}+{EUR}","{CHN,EUR}+{NDE}",1.0,,,,,,3.393780865401652e-05,
0.98,MIXED_NONUNIQUE,True,accept,CHN,"{CHN,NDE}+{EUR}","{CHN}+{EUR,NDE}",1.0,,,,,,3.393780865401652e-05,
0.98,MIXED_NONUNIQUE,True,accept,CHN,"{CHN,NDE}+{EUR}",{CHN}+{EUR}+{NDE},0.0,,,,,,-6.218636103128006e-05,
0.98,MIXED_NONUNIQUE,True,accept,CHN,"{CHN}+{EUR,NDE}","{CHN,EUR,NDE}",0.3477050374369162,,,,,,0.0,"EUR,NDE"
0.98,MIXED_NONUNIQUE,True,accept,CHN,"{CHN}+{EUR,NDE}","{CHN,EUR}+{NDE}",0.9753067355990439,,,,,,0.0,
0.98,MIXED_NONUNIQUE,True,accept,CHN,"{CHN}+{EUR,NDE}","{CHN,NDE}+{EUR}",0.0,,,,,,-3.393780865401652e-05,
0.98,MIXED_NONUNIQUE,True,accept,CHN,{CHN}+{EUR}+{NDE},"{CHN,EUR,NDE}",1.0,,,,,,9.612416968529658e-05,
0.98,MIXED_NONUNIQUE,True,accept,CHN,{CHN}+{EUR}+{NDE},"{CHN,EUR}+{NDE}",1.0,,,,,,9.612416968529658e-05,
0.98,MIXED_NONUNIQUE,True,accept,CHN,{CHN}+{EUR}+{NDE},"{CHN,NDE}+{EUR}",1.0,,,,,,6.218636103128006e-05,"EUR,NDE"
0.98,MIXED_NONUNIQUE,True,accept,EUR,"{CHN,EUR,NDE}","{CHN,EUR}+{NDE}",0.0,,,,,,-7.043870286160825e-06,
0.98,MIXED_NONUNIQUE,True,accept,EUR,"{CHN,EUR,NDE}","{CHN,NDE}+{EUR}",1.0,,,,,,7.837578211766782e-06,
0.98,MIXED_NONUNIQUE,True,accept,EUR,"{CHN,EUR,NDE}","{CHN}+{EUR,NDE}",0.0,,,,,,-1.0655263238401602e-05,
0.98,MIXED_NONUNIQUE,True,accept,EUR,"{CHN,EUR,NDE}",{CHN}+{EUR}+{NDE},0.0,,,,,,-6.950374535463766e-06,
0.98,MIXED_NONUNIQUE,True,accept,EUR,"{CHN,EUR}+{NDE}","{CHN,EUR,NDE}",1.0,,,,,,7.043870286160825e-06,"CHN,NDE"
0.98,MIXED_NONUNIQUE,True,accept,EUR,"{CHN,EUR}+{NDE}","{CHN,NDE}+{EUR}",1.0,,,,,,1.4881448497927607e-05,
0.98,MIXED_NONUNIQUE,True,accept,EUR,"{CHN,EUR}+{NDE}","{CHN}+{EUR,NDE}",0.0,,,,,,-3.6113929522407773e-06,
0.98,MIXED_NONUNIQUE,True,accept,EUR,"{CHN,EUR}+{NDE}",{CHN}+{EUR}+{NDE},1.0,,,,,,9.349575069705907e-08,
0.98,MIXED_NONUNIQUE,True,accept,EUR,"{CHN,NDE}+{EUR}","{CHN,EUR,NDE}",0.0,,,,,,-7.837578211766782e-06,
0.98,MIXED_NONUNIQUE,True,accept,EUR,"{CHN,NDE}+{EUR}","{CHN,EUR}+{NDE}",0.0,,,,,,-1.4881448497927607e-05,
0.98,MIXED_NONUNIQUE,True,accept,EUR,"{CHN,NDE}+{EUR}","{CHN}+{EUR,NDE}",0.0,,,,,,-1.8492841450168385e-05,
0.98,MIXED_NONUNIQUE,True,accept,EUR,"{CHN}+{EUR,NDE}","{CHN,EUR,NDE}",1.0,,,,,,1.0655263238401602e-05,"CHN,NDE"
0.98,MIXED_NONUNIQUE,True,accept,EUR,"{CHN}+{EUR,NDE}","{CHN,EUR}+{NDE}",1.0,,,,,,3.6113929522407773e-06,
0.98,MIXED_NONUNIQUE,True,accept,EUR,"{CHN}+{EUR,NDE}","{CHN,NDE}+{EUR}",1.0,,,,,,1.8492841450168385e-05,
0.98,MIXED_NONUNIQUE,True,accept,EUR,"{CHN}+{EUR,NDE}",{CHN}+{EUR}+{NDE},1.0,,,,,,3.7048887029378363e-06,
0.98,MIXED_NONUNIQUE,True,accept,EUR,{CHN}+{EUR}+{NDE},"{CHN,EUR,NDE}",1.0,,,,,,6.950374535463766e-06,CHN
0.98,MIXED_NONUNIQUE,True,accept,EUR,{CHN}+{EUR}+{NDE},"{CHN,EUR}+{NDE}",0.0,,,,,,-9.349575069705907e-08,
0.98,MIXED_NONUNIQUE,True,accept,EUR,{CHN}+{EUR}+{NDE},"{CHN}+{EUR,NDE}",0.0,,,,,,-3.7048887029378363e-06,
0.98,MIXED_NONUNIQUE,True,accept,NDE,"{CHN,EUR,NDE}","{CHN,EUR}+{NDE}",0.0,,,,,,-0.002108728022999884,
0.98,MIXED_NONUNIQUE,True,accept,NDE,"{CHN,EUR,NDE}","{CHN,NDE}+{EUR}",1.0,,,,,,6.569806776113296e-05,
0.98,MIXED_NONUNIQUE,True,accept,NDE,"{CHN,EUR,NDE}","{CHN}+{EUR,NDE}",0.0,,,,,,-6.238428585092493e-05,
0.98,MIXED_NONUNIQUE,True,accept,NDE,"{CHN,EUR,NDE}",{CHN}+{EUR}+{NDE},0.0,,,,,,-0.000273498576305542,
0.98,MIXED_NONUNIQUE,True,accept,NDE,"{CHN,EUR}+{NDE}","{CHN,EUR,NDE}",1.0,,,,,,0.002108728022999884,"CHN,EUR"
0.98,MIXED_NONUNIQUE,True,accept,NDE,"{CHN,EUR}+{NDE}","{CHN,NDE}+{EUR}",1.0,,,,,,0.002174426090761017,
0.98,MIXED_NONUNIQUE,True,accept,NDE,"{CHN,EUR}+{NDE}","{CHN}+{EUR,NDE}",1.0,,,,,,0.002046343737148959,
0.98,MIXED_NONUNIQUE,True,accept,NDE,"{CHN,NDE}+{EUR}","{CHN,EUR,NDE}",0.0,,,,,,-6.569806776113296e-05,
0.98,MIXED_NONUNIQUE,True,accept,NDE,"{CHN,NDE}+{EUR}","{CHN,EUR}+{NDE}",0.0,,,,,,-0.002174426090761017,
0.98,MIXED_NONUNIQUE,True,accept,NDE,"{CHN,NDE}+{EUR}","{CHN}+{EUR,NDE}",0.0,,,,,,-0.0001280823536120579,
0.98,MIXED_NONUNIQUE,True,accept,NDE,"{CHN,NDE}+{EUR}",{CHN}+{EUR}+{NDE},0.0,,,,,,-0.00033919664406667493,
0.98,MIXED_NONUNIQUE,True,accept,NDE,"{CHN}+{EUR,NDE}","{CHN,EUR,NDE}",1.0,,,,,,6.238428585092493e-05,"CHN,EUR"
0.98,MIXED_NONUNIQUE,True,accept,NDE,"{CHN}+{EUR,NDE}","{CHN,EUR}+{NDE}",0.0,,,,,,-0.002046343737148959,
0.98,MIXED_NONUNIQUE,True,accept,NDE,"{CHN}+{EUR,NDE}","{CHN,NDE}+{EUR}",1.0,,,,,,0.0001280823536120579,
0.98,MIXED_NONUNIQUE,True,accept,NDE,"{CHN}+{EUR,NDE}",{CHN}+{EUR}+{NDE},0.0,,,,,,-0.00021111429045461705,
0.98,MIXED_NONUNIQUE,True,accept,NDE,{CHN}+{EUR}+{NDE},"{CHN,EUR,NDE}",1.0,,,,,,0.000273498576305542,CHN
0.98,MIXED_NONUNIQUE,True,accept,NDE,{CHN}+{EUR}+{NDE},"{CHN,NDE}+{EUR}",1.0,,,,,,0.00033919664406667493,EUR
0.98,MIXED_NONUNIQUE,True,accept,NDE,{CHN}+{EUR}+{NDE},"{CHN}+{EUR,NDE}",1.0,,,,,,0.00021111429045461705,
0.99,MIXED_NONUNIQUE,True,propose,CHN,"{CHN,EUR,NDE}","{CHN}+{EUR,NDE}",1.0,False,1.0,1.0,True,,,
0.99,MIXED_NONUNIQUE,True,propose,CHN,"{CHN,EUR}+{NDE}","{CHN,EUR,NDE}",0.15925144645907127,False,1.0,0.15925144645907127,False,"EUR,NDE",,
0.99,MIXED_NONUNIQUE,True,propose,CHN,"{CHN,EUR}+{NDE}","{CHN,EUR}+{NDE}",0.8407485535409287,True,1.0,0.8407485535409287,False,,,
0.99,MIXED_NONUNIQUE,True,propose,CHN,"{CHN,NDE}+{EUR}","{CHN,NDE}+{EUR}",1.0,True,1.0,1.0,False,,,
0.99,MIXED_NONUNIQUE,True,propose,CHN,"{CHN}+{EUR,NDE}","{CHN,EUR,NDE}",0.06889298809339571,False,1.0,0.06889298809339571,False,"EUR,NDE",,
0.99,MIXED_NONUNIQUE,True,propose,CHN,"{CHN}+{EUR,NDE}","{CHN}+{EUR,NDE}",0.9311070119066043,True,1.0,0.9311070119066043,False,,,
0.99,MIXED_NONUNIQUE,True,propose,CHN,{CHN}+{EUR}+{NDE},"{CHN,EUR,NDE}",1.0,False,1.0,1.0,False,"EUR,NDE",,
0.99,MIXED_NONUNIQUE,True,propose,EUR,"{CHN,EUR,NDE}","{CHN,NDE}+{EUR}",1.0,False,1.0,1.0,True,,,
0.99,MIXED_NONUNIQUE,True,propose,EUR,"{CHN,EUR}+{NDE}","{CHN,EUR,NDE}",0.9707610176770782,False,0.0,0.0,False,"CHN,NDE",,
0.99,MIXED_NONUNIQUE,True,propose,EUR,"{CHN,EUR}+{NDE}",{CHN}+{EUR}+{NDE},0.02923898232292177,False,1.0,0.02923898232292177,True,,,
0.99,MIXED_NONUNIQUE,True,propose,EUR,"{CHN,NDE}+{EUR}","{CHN,NDE}+{EUR}",1.0,True,1.0,1.0,False,,,
0.99,MIXED_NONUNIQUE,True,propose,EUR,"{CHN}+{EUR,NDE}","{CHN,EUR,NDE}",0.6097275235366657,False,0.5234981763938321,0.31919124666857185,False,"CHN,NDE",,
0.99,MIXED_NONUNIQUE,True,propose,EUR,"{CHN}+{EUR,NDE}",{CHN}+{EUR}+{NDE},0.3902724764633343,False,1.0,0.3902724764633343,True,,,
0.99,MIXED_NONUNIQUE,True,propose,EUR,{CHN}+{EUR}+{NDE},"{CHN,NDE}+{EUR}",1.0,False,1.0,1.0,False,"CHN,NDE",,
0.99,MIXED_NONUNIQUE,True,propose,NDE,"{CHN,EUR,NDE}","{CHN,EUR,NDE}",1.0,True,1.0,1.0,False,,,
0.99,MIXED_NONUNIQUE,True,propose,NDE,"{CHN,EUR}+{NDE}","{CHN,EUR,NDE}",1.0,False,0.0,0.0,False,"CHN,EUR",,
0.99,MIXED_NONUNIQUE,True,propose,NDE,"{CHN,NDE}+{EUR}","{CHN,NDE}+{EUR}",1.0,True,1.0,1.0,False,,,
0.99,MIXED_NONUNIQUE,True,propose,NDE,"{CHN}+{EUR,NDE}","{CHN,EUR,NDE}",1.0,False,0.5234981763938321,0.5234981763938321,False,"CHN,EUR",,
0.99,MIXED_NONUNIQUE,True,propose,NDE,{CHN}+{EUR}+{NDE},"{CHN,NDE}+{EUR}",1.0,False,1.0,1.0,False,CHN,,
0.99,MIXED_NONUNIQUE,True,accept,CHN,"{CHN,EUR,NDE}","{CHN,EUR}+{NDE}",0.5000000000000002,,,,,,0.0,
0.99,MIXED_NONUNIQUE,True,accept,CHN,"{CHN,EUR,NDE}","{CHN,NDE}+{EUR}",0.0,,,,,,-1.7301627940113917e-05,
0.99,MIXED_NONUNIQUE,True,accept,CHN,"{CHN,EUR,NDE}","{CHN}+{EUR,NDE}",0.5000000000000004,,,,,,0.0,
0.99,MIXED_NONUNIQUE,True,accept,CHN,"{CHN,EUR,NDE}",{CHN}+{EUR}+{NDE},0.0,,,,,,-4.822844664964521e-05,
0.99,MIXED_NONUNIQUE,True,accept,CHN,"{CHN,EUR}+{NDE}","{CHN,EUR,NDE}",0.0,,,,,,0.0,"EUR,NDE"
0.99,MIXED_NONUNIQUE,True,accept,CHN,"{CHN,EUR}+{NDE}","{CHN,NDE}+{EUR}",0.0,,,,,,-1.7301627940113917e-05,
0.99,MIXED_NONUNIQUE,True,accept,CHN,"{CHN,EUR}+{NDE}","{CHN}+{EUR,NDE}",0.5,,,,,,0.0,
0.99,MIXED_NONUNIQUE,True,accept,CHN,"{CHN,EUR}+{NDE}",{CHN}+{EUR}+{NDE},0.0,,,,,,-4.822844664964521e-05,
0.99,MIXED_NONUNIQUE,True,accept,CHN,"{CHN,NDE}+{EUR}","{CHN,EUR,NDE}",1.0,,,,,,1.7301627940113917e-05,
0.99,MIXED_NONUNIQUE,True,accept,CHN,"{CHN,NDE}+{EUR}","{CHN,EUR}+{NDE}",1.0,,,,,,1.7301627940113917e-05,
0.99,MIXED_NONUNIQUE,True,accept,CHN,"{CHN,NDE}+{EUR}","{CHN}+{EUR,NDE}",1.0,,,,,,1.7301627940113917e-05,
0.99,MIXED_NONUNIQUE,True,accept,CHN,"{CHN,NDE}+{EUR}",{CHN}+{EUR}+{NDE},0.0,,,,,,-3.092681870953129e-05,
0.99,MIXED_NONUNIQUE,True,accept,CHN,"{CHN}+{EUR,NDE}","{CHN,EUR,NDE}",0.5234981763938321,,,,,,0.0,"EUR,NDE"
0.99,MIXED_NONUNIQUE,True,accept,CHN,"{CHN}+{EUR,NDE}","{CHN,EUR}+{NDE}",0.5,,,,,,0.0,
0.99,MIXED_NONUNIQUE,True,accept,CHN,"{CHN}+{EUR,NDE}","{CHN,NDE}+{EUR}",0.0,,,,,,-1.7301627940113917e-05,
0.99,MIXED_NONUNIQUE,True,accept,CHN,{CHN}+{EUR}+{NDE},"{CHN,EUR,NDE}",1.0,,,,,,4.822844664964521e-05,
0.99,MIXED_NONUNIQUE,True,accept,CHN,{CHN}+{EUR}+{NDE},"{CHN,EUR}+{NDE}",1.0,,,,,,4.822844664964521e-05,
0.99,MIXED_NONUNIQUE,True,accept,CHN,{CHN}+{EUR}+{NDE},"{CHN,NDE}+{EUR}",1.0,,,,,,3.092681870953129e-05,"EUR,NDE"
0.99,MIXED_NONUNIQUE,True,accept,EUR,"{CHN,EUR,NDE}","{CHN,EUR}+{NDE}",0.0,,,,,,-2.011294391035534e-06,
0.99,MIXED_NONUNIQUE,True,accept,EUR,"{CHN,EUR,NDE}","{CHN,NDE}+{EUR}",1.0,,,,,,6.12320030990432e-06,
0.99,MIXED_NONUNIQUE,True,accept,EUR,"{CHN,EUR,NDE}","{CHN}+{EUR,NDE}",0.0,,,,,,-4.2209584343311235e-06,
0.99,MIXED_NONUNIQUE,True,accept,EUR,"{CHN,EUR,NDE}",{CHN}+{EUR}+{NDE},0.0,,,,,,-2.011294391035534e-06,
0.99,MIXED_NONUNIQUE,True,accept,EUR,"{CHN,EUR}+{NDE}","{CHN,EUR,NDE}",1.0,,,,,,2.011294391035534e-06,"CHN,NDE"
0.99,MIXED_NONUNIQUE,True,accept,EUR,"{CHN,EUR}+{NDE}","{CHN,NDE}+{EUR}",1.0,,,,,,8.134494700939854e-06,
0.99,MIXED_NONUNIQUE,True,accept,EUR,"{CHN,EUR}+{NDE}","{CHN}+{EUR,NDE}",0.0,,,,,,-2.2096640432955894e-06,
0.99,MIXED_NONUNIQUE,True,accept,EUR,"{CHN,EUR}+{NDE}",{CHN}+{EUR}+{NDE},1.0,,,,,,0.0,
0.99,MIXED_NONUNIQUE,True,accept,EUR,"{CHN,NDE}+{EUR}","{CHN,EUR,NDE}",0.0,,,,,,-6.12320030990432e-06,
0.99,MIXED_NONUNIQUE,True,accept,EUR,"{CHN,NDE}+{EUR}","{CHN,EUR}+{NDE}",0.0,,,,,,-8.134494700939854e-06,
0.99,MIXED_NONUNIQUE,True,accept,EUR,"{CHN,NDE}+{EUR}","{CHN}+{EUR,NDE}",0.0,,,,,,-1.0344158744235443e-05,
0.99,MIXED_NONUNIQUE,True,accept,EUR,"{CHN}+{EUR,NDE}","{CHN,EUR,NDE}",1.0,,,,,,4.2209584343311235e-06,"CHN,NDE"
0.99,MIXED_NONUNIQUE,True,accept,EUR,"{CHN}+{EUR,NDE}","{CHN,EUR}+{NDE}",1.0,,,,,,2.2096640432955894e-06,
0.99,MIXED_NONUNIQUE,True,accept,EUR,"{CHN}+{EUR,NDE}","{CHN,NDE}+{EUR}",1.0,,,,,,1.0344158744235443e-05,
0.99,MIXED_NONUNIQUE,True,accept,EUR,"{CHN}+{EUR,NDE}",{CHN}+{EUR}+{NDE},1.0,,,,,,2.2096640432955894e-06,
0.99,MIXED_NONUNIQUE,True,accept,EUR,{CHN}+{EUR}+{NDE},"{CHN,EUR,NDE}",1.0,,,,,,2.011294391035534e-06,CHN
0.99,MIXED_NONUNIQUE,True,accept,EUR,{CHN}+{EUR}+{NDE},"{CHN,EUR}+{NDE}",1.0,,,,,,0.0,
0.99,MIXED_NONUNIQUE,True,accept,EUR,{CHN}+{EUR}+{NDE},"{CHN}+{EUR,NDE}",0.0,,,,,,-2.2096640432955894e-06,
0.99,MIXED_NONUNIQUE,True,accept,NDE,"{CHN,EUR,NDE}","{CHN,EUR}+{NDE}",0.0,,,,,,-0.0005480992699631315,
0.99,MIXED_NONUNIQUE,True,accept,NDE,"{CHN,EUR,NDE}","{CHN,NDE}+{EUR}",1.0,,,,,,4.674278564209544e-05,
0.99,MIXED_NONUNIQUE,True,accept,NDE,"{CHN,EUR,NDE}","{CHN}+{EUR,NDE}",0.0,,,,,,-2.5530016980468417e-05,
0.99,MIXED_NONUNIQUE,True,accept,NDE,"{CHN,EUR,NDE}",{CHN}+{EUR}+{NDE},0.0,,,,,,-0.0001275499712534156,
0.99,MIXED_NONUNIQUE,True,accept,NDE,"{CHN,EUR}+{NDE}","{CHN,EUR,NDE}",1.0,,,,,,0.0005480992699631315,"CHN,EUR"
0.99,MIXED_NONUNIQUE,True,accept,NDE,"{CHN,EUR}+{NDE}","{CHN,NDE}+{EUR}",1.0,,,,,,0.000594842055605227,
0.99,MIXED_NONUNIQUE,True,accept,NDE,"{CHN,EUR}+{NDE}","{CHN}+{EUR,NDE}",1.0,,,,,,0.0005225692529826631,
0.99,MIXED_NONUNIQUE,True,accept,NDE,"{CHN,NDE}+{EUR}","{CHN,EUR,NDE}",0.0,,,,,,-4.674278564209544e-05,
0.99,MIXED_NONUNIQUE,True,accept,NDE,"{CHN,NDE}+{EUR}","{CHN,EUR}+{NDE}",0.0,,,,,,-0.000594842055605227,
0.99,MIXED_NONUNIQUE,True,accept,NDE,"{CHN,NDE}+{EUR}","{CHN}+{EUR,NDE}",0.0,,,,,,-7.227280262256386e-05,
0.99,MIXED_NONUNIQUE,True,accept,NDE,"{CHN,NDE}+{EUR}",{CHN}+{EUR}+{NDE},0.0,,,,,,-0.00017429275689551105,
0.99,MIXED_NONUNIQUE,True,accept,NDE,"{CHN}+{EUR,NDE}","{CHN,EUR,NDE}",1.0,,,,,,2.5530016980468417e-05,"CHN,EUR"
0.99,MIXED_NONUNIQUE,True,accept,NDE,"{CHN}+{EUR,NDE}","{CHN,EUR}+{NDE}",0.0,,,,,,-0.0005225692529826631,
0.99,MIXED_NONUNIQUE,True,accept,NDE,"{CHN}+{EUR,NDE}","{CHN,NDE}+{EUR}",1.0,,,,,,7.227280262256386e-05,
0.99,MIXED_NONUNIQUE,True,accept,NDE,"{CHN}+{EUR,NDE}",{CHN}+{EUR}+{NDE},0.0,,,,,,-0.00010201995427294719,
0.99,MIXED_NONUNIQUE,True,accept,NDE,{CHN}+{EUR}+{NDE},"{CHN,EUR,NDE}",1.0,,,,,,0.0001275499712534156,CHN
0.99,MIXED_NONUNIQUE,True,accept,NDE,{CHN}+{EUR}+{NDE},"{CHN,NDE}+{EUR}",1.0,,,,,,0.00017429275689551105,EUR
0.99,MIXED_NONUNIQUE,True,accept,NDE,{CHN}+{EUR}+{NDE},"{CHN}+{EUR,NDE}",1.0,,,,,,0.00010201995427294719,
0.995,MIXED_NONUNIQUE,True,propose,CHN,"{CHN,EUR,NDE}","{CHN}+{EUR,NDE}",1.0,False,1.0,1.0,True,,,
0.995,MIXED_NONUNIQUE,True,propose,CHN,"{CHN,EUR}+{NDE}","{CHN,EUR,NDE}",0.22017979496924134,False,1.0,0.22017979496924134,False,"EUR,NDE",,
0.995,MIXED_NONUNIQUE,True,propose,CHN,"{CHN,EUR}+{NDE}","{CHN,EUR}+{NDE}",0.7798202050307587,True,1.0,0.7798202050307587,False,,,
0.995,MIXED_NONUNIQUE,True,propose,CHN,"{CHN,NDE}+{EUR}","{CHN,NDE}+{EUR}",1.0,True,1.0,1.0,False,,,
0.995,MIXED_NONUNIQUE,True,propose,CHN,"{CHN}+{EUR,NDE}","{CHN,EUR,NDE}",0.12395716035899164,False,1.0,0.12395716035899164,False,"EUR,NDE",,
0.995,MIXED_NONUNIQUE,True,propose,CHN,"{CHN}+{EUR,NDE}","{CHN}+{EUR,NDE}",0.8760428396410084,True,1.0,0.8760428396410084,False,,,
0.995,MIXED_NONUNIQUE,True,propose,CHN,{CHN}+{EUR}+{NDE},"{CHN,EUR,NDE}",1.0,False,1.0,1.0,False,"EUR,NDE",,
0.995,MIXED_NONUNIQUE,True,propose,EUR,"{CHN,EUR,NDE}","{CHN,NDE}+{EUR}",1.0,False,1.0,1.0,True,,,
0.995,MIXED_NONUNIQUE,True,propose,EUR,"{CHN,EUR}+{NDE}","{CHN,EUR,NDE}",0.9656143718929516,False,0.0,0.0,False,"CHN,NDE",,
0.995,MIXED_NONUNIQUE,True,propose,EUR,"{CHN,EUR}+{NDE}",{CHN}+{EUR}+{NDE},0.03438562810704837,False,1.0,0.03438562810704837,True,,,
0.995,MIXED_NONUNIQUE,True,propose,EUR,"{CHN,NDE}+{EUR}","{CHN,NDE}+{EUR}",1.0,True,1.0,1.0,False,,,
0.995,MIXED_NONUNIQUE,True,propose,EUR,"{CHN}+{EUR,NDE}","{CHN,EUR,NDE}",0.6070319432127329,False,0.5192184616900674,0.3151821917516475,False,"CHN,NDE",,
0.995,MIXED_NONUNIQUE,True,propose,EUR,"{CHN}+{EUR,NDE}",{CHN}+{EUR}+{NDE},0.3929680567872671,False,1.0,0.3929680567872671,True,,,
0.995,MIXED_NONUNIQUE,True,propose,EUR,{CHN}+{EUR}+{NDE},"{CHN,NDE}+{EUR}",1.0,False,1.0,1.0,False,"CHN,NDE",,
0.995,MIXED_NONUNIQUE,True,propose,NDE,"{CHN,EUR,NDE}","{CHN,EUR,NDE}",1.0,True,1.0,1.0,False,,,
0.995,MIXED_NONUNIQUE,True,propose,NDE,"{CHN,EUR}+{NDE}","{CHN,EUR,NDE}",1.0,False,0.0,0.0,False,"CHN,EUR",,
0.995,MIXED_NONUNIQUE,True,propose,NDE,"{CHN,NDE}+{EUR}","{CHN,NDE}+{EUR}",1.0,True,1.0,1.0,False,,,
0.995,MIXED_NONUNIQUE,True,propose,NDE,"{CHN}+{EUR,NDE}","{CHN,EUR,NDE}",1.0,False,0.5192184616900674,0.5192184616900674,False,"CHN,EUR",,
0.995,MIXED_NONUNIQUE,True,propose,NDE,{CHN}+{EUR}+{NDE},"{CHN,NDE}+{EUR}",1.0,False,1.0,1.0,False,CHN,,
0.995,MIXED_NONUNIQUE,True,accept,CHN,"{CHN,EUR,NDE}","{CHN,EUR}+{NDE}",0.49999999999999817,,,,,,0.0,
0.995,MIXED_NONUNIQUE,True,accept,CHN,"{CHN,EUR,NDE}","{CHN,NDE}+{EUR}",0.0,,,,,,-8.736465593628395e-06,
0.995,MIXED_NONUNIQUE,True,accept,CHN,"{CHN,EUR,NDE}","{CHN}+{EUR,NDE}",0.5000000000000002,,,,,,0.0,
0.995,MIXED_NONUNIQUE,True,accept,CHN,"{CHN,EUR,NDE}",{CHN}+{EUR}+{NDE},0.0,,,,,,-2.4157049136164233e-05,
0.995,MIXED_NONUNIQUE,True,accept,CHN,"{CHN,EUR}+{NDE}","{CHN,EUR,NDE}",0.0,,,,,,0.0,"EUR,NDE"
0.995,MIXED_NONUNIQUE,True,accept,CHN,"{CHN,EUR}+{NDE}","{CHN,NDE}+{EUR}",0.0,,,,,,-8.736465593628395e-06,
0.995,MIXED_NONUNIQUE,True,accept,CHN,"{CHN,EUR}+{NDE}","{CHN}+{EUR,NDE}",0.5,,,,,,0.0,
0.995,MIXED_NONUNIQUE,True,accept,CHN,"{CHN,EUR}+{NDE}",{CHN}+{EUR}+{NDE},0.0,,,,,,-2.4157049136164233e-05,
0.995,MIXED_NONUNIQUE,True,accept,CHN,"{CHN,NDE}+{EUR}","{CHN,EUR,NDE}",1.0,,,,,,8.736465593628395e-06,
0.995,MIXED_NONUNIQUE,True,accept,CHN,"{CHN,NDE}+{EUR}","{CHN,EUR}+{NDE}",1.0,,,,,,8.736465593628395e-06,
0.995,MIXED_NONUNIQUE,True,accept,CHN,"{CHN,NDE}+{EUR}","{CHN}+{EUR,NDE}",1.0,,,,,,8.736465593628395e-06,
0.995,MIXED_NONUNIQUE,True,accept,CHN,"{CHN,NDE}+{EUR}",{CHN}+{EUR}+{NDE},0.0,,,,,,-1.5420583542535837e-05,
0.995,MIXED_NONUNIQUE,True,accept,CHN,"{CHN}+{EUR,NDE}","{CHN,EUR,NDE}",0.5192184616900674,,,,,,0.0,"EUR,NDE"
0.995,MIXED_NONUNIQUE,True,accept,CHN,"{CHN}+{EUR,NDE}","{CHN,EUR}+{NDE}",0.5,,,,,,0.0,
0.995,MIXED_NONUNIQUE,True,accept,CHN,"{CHN}+{EUR,NDE}","{CHN,NDE}+{EUR}",0.0,,,,,,-8.736465593628395e-06,
0.995,MIXED_NONUNIQUE,True,accept,CHN,{CHN}+{EUR}+{NDE},"{CHN,EUR,NDE}",1.0,,,,,,2.4157049136164233e-05,
0.995,MIXED_NONUNIQUE,True,accept,CHN,{CHN}+{EUR}+{NDE},"{CHN,EUR}+{NDE}",1.0,,,,,,2.4157049136164233e-05,
0.995,MIXED_NONUNIQUE,True,accept,CHN,{CHN}+{EUR}+{NDE},"{CHN,NDE}+{EUR}",1.0,,,,,,1.5420583542535837e-05,"EUR,NDE"
0.995,MIXED_NONUNIQUE,True,accept,EUR,"{CHN,EUR,NDE}","{CHN,EUR}+{NDE}",0.0,,,,,,-1.0015239269023368e-06,
0.995,MIXED_NONUNIQUE,True,accept,EUR,"{CHN,EUR,NDE}","{CHN,NDE}+{EUR}",1.0,,,,,,3.0754045470260394e-06,
0.995,MIXED_NONUNIQUE,True,accept,EUR,"{CHN,EUR,NDE}","{CHN}+{EUR,NDE}",0.0,,,,,,-2.0831164415646697e-06,
0.995,MIXED_NONUNIQUE,True,accept,EUR,"{CHN,EUR,NDE}",{CHN}+{EUR}+{NDE},0.0,,,,,,-1.001523927346426e-06,
0.995,MIXED_NONUNIQUE,True,accept,EUR,"{CHN,EUR}+{NDE}","{CHN,EUR,NDE}",1.0,,,,,,1.0015239269023368e-06,"CHN,NDE"
0.995,MIXED_NONUNIQUE,True,accept,EUR,"{CHN,EUR}+{NDE}","{CHN,NDE}+{EUR}",1.0,,,,,,4.076928473928376e-06,
0.995,MIXED_NONUNIQUE,True,accept,EUR,"{CHN,EUR}+{NDE}","{CHN}+{EUR,NDE}",0.0,,,,,,-1.0815925146623329e-06,
0.995,MIXED_NONUNIQUE,True,accept,EUR,"{CHN,EUR}+{NDE}",{CHN}+{EUR}+{NDE},1.0,,,,,,-4.440892098500626e-16,
0.995,MIXED_NONUNIQUE,True,accept,EUR,"{CHN,NDE}+{EUR}","{CHN,EUR,NDE}",0.0,,,,,,-3.0754045470260394e-06,
0.995,MIXED_NONUNIQUE,True,accept,EUR,"{CHN,NDE}+{EUR}","{CHN,EUR}+{NDE}",0.0,,,,,,-4.076928473928376e-06,
0.995,MIXED_NONUNIQUE,True,accept,EUR,"{CHN,NDE}+{EUR}","{CHN}+{EUR,NDE}",0.0,,,,,,-5.158520988590709e-06,
0.995,MIXED_NONUNIQUE,True,accept,EUR,"{CHN}+{EUR,NDE}","{CHN,EUR,NDE}",1.0,,,,,,2.0831164415646697e-06,"CHN,NDE"
0.995,MIXED_NONUNIQUE,True,accept,EUR,"{CHN}+{EUR,NDE}","{CHN,EUR}+{NDE}",1.0,,,,,,1.0815925146623329e-06,
0.995,MIXED_NONUNIQUE,True,accept,EUR,"{CHN}+{EUR,NDE}","{CHN,NDE}+{EUR}",1.0,,,,,,5.158520988590709e-06,
0.995,MIXED_NONUNIQUE,True,accept,EUR,"{CHN}+{EUR,NDE}",{CHN}+{EUR}+{NDE},1.0,,,,,,1.0815925142182437e-06,
0.995,MIXED_NONUNIQUE,True,accept,EUR,{CHN}+{EUR}+{NDE},"{CHN,EUR,NDE}",1.0,,,,,,1.001523927346426e-06,CHN
0.995,MIXED_NONUNIQUE,True,accept,EUR,{CHN}+{EUR}+{NDE},"{CHN,EUR}+{NDE}",1.0,,,,,,4.440892098500626e-16,
0.995,MIXED_NONUNIQUE,True,accept,EUR,{CHN}+{EUR}+{NDE},"{CHN}+{EUR,NDE}",0.0,,,,,,-1.0815925142182437e-06,
0.995,MIXED_NONUNIQUE,True,accept,NDE,"{CHN,EUR,NDE}","{CHN,EUR}+{NDE}",0.0,,,,,,-0.00022377044200538876,
0.995,MIXED_NONUNIQUE,True,accept,NDE,"{CHN,EUR,NDE}","{CHN,NDE}+{EUR}",1.0,,,,,,2.370217464786606e-05,
0.995,MIXED_NONUNIQUE,True,accept,NDE,"{CHN,EUR,NDE}","{CHN}+{EUR,NDE}",0.0,,,,,,-1.2801742837353913e-05,
0.995,MIXED_NONUNIQUE,True,accept,NDE,"{CHN,EUR,NDE}",{CHN}+{EUR}+{NDE},0.0,,,,,,-6.359286542689802e-05,
0.995,MIXED_NONUNIQUE,True,accept,NDE,"{CHN,EUR}+{NDE}","{CHN,EUR,NDE}",1.0,,,,,,0.00022377044200538876,"CHN,EUR"
0.995,MIXED_NONUNIQUE,True,accept,NDE,"{CHN,EUR}+{NDE}","{CHN,NDE}+{EUR}",1.0,,,,,,0.0002474726166532548,
0.995,MIXED_NONUNIQUE,True,accept,NDE,"{CHN,EUR}+{NDE}","{CHN}+{EUR,NDE}",1.0,,,,,,0.00021096869916803485,
0.995,MIXED_NONUNIQUE,True,accept,NDE,"{CHN,NDE}+{EUR}","{CHN,EUR,NDE}",0.0,,,,,,-2.370217464786606e-05,
0.995,MIXED_NONUNIQUE,True,accept,NDE,"{CHN,NDE}+{EUR}","{CHN,EUR}+{NDE}",0.0,,,,,,-0.0002474726166532548,
0.995,MIXED_NONUNIQUE,True,accept,NDE,"{CHN,NDE}+{EUR}","{CHN}+{EUR,NDE}",0.0,,,,,,-3.650391748521997e-05,
0.995,MIXED_NONUNIQUE,True,accept,NDE,"{CHN,NDE}+{EUR}",{CHN}+{EUR}+{NDE},0.0,,,,,,-8.729504007476407e-05,
0.995,MIXED_NONUNIQUE,True,accept,NDE,"{CHN}+{EUR,NDE}","{CHN,EUR,NDE}",1.0,,,,,,1.2801742837353913e-05,"CHN,EUR"
0.995,MIXED_NONUNIQUE,True,accept,NDE,"{CHN}+{EUR,NDE}","{CHN,EUR}+{NDE}",0.0,,,,,,-0.00021096869916803485,
0.995,MIXED_NONUNIQUE,True,accept,NDE,"{CHN}+{EUR,NDE}","{CHN,NDE}+{EUR}",1.0,,,,,,3.650391748521997e-05,
0.995,MIXED_NONUNIQUE,True,accept,NDE,"{CHN}+{EUR,NDE}",{CHN}+{EUR}+{NDE},0.0,,,,,,-5.07911225895441e-05,
0.995,MIXED_NONUNIQUE,True,accept,NDE,{CHN}+{EUR}+{NDE},"{CHN,EUR,NDE}",1.0,,,,,,6.359286542689802e-05,CHN
0.995,MIXED_NONUNIQUE,True,accept,NDE,{CHN}+{EUR}+{NDE},"{CHN,NDE}+{EUR}",1.0,,,,,,8.729504007476407e-05,EUR
0.995,MIXED_NONUNIQUE,True,accept,NDE,{CHN}+{EUR}+{NDE},"{CHN}+{EUR,NDE}",1.0,,,,,,5.07911225895441e-05,
0.997,MIXED_NONUNIQUE,True,propose,CHN,"{CHN,EUR,NDE}","{CHN}+{EUR,NDE}",1.0,False,1.0,1.0,True,,,
0.997,MIXED_NONUNIQUE,True,propose,CHN,"{CHN,EUR}+{NDE}","{CHN,EUR,NDE}",0.24493244083767157,False,1.0,0.24493244083767157,False,"EUR,NDE",,
0.997,MIXED_NONUNIQUE,True,propose,CHN,"{CHN,EUR}+{NDE}","{CHN,EUR}+{NDE}",0.7550675591623284,True,1.0,0.7550675591623284,False,,,
0.997,MIXED_NONUNIQUE,True,propose,CHN,"{CHN,NDE}+{EUR}","{CHN,NDE}+{EUR}",1.0,True,1.0,1.0,False,,,
0.997,MIXED_NONUNIQUE,True,propose,CHN,"{CHN}+{EUR,NDE}","{CHN,EUR,NDE}",0.14275148283092032,False,1.0,0.14275148283092032,False,"EUR,NDE",,
0.997,MIXED_NONUNIQUE,True,propose,CHN,"{CHN}+{EUR,NDE}","{CHN}+{EUR,NDE}",0.8572485171690797,True,1.0,0.8572485171690797,False,,,
0.997,MIXED_NONUNIQUE,True,propose,CHN,{CHN}+{EUR}+{NDE},"{CHN,EUR,NDE}",1.0,False,1.0,1.0,False,"EUR,NDE",,
0.997,MIXED_NONUNIQUE,True,propose,EUR,"{CHN,EUR,NDE}","{CHN,NDE}+{EUR}",1.0,False,1.0,1.0,True,,,
0.997,MIXED_NONUNIQUE,True,propose,EUR,"{CHN,EUR}+{NDE}","{CHN,EUR,NDE}",0.9635460945136562,False,0.0,0.0,False,"CHN,NDE",,
0.997,MIXED_NONUNIQUE,True,propose,EUR,"{CHN,EUR}+{NDE}",{CHN}+{EUR}+{NDE},0.03645390548634375,False,1.0,0.03645390548634375,True,,,
0.997,MIXED_NONUNIQUE,True,propose,EUR,"{CHN,NDE}+{EUR}","{CHN,NDE}+{EUR}",1.0,True,1.0,1.0,False,,,
0.997,MIXED_NONUNIQUE,True,propose,EUR,"{CHN}+{EUR,NDE}","{CHN,EUR,NDE}",0.6059401044135525,False,0.5186190173321513,0.31425206151309776,False,"CHN,NDE",,
0.997,MIXED_NONUNIQUE,True,propose,EUR,"{CHN}+{EUR,NDE}",{CHN}+{EUR}+{NDE},0.3940598955864475,False,1.0,0.3940598955864475,True,,,
0.997,MIXED_NONUNIQUE,True,propose,EUR,{CHN}+{EUR}+{NDE},"{CHN,NDE}+{EUR}",1.0,False,1.0,1.0,False,"CHN,NDE",,
0.997,MIXED_NONUNIQUE,True,propose,NDE,"{CHN,EUR,NDE}","{CHN,EUR,NDE}",1.0,True,1.0,1.0,False,,,
0.997,MIXED_NONUNIQUE,True,propose,NDE,"{CHN,EUR}+{NDE}","{CHN,EUR,NDE}",1.0,False,0.0,0.0,False,"CHN,EUR",,
0.997,MIXED_NONUNIQUE,True,propose,NDE,"{CHN,NDE}+{EUR}","{CHN,NDE}+{EUR}",1.0,True,1.0,1.0,False,,,
0.997,MIXED_NONUNIQUE,True,propose,NDE,"{CHN}+{EUR,NDE}","{CHN,EUR,NDE}",1.0,False,0.5186190173321513,0.5186190173321513,False,"CHN,EUR",,
0.997,MIXED_NONUNIQUE,True,propose,NDE,{CHN}+{EUR}+{NDE},"{CHN,NDE}+{EUR}",1.0,False,1.0,1.0,False,CHN,,
0.997,MIXED_NONUNIQUE,True,accept,CHN,"{CHN,EUR,NDE}","{CHN,EUR}+{NDE}",0.5000000000000024,,,,,,0.0,
0.997,MIXED_NONUNIQUE,True,accept,CHN,"{CHN,EUR,NDE}","{CHN,NDE}+{EUR}",0.0,,,,,,-5.262721819221383e-06,
0.997,MIXED_NONUNIQUE,True,accept,CHN,"{CHN,EUR,NDE}","{CHN}+{EUR,NDE}",0.4999999999999999,,,,,,0.0,
0.997,MIXED_NONUNIQUE,True,accept,CHN,"{CHN,EUR,NDE}",{CHN}+{EUR}+{NDE},0.0,,,,,,-1.4504650714286527e-05,
0.997,MIXED_NONUNIQUE,True,accept,CHN,"{CHN,EUR}+{NDE}","{CHN,EUR,NDE}",0.0,,,,,,0.0,"EUR,NDE"
0.997,MIXED_NONUNIQUE,True,accept,CHN,"{CHN,EUR}+{NDE}","{CHN,NDE}+{EUR}",0.0,,,,,,-5.262721819221383e-06,
0.997,MIXED_NONUNIQUE,True,accept,CHN,"{CHN,EUR}+{NDE}","{CHN}+{EUR,NDE}",0.5,,,,,,0.0,
0.997,MIXED_NONUNIQUE,True,accept,CHN,"{CHN,EUR}+{NDE}",{CHN}+{EUR}+{NDE},0.0,,,,,,-1.4504650714286527e-05,
0.997,MIXED_NONUNIQUE,True,accept,CHN,"{CHN,NDE}+{EUR}","{CHN,EUR,NDE}",1.0,,,,,,5.262721819221383e-06,
0.997,MIXED_NONUNIQUE,True,accept,CHN,"{CHN,NDE}+{EUR}","{CHN,EUR}+{NDE}",1.0,,,,,,5.262721819221383e-06,
0.997,MIXED_NONUNIQUE,True,accept,CHN,"{CHN,NDE}+{EUR}","{CHN}+{EUR,NDE}",1.0,,,,,,5.262721819221383e-06,
0.997,MIXED_NONUNIQUE,True,accept,CHN,"{CHN,NDE}+{EUR}",{CHN}+{EUR}+{NDE},0.0,,,,,,-9.241928895065143e-06,
0.997,MIXED_NONUNIQUE,True,accept,CHN,"{CHN}+{EUR,NDE}","{CHN,EUR,NDE}",0.5186190173321513,,,,,,0.0,"EUR,NDE"
0.997,MIXED_NONUNIQUE,True,accept,CHN,"{CHN}+{EUR,NDE}","{CHN,EUR}+{NDE}",0.5,,,,,,0.0,
0.997,MIXED_NONUNIQUE,True,accept,CHN,"{CHN}+{EUR,NDE}","{CHN,NDE}+{EUR}",0.0,,,,,,-5.262721819221383e-06,
0.997,MIXED_NONUNIQUE,True,accept,CHN,{CHN}+{EUR}+{NDE},"{CHN,EUR,NDE}",1.0,,,,,,1.4504650714286527e-05,
0.997,MIXED_NONUNIQUE,True,accept,CHN,{CHN}+{EUR}+{NDE},"{CHN,EUR}+{NDE}",1.0,,,,,,1.4504650714286527e-05,
0.997,MIXED_NONUNIQUE,True,accept,CHN,{CHN}+{EUR}+{NDE},"{CHN,NDE}+{EUR}",1.0,,,,,,9.241928895065143e-06,"EUR,NDE"
0.997,MIXED_NONUNIQUE,True,accept,EUR,"{CHN,EUR,NDE}","{CHN,EUR}+{NDE}",0.0,,,,,,-5.991044962350145e-07,
0.997,MIXED_NONUNIQUE,True,accept,EUR,"{CHN,EUR,NDE}","{CHN,NDE}+{EUR}",1.0,,,,,,1.849795930652931e-06,
0.997,MIXED_NONUNIQUE,True,accept,EUR,"{CHN,EUR,NDE}","{CHN}+{EUR,NDE}",0.0,,,,,,-1.2445537280747487e-06,
0.997,MIXED_NONUNIQUE,True,accept,EUR,"{CHN,EUR,NDE}",{CHN}+{EUR}+{NDE},0.0,,,,,,-5.991044966791037e-07,
0.997,MIXED_NONUNIQUE,True,accept,EUR,"{CHN,EUR}+{NDE}","{CHN,EUR,NDE}",1.0,,,,,,5.991044962350145e-07,"CHN,NDE"
0.997,MIXED_NONUNIQUE,True,accept,EUR,"{CHN,EUR}+{NDE}","{CHN,NDE}+{EUR}",1.0,,,,,,2.4489004268879455e-06,
0.997,MIXED_NONUNIQUE,True,accept,EUR,"{CHN,EUR}+{NDE}","{CHN}+{EUR,NDE}",0.0,,,,,,-6.454492318397342e-07,
0.997,MIXED_NONUNIQUE,True,accept,EUR,"{CHN,EUR}+{NDE}",{CHN}+{EUR}+{NDE},1.0,,,,,,-4.440892098500626e-16,
0.997,MIXED_NONUNIQUE,True,accept,EUR,"{CHN,NDE}+{EUR}","{CHN,EUR,NDE}",0.0,,,,,,-1.849795930652931e-06,
0.997,MIXED_NONUNIQUE,True,accept,EUR,"{CHN,NDE}+{EUR}","{CHN,EUR}+{NDE}",0.0,,,,,,-2.4489004268879455e-06,
0.997,MIXED_NONUNIQUE,True,accept,EUR,"{CHN,NDE}+{EUR}","{CHN}+{EUR,NDE}",0.0,,,,,,-3.0943496587276798e-06,
0.997,MIXED_NONUNIQUE,True,accept,EUR,"{CHN}+{EUR,NDE}","{CHN,EUR,NDE}",1.0,,,,,,1.2445537280747487e-06,"CHN,NDE"
0.997,MIXED_NONUNIQUE,True,accept,EUR,"{CHN}+{EUR,NDE}","{CHN,EUR}+{NDE}",1.0,,,,,,6.454492318397342e-07,
0.997,MIXED_NONUNIQUE,True,accept,EUR,"{CHN}+{EUR,NDE}","{CHN,NDE}+{EUR}",1.0,,,,,,3.0943496587276798e-06,
0.997,MIXED_NONUNIQUE,True,accept,EUR,"{CHN}+{EUR,NDE}",{CHN}+{EUR}+{NDE},1.0,,,,,,6.45449231395645e-07,
0.997,MIXED_NONUNIQUE,True,accept,EUR,{CHN}+{EUR}+{NDE},"{CHN,EUR,NDE}",1.0,,,,,,5.991044966791037e-07,CHN
0.997,MIXED_NONUNIQUE,True,accept,EUR,{CHN}+{EUR}+{NDE},"{CHN,EUR}+{NDE}",1.0,,,,,,4.440892098500626e-16,
0.997,MIXED_NONUNIQUE,True,accept,EUR,{CHN}+{EUR}+{NDE},"{CHN}+{EUR,NDE}",0.0,,,,,,-6.45449231395645e-07,
0.997,MIXED_NONUNIQUE,True,accept,NDE,"{CHN,EUR,NDE}","{CHN,EUR}+{NDE}",0.0,,,,,,-0.00012497536480537974,
0.997,MIXED_NONUNIQUE,True,accept,NDE,"{CHN,EUR,NDE}","{CHN,NDE}+{EUR}",1.0,,,,,,1.4308705424070922e-05,
0.997,MIXED_NONUNIQUE,True,accept,NDE,"{CHN,EUR,NDE}","{CHN}+{EUR,NDE}",0.0,,,,,,-7.69677060574736e-06,
0.997,MIXED_NONUNIQUE,True,accept,NDE,"{CHN,EUR,NDE}",{CHN}+{EUR}+{NDE},0.0,,,,,,-3.810684563632094e-05,
0.997,MIXED_NONUNIQUE,True,accept,NDE,"{CHN,EUR}+{NDE}","{CHN,EUR,NDE}",1.0,,,,,,0.00012497536480537974,"CHN,EUR"
0.997,MIXED_NONUNIQUE,True,accept,NDE,"{CHN,EUR}+{NDE}","{CHN,NDE}+{EUR}",1.0,,,,,,0.00013928407022945066,
0.997,MIXED_NONUNIQUE,True,accept,NDE,"{CHN,EUR}+{NDE}","{CHN}+{EUR,NDE}",1.0,,,,,,0.00011727859419963238,
0.997,MIXED_NONUNIQUE,True,accept,NDE,"{CHN,NDE}+{EUR}","{CHN,EUR,NDE}",0.0,,,,,,-1.4308705424070922e-05,
0.997,MIXED_NONUNIQUE,True,accept,NDE,"{CHN,NDE}+{EUR}","{CHN,EUR}+{NDE}",0.0,,,,,,-0.00013928407022945066,
0.997,MIXED_NONUNIQUE,True,accept,NDE,"{CHN,NDE}+{EUR}","{CHN}+{EUR,NDE}",0.0,,,,,,-2.2005476029818283e-05,
0.997,MIXED_NONUNIQUE,True,accept,NDE,"{CHN,NDE}+{EUR}",{CHN}+{EUR}+{NDE},0.0,,,,,,-5.241555106039186e-05,
0.997,MIXED_NONUNIQUE,True,accept,NDE,"{CHN}+{EUR,NDE}","{CHN,EUR,NDE}",1.0,,,,,,7.69677060574736e-06,"CHN,EUR"
0.997,MIXED_NONUNIQUE,True,accept,NDE,"{CHN}+{EUR,NDE}","{CHN,EUR}+{NDE}",0.0,,,,,,-0.00011727859419963238,
0.997,MIXED_NONUNIQUE,True,accept,NDE,"{CHN}+{EUR,NDE}","{CHN,NDE}+{EUR}",1.0,,,,,,2.2005476029818283e-05,
0.997,MIXED_NONUNIQUE,True,accept,NDE,"{CHN}+{EUR,NDE}",{CHN}+{EUR}+{NDE},0.0,,,,,,-3.041007503057358e-05,
0.997,MIXED_NONUNIQUE,True,accept,NDE,{CHN}+{EUR}+{NDE},"{CHN,EUR,NDE}",1.0,,,,,,3.810684563632094e-05,CHN
0.997,MIXED_NONUNIQUE,True,accept,NDE,{CHN}+{EUR}+{NDE},"{CHN,NDE}+{EUR}",1.0,,,,,,5.241555106039186e-05,EUR
0.997,MIXED_NONUNIQUE,True,accept,NDE,{CHN}+{EUR}+{NDE},"{CHN}+{EUR,NDE}",1.0,,,,,,3.041007503057358e-05,
0.999,MIXED_NONUNIQUE,True,propose,CHN,"{CHN,EUR,NDE}","{CHN}+{EUR,NDE}",1.0,False,1.0,1.0,True,,,
0.999,MIXED_NONUNIQUE,True,propose,CHN,"{CHN,EUR}+{NDE}","{CHN,EUR,NDE}",0.26997639362810105,False,1.0,0.26997639362810105,False,"EUR,NDE",,
0.999,MIXED_NONUNIQUE,True,propose,CHN,"{CHN,EUR}+{NDE}","{CHN,EUR}+{NDE}",0.730023606371899,True,1.0,0.730023606371899,False,,,
0.999,MIXED_NONUNIQUE,True,propose,CHN,"{CHN,NDE}+{EUR}","{CHN,NDE}+{EUR}",1.0,True,1.0,1.0,False,,,
0.999,MIXED_NONUNIQUE,True,propose,CHN,"{CHN}+{EUR,NDE}","{CHN,EUR,NDE}",0.15993310696423882,False,1.0,0.15993310696423882,False,"EUR,NDE",,
0.999,MIXED_NONUNIQUE,True,propose,CHN,"{CHN}+{EUR,NDE}","{CHN}+{EUR,NDE}",0.8400668930357612,True,1.0,0.8400668930357612,False,,,
0.999,MIXED_NONUNIQUE,True,propose,CHN,{CHN}+{EUR}+{NDE},"{CHN,EUR,NDE}",1.0,False,1.0,1.0,False,"EUR,NDE",,
0.999,MIXED_NONUNIQUE,True,propose,EUR,"{CHN,EUR,NDE}","{CHN,NDE}+{EUR}",1.0,False,1.0,1.0,True,,,
0.999,MIXED_NONUNIQUE,True,propose,EUR,"{CHN,EUR}+{NDE}","{CHN,EUR,NDE}",0.9614721683115705,False,0.0,0.0,False,"CHN,NDE",,
0.999,MIXED_NONUNIQUE,True,propose,EUR,"{CHN,EUR}+{NDE}",{CHN}+{EUR}+{NDE},0.03852783168842955,False,1.0,0.03852783168842955,True,,,
0.999,MIXED_NONUNIQUE,True,propose,EUR,"{CHN,NDE}+{EUR}","{CHN,NDE}+{EUR}",1.0,True,1.0,1.0,False,,,
0.999,MIXED_NONUNIQUE,True,propose,EUR,"{CHN}+{EUR,NDE}","{CHN,EUR,NDE}",0.6048403829578016,False,0.518578186382493,0.3136570288451493,False,"CHN,NDE",,
0.999,MIXED_NONUNIQUE,True,propose,EUR,"{CHN}+{EUR,NDE}",{CHN}+{EUR}+{NDE},0.3951596170421984,False,1.0,0.3951596170421984,True,,,
0.999,MIXED_NONUNIQUE,True,propose,EUR,{CHN}+{EUR}+{NDE},"{CHN,NDE}+{EUR}",1.0,False,1.0,1.0,False,"CHN,NDE",,
0.999,MIXED_NONUNIQUE,True,propose,NDE,"{CHN,EUR,NDE}","{CHN,EUR,NDE}",1.0,True,1.0,1.0,False,,,
0.999,MIXED_NONUNIQUE,True,propose,NDE,"{CHN,EUR}+{NDE}","{CHN,EUR,NDE}",1.0,False,0.0,0.0,False,"CHN,EUR",,
0.999,MIXED_NONUNIQUE,True,propose,NDE,"{CHN,NDE}+{EUR}","{CHN,NDE}+{EUR}",1.0,True,1.0,1.0,False,,,
0.999,MIXED_NONUNIQUE,True,propose,NDE,"{CHN}+{EUR,NDE}","{CHN,EUR,NDE}",1.0,False,0.518578186382493,0.518578186382493,False,"CHN,EUR",,
0.999,MIXED_NONUNIQUE,True,propose,NDE,{CHN}+{EUR}+{NDE},"{CHN,NDE}+{EUR}",1.0,False,1.0,1.0,False,CHN,,
0.999,MIXED_NONUNIQUE,True,accept,CHN,"{CHN,EUR,NDE}","{CHN,EUR}+{NDE}",0.500000000000001,,,,,,0.0,
0.999,MIXED_NONUNIQUE,True,accept,CHN,"{CHN,EUR,NDE}","{CHN,NDE}+{EUR}",0.0,,,,,,-1.76124356343621e-06,
0.999,MIXED_NONUNIQUE,True,accept,CHN,"{CHN,EUR,NDE}","{CHN}+{EUR,NDE}",0.49999999999999994,,,,,,0.0,
0.999,MIXED_NONUNIQUE,True,accept,CHN,"{CHN,EUR,NDE}",{CHN}+{EUR}+{NDE},0.0,,,,,,-4.838385050831562e-06,
0.999,MIXED_NONUNIQUE,True,accept,CHN,"{CHN,EUR}+{NDE}","{CHN,EUR,NDE}",0.0,,,,,,0.0,"EUR,NDE"
0.999,MIXED_NONUNIQUE,True,accept,CHN,"{CHN,EUR}+{NDE}","{CHN,NDE}+{EUR}",0.0,,,,,,-1.76124356343621e-06,
0.999,MIXED_NONUNIQUE,True,accept,CHN,"{CHN,EUR}+{NDE}","{CHN}+{EUR,NDE}",0.5,,,,,,0.0,
0.999,MIXED_NONUNIQUE,True,accept,CHN,"{CHN,EUR}+{NDE}",{CHN}+{EUR}+{NDE},0.0,,,,,,-4.838385050831562e-06,
0.999,MIXED_NONUNIQUE,True,accept,CHN,"{CHN,NDE}+{EUR}","{CHN,EUR,NDE}",1.0,,,,,,1.76124356343621e-06,
0.999,MIXED_NONUNIQUE,True,accept,CHN,"{CHN,NDE}+{EUR}","{CHN,EUR}+{NDE}",1.0,,,,,,1.76124356343621e-06,
0.999,MIXED_NONUNIQUE,True,accept,CHN,"{CHN,NDE}+{EUR}","{CHN}+{EUR,NDE}",1.0,,,,,,1.76124356343621e-06,
0.999,MIXED_NONUNIQUE,True,accept,CHN,"{CHN,NDE}+{EUR}",{CHN}+{EUR}+{NDE},0.0,,,,,,-3.0771414873953518e-06,
0.999,MIXED_NONUNIQUE,True,accept,CHN,"{CHN}+{EUR,NDE}","{CHN,EUR,NDE}",0.518578186382493,,,,,,0.0,"EUR,NDE"
0.999,MIXED_NONUNIQUE,True,accept,CHN,"{CHN}+{EUR,NDE}","{CHN,EUR}+{NDE}",0.5,,,,,,0.0,
0.999,MIXED_NONUNIQUE,True,accept,CHN,"{CHN}+{EUR,NDE}","{CHN,NDE}+{EUR}",0.0,,,,,,-1.76124356343621e-06,
0.999,MIXED_NONUNIQUE,True,accept,CHN,{CHN}+{EUR}+{NDE},"{CHN,EUR,NDE}",1.0,,,,,,4.838385050831562e-06,
0.999,MIXED_NONUNIQUE,True,accept,CHN,{CHN}+{EUR}+{NDE},"{CHN,EUR}+{NDE}",1.0,,,,,,4.838385050831562e-06,
0.999,MIXED_NONUNIQUE,True,accept,CHN,{CHN}+{EUR}+{NDE},"{CHN,NDE}+{EUR}",1.0,,,,,,3.0771414873953518e-06,"EUR,NDE"
0.999,MIXED_NONUNIQUE,True,accept,EUR,"{CHN,EUR,NDE}","{CHN,EUR}+{NDE}",0.0,,,,,,-1.9896256508999954e-07,
0.999,MIXED_NONUNIQUE,True,accept,EUR,"{CHN,EUR,NDE}","{CHN,NDE}+{EUR}",1.0,,,,,,6.183227800882207e-07,
0.999,MIXED_NONUNIQUE,True,accept,EUR,"{CHN,EUR,NDE}","{CHN}+{EUR,NDE}",0.0,,,,,,-4.132811599610875e-07,
0.999,MIXED_NONUNIQUE,True,accept,EUR,"{CHN,EUR,NDE}",{CHN}+{EUR}+{NDE},0.0,,,,,,-1.9896256553408875e-07,
0.999,MIXED_NONUNIQUE,True,accept,EUR,"{CHN,EUR}+{NDE}","{CHN,EUR,NDE}",1.0,,,,,,1.9896256508999954e-07,"CHN,NDE"
0.999,MIXED_NONUNIQUE,True,accept,EUR,"{CHN,EUR}+{NDE}","{CHN,NDE}+{EUR}",1.0,,,,,,8.172853451782203e-07,
0.999,MIXED_NONUNIQUE,True,accept,EUR,"{CHN,EUR}+{NDE}","{CHN}+{EUR,NDE}",0.0,,,,,,-2.1431859487108795e-07,
0.999,MIXED_NONUNIQUE,True,accept,EUR,"{CHN,EUR}+{NDE}",{CHN}+{EUR}+{NDE},1.0,,,,,,-4.440892098500626e-16,
0.999,MIXED_NONUNIQUE,True,accept,EUR,"{CHN,NDE}+{EUR}","{CHN,EUR,NDE}",0.0,,,,,,-6.183227800882207e-07,
0.999,MIXED_NONUNIQUE,True,accept,EUR,"{CHN,NDE}+{EUR}","{CHN,EUR}+{NDE}",0.0,,,,,,-8.172853451782203e-07,
0.999,MIXED_NONUNIQUE,True,accept,EUR,"{CHN,NDE}+{EUR}","{CHN}+{EUR,NDE}",0.0,,,,,,-1.0316039400493082e-06,
0.999,MIXED_NONUNIQUE,True,accept,EUR,"{CHN}+{EUR,NDE}","{CHN,EUR,NDE}",1.0,,,,,,4.132811599610875e-07,"CHN,NDE"
0.999,MIXED_NONUNIQUE,True,accept,EUR,"{CHN}+{EUR,NDE}","{CHN,EUR}+{NDE}",1.0,,,,,,2.1431859487108795e-07,
0.999,MIXED_NONUNIQUE,True,accept,EUR,"{CHN}+{EUR,NDE}","{CHN,NDE}+{EUR}",1.0,,,,,,1.0316039400493082e-06,
0.999,MIXED_NONUNIQUE,True,accept,EUR,"{CHN}+{EUR,NDE}",{CHN}+{EUR}+{NDE},1.0,,,,,,2.1431859442699874e-07,
0.999,MIXED_NONUNIQUE,True,accept,EUR,{CHN}+{EUR}+{NDE},"{CHN,EUR,NDE}",1.0,,,,,,1.9896256553408875e-07,CHN
0.999,MIXED_NONUNIQUE,True,accept,EUR,{CHN}+{EUR}+{NDE},"{CHN,EUR}+{NDE}",1.0,,,,,,4.440892098500626e-16,
0.999,MIXED_NONUNIQUE,True,accept,EUR,{CHN}+{EUR}+{NDE},"{CHN}+{EUR,NDE}",0.0,,,,,,-2.1431859442699874e-07,
0.999,MIXED_NONUNIQUE,True,accept,NDE,"{CHN,EUR,NDE}","{CHN,EUR}+{NDE}",0.0,,,,,,-3.893687329892259e-05,
0.999,MIXED_NONUNIQUE,True,accept,NDE,"{CHN,EUR,NDE}","{CHN,NDE}+{EUR}",1.0,,,,,,4.800083587497284e-06,
0.999,MIXED_NONUNIQUE,True,accept,NDE,"{CHN,EUR,NDE}","{CHN}+{EUR,NDE}",0.0,,,,,,-2.5719632645859747e-06,
0.999,MIXED_NONUNIQUE,True,accept,NDE,"{CHN,EUR,NDE}",{CHN}+{EUR}+{NDE},0.0,,,,,,-1.2685108011112334e-05,
0.999,MIXED_NONUNIQUE,True,accept,NDE,"{CHN,EUR}+{NDE}","{CHN,EUR,NDE}",1.0,,,,,,3.893687329892259e-05,"CHN,EUR"
0.999,MIXED_NONUNIQUE,True,accept,NDE,"{CHN,EUR}+{NDE}","{CHN,NDE}+{EUR}",1.0,,,,,,4.3736956886419875e-05,
0.999,MIXED_NONUNIQUE,True,accept,NDE,"{CHN,EUR}+{NDE}","{CHN}+{EUR,NDE}",1.0,,,,,,3.636491003433662e-05,
0.999,MIXED_NONUNIQUE,True,accept,NDE,"{CHN,NDE}+{EUR}","{CHN,EUR,NDE}",0.0,,,,,,-4.800083587497284e-06,
0.999,MIXED_NONUNIQUE,True,accept,NDE,"{CHN,NDE}+{EUR}","{CHN,EUR}+{NDE}",0.0,,,,,,-4.3736956886419875e-05,
0.999,MIXED_NONUNIQUE,True,accept,NDE,"{CHN,NDE}+{EUR}","{CHN}+{EUR,NDE}",0.0,,,,,,-7.372046852083258e-06,
0.999,MIXED_NONUNIQUE,True,accept,NDE,"{CHN,NDE}+{EUR}",{CHN}+{EUR}+{NDE},0.0,,,,,,-1.7485191598609617e-05,
0.999,MIXED_NONUNIQUE,True,accept,NDE,"{CHN}+{EUR,NDE}","{CHN,EUR,NDE}",1.0,,,,,,2.5719632645859747e-06,"CHN,EUR"
0.999,MIXED_NONUNIQUE,True,accept,NDE,"{CHN}+{EUR,NDE}","{CHN,EUR}+{NDE}",0.0,,,,,,-3.636491003433662e-05,
0.999,MIXED_NONUNIQUE,True,accept,NDE,"{CHN}+{EUR,NDE}","{CHN,NDE}+{EUR}",1.0,,,,,,7.372046852083258e-06,
0.999,MIXED_NONUNIQUE,True,accept,NDE,"{CHN}+{EUR,NDE}",{CHN}+{EUR}+{NDE},0.0,,,,,,-1.0113144746526359e-05,
0.999,MIXED_NONUNIQUE,True,accept,NDE,{CHN}+{EUR}+{NDE},"{CHN,EUR,NDE}",1.0,,,,,,1.2685108011112334e-05,CHN
0.999,MIXED_NONUNIQUE,True,accept,NDE,{CHN}+{EUR}+{NDE},"{CHN,NDE}+{EUR}",1.0,,,,,,1.7485191598609617e-05,EUR
0.999,MIXED_NONUNIQUE,True,accept,NDE,{CHN}+{EUR}+{NDE},"{CHN}+{EUR,NDE}",1.0,,,,,,1.0113144746526359e-05,
