{
  "timestamp": "2026-02-27 20:07:57",
  "value": 3.587992161512375,
  "params": {
    "tau_p_init": 0.004098106156071121,
    "tau_r_init": 0.2665524671840132,
    "tau_decay": 0.7188475500951326,
    "tau_min_ratio": 1.7326529663635629e-06,
    "damping": 0.3980442553304314,
    "max_inner_iter": 309,
    "inner_tol": 0.0003527566351720554,
    "outer_tol_mult": 2.2433834533274752,
    "consecutive_tol": 6,
    "verify_every_n": 27
  }
}